time,deviceMode,vBat,ec,sal,tds,slowDallasTemp,fastBRTemp,slowBRPres,slowBRTemp,slowBRDepth
2026-06-06T19:07:38,1,3.86,999.00,999.00,999.00,999.00,13.37,1016.50,16.39,0.03
2026-06-06T19:07:41,1,3.82,999.00,999.00,999.00,999.00,13.37,1016.80,16.42,0.04
2026-06-06T19:07:41,1,3.88,454.20,0.22,218.00,999.00,13.37,1016.20,16.43,0.03
2026-06-06T19:07:41,1,3.88,454.20,0.22,218.00,999.00,13.37,1016.40,16.43,0.03
2026-06-06T19:07:41,1,3.87,454.20,0.22,218.00,999.00,13.37,1016.50,16.43,0.03
2026-06-06T19:07:41,1,3.87,465.60,0.22,223.00,999.00,13.37,1016.30,16.43,0.03
2026-06-06T19:07:42,1,3.88,465.60,0.22,223.00,999.00,13.37,1016.60,16.44,0.04
2026-06-06T19:07:42,1,3.85,465.60,0.22,223.00,999.00,13.37,1016.50,16.43,0.03
2026-06-06T19:07:42,1,3.88,465.60,0.22,223.00,999.00,13.37,1016.50,16.44,0.03
2026-06-06T19:07:42,1,3.88,465.60,0.22,223.00,999.00,13.37,1016.40,16.43,0.03
2026-06-06T19:07:42,1,3.87,445.80,0.22,214.00,999.00,13.37,1016.30,16.44,0.03
2026-06-06T19:07:43,1,3.88,445.80,0.22,214.00,999.00,13.37,1016.30,16.44,0.03
2026-06-06T19:07:43,1,3.88,445.80,0.22,214.00,999.00,13.37,1016.70,16.44,0.04
2026-06-06T19:07:43,1,3.88,445.80,0.22,214.00,999.00,13.37,1016.40,16.43,0.03
2026-06-06T19:07:43,1,3.86,444.10,0.21,213.00,999.00,13.37,1016.10,16.44,0.03
2026-06-06T19:07:44,1,3.88,444.10,0.21,213.00,999.00,13.36,1016.70,16.43,0.04
2026-06-06T19:07:44,1,3.88,444.10,0.21,213.00,999.00,13.36,1016.60,16.43,0.04
2026-06-06T19:07:44,1,3.88,444.10,0.21,213.00,999.00,13.36,1016.50,16.43,0.03
2026-06-06T19:07:44,1,3.88,444.10,0.21,213.00,999.00,13.36,1016.50,16.43,0.03
2026-06-06T19:07:44,1,3.88,460.70,0.22,221.00,999.00,13.36,1017.00,16.43,0.04
2026-06-06T19:07:45,1,3.88,460.70,0.22,221.00,999.00,13.36,1016.10,16.43,0.03
2026-06-06T19:07:45,1,3.90,460.70,0.22,221.00,999.00,13.37,1016.20,16.43,0.03
2026-06-06T19:07:45,1,3.88,460.70,0.22,221.00,999.00,13.36,1016.20,16.43,0.03
2026-06-06T19:07:45,1,3.89,460.70,0.22,221.00,999.00,13.37,1016.20,16.43,0.03
2026-06-06T19:07:45,1,3.89,450.90,0.22,216.00,999.00,13.37,1016.60,16.42,0.04
2026-06-06T19:07:46,1,3.87,450.90,0.22,216.00,999.00,13.37,1016.50,16.42,0.03
2026-06-06T19:07:46,1,3.88,450.90,0.22,216.00,999.00,13.36,1016.40,16.42,0.03
2026-06-06T19:07:46,1,3.87,450.90,0.22,216.00,999.00,13.37,1016.20,16.42,0.03
2026-06-06T19:07:46,1,3.89,445.70,0.22,214.00,999.00,13.37,1016.80,16.42,0.04
2026-06-06T19:07:46,1,3.88,445.70,0.22,214.00,999.00,13.37,1016.30,16.42,0.03
2026-06-06T19:07:47,1,3.87,445.70,0.22,214.00,999.00,13.36,1016.50,16.42,0.03
2026-06-06T19:07:47,1,3.88,445.70,0.22,214.00,999.00,13.35,1016.40,16.42,0.03
2026-06-06T19:07:47,1,3.88,445.70,0.22,214.00,999.00,13.35,1016.30,16.42,0.03
2026-06-06T19:07:47,1,3.89,431.00,0.21,207.00,999.00,13.35,1016.20,16.42,0.03
2026-06-06T19:07:48,1,3.89,431.00,0.21,207.00,999.00,13.35,1016.10,16.42,0.03
2026-06-06T19:07:48,1,3.88,431.00,0.21,207.00,999.00,13.35,1016.40,16.42,0.03
2026-06-06T19:07:48,1,3.86,431.00,0.21,207.00,999.00,13.36,1016.30,16.42,0.03
2026-06-06T19:07:48,1,3.89,431.00,0.21,207.00,999.00,13.36,1016.30,16.42,0.03
2026-06-06T19:07:48,1,3.89,355.20,0.17,170.00,999.00,13.36,1016.20,16.41,0.03
2026-06-06T19:07:49,1,3.89,355.20,0.17,170.00,999.00,13.36,1016.10,16.41,0.03
2026-06-06T19:07:49,1,3.88,355.20,0.17,170.00,999.00,13.37,1016.10,16.42,0.03
2026-06-06T19:07:49,1,3.89,355.20,0.17,170.00,999.00,13.36,1016.20,16.41,0.03
2026-06-06T19:07:49,1,3.87,355.20,0.17,170.00,999.00,13.35,1016.50,16.41,0.03
2026-06-06T19:07:49,1,3.88,353.40,0.17,170.00,999.00,13.35,1016.20,16.41,0.03
2026-06-06T19:07:50,1,3.89,353.40,0.17,170.00,999.00,13.36,1016.50,16.41,0.03
2026-06-06T19:07:50,1,3.87,353.40,0.17,170.00,999.00,13.35,1015.90,16.41,0.03
2026-06-06T19:07:50,1,3.85,353.40,0.17,170.00,999.00,13.35,1015.90,16.41,0.03
2026-06-06T19:07:50,1,3.86,353.40,0.17,170.00,999.00,13.35,1016.10,16.41,0.03
2026-06-06T19:07:50,1,3.90,352.40,0.17,169.00,999.00,13.36,1016.50,16.41,0.03
2026-06-06T19:07:51,1,3.90,352.40,0.17,169.00,999.00,13.35,1016.30,16.41,0.03
2026-06-06T19:07:51,1,3.88,352.40,0.17,169.00,999.00,13.35,1016.20,16.41,0.03
2026-06-06T19:07:51,1,3.87,352.40,0.17,169.00,999.00,13.36,1016.10,16.40,0.03
2026-06-06T19:07:51,1,3.86,352.60,0.17,169.00,999.00,13.35,1016.10,16.41,0.03
2026-06-06T19:07:51,1,3.89,352.60,0.17,169.00,999.00,13.34,1016.10,16.40,0.03
2026-06-06T19:07:52,1,3.88,352.60,0.17,169.00,999.00,13.35,1016.40,16.40,0.03
2026-06-06T19:07:52,1,3.87,352.60,0.17,169.00,999.00,13.35,1016.40,16.40,0.03
2026-06-06T19:07:52,1,3.90,352.60,0.17,169.00,999.00,13.33,1016.40,16.40,0.03
2026-06-06T19:07:52,1,3.88,351.60,0.17,169.00,999.00,13.33,1016.30,16.40,0.03
2026-06-06T19:07:52,1,3.88,351.60,0.17,169.00,999.00,13.32,1016.10,16.40,0.03
2026-06-06T19:07:53,1,3.87,351.60,0.17,169.00,999.00,13.32,1016.40,16.39,0.03
2026-06-06T19:07:53,1,3.88,351.60,0.17,169.00,999.00,13.32,1016.30,16.39,0.03
2026-06-06T19:07:53,1,3.86,351.60,0.17,169.00,999.00,13.31,1016.00,16.39,0.03
2026-06-06T19:07:53,1,3.88,352.10,0.17,169.00,999.00,13.31,1016.10,16.39,0.03
2026-06-06T19:07:53,1,3.88,352.10,0.17,169.00,999.00,13.31,1016.20,16.39,0.03
2026-06-06T19:07:54,1,3.88,352.10,0.17,169.00,999.00,13.30,1016.10,16.39,0.03
2026-06-06T19:07:54,1,3.86,352.10,0.17,169.00,999.00,13.30,1016.20,16.39,0.03
2026-06-06T19:07:54,1,3.88,352.10,0.17,169.00,999.00,13.30,1016.40,16.39,0.03
2026-06-06T19:07:54,1,3.90,352.00,0.17,169.00,999.00,13.30,1016.60,16.38,0.04
2026-06-06T19:07:54,1,3.87,352.00,0.17,169.00,999.00,13.30,1016.20,16.38,0.03
2026-06-06T19:07:55,1,3.88,352.00,0.17,169.00,999.00,13.30,1016.40,16.38,0.03
2026-06-06T19:07:55,1,3.89,352.00,0.17,169.00,999.00,13.29,1016.60,16.38,0.04
2026-06-06T19:07:55,1,3.87,352.00,0.17,169.00,999.00,13.29,1015.90,16.38,0.03
2026-06-06T19:07:55,1,3.89,351.50,0.17,169.00,999.00,13.29,1016.40,16.38,0.03
2026-06-06T19:07:56,1,3.85,351.50,0.17,169.00,999.00,13.29,1016.50,16.38,0.03
2026-06-06T19:07:56,1,3.87,351.50,0.17,169.00,999.00,13.29,1016.60,16.38,0.04
2026-06-06T19:07:56,1,3.86,351.50,0.17,169.00,999.00,13.28,1016.30,16.38,0.03
2026-06-06T19:07:56,1,3.88,351.50,0.17,169.00,999.00,13.28,1016.30,16.37,0.03
2026-06-06T19:07:56,1,3.88,356.10,0.17,171.00,999.00,13.28,1016.30,16.37,0.03
2026-06-06T19:07:57,1,3.88,356.10,0.17,171.00,999.00,13.27,1016.30,16.37,0.03
2026-06-06T19:07:57,1,3.88,356.10,0.17,171.00,999.00,13.27,1016.10,16.37,0.03
2026-06-06T19:07:57,1,3.88,356.10,0.17,171.00,999.00,13.27,1016.20,16.37,0.03
2026-06-06T19:07:57,1,3.87,324.20,0.16,156.00,999.00,13.28,1016.40,16.37,0.03
2026-06-06T19:07:57,1,3.88,324.20,0.16,156.00,999.00,13.28,1016.20,16.37,0.03
2026-06-06T19:07:58,1,3.89,324.20,0.16,156.00,999.00,13.28,1016.20,16.37,0.03
2026-06-06T19:07:58,1,3.86,324.20,0.16,156.00,999.00,13.29,1016.20,16.35,0.03
2026-06-06T19:07:58,1,3.88,324.20,0.16,156.00,999.00,13.29,1016.30,16.36,0.03
2026-06-06T19:07:58,1,3.89,321.90,0.16,155.00,999.00,13.29,1016.00,16.36,0.03
2026-06-06T19:07:58,1,3.90,321.90,0.16,155.00,999.00,13.30,1015.90,16.36,0.03
2026-06-06T19:07:59,1,3.89,321.90,0.16,155.00,999.00,13.30,1016.10,16.36,0.03
2026-06-06T19:07:59,1,3.88,321.90,0.16,155.00,999.00,13.30,1016.20,16.35,0.03
2026-06-06T19:07:59,1,3.88,321.50,0.16,154.00,999.00,13.30,1016.30,16.35,0.03
2026-06-06T19:07:59,1,3.87,321.50,0.16,154.00,999.00,13.30,1016.30,16.35,0.03
2026-06-06T19:08:00,1,3.88,321.50,0.16,154.00,999.00,13.30,1016.40,16.36,0.03
2026-06-06T19:08:00,1,3.85,321.50,0.16,154.00,999.00,13.30,1016.20,16.36,0.03
2026-06-06T19:08:00,1,3.87,321.50,0.16,154.00,999.00,13.30,1016.40,16.35,0.03
2026-06-06T19:08:00,1,3.86,322.00,0.16,155.00,999.00,13.32,1016.50,16.35,0.03
2026-06-06T19:08:00,1,3.89,322.00,0.16,155.00,999.00,13.31,1016.60,16.35,0.04
2026-06-06T19:08:01,1,3.86,322.00,0.16,155.00,999.00,13.32,1015.80,16.35,0.03
2026-06-06T19:08:01,1,3.87,322.00,0.16,155.00,999.00,13.32,1016.70,16.35,0.04
2026-06-06T19:08:01,1,3.89,322.00,0.16,155.00,999.00,13.31,1016.60,16.35,0.04
2026-06-06T19:08:01,1,3.89,410.70,0.20,197.00,999.00,13.32,1016.40,16.35,0.03
2026-06-06T19:08:01,1,3.88,410.70,0.20,197.00,999.00,13.32,1016.50,16.35,0.03
2026-06-06T19:08:02,1,3.87,410.70,0.20,197.00,999.00,13.33,1015.90,16.35,0.03
2026-06-06T19:08:02,1,3.85,410.70,0.20,197.00,999.00,13.33,1016.20,16.35,0.03
2026-06-06T19:08:02,1,3.86,410.70,0.20,197.00,999.00,13.33,1016.00,16.35,0.03
2026-06-06T19:08:02,1,3.88,474.10,0.23,228.00,999.00,13.33,1016.00,16.35,0.03
2026-06-06T19:08:02,1,3.87,474.10,0.23,228.00,999.00,13.32,1016.00,16.34,0.03
2026-06-06T19:08:03,1,3.89,474.10,0.23,228.00,999.00,13.32,1016.40,16.34,0.03
2026-06-06T19:08:03,1,3.87,474.10,0.23,228.00,999.00,13.32,1016.00,16.34,0.03
2026-06-06T19:08:03,1,3.86,474.10,0.23,228.00,999.00,13.33,1016.70,16.34,0.04
2026-06-06T19:08:03,1,3.87,477.40,0.23,229.00,999.00,13.32,1015.80,16.34,0.03
2026-06-06T19:08:03,1,3.90,477.40,0.23,229.00,999.00,13.33,1016.40,16.34,0.03
2026-06-06T19:08:04,1,3.86,477.40,0.23,229.00,999.00,13.33,1016.00,16.34,0.03
2026-06-06T19:08:04,1,3.88,477.40,0.23,229.00,999.00,13.32,1016.20,16.34,0.03
2026-06-06T19:08:04,1,3.88,477.40,0.23,229.00,999.00,13.33,1016.60,16.34,0.04
2026-06-06T19:08:04,1,3.90,463.70,0.22,223.00,999.00,13.32,1015.90,16.34,0.03
2026-06-06T19:08:04,1,3.89,463.70,0.22,223.00,999.00,13.33,1015.80,16.34,0.03
2026-06-06T19:08:05,1,3.88,463.70,0.22,223.00,999.00,13.32,1016.00,16.34,0.03
2026-06-06T19:08:05,1,3.89,463.70,0.22,223.00,999.00,13.32,1016.20,16.33,0.03
2026-06-06T19:08:05,1,3.89,423.70,0.20,203.00,999.00,13.32,1016.30,16.33,0.03
2026-06-06T19:08:05,1,3.88,423.70,0.20,203.00,999.00,13.31,1016.10,16.33,0.03
2026-06-06T19:08:05,1,3.90,423.70,0.20,203.00,999.00,13.32,1016.20,16.33,0.03
2026-06-06T19:08:06,1,3.89,423.70,0.20,203.00,999.00,13.32,1016.30,16.33,0.03
2026-06-06T19:08:06,1,3.89,423.70,0.20,203.00,999.00,13.32,1016.50,16.33,0.03
2026-06-06T19:08:06,1,3.89,470.40,0.23,226.00,999.00,13.32,1016.10,16.33,0.03
2026-06-06T19:08:06,1,3.89,470.40,0.23,226.00,999.00,13.31,1016.10,16.32,0.03
2026-06-06T19:08:06,1,3.88,470.40,0.23,226.00,999.00,13.30,1016.40,16.32,0.03
2026-06-06T19:08:07,1,3.88,470.40,0.23,226.00,999.00,13.30,1016.60,16.32,0.04
2026-06-06T19:08:07,1,3.85,470.40,0.23,226.00,999.00,13.30,1016.00,16.32,0.03
2026-06-06T19:08:07,1,3.89,457.80,0.22,220.00,999.00,13.30,1015.70,16.32,0.03
2026-06-06T19:08:07,1,3.89,457.80,0.22,220.00,999.00,13.30,1016.10,16.32,0.03
2026-06-06T19:08:08,1,3.87,457.80,0.22,220.00,999.00,13.30,1016.20,16.31,0.03
2026-06-06T19:08:08,1,3.87,457.80,0.22,220.00,999.00,13.30,1016.20,16.32,0.03
2026-06-06T19:08:08,1,3.88,457.80,0.22,220.00,999.00,13.30,1016.40,16.31,0.03
2026-06-06T19:08:08,1,3.88,461.00,0.22,221.00,999.00,13.29,1015.90,16.31,0.03
2026-06-06T19:08:08,1,3.87,461.00,0.22,221.00,999.00,13.30,1016.40,16.32,0.03
2026-06-06T19:08:09,1,3.86,461.00,0.22,221.00,999.00,13.30,1016.00,16.31,0.03
2026-06-06T19:08:09,1,3.88,461.00,0.22,221.00,999.00,13.30,1016.20,16.31,0.03
2026-06-06T19:08:09,1,3.88,461.00,0.22,221.00,999.00,13.30,1016.10,16.31,0.03
2026-06-06T19:08:09,1,3.89,453.90,0.22,218.00,999.00,13.30,1016.30,16.31,0.03
2026-06-06T19:08:09,1,3.89,453.90,0.22,218.00,999.00,13.30,1016.30,16.31,0.03
2026-06-06T19:08:10,1,3.88,453.90,0.22,218.00,999.00,13.30,1016.40,16.30,0.03
2026-06-06T19:08:10,1,3.87,453.90,0.22,218.00,999.00,13.30,1016.30,16.30,0.03
2026-06-06T19:08:10,1,3.87,457.30,0.22,219.00,999.00,13.29,1016.20,16.30,0.03
2026-06-06T19:08:10,1,3.87,457.30,0.22,219.00,999.00,13.28,1016.10,16.30,0.03
2026-06-06T19:08:10,1,3.88,457.30,0.22,219.00,999.00,13.28,1016.00,16.28,0.03
2026-06-06T19:08:11,1,3.86,457.30,0.22,219.00,999.00,13.27,1016.20,16.29,0.03
2026-06-06T19:08:11,1,3.88,457.30,0.22,219.00,999.00,13.26,1016.30,16.29,0.03
2026-06-06T19:08:11,1,3.88,455.20,0.22,218.00,999.00,13.25,1015.80,16.29,0.03
2026-06-06T19:08:11,1,3.87,455.20,0.22,218.00,999.00,13.26,1016.30,16.29,0.03
2026-06-06T19:08:11,1,3.86,455.20,0.22,218.00,999.00,13.25,1016.10,16.29,0.03
2026-06-06T19:08:12,1,3.88,455.20,0.22,218.00,999.00,13.25,1016.50,16.28,0.03
2026-06-06T19:08:12,1,3.88,455.20,0.22,218.00,999.00,13.24,1016.10,16.27,0.03
2026-06-06T19:08:12,1,3.89,469.10,0.23,225.00,999.00,13.25,1016.30,16.28,0.03
2026-06-06T19:08:12,1,3.89,469.10,0.23,225.00,999.00,13.24,1016.40,16.28,0.03
2026-06-06T19:08:13,1,3.84,469.10,0.23,225.00,999.00,13.24,1015.80,16.28,0.03
2026-06-06T19:08:13,1,3.86,469.10,0.23,225.00,999.00,13.23,1016.50,16.28,0.03
2026-06-06T19:08:13,1,3.86,425.60,0.21,204.00,999.00,13.24,1016.40,16.28,0.03
2026-06-06T19:08:13,1,3.87,425.60,0.21,204.00,999.00,13.23,1015.60,16.27,0.03
2026-06-06T19:08:13,1,3.88,425.60,0.21,204.00,999.00,13.23,1016.10,16.27,0.03
2026-06-06T19:08:14,1,3.88,425.60,0.21,204.00,999.00,13.24,1015.60,16.27,0.03
2026-06-06T19:08:14,1,3.89,425.60,0.21,204.00,999.00,13.24,1016.60,16.27,0.04
2026-06-06T19:08:14,1,3.88,421.60,0.20,202.00,999.00,13.24,1016.10,16.27,0.03
2026-06-06T19:08:14,1,3.88,421.60,0.20,202.00,999.00,13.25,1016.60,16.27,0.04
2026-06-06T19:08:14,1,3.89,421.60,0.20,202.00,999.00,13.25,1016.10,16.27,0.03
2026-06-06T19:08:15,1,3.89,421.60,0.20,202.00,999.00,13.26,1016.10,16.27,0.03
2026-06-06T19:08:15,1,3.89,421.60,0.20,202.00,999.00,13.26,1016.00,16.26,0.03
2026-06-06T19:08:15,1,3.89,398.10,0.19,191.00,999.00,13.25,1016.10,16.27,0.03
2026-06-06T19:08:15,1,3.87,398.10,0.19,191.00,999.00,13.26,1016.20,16.27,0.03
2026-06-06T19:08:15,1,3.89,398.10,0.19,191.00,999.00,13.28,1016.20,16.26,0.03
2026-06-06T19:08:16,1,3.87,398.10,0.19,191.00,999.00,13.28,1016.40,16.26,0.03
2026-06-06T19:08:16,1,3.88,398.10,0.19,191.00,999.00,13.28,1016.30,16.26,0.03
2026-06-06T19:08:16,1,3.89,402.70,0.19,193.00,999.00,13.29,1016.20,16.26,0.03
2026-06-06T19:08:16,1,3.89,402.70,0.19,193.00,999.00,13.30,1016.00,16.26,0.03
2026-06-06T19:08:16,1,3.89,402.70,0.19,193.00,999.00,13.29,1016.20,16.26,0.03
2026-06-06T19:08:17,1,3.89,402.70,0.19,193.00,999.00,13.30,1016.20,16.26,0.03
2026-06-06T19:08:17,1,3.86,402.70,0.19,193.00,999.00,13.30,1016.00,16.26,0.03
2026-06-06T19:08:17,1,3.89,416.10,0.20,200.00,999.00,13.30,1016.20,16.26,0.03
2026-06-06T19:08:17,1,3.89,416.10,0.20,200.00,999.00,13.30,1016.00,16.26,0.03
2026-06-06T19:08:17,1,3.88,416.10,0.20,200.00,999.00,13.31,1016.50,16.25,0.03
2026-06-06T19:08:18,1,3.88,416.10,0.20,200.00,999.00,13.30,1016.80,16.25,0.04
2026-06-06T19:08:18,1,3.88,413.30,0.20,198.00,999.00,13.30,1016.50,16.25,0.03
2026-06-06T19:08:18,1,3.87,413.30,0.20,198.00,999.00,13.31,1016.70,16.25,0.04
2026-06-06T19:08:18,1,3.87,413.30,0.20,198.00,999.00,13.31,1016.60,16.25,0.04
2026-06-06T19:08:18,1,3.86,413.30,0.20,198.00,999.00,13.31,1016.20,16.25,0.03
2026-06-06T19:08:19,1,3.88,413.30,0.20,198.00,999.00,13.32,1016.80,16.25,0.04
2026-06-06T19:08:19,1,3.88,409.50,0.20,197.00,999.00,13.32,1016.30,16.25,0.03
2026-06-06T19:08:19,1,3.88,409.50,0.20,197.00,999.00,13.32,1016.20,16.24,0.03
2026-06-06T19:08:19,1,3.86,409.50,0.20,197.00,999.00,13.32,1016.20,16.24,0.03
2026-06-06T19:08:19,1,3.88,409.50,0.20,197.00,999.00,13.33,1016.70,16.24,0.04
2026-06-06T19:08:20,1,3.86,409.50,0.20,197.00,999.00,13.33,1016.20,16.24,0.03
2026-06-06T19:08:20,1,3.87,396.90,0.19,191.00,999.00,13.33,1016.00,16.24,0.03
2026-06-06T19:08:20,1,3.88,396.90,0.19,191.00,999.00,13.33,1016.80,16.24,0.04
2026-06-06T19:08:20,1,3.88,396.90,0.19,191.00,999.00,13.33,1016.50,16.24,0.03
2026-06-06T19:08:21,1,3.89,396.90,0.19,191.00,999.00,13.33,1016.40,16.24,0.03
2026-06-06T19:08:21,1,3.88,396.90,0.19,191.00,999.00,13.34,1016.00,16.24,0.03
2026-06-06T19:08:21,1,3.88,397.80,0.19,191.00,999.00,13.33,1016.50,16.24,0.03
2026-06-06T19:08:21,1,3.86,397.80,0.19,191.00,999.00,13.33,1016.30,16.23,0.03
2026-06-06T19:08:21,1,3.86,397.80,0.19,191.00,999.00,13.32,1016.50,16.24,0.03
2026-06-06T19:08:22,1,3.87,397.80,0.19,191.00,999.00,13.33,1016.60,16.23,0.04
2026-06-06T19:08:22,1,3.86,397.80,0.19,191.00,999.00,13.33,1016.40,16.23,0.03
2026-06-06T19:08:22,1,3.85,341.60,0.16,164.00,999.00,13.33,1016.40,16.23,0.03
2026-06-06T19:08:22,1,3.86,341.60,0.16,164.00,999.00,13.33,1016.60,16.23,0.04
2026-06-06T19:08:22,1,3.87,341.60,0.16,164.00,999.00,13.32,1016.20,16.23,0.03
2026-06-06T19:08:23,1,3.88,341.60,0.16,164.00,999.00,13.32,1016.50,16.23,0.03
2026-06-06T19:08:23,1,3.89,340.10,0.16,163.00,999.00,13.33,1016.30,16.23,0.03
2026-06-06T19:08:23,1,3.89,340.10,0.16,163.00,999.00,13.34,1016.30,16.22,0.03
2026-06-06T19:08:23,1,3.88,340.10,0.16,163.00,999.00,13.33,1016.80,16.22,0.04
2026-06-06T19:08:23,1,3.86,340.10,0.16,163.00,999.00,13.33,1016.30,16.22,0.03
2026-06-06T19:08:24,1,3.87,340.10,0.16,163.00,999.00,13.33,1016.70,16.22,0.04
2026-06-06T19:08:24,1,3.88,337.30,0.16,162.00,999.00,13.34,1016.30,16.22,0.03
2026-06-06T19:08:24,1,3.88,337.30,0.16,162.00,999.00,13.33,1016.10,16.22,0.03
2026-06-06T19:08:24,1,3.88,337.30,0.16,162.00,999.00,13.33,1016.70,16.22,0.04
2026-06-06T19:08:24,1,3.86,337.30,0.16,162.00,999.00,13.33,1016.50,16.22,0.03
2026-06-06T19:08:25,1,3.88,337.30,0.16,162.00,999.00,13.32,1016.20,16.21,0.03
2026-06-06T19:08:25,1,3.89,346.90,0.17,167.00,999.00,13.31,1016.60,16.21,0.04
2026-06-06T19:08:25,1,3.87,346.90,0.17,167.00,999.00,13.32,1016.50,16.21,0.03
2026-06-06T19:08:25,1,3.90,346.90,0.17,167.00,999.00,13.31,1016.40,16.21,0.03
2026-06-06T19:08:26,1,3.86,346.90,0.17,167.00,999.00,13.32,1016.40,16.21,0.03
2026-06-06T19:08:26,1,3.87,327.70,0.16,157.00,999.00,13.32,1016.50,16.21,0.03
2026-06-06T19:08:26,1,3.88,327.70,0.16,157.00,999.00,13.32,1016.40,16.20,0.03
2026-06-06T19:08:26,1,3.87,327.70,0.16,157.00,999.00,13.32,1016.90,16.20,0.04
2026-06-06T19:08:26,1,3.86,327.70,0.16,157.00,999.00,13.32,1016.70,16.20,0.04
2026-06-06T19:08:27,1,3.87,327.70,0.16,157.00,999.00,13.32,1016.60,16.20,0.04
2026-06-06T19:08:27,1,3.89,327.70,0.16,157.00,999.00,13.31,1016.70,16.20,0.04
2026-06-06T19:08:27,1,3.86,327.70,0.16,157.00,999.00,13.32,1016.50,16.20,0.03
2026-06-06T19:08:27,1,3.89,327.70,0.16,157.00,999.00,13.32,1017.10,16.20,0.04
2026-06-06T19:08:27,1,3.86,327.70,0.16,157.00,999.00,13.32,1016.40,16.19,0.03
2026-06-06T19:08:28,1,3.86,327.70,0.16,157.00,999.00,13.31,1016.90,16.19,0.04
2026-06-06T19:08:28,1,3.87,333.20,0.16,160.00,999.00,13.31,1016.80,16.18,0.04
2026-06-06T19:08:28,1,3.90,333.20,0.16,160.00,999.00,13.32,1016.90,16.18,0.04
2026-06-06T19:08:28,1,3.88,333.20,0.16,160.00,999.00,13.33,1016.90,16.18,0.04
2026-06-06T19:08:28,1,3.90,333.20,0.16,160.00,999.00,13.32,1016.70,16.18,0.04
2026-06-06T19:08:29,1,3.88,333.20,0.16,160.00,999.00,13.33,1016.70,16.17,0.04
2026-06-06T19:08:29,1,3.87,336.30,0.16,161.00,999.00,13.34,1016.70,16.17,0.04
2026-06-06T19:08:29,1,3.85,336.30,0.16,161.00,999.00,13.33,1016.60,16.17,0.04
2026-06-06T19:08:29,1,3.88,336.30,0.16,161.00,999.00,13.34,1016.40,16.17,0.03
2026-06-06T19:08:29,1,3.86,336.30,0.16,161.00,999.00,13.33,1016.80,16.17,0.04
2026-06-06T19:08:30,1,3.86,336.30,0.16,161.00,999.00,13.34,1016.60,16.17,0.04
2026-06-06T19:08:30,1,3.87,345.50,0.17,166.00,999.00,13.35,1017.00,16.16,0.04
2026-06-06T19:08:30,1,3.88,345.50,0.17,166.00,999.00,13.35,1016.30,16.17,0.03
2026-06-06T19:08:30,1,3.89,345.50,0.17,166.00,999.00,13.34,1016.90,16.17,0.04
2026-06-06T19:08:30,1,3.87,345.50,0.17,166.00,999.00,13.34,1017.00,16.16,0.04
2026-06-06T19:08:31,1,3.89,334.40,0.16,161.00,999.00,13.34,1016.90,16.16,0.04
2026-06-06T19:08:31,1,3.90,334.40,0.16,161.00,999.00,13.34,1016.70,16.16,0.04
2026-06-06T19:08:31,1,3.88,334.40,0.16,161.00,999.00,13.33,1017.00,16.16,0.04
2026-06-06T19:08:31,1,3.88,334.40,0.16,161.00,999.00,13.34,1016.30,16.16,0.03
2026-06-06T19:08:31,1,3.89,334.40,0.16,161.00,999.00,13.35,1017.10,16.16,0.04
2026-06-06T19:08:32,1,3.87,330.30,0.16,159.00,999.00,13.36,1016.70,16.16,0.04
2026-06-06T19:08:32,1,3.89,330.30,0.16,159.00,999.00,13.36,1016.70,16.16,0.04
2026-06-06T19:08:32,1,3.88,330.30,0.16,159.00,999.00,13.38,1016.90,16.16,0.04
2026-06-06T19:08:32,1,3.87,330.30,0.16,159.00,999.00,13.78,1017.80,16.15,0.05
2026-06-06T19:08:33,1,3.85,330.30,0.16,159.00,999.00,14.36,1018.50,16.15,0.05
2026-06-06T19:08:33,1,3.90,29900.00,18.51,14354.00,999.00,14.91,1019.00,16.15,0.06
2026-06-06T19:08:33,1,3.89,29900.00,18.51,14354.00,999.00,15.44,1020.30,16.16,0.07
2026-06-06T19:08:33,1,3.88,29900.00,18.51,14354.00,999.00,15.90,1022.30,16.16,0.09
2026-06-06T19:08:33,1,3.87,29900.00,18.51,14354.00,999.00,16.27,1022.90,16.17,0.10
2026-06-06T19:08:34,1,3.87,29900.00,18.51,14354.00,999.00,16.58,1023.90,16.17,0.11
2026-06-06T19:08:34,1,3.90,29730.00,18.39,14271.00,999.00,16.87,1024.30,16.20,0.11
2026-06-06T19:08:34,1,3.87,29730.00,18.39,14271.00,999.00,17.13,1026.30,16.22,0.13
2026-06-06T19:08:34,1,3.87,29730.00,18.39,14271.00,999.00,17.36,1026.40,16.24,0.13
2026-06-06T19:08:34,1,3.86,29730.00,18.39,14271.00,999.00,17.56,1025.50,16.26,0.12
2026-06-06T19:08:35,1,3.86,29730.00,18.39,14271.00,999.00,17.72,1026.00,16.28,0.13
2026-06-06T19:08:35,1,3.86,29720.00,18.39,14268.00,999.00,17.89,1026.00,16.30,0.13
2026-06-06T19:08:35,1,3.87,29720.00,18.39,14268.00,999.00,18.09,1026.30,16.33,0.13
2026-06-06T19:08:35,1,3.88,29720.00,18.39,14268.00,999.00,18.24,1026.10,16.36,0.13
2026-06-06T19:08:35,1,3.85,29720.00,18.39,14268.00,999.00,18.40,1025.20,16.38,0.12
2026-06-06T19:08:36,1,3.86,29710.00,18.38,14265.00,999.00,18.51,1025.20,16.42,0.12
2026-06-06T19:08:36,1,3.89,29710.00,18.38,14265.00,999.00,18.62,1025.00,16.45,0.12
2026-06-06T19:08:36,1,3.90,29710.00,18.38,14265.00,999.00,18.72,1024.90,16.48,0.12
2026-06-06T19:08:36,1,3.88,29710.00,18.38,14265.00,999.00,18.79,1025.60,16.51,0.12
2026-06-06T19:08:36,1,3.88,29710.00,18.38,14265.00,999.00,18.87,1026.10,16.55,0.13
2026-06-06T19:08:37,1,3.90,29690.00,18.37,14255.00,999.00,18.93,1025.20,16.58,0.12
2026-06-06T19:08:37,1,3.87,29690.00,18.37,14255.00,999.00,18.99,1024.60,16.62,0.11
2026-06-06T19:08:37,1,3.87,29690.00,18.37,14255.00,999.00,19.03,1025.20,16.65,0.12
2026-06-06T19:08:37,1,3.88,29690.00,18.37,14255.00,999.00,19.09,1026.10,16.68,0.13
2026-06-06T19:08:37,1,3.86,29690.00,18.37,14255.00,999.00,19.13,1026.40,16.72,0.13
2026-06-06T19:08:38,1,3.89,29670.00,18.35,14244.00,999.00,19.17,1025.90,16.74,0.13
2026-06-06T19:08:38,1,3.89,29670.00,18.35,14244.00,999.00,19.20,1026.20,16.78,0.13
2026-06-06T19:08:38,1,3.89,29670.00,18.35,14244.00,999.00,19.21,1026.80,16.81,0.14
2026-06-06T19:08:38,1,3.86,29670.00,18.35,14244.00,999.00,19.24,1027.30,16.84,0.14
2026-06-06T19:08:39,1,3.87,29630.00,18.33,14226.00,999.00,19.26,1025.60,16.88,0.12
2026-06-06T19:08:39,1,3.88,29630.00,18.33,14226.00,999.00,19.28,1024.20,16.90,0.11
2026-06-06T19:08:39,1,3.88,29630.00,18.33,14226.00,999.00,19.31,1024.10,16.93,0.11
2026-06-06T19:08:39,1,3.87,29630.00,18.33,14226.00,999.00,19.33,1026.50,16.96,0.13
2026-06-06T19:08:39,1,3.88,29630.00,18.33,14226.00,999.00,19.35,1027.20,16.99,0.14
2026-06-06T19:08:40,1,3.89,29670.00,18.35,14246.00,999.00,19.36,1026.70,17.02,0.14
2026-06-06T19:08:40,1,3.89,29670.00,18.35,14246.00,999.00,19.38,1025.60,17.05,0.12
2026-06-06T19:08:40,1,3.89,29670.00,18.35,14246.00,999.00,19.39,1024.30,17.08,0.11
2026-06-06T19:08:40,1,3.88,29670.00,18.35,14246.00,999.00,19.40,1024.30,17.11,0.11
2026-06-06T19:08:40,1,3.88,29670.00,18.35,14246.00,999.00,19.41,1025.20,17.14,0.12
2026-06-06T19:08:41,1,3.90,29630.00,18.32,14224.00,999.00,19.43,1025.70,17.16,0.13
2026-06-06T19:08:41,1,3.89,29630.00,18.32,14224.00,999.00,19.42,1025.90,17.19,0.13
2026-06-06T19:08:41,1,3.88,29630.00,18.32,14224.00,999.00,19.43,1026.60,17.21,0.13
2026-06-06T19:08:41,1,3.87,29630.00,18.32,14224.00,999.00,19.43,1026.90,17.24,0.14
2026-06-06T19:08:41,1,3.87,29630.00,18.32,14224.00,999.00,19.44,1027.20,17.26,0.14
2026-06-06T19:08:42,1,3.86,29650.00,18.33,14232.00,999.00,19.46,1025.90,17.29,0.13
2026-06-06T19:08:42,1,3.88,29650.00,18.33,14232.00,999.00,19.45,1025.10,17.31,0.12
2026-06-06T19:08:42,1,3.89,29650.00,18.33,14232.00,999.00,19.45,1025.00,17.34,0.12
2026-06-06T19:08:42,1,3.87,29650.00,18.33,14232.00,999.00,19.46,1025.30,17.36,0.12
2026-06-06T19:08:42,1,3.88,29650.00,18.33,14232.00,999.00,19.46,1026.10,17.38,0.13
2026-06-06T19:08:43,1,3.89,29660.00,18.34,14239.00,999.00,19.47,1025.90,17.41,0.13
2026-06-06T19:08:43,1,3.87,29660.00,18.34,14239.00,999.00,19.47,1026.50,17.43,0.13
2026-06-06T19:08:43,1,3.87,29660.00,18.34,14239.00,999.00,19.46,1026.80,17.46,0.14
2026-06-06T19:08:43,1,3.86,29660.00,18.34,14239.00,999.00,19.47,1026.40,17.48,0.13
2026-06-06T19:08:44,1,3.85,29670.00,18.35,14246.00,999.00,19.47,1025.10,17.50,0.12
2026-06-06T19:08:44,1,3.87,29670.00,18.35,14246.00,999.00,19.46,1025.30,17.52,0.12
2026-06-06T19:08:44,1,3.87,29670.00,18.35,14246.00,999.00,19.47,1025.60,17.55,0.12
2026-06-06T19:08:44,1,3.88,29670.00,18.35,14246.00,999.00,19.47,1025.30,17.57,0.12
2026-06-06T19:08:44,1,3.88,29670.00,18.35,14246.00,999.00,19.47,1025.30,17.59,0.12
2026-06-06T19:08:45,1,3.88,29650.00,18.34,14234.00,999.00,19.47,1025.70,17.62,0.13
2026-06-06T19:08:45,1,3.89,29650.00,18.34,14234.00,999.00,19.47,1026.00,17.64,0.13
2026-06-06T19:08:45,1,3.89,29650.00,18.34,14234.00,999.00,19.48,1026.60,17.66,0.13
2026-06-06T19:08:45,1,3.88,29650.00,18.34,14234.00,999.00,19.48,1025.80,17.68,0.13
2026-06-06T19:08:45,1,3.88,29650.00,18.34,14234.00,999.00,19.48,1025.00,17.70,0.12
2026-06-06T19:08:46,1,3.87,29640.00,18.33,14228.00,999.00,19.47,1024.60,17.72,0.11
2026-06-06T19:08:46,1,3.88,29640.00,18.33,14228.00,999.00,19.48,1025.10,17.74,0.12
2026-06-06T19:08:46,1,3.88,29640.00,18.33,14228.00,999.00,19.49,1024.70,17.76,0.12
2026-06-06T19:08:46,1,3.88,29640.00,18.33,14228.00,999.00,19.48,1024.00,17.78,0.11
2026-06-06T19:08:46,1,3.86,29640.00,18.33,14228.00,999.00,19.48,1024.50,17.80,0.11
2026-06-06T19:08:47,1,3.89,29620.00,18.32,14222.00,999.00,19.48,1025.30,17.81,0.12
2026-06-06T19:08:47,1,3.89,29620.00,18.32,14222.00,999.00,19.47,1025.90,17.83,0.13
2026-06-06T19:08:47,1,3.88,29620.00,18.32,14222.00,999.00,19.48,1025.80,17.85,0.13
2026-06-06T19:08:47,1,3.87,29620.00,18.32,14222.00,999.00,19.48,1025.60,17.86,0.12
2026-06-06T19:08:47,1,3.87,29620.00,18.32,14222.00,999.00,19.48,1025.60,17.88,0.12
2026-06-06T19:08:48,1,3.90,29640.00,18.33,14231.00,999.00,19.48,1025.20,17.89,0.12
2026-06-06T19:08:48,1,3.86,29640.00,18.33,14231.00,999.00,19.47,1024.80,17.91,0.12
2026-06-06T19:08:48,1,3.87,29640.00,18.33,14231.00,999.00,19.48,1025.10,17.92,0.12
2026-06-06T19:08:48,1,3.86,29640.00,18.33,14231.00,999.00,19.47,1024.90,17.94,0.12
2026-06-06T19:08:48,1,3.89,29600.00,18.30,14209.00,999.00,19.47,1024.60,17.96,0.11
2026-06-06T19:08:49,1,3.89,29600.00,18.30,14209.00,999.00,19.48,1024.30,17.98,0.11
2026-06-06T19:08:49,1,3.88,29600.00,18.30,14209.00,999.00,19.48,1025.10,17.99,0.12
2026-06-06T19:08:49,1,3.86,29600.00,18.30,14209.00,999.00,19.47,1025.90,18.01,0.13
2026-06-06T19:08:49,1,3.86,29600.00,18.30,14209.00,999.00,19.47,1026.70,18.02,0.14
2026-06-06T19:08:50,1,3.88,29560.00,18.28,14193.00,999.00,19.47,1026.10,18.04,0.13
2026-06-06T19:08:50,1,3.89,29560.00,18.28,14193.00,999.00,19.48,1024.70,18.05,0.12
2026-06-06T19:08:50,1,3.88,29560.00,18.28,14193.00,999.00,19.47,1024.40,18.06,0.11
2026-06-06T19:08:50,1,3.88,29560.00,18.28,14193.00,999.00,19.47,1023.80,18.08,0.11
2026-06-06T19:08:50,1,3.84,29560.00,18.28,14193.00,999.00,19.47,1025.00,18.09,0.12
2026-06-06T19:08:51,1,3.87,29590.00,18.30,14207.00,999.00,19.49,1026.40,18.11,0.13
2026-06-06T19:08:51,1,3.86,29590.00,18.30,14207.00,999.00,19.48,1026.80,18.11,0.14
2026-06-06T19:08:51,1,3.86,29590.00,18.30,14207.00,999.00,19.49,1025.90,18.13,0.13
2026-06-06T19:08:51,1,3.87,29590.00,18.30,14207.00,999.00,19.49,1025.50,18.15,0.12
2026-06-06T19:08:51,1,3.85,29580.00,18.29,14202.00,999.00,19.49,1025.00,18.16,0.12
2026-06-06T19:08:52,1,3.90,29580.00,18.29,14202.00,999.00,19.48,1025.60,18.18,0.12
2026-06-06T19:08:52,1,3.90,29580.00,18.29,14202.00,999.00,19.48,1025.40,18.19,0.12
2026-06-06T19:08:52,1,3.88,29580.00,18.29,14202.00,999.00,19.50,1025.20,18.21,0.12
2026-06-06T19:08:52,1,3.88,29580.00,18.29,14202.00,999.00,19.50,1025.50,18.22,0.12
2026-06-06T19:08:52,1,3.89,29590.00,18.30,14204.00,999.00,19.50,1026.60,18.23,0.13
2026-06-06T19:08:53,1,3.87,29590.00,18.30,14204.00,999.00,19.49,1026.10,18.24,0.13
2026-06-06T19:08:53,1,3.88,29590.00,18.30,14204.00,999.00,19.50,1025.50,18.25,0.12
2026-06-06T19:08:53,1,3.85,29590.00,18.30,14204.00,999.00,19.51,1025.60,18.27,0.12
2026-06-06T19:08:53,1,3.88,29590.00,18.30,14204.00,999.00,19.50,1026.00,18.28,0.13
2026-06-06T19:08:53,1,3.88,29590.00,18.30,14205.00,999.00,19.51,1026.40,18.29,0.13
2026-06-06T19:08:54,1,3.88,29590.00,18.30,14205.00,999.00,19.50,1026.00,18.30,0.13
2026-06-06T19:08:54,1,3.87,29590.00,18.30,14205.00,999.00,19.50,1024.80,18.32,0.12
2026-06-06T19:08:54,1,3.86,29590.00,18.30,14205.00,999.00,19.51,1024.70,18.33,0.12
2026-06-06T19:08:54,1,3.86,29590.00,18.30,14205.00,999.00,19.52,1024.80,18.34,0.12
2026-06-06T19:08:54,1,3.87,29580.00,18.29,14202.00,999.00,19.52,1025.50,18.35,0.12
2026-06-06T19:08:55,1,3.87,29580.00,18.29,14202.00,999.00,19.51,1025.90,18.36,0.13
2026-06-06T19:08:55,1,3.89,29580.00,18.29,14202.00,999.00,19.51,1026.20,18.37,0.13
2026-06-06T19:08:55,1,3.85,29580.00,18.29,14202.00,999.00,19.51,1025.70,18.38,0.13
2026-06-06T19:08:55,1,3.86,29580.00,18.29,14202.00,999.00,19.51,1024.30,18.39,0.11
2026-06-06T19:08:56,1,3.88,29620.00,18.32,14221.00,999.00,19.51,1024.50,18.40,0.11
2026-06-06T19:08:56,1,3.87,29620.00,18.32,14221.00,999.00,19.51,1025.70,18.41,0.13
2026-06-06T19:08:56,1,3.88,29620.00,18.32,14221.00,999.00,19.51,1027.10,18.42,0.14
2026-06-06T19:08:56,1,3.88,29620.00,18.32,14221.00,999.00,19.52,1026.40,18.43,0.13
2026-06-06T19:08:56,1,3.86,29610.00,18.31,14215.00,999.00,19.51,1025.50,18.44,0.12
2026-06-06T19:08:57,1,3.87,29610.00,18.31,14215.00,999.00,19.51,1024.80,18.45,0.12
2026-06-06T19:08:57,1,3.88,29610.00,18.31,14215.00,999.00,19.52,1024.70,18.46,0.12
2026-06-06T19:08:57,1,3.88,29610.00,18.31,14215.00,999.00,19.52,1024.70,18.47,0.12
2026-06-06T19:08:57,1,3.88,29610.00,18.31,14215.00,999.00,19.52,1025.60,18.48,0.12
2026-06-06T19:08:57,1,3.88,29600.00,18.31,14212.00,999.00,19.53,1026.10,18.49,0.13
2026-06-06T19:08:58,1,3.89,29600.00,18.31,14212.00,999.00,19.52,1026.60,18.50,0.13
2026-06-06T19:08:58,1,3.88,29600.00,18.31,14212.00,999.00,19.53,1026.10,18.50,0.13
2026-06-06T19:08:58,1,3.86,29600.00,18.31,14212.00,999.00,19.53,1026.20,18.51,0.13
2026-06-06T19:08:58,1,3.87,29600.00,18.31,14212.00,999.00,19.53,1025.60,18.52,0.12
2026-06-06T19:08:58,1,3.87,29610.00,18.31,14215.00,999.00,19.54,1024.30,18.53,0.11
2026-06-06T19:08:59,1,3.89,29610.00,18.31,14215.00,999.00,19.54,1024.10,18.54,0.11
2026-06-06T19:08:59,1,3.89,29610.00,18.31,14215.00,999.00,19.54,1025.00,18.55,0.12
2026-06-06T19:08:59,1,3.88,29610.00,18.31,14215.00,999.00,19.54,1025.90,18.56,0.13
2026-06-06T19:08:59,1,3.88,29610.00,18.31,14215.00,999.00,19.55,1025.80,18.57,0.13
2026-06-06T19:08:59,1,3.88,29600.00,18.30,14210.00,999.00,19.54,1025.90,18.57,0.13
2026-06-06T19:09:00,1,3.88,29600.00,18.30,14210.00,999.00,19.55,1026.30,18.58,0.13
2026-06-06T19:09:00,1,3.88,29600.00,18.30,14210.00,999.00,19.54,1026.50,18.59,0.13
2026-06-06T19:09:00,1,3.88,29600.00,18.30,14210.00,999.00,19.54,1026.30,18.59,0.13
2026-06-06T19:09:00,1,3.89,29600.00,18.30,14210.00,999.00,19.54,1025.90,18.60,0.13
2026-06-06T19:09:00,1,3.86,29600.00,18.31,14212.00,999.00,19.54,1026.10,18.60,0.13
2026-06-06T19:09:01,1,3.88,29600.00,18.31,14212.00,999.00,19.54,1026.00,18.62,0.13
2026-06-06T19:09:01,1,3.87,29600.00,18.31,14212.00,999.00,19.54,1025.60,18.63,0.12
2026-06-06T19:09:01,1,3.83,29600.00,18.31,14212.00,999.00,19.55,1025.10,18.64,0.12
2026-06-06T19:09:01,1,3.87,29600.00,18.30,14210.00,999.00,19.55,1025.50,18.65,0.12
2026-06-06T19:09:02,1,3.86,29600.00,18.30,14210.00,999.00,19.54,1026.40,18.65,0.13
2026-06-06T19:09:02,1,3.88,29600.00,18.30,14210.00,999.00,19.54,1027.30,18.66,0.14
2026-06-06T19:09:02,1,3.88,29600.00,18.30,14210.00,999.00,19.54,1027.20,18.66,0.14
2026-06-06T19:09:02,1,3.88,29600.00,18.30,14210.00,999.00,19.54,1026.10,18.67,0.13
2026-06-06T19:09:02,1,3.88,29590.00,18.30,14205.00,999.00,19.54,1025.00,18.68,0.12
2026-06-06T19:09:03,1,3.89,29590.00,18.30,14205.00,999.00,19.54,1025.20,18.69,0.12
2026-06-06T19:09:03,1,3.89,29590.00,18.30,14205.00,999.00,19.54,1025.80,18.69,0.13
2026-06-06T19:09:03,1,3.83,29590.00,18.30,14205.00,999.00,19.55,1025.40,18.70,0.12
2026-06-06T19:09:03,1,3.86,29590.00,18.30,14205.00,999.00,19.54,1025.90,18.71,0.13
2026-06-06T19:09:03,1,3.88,29580.00,18.29,14201.00,999.00,19.54,1026.80,18.71,0.14
2026-06-06T19:09:04,1,3.88,29580.00,18.29,14201.00,999.00,19.55,1027.70,18.72,0.15
2026-06-06T19:09:04,1,3.87,29580.00,18.29,14201.00,999.00,19.56,1027.80,18.72,0.15
2026-06-06T19:09:04,1,3.84,29580.00,18.29,14201.00,999.00,19.55,1027.10,18.73,0.14
2026-06-06T19:09:04,1,3.87,29560.00,18.27,14189.00,999.00,19.55,1026.60,18.73,0.13
2026-06-06T19:09:04,1,3.88,29560.00,18.27,14189.00,999.00,19.55,1026.30,18.74,0.13
2026-06-06T19:09:05,1,3.85,29560.00,18.27,14189.00,999.00,19.55,1025.50,18.75,0.12
2026-06-06T19:09:05,1,3.86,29560.00,18.27,14189.00,999.00,19.55,1026.10,18.76,0.13
2026-06-06T19:09:05,1,3.86,29560.00,18.27,14189.00,999.00,19.54,1026.50,18.76,0.13
2026-06-06T19:09:05,1,3.86,29560.00,18.28,14191.00,999.00,19.54,1027.00,18.76,0.14
2026-06-06T19:09:05,1,3.90,29560.00,18.28,14191.00,999.00,19.55,1026.70,18.77,0.14
2026-06-06T19:09:06,1,3.88,29560.00,18.28,14191.00,999.00,19.54,1028.50,18.78,0.15
2026-06-06T19:09:06,1,3.86,29560.00,18.28,14191.00,999.00,19.55,1030.20,18.78,0.17
2026-06-06T19:09:06,1,3.86,29560.00,18.28,14191.00,999.00,19.56,1032.70,18.78,0.20
2026-06-06T19:09:06,1,3.89,29560.00,18.28,14193.00,999.00,19.56,1034.40,18.79,0.21
2026-06-06T19:09:06,1,3.87,29560.00,18.28,14193.00,999.00,19.55,1035.90,18.79,0.23
2026-06-06T19:09:07,1,3.87,29560.00,18.28,14193.00,999.00,19.56,1037.50,18.80,0.24
2026-06-06T19:09:07,1,3.86,29560.00,18.28,14193.00,999.00,19.56,1038.80,18.81,0.26
2026-06-06T19:09:07,1,3.88,29560.00,18.28,14193.00,999.00,19.57,1040.40,18.81,0.27
2026-06-06T19:09:07,1,3.89,29600.00,18.30,14209.00,999.00,19.57,1041.70,18.81,0.28
2026-06-06T19:09:08,1,3.89,29600.00,18.30,14209.00,999.00,19.57,1042.20,18.82,0.29
2026-06-06T19:09:08,1,3.89,29600.00,18.30,14209.00,999.00,19.56,1043.70,18.83,0.30
2026-06-06T19:09:08,1,3.88,29600.00,18.30,14209.00,999.00,19.58,1044.80,18.83,0.32
2026-06-06T19:09:08,1,3.81,29600.00,18.30,14209.00,999.00,19.57,1045.60,18.84,0.32
2026-06-06T19:09:08,1,3.85,29610.00,18.31,14218.00,999.00,19.57,1046.90,18.84,0.34
2026-06-06T19:09:09,1,3.86,29610.00,18.31,14218.00,999.00,19.56,1048.80,18.84,0.35
2026-06-06T19:09:09,1,3.89,29610.00,18.31,14218.00,999.00,19.56,1050.00,18.85,0.37
2026-06-06T19:09:09,1,3.86,29610.00,18.31,14218.00,999.00,19.57,1051.50,18.86,0.38
2026-06-06T19:09:09,1,3.87,29660.00,18.35,14241.00,999.00,19.57,1051.80,18.86,0.38
2026-06-06T19:09:09,1,3.89,29660.00,18.35,14241.00,999.00,19.57,1053.70,18.87,0.40
2026-06-06T19:09:10,1,3.87,29660.00,18.35,14241.00,999.00,19.58,1055.80,18.87,0.42
2026-06-06T19:09:10,1,3.86,29660.00,18.35,14241.00,999.00,19.59,1057.60,18.88,0.44
2026-06-06T19:09:10,1,3.86,29660.00,18.35,14241.00,999.00,19.58,1059.10,18.88,0.46
2026-06-06T19:09:10,1,3.87,29700.00,18.37,14257.00,999.00,19.59,1060.80,18.88,0.47
2026-06-06T19:09:10,1,3.89,29700.00,18.37,14257.00,999.00,19.58,1062.50,18.89,0.49
2026-06-06T19:09:11,1,3.88,29700.00,18.37,14257.00,999.00,19.59,1062.50,18.89,0.49
2026-06-06T19:09:11,1,3.86,29700.00,18.37,14257.00,999.00,19.60,1062.30,18.90,0.49
2026-06-06T19:09:11,1,3.87,29700.00,18.37,14257.00,999.00,19.59,1062.60,18.90,0.49
2026-06-06T19:09:11,1,3.88,29720.00,18.38,14267.00,999.00,19.60,1062.40,18.91,0.49
2026-06-06T19:09:11,1,3.89,29720.00,18.38,14267.00,999.00,19.59,1063.40,18.91,0.50
2026-06-06T19:09:12,1,3.89,29720.00,18.38,14267.00,999.00,19.60,1065.40,18.91,0.52
2026-06-06T19:09:12,1,3.85,29720.00,18.38,14267.00,999.00,19.61,1067.40,18.92,0.54
2026-06-06T19:09:12,1,3.88,29720.00,18.38,14267.00,999.00,19.61,1068.40,18.92,0.55
2026-06-06T19:09:12,1,3.89,29750.00,18.40,14280.00,999.00,19.61,1070.10,18.92,0.57
2026-06-06T19:09:12,1,3.89,29750.00,18.40,14280.00,999.00,19.61,1071.00,18.92,0.57
2026-06-06T19:09:13,1,3.88,29750.00,18.40,14280.00,999.00,19.61,1071.60,18.93,0.58
2026-06-06T19:09:13,1,3.86,29750.00,18.40,14280.00,999.00,19.61,1072.90,18.94,0.59
2026-06-06T19:09:13,1,3.88,29750.00,18.40,14280.00,999.00,19.61,1074.20,18.94,0.61
2026-06-06T19:09:13,1,3.90,29760.00,18.41,14285.00,999.00,19.61,1076.40,18.94,0.63
2026-06-06T19:09:14,1,3.89,29760.00,18.41,14285.00,999.00,19.61,1078.10,18.95,0.65
2026-06-06T19:09:14,1,3.88,29760.00,18.41,14285.00,999.00,19.61,1078.90,18.95,0.65
2026-06-06T19:09:14,1,3.87,29760.00,18.41,14285.00,999.00,19.62,1080.10,18.96,0.66
2026-06-06T19:09:14,1,3.86,29770.00,18.42,14290.00,999.00,19.62,1081.20,18.96,0.68
2026-06-06T19:09:14,1,3.88,29770.00,18.42,14290.00,999.00,19.62,1081.50,18.97,0.68
2026-06-06T19:09:15,1,3.87,29770.00,18.42,14290.00,999.00,19.61,1082.90,18.97,0.69
2026-06-06T19:09:15,1,3.86,29770.00,18.42,14290.00,999.00,19.62,1084.90,18.98,0.71
2026-06-06T19:09:15,1,3.85,29770.00,18.42,14290.00,999.00,19.62,1086.70,18.98,0.73
2026-06-06T19:09:15,1,3.89,29760.00,18.41,14288.00,999.00,19.62,1088.50,18.98,0.75
2026-06-06T19:09:15,1,3.86,29760.00,18.41,14288.00,999.00,19.62,1091.00,18.99,0.77
2026-06-06T19:09:16,1,3.86,29760.00,18.41,14288.00,999.00,19.62,1092.20,18.99,0.78
2026-06-06T19:09:16,1,3.88,29760.00,18.41,14288.00,999.00,19.63,1093.50,19.00,0.80
2026-06-06T19:09:16,1,3.88,29760.00,18.41,14288.00,999.00,19.63,1094.40,19.00,0.81
2026-06-06T19:09:16,1,3.88,29770.00,18.42,14293.00,999.00,19.62,1095.20,19.01,0.81
2026-06-06T19:09:16,1,3.89,29770.00,18.42,14293.00,999.00,19.62,1096.20,19.01,0.82
2026-06-06T19:09:17,1,3.88,29770.00,18.42,14293.00,999.00,19.63,1098.70,19.00,0.85
2026-06-06T19:09:17,1,3.86,29770.00,18.42,14293.00,999.00,19.63,1100.80,19.01,0.87
2026-06-06T19:09:17,1,3.87,29780.00,18.43,14297.00,999.00,19.62,1101.20,19.02,0.87
2026-06-06T19:09:17,1,3.89,29780.00,18.43,14297.00,999.00,19.63,1102.70,19.02,0.89
2026-06-06T19:09:17,1,3.90,29780.00,18.43,14297.00,999.00,19.63,1104.60,19.02,0.91
2026-06-06T19:09:18,1,3.85,29780.00,18.43,14297.00,999.00,19.63,1106.00,19.03,0.92
2026-06-06T19:09:18,1,3.88,29780.00,18.43,14297.00,999.00,19.63,1108.20,19.03,0.94
2026-06-06T19:09:18,1,3.88,29800.00,18.44,14305.00,999.00,19.63,1110.70,19.03,0.97
2026-06-06T19:09:18,1,3.88,29800.00,18.44,14305.00,999.00,19.62,1111.80,19.04,0.98
2026-06-06T19:09:19,1,3.86,29800.00,18.44,14305.00,999.00,19.63,1113.50,19.04,1.00
2026-06-06T19:09:19,1,3.86,29800.00,18.44,14305.00,999.00,19.62,1114.30,19.04,1.00
2026-06-06T19:09:19,1,3.88,29800.00,18.44,14305.00,999.00,19.63,1116.30,19.05,1.02
2026-06-06T19:09:19,1,3.89,29810.00,18.45,14311.00,999.00,19.63,1117.40,19.05,1.03
2026-06-06T19:09:19,1,3.88,29810.00,18.45,14311.00,999.00,19.63,1118.80,19.05,1.05
2026-06-06T19:09:20,1,3.87,29810.00,18.45,14311.00,999.00,19.63,1118.60,19.06,1.05
2026-06-06T19:09:20,1,3.88,29810.00,18.45,14311.00,999.00,19.63,1119.90,19.06,1.06
2026-06-06T19:09:20,1,3.88,29810.00,18.45,14311.00,999.00,19.63,1121.40,19.06,1.07
2026-06-06T19:09:20,1,3.86,29850.00,18.47,14330.00,999.00,19.63,1121.70,19.07,1.08
2026-06-06T19:09:20,1,3.89,29850.00,18.47,14330.00,999.00,19.63,1122.90,19.07,1.09
2026-06-06T19:09:21,1,3.89,29850.00,18.47,14330.00,999.00,19.63,1123.40,19.07,1.09
2026-06-06T19:09:21,1,3.86,29850.00,18.47,14330.00,999.00,19.64,1124.80,19.08,1.11
2026-06-06T19:09:21,1,3.87,29850.00,18.47,14330.00,999.00,19.63,1126.20,19.08,1.12
2026-06-06T19:09:21,1,3.88,29870.00,18.49,14342.00,999.00,19.64,1127.90,19.08,1.14
2026-06-06T19:09:21,1,3.90,29870.00,18.49,14342.00,999.00,19.63,1128.40,19.08,1.14
2026-06-06T19:09:22,1,3.87,29870.00,18.49,14342.00,999.00,19.63,1129.70,19.08,1.16
2026-06-06T19:09:22,1,3.87,29870.00,18.49,14342.00,999.00,19.64,1130.60,19.09,1.17
2026-06-06T19:09:22,1,3.85,29880.00,18.49,14343.00,999.00,19.64,1131.80,19.09,1.18
2026-06-06T19:09:22,1,3.89,29880.00,18.49,14343.00,999.00,19.64,1132.60,19.10,1.19
2026-06-06T19:09:22,1,3.88,29880.00,18.49,14343.00,999.00,19.64,1132.60,19.09,1.19
2026-06-06T19:09:23,1,3.86,29880.00,18.49,14343.00,999.00,19.63,1132.60,19.10,1.19
2026-06-06T19:09:23,1,3.85,29880.00,18.49,14343.00,999.00,19.65,1133.20,19.10,1.19
2026-06-06T19:09:23,1,3.89,29880.00,18.49,14343.00,999.00,19.64,1134.30,19.10,1.20
2026-06-06T19:09:23,1,3.89,29880.00,18.49,14343.00,999.00,19.63,1134.90,19.10,1.21
2026-06-06T19:09:23,1,3.87,29880.00,18.49,14343.00,999.00,19.64,1135.20,19.11,1.21
2026-06-06T19:09:24,1,3.89,29880.00,18.49,14343.00,999.00,19.64,1134.90,19.11,1.21
2026-06-06T19:09:24,1,3.87,29880.00,18.49,14343.00,999.00,19.64,1136.20,19.11,1.22
2026-06-06T19:09:24,1,3.89,29900.00,18.51,14354.00,999.00,19.64,1137.10,19.11,1.23
2026-06-06T19:09:24,1,3.90,29900.00,18.51,14354.00,999.00,19.64,1138.00,19.11,1.24
2026-06-06T19:09:24,1,3.89,29900.00,18.51,14354.00,999.00,19.64,1138.20,19.12,1.24
2026-06-06T19:09:25,1,3.86,29900.00,18.51,14354.00,999.00,19.64,1139.10,19.12,1.25
2026-06-06T19:09:25,1,3.88,29900.00,18.51,14354.00,999.00,19.64,1140.20,19.12,1.26
2026-06-06T19:09:25,1,3.87,29940.00,18.54,14374.00,999.00,19.63,1141.60,19.12,1.27
2026-06-06T19:09:25,1,3.89,29940.00,18.54,14374.00,999.00,19.64,1141.20,19.12,1.27
2026-06-06T19:09:25,1,3.87,29940.00,18.54,14374.00,999.00,19.64,1142.50,19.13,1.28
2026-06-06T19:09:26,1,3.88,29940.00,18.54,14374.00,999.00,19.64,1142.50,19.12,1.28
2026-06-06T19:09:26,1,3.88,29960.00,18.55,14385.00,999.00,19.64,1143.50,19.12,1.29
2026-06-06T19:09:26,1,3.87,29960.00,18.55,14385.00,999.00,19.64,1144.30,19.13,1.30
2026-06-06T19:09:26,1,3.87,29960.00,18.55,14385.00,999.00,19.64,1145.20,19.13,1.31
2026-06-06T19:09:27,1,3.85,29960.00,18.55,14385.00,999.00,19.63,1146.40,19.14,1.32
2026-06-06T19:09:27,1,3.86,29960.00,18.55,14385.00,999.00,19.64,1147.30,19.14,1.33
2026-06-06T19:09:27,1,3.88,29980.00,18.56,14391.00,999.00,19.64,1147.40,19.14,1.33
2026-06-06T19:09:27,1,3.89,29980.00,18.56,14391.00,999.00,19.64,1149.10,19.14,1.35
2026-06-06T19:09:27,1,3.87,29980.00,18.56,14391.00,999.00,19.64,1149.40,19.14,1.35
2026-06-06T19:09:28,1,3.84,29980.00,18.56,14391.00,999.00,19.64,1149.70,19.14,1.35
2026-06-06T19:09:28,1,3.88,29980.00,18.56,14391.00,999.00,19.64,1149.80,19.15,1.36
2026-06-06T19:09:28,1,3.89,29970.00,18.56,14389.00,999.00,19.64,1150.70,19.14,1.36
2026-06-06T19:09:28,1,3.89,29970.00,18.56,14389.00,999.00,19.64,1151.00,19.15,1.37
2026-06-06T19:09:28,1,3.89,29970.00,18.56,14389.00,999.00,19.65,1151.60,19.15,1.37
2026-06-06T19:09:29,1,3.88,29970.00,18.56,14389.00,999.00,19.64,1152.50,19.15,1.38
2026-06-06T19:09:29,1,3.88,29970.00,18.56,14389.00,999.00,19.65,1153.50,19.16,1.39
2026-06-06T19:09:29,1,3.89,29990.00,18.57,14398.00,999.00,19.64,1154.70,19.16,1.40
2026-06-06T19:09:29,1,3.89,29990.00,18.57,14398.00,999.00,19.65,1155.30,19.16,1.41
2026-06-06T19:09:29,1,3.89,29990.00,18.57,14398.00,999.00,19.64,1156.10,19.16,1.42
2026-06-06T19:09:30,1,3.88,29990.00,18.57,14398.00,999.00,19.64,1156.80,19.15,1.43
2026-06-06T19:09:30,1,3.86,29960.00,18.55,14381.00,999.00,19.64,1157.60,19.16,1.43
2026-06-06T19:09:30,1,3.86,29960.00,18.55,14381.00,999.00,19.64,1158.00,19.16,1.44
2026-06-06T19:09:30,1,3.90,29960.00,18.55,14381.00,999.00,19.64,1159.00,19.16,1.45
2026-06-06T19:09:31,1,3.87,29960.00,18.55,14381.00,999.00,19.65,1159.80,19.16,1.45
2026-06-06T19:09:31,1,3.86,29960.00,18.55,14381.00,999.00,19.64,1161.80,19.17,1.47
2026-06-06T19:09:31,1,3.89,29940.00,18.54,14376.00,999.00,19.64,1163.00,19.17,1.49
2026-06-06T19:09:31,1,3.87,29940.00,18.54,14376.00,999.00,19.65,1163.90,19.17,1.50
2026-06-06T19:09:31,1,3.88,29940.00,18.54,14376.00,999.00,19.64,1164.70,19.17,1.50
2026-06-06T19:09:32,1,3.86,29940.00,18.54,14376.00,999.00,19.64,1165.10,19.17,1.51
2026-06-06T19:09:32,1,3.86,29940.00,18.54,14376.00,999.00,19.64,1165.50,19.18,1.51
2026-06-06T19:09:32,1,3.89,30000.00,18.58,14403.00,999.00,19.64,1166.20,19.18,1.52
2026-06-06T19:09:32,1,3.85,30000.00,18.58,14403.00,999.00,19.64,1166.20,19.18,1.52
2026-06-06T19:09:32,1,3.89,30000.00,18.58,14403.00,999.00,19.64,1167.40,19.18,1.53
2026-06-06T19:09:33,1,3.86,30000.00,18.58,14403.00,999.00,19.63,1167.70,19.18,1.53
2026-06-06T19:09:33,1,3.86,30000.00,18.58,14403.00,999.00,19.65,1167.90,19.18,1.54
2026-06-06T19:09:33,1,3.89,29950.00,18.54,14379.00,999.00,19.64,1169.10,19.18,1.55
2026-06-06T19:09:33,1,3.90,29950.00,18.54,14379.00,999.00,19.64,1170.00,19.19,1.56
2026-06-06T19:09:33,1,3.89,29950.00,18.54,14379.00,999.00,19.65,1170.90,19.19,1.56
2026-06-06T19:09:34,1,3.88,29950.00,18.54,14379.00,999.00,19.65,1171.90,19.19,1.57
2026-06-06T19:09:34,1,3.86,29950.00,18.54,14379.00,999.00,19.65,1173.10,19.19,1.59
2026-06-06T19:09:34,1,3.89,29960.00,18.55,14385.00,999.00,19.64,1173.50,19.19,1.59
2026-06-06T19:09:34,1,3.87,29960.00,18.55,14385.00,999.00,19.65,1173.50,19.19,1.59
2026-06-06T19:09:34,1,3.86,29960.00,18.55,14385.00,999.00,19.65,1173.80,19.19,1.59
2026-06-06T19:09:35,1,3.86,29960.00,18.55,14385.00,999.00,19.64,1174.40,19.19,1.60
2026-06-06T19:09:35,1,3.88,29970.00,18.56,14388.00,999.00,19.64,1175.00,19.19,1.61
2026-06-06T19:09:35,1,3.89,29970.00,18.56,14388.00,999.00,19.63,1176.10,19.20,1.62
2026-06-06T19:09:35,1,3.87,29970.00,18.56,14388.00,999.00,19.64,1176.60,19.20,1.62
2026-06-06T19:09:35,1,3.88,29970.00,18.56,14388.00,999.00,19.64,1178.00,19.20,1.64
2026-06-06T19:09:36,1,3.85,29970.00,18.56,14388.00,999.00,19.64,1178.50,19.20,1.64
2026-06-06T19:09:36,1,3.88,30040.00,18.61,14423.00,999.00,19.64,1179.50,19.20,1.65
2026-06-06T19:09:36,1,3.89,30040.00,18.61,14423.00,999.00,19.64,1179.90,19.20,1.65
2026-06-06T19:09:36,1,3.86,30040.00,18.61,14423.00,999.00,19.64,1180.80,19.21,1.66
2026-06-06T19:09:36,1,3.88,30040.00,18.61,14423.00,999.00,19.66,1181.00,19.21,1.66
2026-06-06T19:09:37,1,3.86,30040.00,18.61,14423.00,999.00,19.65,1181.90,19.21,1.67
2026-06-06T19:09:37,1,3.88,30020.00,18.59,14410.00,999.00,19.64,1183.20,19.21,1.69
2026-06-06T19:09:37,1,3.89,30020.00,18.59,14410.00,999.00,19.64,1183.50,19.22,1.69
2026-06-06T19:09:37,1,3.88,30020.00,18.59,14410.00,999.00,19.65,1184.40,19.21,1.70
2026-06-06T19:09:37,1,3.85,30020.00,18.59,14410.00,999.00,19.64,1185.00,19.21,1.70
2026-06-06T19:09:38,1,3.88,30020.00,18.59,14410.00,999.00,19.64,1186.10,19.22,1.72
2026-06-06T19:09:38,1,3.89,30020.00,18.59,14414.00,999.00,19.65,1186.80,19.22,1.72
2026-06-06T19:09:38,1,3.89,30020.00,18.59,14414.00,999.00,19.65,1186.90,19.22,1.72
2026-06-06T19:09:38,1,3.87,30020.00,18.59,14414.00,999.00,19.65,1187.40,19.21,1.73
2026-06-06T19:09:39,1,3.88,30020.00,18.59,14414.00,999.00,19.66,1188.00,19.22,1.73
2026-06-06T19:09:39,1,3.87,30030.00,18.60,14417.00,999.00,19.65,1188.60,19.22,1.74
2026-06-06T19:09:39,1,3.88,30030.00,18.60,14417.00,999.00,19.65,1188.80,19.22,1.74
2026-06-06T19:09:39,1,3.89,30030.00,18.60,14417.00,999.00,19.65,1189.80,19.22,1.75
2026-06-06T19:09:39,1,3.86,30030.00,18.60,14417.00,999.00,19.65,1191.80,19.23,1.77
2026-06-06T19:09:40,1,3.85,30030.00,18.60,14417.00,999.00,19.65,1192.90,19.23,1.78
2026-06-06T19:09:40,1,3.90,30040.00,18.60,14423.00,999.00,19.65,1193.40,19.23,1.79
2026-06-06T19:09:40,1,3.87,30040.00,18.60,14423.00,999.00,19.65,1194.20,19.23,1.80
2026-06-06T19:09:40,1,3.89,30040.00,18.60,14423.00,999.00,19.65,1194.40,19.23,1.80
2026-06-06T19:09:40,1,3.86,30040.00,18.60,14423.00,999.00,19.65,1195.70,19.23,1.81
2026-06-06T19:09:41,1,3.87,30040.00,18.60,14423.00,999.00,19.65,1196.90,19.23,1.82
2026-06-06T19:09:41,1,3.88,30030.00,18.60,14419.00,999.00,19.65,1197.60,19.23,1.83
2026-06-06T19:09:41,1,3.88,30030.00,18.60,14419.00,999.00,19.66,1197.90,19.24,1.83
2026-06-06T19:09:41,1,3.89,30030.00,18.60,14419.00,999.00,19.65,1198.80,19.24,1.84
2026-06-06T19:09:41,1,3.88,30030.00,18.60,14419.00,999.00,19.66,1198.60,19.24,1.84
2026-06-06T19:09:42,1,3.88,30030.00,18.60,14419.00,999.00,19.66,1199.10,19.24,1.84
2026-06-06T19:09:42,1,3.87,30050.00,18.61,14426.00,999.00,19.65,1199.50,19.24,1.85
2026-06-06T19:09:42,1,3.87,30050.00,18.61,14426.00,999.00,19.66,1200.90,19.25,1.86
2026-06-06T19:09:42,1,3.88,30050.00,18.61,14426.00,999.00,19.66,1201.20,19.25,1.87
2026-06-06T19:09:42,1,3.87,30050.00,18.61,14426.00,999.00,19.65,1201.80,19.25,1.87
2026-06-06T19:09:43,1,3.86,30090.00,18.64,14445.00,999.00,19.65,1203.10,19.24,1.88
2026-06-06T19:09:43,1,3.89,30090.00,18.64,14445.00,999.00,19.65,1204.30,19.25,1.90
2026-06-06T19:09:43,1,3.87,30090.00,18.64,14445.00,999.00,19.67,1204.40,19.25,1.90
2026-06-06T19:09:43,1,3.85,30090.00,18.64,14445.00,999.00,19.66,1205.60,19.25,1.91
2026-06-06T19:09:44,1,3.87,30090.00,18.64,14445.00,999.00,19.66,1206.50,19.26,1.92
2026-06-06T19:09:44,1,3.88,30070.00,18.62,14436.00,999.00,19.66,1207.60,19.26,1.93
2026-06-06T19:09:44,1,3.87,30070.00,18.62,14436.00,999.00,19.66,1208.30,19.26,1.94
2026-06-06T19:09:44,1,3.89,30070.00,18.62,14436.00,999.00,19.67,1209.00,19.26,1.94
2026-06-06T19:09:44,1,3.88,30070.00,18.62,14436.00,999.00,19.67,1209.80,19.26,1.95
2026-06-06T19:09:45,1,3.88,30070.00,18.62,14436.00,999.00,19.67,1210.90,19.26,1.96
2026-06-06T19:09:45,1,3.89,30140.00,18.67,14467.00,999.00,19.67,1212.00,19.27,1.97
2026-06-06T19:09:45,1,3.89,30140.00,18.67,14467.00,999.00,19.67,1212.50,19.26,1.98
2026-06-06T19:09:45,1,3.87,30140.00,18.67,14467.00,999.00,19.67,1213.30,19.27,1.98
2026-06-06T19:09:45,1,3.88,30140.00,18.67,14467.00,999.00,19.67,1214.00,19.27,1.99
2026-06-06T19:09:46,1,3.88,30140.00,18.67,14467.00,999.00,19.67,1213.40,19.27,1.99
2026-06-06T19:09:46,1,3.90,30200.00,18.71,14499.00,999.00,19.68,1213.90,19.27,1.99
2026-06-06T19:09:46,1,3.88,30200.00,18.71,14499.00,999.00,19.68,1214.70,19.27,2.00
2026-06-06T19:09:46,1,3.88,30200.00,18.71,14499.00,999.00,19.68,1215.30,19.28,2.00
2026-06-06T19:09:46,1,3.88,30200.00,18.71,14499.00,999.00,19.68,1216.80,19.27,2.02
2026-06-06T19:09:47,1,3.86,30200.00,18.71,14499.00,999.00,19.68,1217.60,19.28,2.03
2026-06-06T19:09:47,1,3.88,30190.00,18.71,14494.00,999.00,19.68,1218.10,19.28,2.03
2026-06-06T19:09:47,1,3.88,30190.00,18.71,14494.00,999.00,19.68,1219.60,19.28,2.05
2026-06-06T19:09:47,1,3.88,30190.00,18.71,14494.00,999.00,19.68,1221.30,19.28,2.06
2026-06-06T19:09:47,1,3.86,30190.00,18.71,14494.00,999.00,19.68,1222.70,19.28,2.08
2026-06-06T19:09:48,1,3.86,30230.00,18.73,14514.00,999.00,19.70,1223.30,19.29,2.08
2026-06-06T19:09:48,1,3.89,30230.00,18.73,14514.00,999.00,19.70,1224.70,19.29,2.10
2026-06-06T19:09:48,1,3.89,30230.00,18.73,14514.00,999.00,19.69,1225.50,19.29,2.11
2026-06-06T19:09:48,1,3.87,30230.00,18.73,14514.00,999.00,19.69,1225.90,19.29,2.11
2026-06-06T19:09:48,1,3.88,30230.00,18.73,14514.00,999.00,19.70,1226.80,19.29,2.12
2026-06-06T19:09:49,1,3.89,30230.00,18.73,14513.00,999.00,19.70,1228.40,19.29,2.13
2026-06-06T19:09:49,1,3.90,30230.00,18.73,14513.00,999.00,19.70,1228.80,19.30,2.14
2026-06-06T19:09:49,1,3.86,30230.00,18.73,14513.00,999.00,19.70,1229.10,19.30,2.14
2026-06-06T19:09:49,1,3.86,30230.00,18.73,14513.00,999.00,19.71,1229.70,19.30,2.15
2026-06-06T19:09:50,1,3.85,30230.00,18.73,14513.00,999.00,19.70,1230.20,19.30,2.15
2026-06-06T19:09:50,1,3.87,30250.00,18.75,14522.00,999.00,19.71,1231.70,19.30,2.17
2026-06-06T19:09:50,1,3.88,30250.00,18.75,14522.00,999.00,19.71,1232.50,19.30,2.18
2026-06-06T19:09:50,1,3.87,30250.00,18.75,14522.00,999.00,19.71,1233.90,19.31,2.19
2026-06-06T19:09:50,1,3.86,30250.00,18.75,14522.00,999.00,19.71,1234.30,19.31,2.19
2026-06-06T19:09:51,1,3.87,30250.00,18.75,14522.00,999.00,19.71,1235.30,19.31,2.20
2026-06-06T19:09:51,1,3.90,30230.00,18.73,14513.00,999.00,19.72,1235.80,19.30,2.21
2026-06-06T19:09:51,1,3.89,30230.00,18.73,14513.00,999.00,19.71,1236.80,19.32,2.22
2026-06-06T19:09:51,1,3.87,30230.00,18.73,14513.00,999.00,19.72,1237.60,19.32,2.23
2026-06-06T19:09:51,1,3.87,30230.00,18.73,14513.00,999.00,19.71,1238.30,19.31,2.23
2026-06-06T19:09:52,1,3.87,30290.00,18.77,14542.00,999.00,19.72,1239.50,19.32,2.24
2026-06-06T19:09:52,1,3.86,30290.00,18.77,14542.00,999.00,19.71,1240.00,19.32,2.25
2026-06-06T19:09:52,1,3.90,30290.00,18.77,14542.00,999.00,19.72,1241.50,19.32,2.26
2026-06-06T19:09:52,1,3.86,30290.00,18.77,14542.00,999.00,19.72,1242.80,19.32,2.28
2026-06-06T19:09:52,1,3.88,30290.00,18.77,14542.00,999.00,19.71,1244.10,19.33,2.29
2026-06-06T19:09:53,1,3.88,30350.00,18.81,14569.00,999.00,19.72,1244.50,19.33,2.29
2026-06-06T19:09:53,1,3.89,30350.00,18.81,14569.00,999.00,19.73,1245.60,19.33,2.31
2026-06-06T19:09:53,1,3.89,30350.00,18.81,14569.00,999.00,19.72,1245.90,19.33,2.31
2026-06-06T19:09:53,1,3.87,30350.00,18.81,14569.00,999.00,19.72,1247.10,19.33,2.32
2026-06-06T19:09:53,1,3.86,30350.00,18.81,14569.00,999.00,19.73,1246.90,19.34,2.32
2026-06-06T19:09:54,1,3.89,30350.00,18.81,14571.00,999.00,19.72,1248.10,19.34,2.33
2026-06-06T19:09:54,1,3.90,30350.00,18.81,14571.00,999.00,19.71,1249.40,19.34,2.34
2026-06-06T19:09:54,1,3.87,30350.00,18.81,14571.00,999.00,19.72,1250.40,19.34,2.35
2026-06-06T19:09:54,1,3.86,30350.00,18.81,14571.00,999.00,19.73,1252.10,19.34,2.37
2026-06-06T19:09:54,1,3.86,30350.00,18.81,14571.00,999.00,19.73,1253.20,19.35,2.38
2026-06-06T19:09:55,1,3.89,30360.00,18.82,14575.00,999.00,19.72,1254.40,19.35,2.39
2026-06-06T19:09:55,1,3.87,30360.00,18.82,14575.00,999.00,19.72,1255.20,19.35,2.40
2026-06-06T19:09:55,1,3.88,30360.00,18.82,14575.00,999.00,19.72,1257.50,19.35,2.42
2026-06-06T19:09:55,1,3.85,30360.00,18.82,14575.00,999.00,19.72,1259.10,19.35,2.44
2026-06-06T19:09:56,1,3.87,30340.00,18.81,14564.00,999.00,19.73,1259.70,19.34,2.44
2026-06-06T19:09:56,1,3.86,30340.00,18.81,14564.00,999.00,19.72,1260.40,19.36,2.45
2026-06-06T19:09:56,1,3.88,30340.00,18.81,14564.00,999.00,19.71,1260.50,19.36,2.45
2026-06-06T19:09:56,1,3.86,30340.00,18.81,14564.00,999.00,19.71,1260.80,19.36,2.46
2026-06-06T19:09:56,1,3.88,30340.00,18.81,14564.00,999.00,19.71,1261.00,19.36,2.46
2026-06-06T19:09:57,1,3.88,30350.00,18.82,14572.00,999.00,19.70,1262.50,19.37,2.47
2026-06-06T19:09:57,1,3.89,30350.00,18.82,14572.00,999.00,19.72,1262.60,19.36,2.47
2026-06-06T19:09:57,1,3.89,30350.00,18.82,14572.00,999.00,19.72,1263.10,19.37,2.48
2026-06-06T19:09:57,1,3.88,30350.00,18.82,14572.00,999.00,19.70,1263.50,19.37,2.48
2026-06-06T19:09:57,1,3.88,30350.00,18.82,14572.00,999.00,19.70,1264.00,19.37,2.49
2026-06-06T19:09:58,1,3.88,30330.00,18.80,14558.00,999.00,19.70,1265.30,19.37,2.50
2026-06-06T19:09:58,1,3.86,30330.00,18.80,14558.00,999.00,19.71,1266.50,19.37,2.51
2026-06-06T19:09:58,1,3.88,30330.00,18.80,14558.00,999.00,19.72,1267.10,19.38,2.52
2026-06-06T19:09:58,1,3.87,30330.00,18.80,14558.00,999.00,19.71,1268.10,19.38,2.53
2026-06-06T19:09:58,1,3.85,30330.00,18.80,14558.00,999.00,19.71,1268.30,19.38,2.53
2026-06-06T19:09:59,1,3.89,30360.00,18.82,14576.00,999.00,19.71,1268.30,19.38,2.53
2026-06-06T19:09:59,1,3.87,30360.00,18.82,14576.00,999.00,19.71,1269.10,19.38,2.54
2026-06-06T19:09:59,1,3.89,30360.00,18.82,14576.00,999.00,19.71,1270.20,19.38,2.55
2026-06-06T19:09:59,1,3.86,30360.00,18.82,14576.00,999.00,19.70,1270.70,19.38,2.55
2026-06-06T19:09:59,1,3.87,30390.00,18.84,14592.00,999.00,19.69,1272.30,19.38,2.57
2026-06-06T19:10:00,1,3.86,30390.00,18.84,14592.00,999.00,19.69,1272.90,19.39,2.58
2026-06-06T19:10:00,1,3.90,30390.00,18.84,14592.00,999.00,19.69,1273.40,19.39,2.58
2026-06-06T19:10:00,1,3.88,30390.00,18.84,14592.00,999.00,19.70,1274.20,19.39,2.59
2026-06-06T19:10:00,1,3.87,30390.00,18.84,14592.00,999.00,19.70,1273.70,19.39,2.58
2026-06-06T19:10:00,1,3.88,30370.00,18.83,14580.00,999.00,19.69,1274.70,19.39,2.59
2026-06-06T19:10:01,1,3.89,30370.00,18.83,14580.00,999.00,19.69,1275.70,19.39,2.60
2026-06-06T19:10:01,1,3.88,30370.00,18.83,14580.00,999.00,19.69,1276.20,19.39,2.61
2026-06-06T19:10:01,1,3.88,30370.00,18.83,14580.00,999.00,19.69,1277.20,19.39,2.62
2026-06-06T19:10:01,1,3.88,30370.00,18.83,14580.00,999.00,19.69,1277.50,19.39,2.62
2026-06-06T19:10:02,1,3.89,30390.00,18.84,14588.00,999.00,19.69,1278.00,19.39,2.63
2026-06-06T19:10:02,1,3.89,30390.00,18.84,14588.00,999.00,19.69,1278.90,19.40,2.64
2026-06-06T19:10:02,1,3.90,30390.00,18.84,14588.00,999.00,19.69,1279.50,19.40,2.64
2026-06-06T19:10:02,1,3.85,30390.00,18.84,14588.00,999.00,19.69,1280.60,19.40,2.65
2026-06-06T19:10:02,1,3.87,30390.00,18.84,14588.00,999.00,19.69,1281.40,19.40,2.66
2026-06-06T19:10:03,1,3.89,30410.00,18.85,14597.00,999.00,19.68,1282.60,19.40,2.67
2026-06-06T19:10:03,1,3.87,30410.00,18.85,14597.00,999.00,19.69,1283.30,19.40,2.68
2026-06-06T19:10:03,1,3.87,30410.00,18.85,14597.00,999.00,19.68,1284.00,19.40,2.69
2026-06-06T19:10:03,1,3.85,30410.00,18.85,14597.00,999.00,19.68,1284.70,19.40,2.69
2026-06-06T19:10:03,1,3.86,30410.00,18.86,14599.00,999.00,19.68,1285.40,19.39,2.70
2026-06-06T19:10:04,1,3.86,30410.00,18.86,14599.00,999.00,19.68,1286.00,19.40,2.71
2026-06-06T19:10:04,1,3.87,30410.00,18.86,14599.00,999.00,19.68,1287.10,19.40,2.72
2026-06-06T19:10:04,1,3.86,30410.00,18.86,14599.00,999.00,19.67,1287.70,19.40,2.72
2026-06-06T19:10:04,1,3.86,30410.00,18.86,14599.00,999.00,19.67,1288.20,19.40,2.73
2026-06-06T19:10:04,1,3.89,30440.00,18.87,14613.00,999.00,19.66,1289.90,19.40,2.74
2026-06-06T19:10:05,1,3.89,30440.00,18.87,14613.00,999.00,19.67,1290.80,19.40,2.75
2026-06-06T19:10:05,1,3.87,30440.00,18.87,14613.00,999.00,19.66,1291.80,19.40,2.76
2026-06-06T19:10:05,1,3.88,30440.00,18.87,14613.00,999.00,19.66,1293.00,19.41,2.77
2026-06-06T19:10:05,1,3.87,30440.00,18.87,14613.00,999.00,19.65,1292.50,19.40,2.77
2026-06-06T19:10:05,1,3.90,30460.00,18.89,14624.00,999.00,19.65,1293.50,19.41,2.78
2026-06-06T19:10:06,1,3.88,30460.00,18.89,14624.00,999.00,19.66,1294.40,19.41,2.79
2026-06-06T19:10:06,1,3.88,30460.00,18.89,14624.00,999.00,19.66,1295.40,19.40,2.80
2026-06-06T19:10:06,1,3.86,30460.00,18.89,14624.00,999.00,19.65,1296.10,19.41,2.81
2026-06-06T19:10:06,1,3.87,30460.00,18.89,14624.00,999.00,19.65,1297.10,19.41,2.82
2026-06-06T19:10:06,1,3.87,30480.00,18.91,14635.00,999.00,19.65,1297.60,19.41,2.82
2026-06-06T19:10:07,1,3.87,30480.00,18.91,14635.00,999.00,19.64,1298.50,19.41,2.83
2026-06-06T19:10:07,1,3.87,30480.00,18.91,14635.00,999.00,19.65,1299.60,19.41,2.84
2026-06-06T19:10:07,1,3.86,30480.00,18.91,14635.00,999.00,19.64,1300.30,19.41,2.85
2026-06-06T19:10:07,1,3.85,30480.00,18.91,14635.00,999.00,19.64,1300.50,19.41,2.85
2026-06-06T19:10:08,1,3.86,30520.00,18.93,14651.00,999.00,19.64,1301.00,19.41,2.85
2026-06-06T19:10:08,1,3.88,30520.00,18.93,14651.00,999.00,19.63,1302.10,19.41,2.86
2026-06-06T19:10:08,1,3.88,30520.00,18.93,14651.00,999.00,19.64,1302.70,19.41,2.87
2026-06-06T19:10:08,1,3.88,30520.00,18.93,14651.00,999.00,19.64,1303.10,19.41,2.87
2026-06-06T19:10:08,1,3.88,30550.00,18.95,14667.00,999.00,19.63,1303.30,19.41,2.88
2026-06-06T19:10:09,1,3.86,30550.00,18.95,14667.00,999.00,19.64,1303.70,19.40,2.88
2026-06-06T19:10:09,1,3.89,30550.00,18.95,14667.00,999.00,19.63,1304.20,19.40,2.89
2026-06-06T19:10:09,1,3.88,30550.00,18.95,14667.00,999.00,19.64,1304.40,19.41,2.89
2026-06-06T19:10:09,1,3.88,30550.00,18.95,14667.00,999.00,19.64,1305.30,19.41,2.90
2026-06-06T19:10:09,1,3.87,30540.00,18.95,14663.00,999.00,19.64,1305.20,19.40,2.90
2026-06-06T19:10:10,1,3.88,30540.00,18.95,14663.00,999.00,19.63,1306.20,19.41,2.91
2026-06-06T19:10:10,1,3.87,30540.00,18.95,14663.00,999.00,19.63,1307.30,19.41,2.92
2026-06-06T19:10:10,1,3.88,30540.00,18.95,14663.00,999.00,19.63,1307.50,19.41,2.92
2026-06-06T19:10:10,1,3.85,30540.00,18.95,14663.00,999.00,19.63,1308.10,19.41,2.92
2026-06-06T19:10:10,1,3.88,30550.00,18.95,14668.00,999.00,19.63,1308.70,19.41,2.93
2026-06-06T19:10:11,1,3.87,30550.00,18.95,14668.00,999.00,19.62,1308.60,19.41,2.93
2026-06-06T19:10:11,1,3.88,30550.00,18.95,14668.00,999.00,19.63,1310.10,19.41,2.94
2026-06-06T19:10:11,1,3.87,30550.00,18.95,14668.00,999.00,19.63,1310.00,19.41,2.94
2026-06-06T19:10:11,1,3.86,30550.00,18.95,14668.00,999.00,19.63,1310.80,19.41,2.95
2026-06-06T19:10:11,1,3.87,30670.00,19.03,14723.00,999.00,19.63,1311.70,19.41,2.96
2026-06-06T19:10:12,1,3.88,30670.00,19.03,14723.00,999.00,19.62,1312.30,19.41,2.97
2026-06-06T19:10:12,1,3.90,30670.00,19.03,14723.00,999.00,19.62,1313.50,19.41,2.98
2026-06-06T19:10:12,1,3.85,30670.00,19.03,14723.00,999.00,19.63,1314.10,19.40,2.98
2026-06-06T19:10:12,1,3.87,30690.00,19.04,14731.00,999.00,19.63,1314.50,19.41,2.99
2026-06-06T19:10:12,1,3.89,30690.00,19.04,14731.00,999.00,19.63,1315.10,19.41,2.99
2026-06-06T19:10:13,1,3.88,30690.00,19.04,14731.00,999.00,19.62,1315.70,19.41,3.00
2026-06-06T19:10:13,1,3.88,30690.00,19.04,14731.00,999.00,19.63,1316.10,19.41,3.00
2026-06-06T19:10:13,1,3.87,30690.00,19.04,14731.00,999.00,19.62,1316.60,19.41,3.01
2026-06-06T19:10:13,1,3.88,30700.00,19.05,14739.00,999.00,19.63,1317.80,19.41,3.02
2026-06-06T19:10:14,1,3.86,30700.00,19.05,14739.00,999.00,19.62,1318.30,19.41,3.03
2026-06-06T19:10:14,1,3.88,30700.00,19.05,14739.00,999.00,19.62,1319.80,19.41,3.04
2026-06-06T19:10:14,1,3.85,30700.00,19.05,14739.00,999.00,19.63,1320.50,19.41,3.05
2026-06-06T19:10:14,1,3.86,30700.00,19.05,14739.00,999.00,19.62,1320.80,19.41,3.05
2026-06-06T19:10:14,1,3.87,30740.00,19.08,14759.00,999.00,19.62,1321.40,19.41,3.06
2026-06-06T19:10:15,1,3.87,30740.00,19.08,14759.00,999.00,19.62,1322.90,19.40,3.07
2026-06-06T19:10:15,1,3.88,30740.00,19.08,14759.00,999.00,19.62,1323.60,19.41,3.08
2026-06-06T19:10:15,1,3.85,30740.00,19.08,14759.00,999.00,19.62,1324.80,19.41,3.09
2026-06-06T19:10:15,1,3.85,30740.00,19.08,14759.00,999.00,19.62,1325.90,19.40,3.10
2026-06-06T19:10:15,1,3.88,30830.00,19.14,14800.00,999.00,19.62,1327.00,19.40,3.11
2026-06-06T19:10:16,1,3.88,30830.00,19.14,14800.00,999.00,19.62,1327.50,19.40,3.12
2026-06-06T19:10:16,1,3.86,30830.00,19.14,14800.00,999.00,19.62,1329.80,19.39,3.14
2026-06-06T19:10:16,1,3.84,30830.00,19.14,14800.00,999.00,19.62,1330.60,19.40,3.15
2026-06-06T19:10:16,1,3.85,30860.00,19.16,14814.00,999.00,19.61,1331.70,19.40,3.16
2026-06-06T19:10:16,1,3.87,30860.00,19.16,14814.00,999.00,19.62,1332.80,19.40,3.17
2026-06-06T19:10:17,1,3.86,30860.00,19.16,14814.00,999.00,19.61,1333.20,19.40,3.17
2026-06-06T19:10:17,1,3.88,30860.00,19.16,14814.00,999.00,19.62,1333.20,19.40,3.17
2026-06-06T19:10:17,1,3.88,30860.00,19.16,14814.00,999.00,19.62,1333.00,19.40,3.17
2026-06-06T19:10:17,1,3.89,30900.00,19.19,14835.00,999.00,19.61,1333.50,19.40,3.18
2026-06-06T19:10:17,1,3.88,30900.00,19.19,14835.00,999.00,19.61,1334.00,19.40,3.18
2026-06-06T19:10:18,1,3.87,30900.00,19.19,14835.00,999.00,19.61,1334.30,19.40,3.18
2026-06-06T19:10:18,1,3.86,30900.00,19.19,14835.00,999.00,19.61,1335.20,19.40,3.19
2026-06-06T19:10:18,1,3.85,30900.00,19.19,14835.00,999.00,19.61,1336.00,19.40,3.20
2026-06-06T19:10:18,1,3.86,30930.00,19.21,14851.00,999.00,19.61,1336.60,19.40,3.21
2026-06-06T19:10:18,1,3.89,30930.00,19.21,14851.00,999.00,19.62,1336.70,19.40,3.21
2026-06-06T19:10:19,1,3.87,30930.00,19.21,14851.00,999.00,19.61,1338.00,19.40,3.22
2026-06-06T19:10:19,1,3.85,30930.00,19.21,14851.00,999.00,19.61,1338.40,19.40,3.22
2026-06-06T19:10:19,1,3.85,30930.00,19.21,14851.00,999.00,19.61,1339.70,19.40,3.24
2026-06-06T19:10:19,1,3.86,30940.00,19.22,14855.00,999.00,19.61,1339.80,19.40,3.24
2026-06-06T19:10:20,1,3.88,30940.00,19.22,14855.00,999.00,19.61,1341.40,19.40,3.25
2026-06-06T19:10:20,1,3.86,30940.00,19.22,14855.00,999.00,19.61,1342.60,19.40,3.27
2026-06-06T19:10:20,1,3.86,30940.00,19.22,14855.00,999.00,19.61,1343.50,19.40,3.28
2026-06-06T19:10:20,1,3.86,30940.00,19.22,14855.00,999.00,19.61,1344.60,19.40,3.29
2026-06-06T19:10:20,1,3.88,30960.00,19.23,14865.00,999.00,19.61,1345.20,19.40,3.29
2026-06-06T19:10:21,1,3.89,30960.00,19.23,14865.00,999.00,19.61,1345.40,19.40,3.29
2026-06-06T19:10:21,1,3.88,30960.00,19.23,14865.00,999.00,19.61,1345.10,19.40,3.29
2026-06-06T19:10:21,1,3.87,30960.00,19.23,14865.00,999.00,19.61,1346.10,19.40,3.30
2026-06-06T19:10:21,1,3.86,31000.00,19.26,14882.00,999.00,19.61,1347.40,19.40,3.31
2026-06-06T19:10:21,1,3.87,31000.00,19.26,14882.00,999.00,19.61,1348.10,19.40,3.32
2026-06-06T19:10:22,1,3.88,31000.00,19.26,14882.00,999.00,19.61,1349.10,19.39,3.33
2026-06-06T19:10:22,1,3.88,31000.00,19.26,14882.00,999.00,19.61,1350.10,19.39,3.34
2026-06-06T19:10:22,1,3.86,31000.00,19.26,14882.00,999.00,19.61,1351.40,19.40,3.35
2026-06-06T19:10:22,1,3.87,30980.00,19.24,14872.00,999.00,19.61,1352.50,19.40,3.36
2026-06-06T19:10:22,1,3.88,30980.00,19.24,14872.00,999.00,19.61,1353.80,19.39,3.38
2026-06-06T19:10:23,1,3.87,30980.00,19.24,14872.00,999.00,19.61,1354.60,19.40,3.39
2026-06-06T19:10:23,1,3.87,30980.00,19.24,14872.00,999.00,19.61,1355.90,19.40,3.40
2026-06-06T19:10:23,1,3.87,30980.00,19.24,14872.00,999.00,19.61,1358.20,19.40,3.42
2026-06-06T19:10:23,1,3.86,30970.00,19.24,14870.00,999.00,19.61,1358.20,19.39,3.42
2026-06-06T19:10:23,1,3.86,30970.00,19.24,14870.00,999.00,19.60,1359.60,19.40,3.43
2026-06-06T19:10:24,1,3.88,30970.00,19.24,14870.00,999.00,19.61,1360.50,19.39,3.44
2026-06-06T19:10:24,1,3.85,30970.00,19.24,14870.00,999.00,19.61,1361.30,19.39,3.45
2026-06-06T19:10:24,1,3.86,30970.00,19.24,14870.00,999.00,19.61,1362.60,19.39,3.46
2026-06-06T19:10:24,1,3.88,30970.00,19.23,14866.00,999.00,19.61,1363.60,19.40,3.47
2026-06-06T19:10:24,1,3.89,30970.00,19.23,14866.00,999.00,19.61,1364.40,19.39,3.48
2026-06-06T19:10:25,1,3.88,30970.00,19.23,14866.00,999.00,19.61,1365.40,19.40,3.49
2026-06-06T19:10:25,1,3.85,30970.00,19.23,14866.00,999.00,19.61,1366.10,19.39,3.50
2026-06-06T19:10:25,1,3.88,31000.00,19.26,14881.00,999.00,19.61,1367.20,19.39,3.51
2026-06-06T19:10:25,1,3.86,31000.00,19.26,14881.00,999.00,19.61,1369.00,19.40,3.53
2026-06-06T19:10:26,1,3.89,31000.00,19.26,14881.00,999.00,19.61,1369.50,19.39,3.53
2026-06-06T19:10:26,1,3.87,31000.00,19.26,14881.00,999.00,19.61,1370.60,19.39,3.54
2026-06-06T19:10:26,1,3.88,31000.00,19.26,14881.00,999.00,19.61,1371.30,19.39,3.55
2026-06-06T19:10:26,1,3.88,30980.00,19.24,14872.00,999.00,19.61,1372.50,19.39,3.56
2026-06-06T19:10:26,1,3.85,30980.00,19.24,14872.00,999.00,19.61,1374.00,19.39,3.58
2026-06-06T19:10:27,1,3.88,30980.00,19.24,14872.00,999.00,19.61,1374.00,19.40,3.58
2026-06-06T19:10:27,1,3.85,30980.00,19.24,14872.00,999.00,19.60,1374.60,19.39,3.58
2026-06-06T19:10:27,1,3.86,30980.00,19.24,14872.00,999.00,19.61,1375.70,19.40,3.59
2026-06-06T19:10:27,1,3.89,31000.00,19.26,14883.00,999.00,19.61,1376.50,19.40,3.60
2026-06-06T19:10:27,1,3.88,31000.00,19.26,14883.00,999.00,19.61,1376.70,19.39,3.60
2026-06-06T19:10:28,1,3.89,31000.00,19.26,14883.00,999.00,19.61,1377.70,19.40,3.61
2026-06-06T19:10:28,1,3.88,31000.00,19.26,14883.00,999.00,19.61,1377.50,19.40,3.61
2026-06-06T19:10:28,1,3.88,31000.00,19.26,14883.00,999.00,19.61,1378.80,19.39,3.62
2026-06-06T19:10:28,1,3.86,31040.00,19.29,14902.00,999.00,19.61,1378.90,19.39,3.63
2026-06-06T19:10:28,1,3.88,31040.00,19.29,14902.00,999.00,19.61,1379.90,19.38,3.64
2026-06-06T19:10:29,1,3.85,31040.00,19.29,14902.00,999.00,19.61,1380.70,19.39,3.64
2026-06-06T19:10:29,1,3.87,31040.00,19.29,14902.00,999.00,19.61,1381.60,19.39,3.65
2026-06-06T19:10:29,1,3.86,31010.00,19.27,14889.00,999.00,19.61,1382.70,19.39,3.66
2026-06-06T19:10:29,1,3.88,31010.00,19.27,14889.00,999.00,19.61,1383.80,19.39,3.67
2026-06-06T19:10:29,1,3.88,31010.00,19.27,14889.00,999.00,19.61,1384.30,19.39,3.68
2026-06-06T19:10:30,1,3.84,31010.00,19.27,14889.00,999.00,19.61,1383.80,19.39,3.67
2026-06-06T19:10:30,1,3.87,31010.00,19.27,14889.00,999.00,19.61,1384.20,19.39,3.68
2026-06-06T19:10:30,1,3.88,31020.00,19.27,14892.00,999.00,19.61,1384.30,19.39,3.68
2026-06-06T19:10:30,1,3.90,31020.00,19.27,14892.00,999.00,19.61,1385.00,19.39,3.69
2026-06-06T19:10:31,1,3.88,31020.00,19.27,14892.00,999.00,19.61,1385.60,19.39,3.69
2026-06-06T19:10:31,1,3.85,31020.00,19.27,14892.00,999.00,19.61,1386.70,19.39,3.70
2026-06-06T19:10:31,1,3.84,31020.00,19.27,14892.00,999.00,19.61,1387.20,19.39,3.71
2026-06-06T19:10:31,1,3.88,31000.00,19.26,14885.00,999.00,19.61,1387.70,19.39,3.71
2026-06-06T19:10:31,1,3.87,31000.00,19.26,14885.00,999.00,19.61,1389.10,19.39,3.73
2026-06-06T19:10:32,1,3.89,31000.00,19.26,14885.00,999.00,19.61,1390.70,19.39,3.74
2026-06-06T19:10:32,1,3.88,31000.00,19.26,14885.00,999.00,19.61,1390.80,19.39,3.74
2026-06-06T19:10:32,1,3.85,31000.00,19.26,14885.00,999.00,19.61,1391.40,19.39,3.75
2026-06-06T19:10:32,1,3.89,31010.00,19.26,14886.00,999.00,19.61,1392.40,19.39,3.76
2026-06-06T19:10:32,1,3.86,31010.00,19.26,14886.00,999.00,19.61,1393.40,19.39,3.77
2026-06-06T19:10:33,1,3.89,31010.00,19.26,14886.00,999.00,19.61,1394.80,19.39,3.78
2026-06-06T19:10:33,1,3.85,31010.00,19.26,14886.00,999.00,19.61,1395.80,19.39,3.79
2026-06-06T19:10:33,1,3.86,31010.00,19.26,14886.00,999.00,19.62,1397.10,19.39,3.81
2026-06-06T19:10:33,1,3.89,31020.00,19.27,14892.00,999.00,19.61,1397.80,19.39,3.81
2026-06-06T19:10:33,1,3.87,31020.00,19.27,14892.00,999.00,19.61,1398.40,19.39,3.82
2026-06-06T19:10:34,1,3.88,31020.00,19.27,14892.00,999.00,19.61,1399.20,19.39,3.83
2026-06-06T19:10:34,1,3.86,31020.00,19.27,14892.00,999.00,19.60,1400.00,19.39,3.84
2026-06-06T19:10:34,1,3.88,31010.00,19.27,14888.00,999.00,19.61,1400.30,19.39,3.84
2026-06-06T19:10:34,1,3.89,31010.00,19.27,14888.00,999.00,19.61,1401.90,19.39,3.85
2026-06-06T19:10:34,1,3.86,31010.00,19.27,14888.00,999.00,19.61,1403.70,19.38,3.87
2026-06-06T19:10:35,1,3.86,31010.00,19.27,14888.00,999.00,19.61,1405.70,19.39,3.89
2026-06-06T19:10:35,1,3.86,31010.00,19.27,14888.00,999.00,19.61,1407.00,19.39,3.90
2026-06-06T19:10:35,1,3.86,31010.00,19.27,14888.00,999.00,19.61,1408.80,19.39,3.92
2026-06-06T19:10:35,1,3.88,31010.00,19.27,14888.00,999.00,19.61,1409.90,19.39,3.93
2026-06-06T19:10:35,1,3.89,31010.00,19.27,14888.00,999.00,19.61,1411.60,19.39,3.95
2026-06-06T19:10:36,1,3.88,31010.00,19.27,14888.00,999.00,19.61,1413.00,19.39,3.96
2026-06-06T19:10:36,1,3.87,31010.00,19.27,14888.00,999.00,19.61,1414.10,19.39,3.97
2026-06-06T19:10:36,1,3.88,31010.00,19.27,14888.00,999.00,19.61,1415.80,19.39,3.99
2026-06-06T19:10:36,1,3.89,31010.00,19.27,14888.00,999.00,19.61,1416.20,19.39,4.00
2026-06-06T19:10:37,1,3.87,31010.00,19.27,14888.00,999.00,19.61,1417.10,19.39,4.00
2026-06-06T19:10:37,1,3.88,31010.00,19.27,14888.00,999.00,19.61,1418.80,19.39,4.02
2026-06-06T19:10:37,1,3.87,31010.00,19.27,14888.00,999.00,19.61,1419.20,19.39,4.03
2026-06-06T19:10:37,1,3.88,31030.00,19.28,14895.00,999.00,19.61,1420.90,19.39,4.04
2026-06-06T19:10:37,1,3.88,31030.00,19.28,14895.00,999.00,19.61,1421.70,19.39,4.05
2026-06-06T19:10:38,1,3.86,31030.00,19.28,14895.00,999.00,19.61,1422.60,19.39,4.06
2026-06-06T19:10:38,1,3.85,31030.00,19.28,14895.00,999.00,19.61,1423.40,19.39,4.07
2026-06-06T19:10:38,1,3.86,31030.00,19.28,14898.00,999.00,19.61,1424.50,19.39,4.08
2026-06-06T19:10:38,1,3.88,31030.00,19.28,14898.00,999.00,19.61,1425.90,19.39,4.09
2026-06-06T19:10:38,1,3.86,31030.00,19.28,14898.00,999.00,19.61,1426.50,19.39,4.10
2026-06-06T19:10:39,1,3.88,31030.00,19.28,14898.00,999.00,19.61,1427.40,19.39,4.11
2026-06-06T19:10:39,1,3.87,31030.00,19.28,14898.00,999.00,19.62,1428.50,19.40,4.12
2026-06-06T19:10:39,1,3.89,31040.00,19.28,14901.00,999.00,19.61,1429.30,19.39,4.13
2026-06-06T19:10:39,1,3.90,31040.00,19.28,14901.00,999.00,19.61,1430.40,19.39,4.14
2026-06-06T19:10:39,1,3.89,31040.00,19.28,14901.00,999.00,19.61,1431.00,19.39,4.14
2026-06-06T19:10:40,1,3.86,31040.00,19.28,14901.00,999.00,19.61,1431.50,19.39,4.15
2026-06-06T19:10:40,1,3.87,31040.00,19.28,14901.00,999.00,19.61,1432.40,19.40,4.16
2026-06-06T19:10:40,1,3.88,31030.00,19.28,14898.00,999.00,19.61,1433.20,19.39,4.16
2026-06-06T19:10:40,1,3.88,31030.00,19.28,14898.00,999.00,19.61,1433.90,19.39,4.17
2026-06-06T19:10:40,1,3.87,31030.00,19.28,14898.00,999.00,19.61,1434.30,19.39,4.17
2026-06-06T19:10:41,1,3.86,31030.00,19.28,14898.00,999.00,19.61,1435.00,19.39,4.18
2026-06-06T19:10:41,1,3.88,31030.00,19.28,14898.00,999.00,19.61,1436.60,19.38,4.20
2026-06-06T19:10:41,1,3.89,31050.00,19.30,14908.00,999.00,19.61,1436.90,19.39,4.20
2026-06-06T19:10:41,1,3.86,31050.00,19.30,14908.00,999.00,19.61,1437.50,19.39,4.21
2026-06-06T19:10:41,1,3.85,31050.00,19.30,14908.00,999.00,19.61,1437.70,19.39,4.21
2026-06-06T19:10:42,1,3.86,31050.00,19.30,14908.00,999.00,19.61,1438.70,19.39,4.22
2026-06-06T19:10:42,1,3.87,31030.00,19.28,14895.00,999.00,19.61,1439.70,19.39,4.23
2026-06-06T19:10:42,1,3.89,31030.00,19.28,14895.00,999.00,19.61,1440.30,19.39,4.23
2026-06-06T19:10:42,1,3.88,31030.00,19.28,14895.00,999.00,19.61,1441.50,19.39,4.25
2026-06-06T19:10:43,1,3.86,31030.00,19.28,14895.00,999.00,19.61,1442.20,19.39,4.25
2026-06-06T19:10:43,1,3.88,31030.00,19.28,14895.00,999.00,19.62,1443.00,19.39,4.26
2026-06-06T19:10:43,1,3.89,31040.00,19.29,14904.00,999.00,19.61,1444.20,19.39,4.27
2026-06-06T19:10:43,1,3.89,31040.00,19.29,14904.00,999.00,19.59,1445.50,19.39,4.29
2026-06-06T19:10:43,1,3.86,31040.00,19.29,14904.00,999.00,19.61,1446.60,19.39,4.30
2026-06-06T19:10:44,1,3.88,31040.00,19.29,14904.00,999.00,19.61,1448.30,19.39,4.31
2026-06-06T19:10:44,1,3.85,31040.00,19.29,14904.00,999.00,19.61,1449.20,19.39,4.32
2026-06-06T19:10:44,1,3.86,31050.00,19.29,14904.00,999.00,19.61,1450.30,19.39,4.33
2026-06-06T19:10:44,1,3.88,31050.00,19.29,14904.00,999.00,19.61,1452.00,19.39,4.35
2026-06-06T19:10:44,1,3.90,31050.00,19.29,14904.00,999.00,19.61,1453.00,19.40,4.36
2026-06-06T19:10:45,1,3.88,31050.00,19.29,14904.00,999.00,19.61,1454.00,19.39,4.37
2026-06-06T19:10:45,1,3.87,31050.00,19.29,14904.00,999.00,19.61,1455.30,19.40,4.38
2026-06-06T19:10:45,1,3.89,31050.00,19.29,14906.00,999.00,19.61,1456.30,19.39,4.39
2026-06-06T19:10:45,1,3.88,31050.00,19.29,14906.00,999.00,19.61,1457.70,19.40,4.41
2026-06-06T19:10:45,1,3.87,31050.00,19.29,14906.00,999.00,19.61,1458.10,19.40,4.41
2026-06-06T19:10:46,1,3.83,31050.00,19.29,14906.00,999.00,19.61,1459.00,19.39,4.42
2026-06-06T19:10:46,1,3.86,31050.00,19.29,14906.00,999.00,19.61,1460.00,19.39,4.43
2026-06-06T19:10:46,1,3.90,31040.00,19.28,14900.00,999.00,19.61,1461.30,19.40,4.44
2026-06-06T19:10:46,1,3.89,31040.00,19.28,14900.00,999.00,19.61,1462.40,19.39,4.45
2026-06-06T19:10:46,1,3.88,31040.00,19.28,14900.00,999.00,19.60,1463.10,19.40,4.46
2026-06-06T19:10:47,1,3.88,31040.00,19.28,14900.00,999.00,19.61,1464.00,19.39,4.47
2026-06-06T19:10:47,1,3.86,31030.00,19.28,14897.00,999.00,19.61,1464.90,19.40,4.48
2026-06-06T19:10:47,1,3.89,31030.00,19.28,14897.00,999.00,19.61,1466.10,19.39,4.49
2026-06-06T19:10:47,1,3.86,31030.00,19.28,14897.00,999.00,19.61,1466.50,19.40,4.49
2026-06-06T19:10:47,1,3.86,31030.00,19.28,14897.00,999.00,19.61,1467.70,19.38,4.51
2026-06-06T19:10:48,1,3.85,31030.00,19.28,14897.00,999.00,19.61,1469.00,19.39,4.52
2026-06-06T19:10:48,1,3.86,31030.00,19.28,14898.00,999.00,19.61,1469.70,19.39,4.53
2026-06-06T19:10:48,1,3.88,31030.00,19.28,14898.00,999.00,19.61,1471.00,19.40,4.54
2026-06-06T19:10:48,1,3.89,31030.00,19.28,14898.00,999.00,19.61,1472.40,19.39,4.55
2026-06-06T19:10:49,1,3.86,31030.00,19.28,14898.00,999.00,19.61,1473.30,19.40,4.56
2026-06-06T19:10:49,1,3.86,31030.00,19.28,14898.00,999.00,19.61,1474.30,19.40,4.57
2026-06-06T19:10:49,1,3.89,31060.00,19.30,14912.00,999.00,19.61,1477.40,19.40,4.60
2026-06-06T19:10:49,1,3.89,31060.00,19.30,14912.00,999.00,19.61,1479.00,19.40,4.62
2026-06-06T19:10:49,1,3.88,31060.00,19.30,14912.00,999.00,19.61,1480.30,19.39,4.63
2026-06-06T19:10:50,1,3.84,31060.00,19.30,14912.00,999.00,19.61,1481.30,19.40,4.64
2026-06-06T19:10:50,1,3.87,31060.00,19.30,14912.00,999.00,19.61,1481.70,19.39,4.64
2026-06-06T19:10:50,1,3.88,31070.00,19.31,14918.00,999.00,19.61,1482.80,19.40,4.66
2026-06-06T19:10:50,1,3.87,31070.00,19.31,14918.00,999.00,19.61,1484.50,19.40,4.67
2026-06-06T19:10:50,1,3.87,31070.00,19.31,14918.00,999.00,19.60,1486.10,19.39,4.69
2026-06-06T19:10:51,1,3.86,31070.00,19.31,14918.00,999.00,19.60,1486.90,19.40,4.70
2026-06-06T19:10:51,1,3.87,31070.00,19.30,14915.00,999.00,19.61,1489.00,19.40,4.72
2026-06-06T19:10:51,1,3.86,31070.00,19.30,14915.00,999.00,19.61,1490.40,19.39,4.73
2026-06-06T19:10:51,1,3.87,31070.00,19.30,14915.00,999.00,19.61,1492.10,19.40,4.75
2026-06-06T19:10:51,1,3.88,31070.00,19.30,14915.00,999.00,19.61,1494.40,19.40,4.77
2026-06-06T19:10:52,1,3.85,31070.00,19.30,14915.00,999.00,19.61,1495.60,19.40,4.78
2026-06-06T19:10:52,1,3.88,31080.00,19.31,14920.00,999.00,19.61,1497.00,19.40,4.80
2026-06-06T19:10:52,1,3.87,31080.00,19.31,14920.00,999.00,19.61,1498.40,19.40,4.81
2026-06-06T19:10:52,1,3.87,31080.00,19.31,14920.00,999.00,19.61,1499.50,19.40,4.82
2026-06-06T19:10:52,1,3.87,31080.00,19.31,14920.00,999.00,19.60,1501.40,19.40,4.84
2026-06-06T19:10:53,1,3.86,31080.00,19.31,14920.00,999.00,19.60,1502.30,19.39,4.85
2026-06-06T19:10:53,1,3.89,31110.00,19.33,14933.00,999.00,19.60,1503.20,19.40,4.86
2026-06-06T19:10:53,1,3.89,31110.00,19.33,14933.00,999.00,19.61,1503.90,19.40,4.86
2026-06-06T19:10:53,1,3.88,31110.00,19.33,14933.00,999.00,19.61,1504.40,19.40,4.87
2026-06-06T19:10:53,1,3.85,31110.00,19.33,14933.00,999.00,19.61,1504.40,19.40,4.87
2026-06-06T19:10:54,1,3.88,31110.00,19.33,14934.00,999.00,19.61,1506.10,19.39,4.89
2026-06-06T19:10:54,1,3.89,31110.00,19.33,14934.00,999.00,19.61,1507.50,19.40,4.90
2026-06-06T19:10:54,1,3.87,31110.00,19.33,14934.00,999.00,19.61,1509.00,19.40,4.92
2026-06-06T19:10:54,1,3.88,31110.00,19.33,14934.00,999.00,19.60,1509.40,19.40,4.92
2026-06-06T19:10:55,1,3.87,31110.00,19.33,14934.00,999.00,19.61,1510.50,19.40,4.93
2026-06-06T19:10:55,1,3.88,31140.00,19.35,14950.00,999.00,19.60,1512.00,19.40,4.94
2026-06-06T19:10:55,1,3.86,31140.00,19.35,14950.00,999.00,19.61,1513.00,19.40,4.95
2026-06-06T19:10:55,1,3.86,31140.00,19.35,14950.00,999.00,19.60,1515.10,19.40,4.98
2026-06-06T19:10:55,1,3.86,31140.00,19.35,14950.00,999.00,19.61,1516.70,19.40,4.99
2026-06-06T19:10:56,1,3.86,31140.00,19.35,14950.00,999.00,19.61,1518.70,19.40,5.01
2026-06-06T19:10:56,1,3.90,31170.00,19.37,14963.00,999.00,19.60,1521.70,19.40,5.04
2026-06-06T19:10:56,1,3.88,31170.00,19.37,14963.00,999.00,19.60,1523.90,19.40,5.06
2026-06-06T19:10:56,1,3.87,31170.00,19.37,14963.00,999.00,19.60,1525.20,19.40,5.08
2026-06-06T19:10:56,1,3.88,31170.00,19.37,14963.00,999.00,19.59,1526.20,19.40,5.09
2026-06-06T19:10:57,1,3.88,31170.00,19.37,14963.00,999.00,19.60,1528.40,19.40,5.11
2026-06-06T19:10:57,1,3.89,31180.00,19.38,14969.00,999.00,19.60,1529.80,19.40,5.12
2026-06-06T19:10:57,1,3.85,31180.00,19.38,14969.00,999.00,19.60,1530.30,19.40,5.13
2026-06-06T19:10:57,1,3.89,31180.00,19.38,14969.00,999.00,19.60,1530.90,19.40,5.13
2026-06-06T19:10:57,1,3.88,31180.00,19.38,14969.00,999.00,19.60,1531.40,19.40,5.14
2026-06-06T19:10:58,1,3.86,31180.00,19.38,14969.00,999.00,19.60,1531.70,19.40,5.14
2026-06-06T19:10:58,1,3.89,31200.00,19.40,14980.00,999.00,19.60,1532.60,19.40,5.15
2026-06-06T19:10:58,1,3.89,31200.00,19.40,14980.00,999.00,19.59,1533.30,19.40,5.16
2026-06-06T19:10:58,1,3.88,31200.00,19.40,14980.00,999.00,19.59,1533.90,19.40,5.16
2026-06-06T19:10:58,1,3.88,31200.00,19.40,14980.00,999.00,19.59,1535.00,19.40,5.17
2026-06-06T19:10:59,1,3.86,31210.00,19.40,14982.00,999.00,19.59,1535.60,19.40,5.18
2026-06-06T19:10:59,1,3.88,31210.00,19.40,14982.00,999.00,19.58,1536.10,19.40,5.18
2026-06-06T19:10:59,1,3.88,31210.00,19.40,14982.00,999.00,19.59,1536.30,19.40,5.19
2026-06-06T19:10:59,1,3.86,31210.00,19.40,14982.00,999.00,19.59,1537.10,19.40,5.19
2026-06-06T19:10:59,1,3.88,31210.00,19.40,14982.00,999.00,19.59,1538.60,19.40,5.21
2026-06-06T19:11:00,1,3.87,31190.00,19.39,14972.00,999.00,19.58,1539.40,19.40,5.22
2026-06-06T19:11:00,1,3.88,31190.00,19.39,14972.00,999.00,19.58,1540.90,19.40,5.23
2026-06-06T19:11:00,1,3.88,31190.00,19.39,14972.00,999.00,19.58,1541.80,19.40,5.24
2026-06-06T19:11:00,1,3.88,31190.00,19.39,14972.00,999.00,19.60,1541.70,19.40,5.24
2026-06-06T19:11:01,1,3.86,31190.00,19.39,14972.00,999.00,19.58,1542.70,19.39,5.25
2026-06-06T19:11:01,1,3.86,31250.00,19.43,15002.00,999.00,19.59,1544.70,19.39,5.27
2026-06-06T19:11:01,1,3.89,31250.00,19.43,15002.00,999.00,19.59,1545.40,19.40,5.28
2026-06-06T19:11:01,1,3.87,31250.00,19.43,15002.00,999.00,19.59,1545.00,19.40,5.27
2026-06-06T19:11:01,1,3.87,31250.00,19.43,15002.00,999.00,19.59,1546.70,19.40,5.29
2026-06-06T19:11:02,1,3.86,31250.00,19.43,15002.00,999.00,19.58,1546.60,19.40,5.29
2026-06-06T19:11:02,1,3.88,31290.00,19.45,15019.00,999.00,19.58,1547.80,19.40,5.30
2026-06-06T19:11:02,1,3.86,31290.00,19.45,15019.00,999.00,19.58,1548.50,19.40,5.31
2026-06-06T19:11:02,1,3.89,31290.00,19.45,15019.00,999.00,19.58,1550.00,19.40,5.32
2026-06-06T19:11:02,1,3.85,31290.00,19.45,15019.00,999.00,19.58,1551.30,19.40,5.33
2026-06-06T19:11:03,1,3.88,31350.00,19.49,15048.00,999.00,19.58,1552.70,19.40,5.35
2026-06-06T19:11:03,1,3.86,31350.00,19.49,15048.00,999.00,19.58,1553.60,19.40,5.36
2026-06-06T19:11:03,1,3.87,31350.00,19.49,15048.00,999.00,19.58,1554.50,19.40,5.37
2026-06-06T19:11:03,1,3.86,31350.00,19.49,15048.00,999.00,19.58,1555.90,19.40,5.38
2026-06-06T19:11:03,1,3.86,31350.00,19.49,15048.00,999.00,19.58,1556.50,19.40,5.39
2026-06-06T19:11:04,1,3.88,31380.00,19.52,15066.00,999.00,19.57,1556.90,19.40,5.39
2026-06-06T19:11:04,1,3.88,31380.00,19.52,15066.00,999.00,19.58,1557.50,19.40,5.40
2026-06-06T19:11:04,1,3.89,31380.00,19.52,15066.00,999.00,19.58,1558.50,19.39,5.41
2026-06-06T19:11:04,1,3.88,31380.00,19.52,15066.00,999.00,19.57,1559.70,19.40,5.42
2026-06-06T19:11:04,1,3.88,31380.00,19.52,15066.00,999.00,19.57,1560.70,19.40,5.43
2026-06-06T19:11:05,1,3.89,31410.00,19.54,15079.00,999.00,19.56,1561.60,19.40,5.44
2026-06-06T19:11:05,1,3.86,31410.00,19.54,15079.00,999.00,19.57,1562.90,19.40,5.45
2026-06-06T19:11:05,1,3.86,31410.00,19.54,15079.00,999.00,19.57,1563.30,19.40,5.45
2026-06-06T19:11:05,1,3.87,31410.00,19.54,15079.00,999.00,19.56,1564.00,19.39,5.46
2026-06-06T19:11:06,1,3.86,31410.00,19.54,15079.00,999.00,19.56,1564.80,19.39,5.47
2026-06-06T19:11:06,1,3.87,31400.00,19.53,15076.00,999.00,19.56,1565.70,19.40,5.48
2026-06-06T19:11:06,1,3.88,31400.00,19.53,15076.00,999.00,19.57,1566.50,19.40,5.49
2026-06-06T19:11:06,1,3.88,31400.00,19.53,15076.00,999.00,19.56,1567.80,19.39,5.50
2026-06-06T19:11:06,1,3.88,31400.00,19.53,15076.00,999.00,19.57,1569.60,19.40,5.52
2026-06-06T19:11:07,1,3.88,31410.00,19.54,15077.00,999.00,19.55,1569.80,19.39,5.52
2026-06-06T19:11:07,1,3.87,31410.00,19.54,15077.00,999.00,19.57,1569.00,19.39,5.51
2026-06-06T19:11:07,1,3.87,31410.00,19.54,15077.00,999.00,19.57,1570.10,19.40,5.52
2026-06-06T19:11:07,1,3.87,31410.00,19.54,15077.00,999.00,19.56,1571.50,19.39,5.53
2026-06-06T19:11:07,1,3.88,31410.00,19.54,15077.00,999.00,19.57,1574.00,19.39,5.56
2026-06-06T19:11:08,1,3.89,31460.00,19.57,15103.00,999.00,19.57,1574.80,19.39,5.57
2026-06-06T19:11:08,1,3.87,31460.00,19.57,15103.00,999.00,19.55,1575.90,19.39,5.58
2026-06-06T19:11:08,1,3.87,31460.00,19.57,15103.00,999.00,19.56,1578.00,19.39,5.60
2026-06-06T19:11:08,1,3.86,31460.00,19.57,15103.00,999.00,19.55,1578.90,19.40,5.61
2026-06-06T19:11:08,1,3.86,31460.00,19.57,15103.00,999.00,19.56,1580.30,19.39,5.62
2026-06-06T19:11:09,1,3.85,31560.00,19.64,15153.00,999.00,19.56,1581.40,19.39,5.63
2026-06-06T19:11:09,1,3.88,31560.00,19.64,15153.00,999.00,19.57,1581.80,19.39,5.64
2026-06-06T19:11:09,1,3.86,31560.00,19.64,15153.00,999.00,19.57,1583.80,19.39,5.66
2026-06-06T19:11:09,1,3.84,31560.00,19.64,15153.00,999.00,19.57,1585.10,19.39,5.67
2026-06-06T19:11:09,1,3.85,31560.00,19.64,15153.00,999.00,19.57,1584.90,19.40,5.67
2026-06-06T19:11:10,1,3.89,31550.00,19.63,15146.00,999.00,19.57,1586.10,19.39,5.68
2026-06-06T19:11:10,1,3.86,31550.00,19.63,15146.00,999.00,19.57,1587.50,19.39,5.69
2026-06-06T19:11:10,1,3.87,31550.00,19.63,15146.00,999.00,19.57,1588.40,19.39,5.70
2026-06-06T19:11:10,1,3.86,31550.00,19.63,15146.00,999.00,19.57,1588.50,19.39,5.70
2026-06-06T19:11:10,1,3.88,31550.00,19.63,15146.00,999.00,19.57,1589.80,19.39,5.72
2026-06-06T19:11:11,1,3.88,31560.00,19.64,15150.00,999.00,19.57,1590.10,19.39,5.72
2026-06-06T19:11:11,1,3.89,31560.00,19.64,15150.00,999.00,19.56,1590.90,19.39,5.73
2026-06-06T19:11:11,1,3.89,31560.00,19.64,15150.00,999.00,19.58,1590.60,19.40,5.72
2026-06-06T19:11:11,1,3.88,31560.00,19.64,15150.00,999.00,19.58,1591.80,19.39,5.74
2026-06-06T19:11:11,1,3.85,31600.00,19.67,15169.00,999.00,19.57,1591.80,19.39,5.74
2026-06-06T19:11:12,1,3.88,31600.00,19.67,15169.00,999.00,19.57,1592.50,19.39,5.74
2026-06-06T19:11:12,1,3.86,31600.00,19.67,15169.00,999.00,19.57,1593.40,19.39,5.75
2026-06-06T19:11:12,1,3.87,31600.00,19.67,15169.00,999.00,19.57,1595.30,19.39,5.77
2026-06-06T19:11:12,1,3.88,31600.00,19.67,15169.00,999.00,19.57,1596.50,19.39,5.78
2026-06-06T19:11:12,1,3.88,31620.00,19.68,15180.00,999.00,19.57,1596.30,19.39,5.78
2026-06-06T19:11:13,1,3.86,31620.00,19.68,15180.00,999.00,19.58,1597.90,19.39,5.80
2026-06-06T19:11:13,1,3.89,31620.00,19.68,15180.00,999.00,19.58,1598.90,19.39,5.81
2026-06-06T19:11:13,1,3.86,31620.00,19.68,15180.00,999.00,19.57,1600.20,19.39,5.82
2026-06-06T19:11:13,1,3.88,31620.00,19.68,15180.00,999.00,19.58,1601.80,19.38,5.83
2026-06-06T19:11:14,1,3.90,31660.00,19.71,15200.00,999.00,19.58,1603.40,19.39,5.85
2026-06-06T19:11:14,1,3.84,31660.00,19.71,15200.00,999.00,19.57,1604.40,19.39,5.86
2026-06-06T19:11:14,1,3.87,31660.00,19.71,15200.00,999.00,19.58,1605.80,19.39,5.87
2026-06-06T19:11:14,1,3.86,31660.00,19.71,15200.00,999.00,19.58,1606.50,19.39,5.88
2026-06-06T19:11:14,1,3.86,31660.00,19.71,15200.00,999.00,19.58,1607.70,19.39,5.89
2026-06-06T19:11:15,1,3.90,31670.00,19.72,15206.00,999.00,19.58,1608.70,19.39,5.90
2026-06-06T19:11:15,1,3.89,31670.00,19.72,15206.00,999.00,19.57,1609.90,19.39,5.92
2026-06-06T19:11:15,1,3.88,31670.00,19.72,15206.00,999.00,19.58,1611.50,19.39,5.93
2026-06-06T19:11:15,1,3.85,31670.00,19.72,15206.00,999.00,19.58,1613.40,19.39,5.95
2026-06-06T19:11:15,1,3.87,31630.00,19.69,15187.00,999.00,19.57,1615.00,19.39,5.97
2026-06-06T19:11:16,1,3.88,31630.00,19.69,15187.00,999.00,19.59,1616.70,19.39,5.98
2026-06-06T19:11:16,1,3.89,31630.00,19.69,15187.00,999.00,19.58,1618.50,19.39,6.00
2026-06-06T19:11:16,1,3.87,31630.00,19.69,15187.00,999.00,19.58,1619.30,19.39,6.01
2026-06-06T19:11:16,1,3.86,31630.00,19.69,15187.00,999.00,19.57,1620.50,19.39,6.02
2026-06-06T19:11:16,1,3.90,31650.00,19.70,15193.00,999.00,19.58,1621.70,19.39,6.03
2026-06-06T19:11:17,1,3.89,31650.00,19.70,15193.00,999.00,19.58,1622.60,19.39,6.04
2026-06-06T19:11:17,1,3.88,31650.00,19.70,15193.00,999.00,19.59,1623.90,19.39,6.05
2026-06-06T19:11:17,1,3.87,31650.00,19.70,15193.00,999.00,19.59,1625.60,19.40,6.07
2026-06-06T19:11:17,1,3.87,31650.00,19.70,15193.00,999.00,19.59,1626.90,19.40,6.08
2026-06-06T19:11:17,1,3.86,31740.00,19.77,15239.00,999.00,19.58,1627.90,19.39,6.09
2026-06-06T19:11:18,1,3.87,31740.00,19.77,15239.00,999.00,19.59,1628.50,19.39,6.10
2026-06-06T19:11:18,1,3.90,31740.00,19.77,15239.00,999.00,19.57,1629.50,19.38,6.11
2026-06-06T19:11:18,1,3.87,31740.00,19.77,15239.00,999.00,19.59,1630.50,19.39,6.12
2026-06-06T19:11:18,1,3.86,31740.00,19.77,15239.00,999.00,19.59,1630.90,19.39,6.12
2026-06-06T19:11:19,1,3.89,31730.00,19.76,15234.00,999.00,19.58,1632.40,19.40,6.14
2026-06-06T19:11:19,1,3.89,31730.00,19.76,15234.00,999.00,19.59,1633.60,19.40,6.15
2026-06-06T19:11:19,1,3.89,31730.00,19.76,15234.00,999.00,19.58,1635.50,19.39,6.17
2026-06-06T19:11:19,1,3.88,31730.00,19.76,15234.00,999.00,19.59,1637.30,19.40,6.19
2026-06-06T19:11:19,1,3.88,31700.00,19.74,15220.00,999.00,19.58,1639.10,19.39,6.20
2026-06-06T19:11:20,1,3.89,31700.00,19.74,15220.00,999.00,19.59,1639.60,19.40,6.21
2026-06-06T19:11:20,1,3.89,31700.00,19.74,15220.00,999.00,19.59,1641.80,19.40,6.23
2026-06-06T19:11:20,1,3.86,31700.00,19.74,15220.00,999.00,19.59,1642.90,19.40,6.24
2026-06-06T19:11:20,1,3.87,31700.00,19.74,15220.00,999.00,19.59,1644.30,19.40,6.26
2026-06-06T19:11:20,1,3.87,31700.00,19.74,15217.00,999.00,19.58,1646.40,19.39,6.28
2026-06-06T19:11:21,1,3.88,31700.00,19.74,15217.00,999.00,19.59,1647.80,19.40,6.29
2026-06-06T19:11:21,1,3.88,31700.00,19.74,15217.00,999.00,19.59,1648.20,19.40,6.29
2026-06-06T19:11:21,1,3.88,31700.00,19.74,15217.00,999.00,19.60,1648.30,19.40,6.30
2026-06-06T19:11:21,1,3.86,31700.00,19.74,15217.00,999.00,19.58,1648.10,19.40,6.29
2026-06-06T19:11:21,1,3.87,31680.00,19.72,15209.00,999.00,19.58,1649.20,19.40,6.30
2026-06-06T19:11:22,1,3.88,31680.00,19.72,15209.00,999.00,19.60,1650.50,19.40,6.32
2026-06-06T19:11:22,1,3.88,31680.00,19.72,15209.00,999.00,19.59,1651.30,19.40,6.33
2026-06-06T19:11:22,1,3.86,31680.00,19.72,15209.00,999.00,19.58,1652.70,19.40,6.34
2026-06-06T19:11:22,1,3.86,31680.00,19.72,15209.00,999.00,19.59,1654.10,19.40,6.35
2026-06-06T19:11:22,1,3.88,31710.00,19.74,15222.00,999.00,19.60,1655.30,19.40,6.37
2026-06-06T19:11:23,1,3.89,31710.00,19.74,15222.00,999.00,19.59,1656.50,19.40,6.38
2026-06-06T19:11:23,1,3.89,31710.00,19.74,15222.00,999.00,19.60,1658.00,19.40,6.39
2026-06-06T19:11:23,1,3.87,31710.00,19.74,15222.00,999.00,19.59,1659.80,19.40,6.41
2026-06-06T19:11:23,1,3.86,31710.00,19.74,15222.00,999.00,19.60,1660.50,19.40,6.42
2026-06-06T19:11:23,1,3.89,31730.00,19.76,15232.00,999.00,19.59,1661.20,19.40,6.42
2026-06-06T19:11:24,1,3.86,31730.00,19.76,15232.00,999.00,19.59,1661.60,19.40,6.43
2026-06-06T19:11:24,1,3.86,31730.00,19.76,15232.00,999.00,19.59,1661.90,19.40,6.43
2026-06-06T19:11:24,1,3.86,31730.00,19.76,15232.00,999.00,19.59,1663.30,19.40,6.44
2026-06-06T19:11:24,1,3.87,31710.00,19.74,15222.00,999.00,19.59,1664.40,19.40,6.46
2026-06-06T19:11:24,1,3.86,31710.00,19.74,15222.00,999.00,19.59,1665.40,19.40,6.47
2026-06-06T19:11:25,1,3.86,31710.00,19.74,15222.00,999.00,19.59,1666.00,19.40,6.47
2026-06-06T19:11:25,1,3.86,31710.00,19.74,15222.00,999.00,19.59,1666.90,19.40,6.48
2026-06-06T19:11:25,1,3.86,31710.00,19.74,15222.00,999.00,19.59,1667.40,19.40,6.48
2026-06-06T19:11:25,1,3.85,31740.00,19.76,15237.00,999.00,19.59,1668.80,19.40,6.50
2026-06-06T19:11:26,1,3.88,31740.00,19.76,15237.00,999.00,19.58,1670.00,19.40,6.51
2026-06-06T19:11:26,1,3.89,31740.00,19.76,15237.00,999.00,19.59,1671.90,19.40,6.53
2026-06-06T19:11:26,1,3.86,31740.00,19.76,15237.00,999.00,19.59,1673.20,19.40,6.54
2026-06-06T19:11:26,1,3.88,31740.00,19.76,15237.00,999.00,19.59,1674.80,19.40,6.56
2026-06-06T19:11:26,1,3.90,31770.00,19.79,15253.00,999.00,19.59,1676.30,19.39,6.57
2026-06-06T19:11:27,1,3.89,31770.00,19.79,15253.00,999.00,19.60,1677.80,19.40,6.59
2026-06-06T19:11:27,1,3.89,31770.00,19.79,15253.00,999.00,19.58,1679.40,19.40,6.60
2026-06-06T19:11:27,1,3.86,31770.00,19.79,15253.00,999.00,19.59,1680.90,19.41,6.62
2026-06-06T19:11:27,1,3.85,31770.00,19.79,15253.00,999.00,19.59,1681.90,19.40,6.63
2026-06-06T19:11:27,1,3.86,31780.00,19.79,15257.00,999.00,19.59,1684.10,19.40,6.65
2026-06-06T19:11:28,1,3.87,31780.00,19.79,15257.00,999.00,19.59,1685.20,19.40,6.66
2026-06-06T19:11:28,1,3.88,31780.00,19.79,15257.00,999.00,19.59,1686.50,19.41,6.67
2026-06-06T19:11:28,1,3.86,31780.00,19.79,15257.00,999.00,19.60,1688.10,19.40,6.69
2026-06-06T19:11:28,1,3.85,31790.00,19.80,15260.00,999.00,19.59,1690.20,19.40,6.71
2026-06-06T19:11:28,1,3.88,31790.00,19.80,15260.00,999.00,19.59,1692.50,19.40,6.73
2026-06-06T19:11:29,1,3.90,31790.00,19.80,15260.00,999.00,19.60,1693.30,19.40,6.74
2026-06-06T19:11:29,1,3.86,31790.00,19.80,15260.00,999.00,19.59,1694.20,19.41,6.75
2026-06-06T19:11:29,1,3.86,31790.00,19.80,15260.00,999.00,19.60,1696.60,19.41,6.77
2026-06-06T19:11:29,1,3.87,31770.00,19.79,15252.00,999.00,19.60,1698.50,19.41,6.79
2026-06-06T19:11:29,1,3.89,31770.00,19.79,15252.00,999.00,19.59,1700.10,19.40,6.81
2026-06-06T19:11:30,1,3.89,31770.00,19.79,15252.00,999.00,19.60,1701.50,19.41,6.82
2026-06-06T19:11:30,1,3.85,31770.00,19.79,15252.00,999.00,19.60,1702.90,19.40,6.84
2026-06-06T19:11:30,1,3.88,31770.00,19.79,15252.00,999.00,19.59,1703.70,19.41,6.84
2026-06-06T19:11:30,1,3.90,31830.00,19.83,15283.00,999.00,19.60,1705.00,19.41,6.86
2026-06-06T19:11:31,1,3.89,31830.00,19.83,15283.00,999.00,19.59,1706.10,19.40,6.87
2026-06-06T19:11:31,1,3.86,31830.00,19.83,15283.00,999.00,19.60,1707.70,19.41,6.88
2026-06-06T19:11:31,1,3.85,31830.00,19.83,15283.00,999.00,19.59,1708.40,19.41,6.89
2026-06-06T19:11:31,1,3.85,31830.00,19.83,15283.00,999.00,19.60,1710.00,19.41,6.91
2026-06-06T19:11:31,1,3.87,31840.00,19.84,15287.00,999.00,19.59,1711.40,19.41,6.92
2026-06-06T19:11:32,1,3.88,31840.00,19.84,15287.00,999.00,19.60,1712.50,19.41,6.93
2026-06-06T19:11:32,1,3.86,31840.00,19.84,15287.00,999.00,19.61,1714.60,19.41,6.95
2026-06-06T19:11:32,1,3.88,31840.00,19.84,15287.00,999.00,19.60,1715.80,19.41,6.96
2026-06-06T19:11:32,1,3.87,31840.00,19.84,15287.00,999.00,19.59,1717.60,19.41,6.98
2026-06-06T19:11:32,1,3.87,31840.00,19.84,15287.00,999.00,19.60,1719.20,19.41,7.00
2026-06-06T19:11:33,1,3.88,31840.00,19.84,15287.00,999.00,19.60,1720.80,19.41,7.01
2026-06-06T19:11:33,1,3.86,31840.00,19.84,15287.00,999.00,19.61,1722.30,19.41,7.03
2026-06-06T19:11:33,1,3.85,31840.00,19.84,15287.00,999.00,19.60,1723.20,19.41,7.04
2026-06-06T19:11:33,1,3.87,31830.00,19.83,15283.00,999.00,19.60,1724.30,19.41,7.05
2026-06-06T19:11:33,1,3.89,31830.00,19.83,15283.00,999.00,19.59,1726.40,19.41,7.07
2026-06-06T19:11:34,1,3.89,31830.00,19.83,15283.00,999.00,19.60,1726.90,19.41,7.07
2026-06-06T19:11:34,1,3.88,31830.00,19.83,15283.00,999.00,19.60,1727.40,19.41,7.08
2026-06-06T19:11:34,1,3.86,31830.00,19.83,15283.00,999.00,19.60,1727.80,19.41,7.08
2026-06-06T19:11:34,1,3.87,31810.00,19.82,15273.00,999.00,19.59,1729.60,19.41,7.10
2026-06-06T19:11:34,1,3.88,31810.00,19.82,15273.00,999.00,19.61,1731.80,19.41,7.12
2026-06-06T19:11:35,1,3.88,31810.00,19.82,15273.00,999.00,19.60,1733.00,19.41,7.14
2026-06-06T19:11:35,1,3.88,31810.00,19.82,15273.00,999.00,19.60,1734.70,19.42,7.15
2026-06-06T19:11:35,1,3.86,31810.00,19.82,15273.00,999.00,19.60,1736.40,19.41,7.17
2026-06-06T19:11:35,1,3.87,31830.00,19.83,15280.00,999.00,19.60,1738.00,19.42,7.18
2026-06-06T19:11:35,1,3.87,31830.00,19.83,15280.00,999.00,19.61,1739.80,19.42,7.20
2026-06-06T19:11:36,1,3.85,31830.00,19.83,15280.00,999.00,19.59,1740.20,19.42,7.21
2026-06-06T19:11:36,1,3.87,31830.00,19.83,15280.00,999.00,19.60,1740.50,19.42,7.21
2026-06-06T19:11:36,1,3.88,31830.00,19.83,15280.00,999.00,19.59,1741.60,19.41,7.22
2026-06-06T19:11:36,1,3.89,31840.00,19.83,15284.00,999.00,19.60,1742.30,19.42,7.23
2026-06-06T19:11:36,1,3.88,31840.00,19.83,15284.00,999.00,19.60,1743.80,19.41,7.24
2026-06-06T19:11:37,1,3.88,31840.00,19.83,15284.00,999.00,19.60,1745.30,19.41,7.26
2026-06-06T19:11:37,1,3.87,31840.00,19.83,15284.00,999.00,19.60,1746.70,19.42,7.27
2026-06-06T19:11:37,1,3.86,31830.00,19.82,15279.00,999.00,19.59,1748.10,19.42,7.28
2026-06-06T19:11:37,1,3.89,31830.00,19.82,15279.00,999.00,19.59,1750.00,19.42,7.30
2026-06-06T19:11:38,1,3.88,31830.00,19.82,15279.00,999.00,19.60,1750.90,19.42,7.31
2026-06-06T19:11:38,1,3.85,31830.00,19.82,15279.00,999.00,19.60,1753.00,19.42,7.33
2026-06-06T19:11:38,1,3.88,31830.00,19.82,15279.00,999.00,19.60,1754.50,19.42,7.35
2026-06-06T19:11:38,1,3.87,31820.00,19.82,15277.00,999.00,19.61,1756.00,19.42,7.36
2026-06-06T19:11:38,1,3.88,31820.00,19.82,15277.00,999.00,19.59,1756.70,19.42,7.37
2026-06-06T19:11:39,1,3.88,31820.00,19.82,15277.00,999.00,19.60,1758.80,19.42,7.39
2026-06-06T19:11:39,1,3.86,31820.00,19.82,15277.00,999.00,19.60,1760.60,19.42,7.41
2026-06-06T19:11:39,1,3.85,31820.00,19.82,15277.00,999.00,19.60,1762.60,19.42,7.43
2026-06-06T19:11:39,1,3.86,31830.00,19.82,15279.00,999.00,19.59,1764.40,19.42,7.45
2026-06-06T19:11:39,1,3.89,31830.00,19.82,15279.00,999.00,19.59,1766.50,19.41,7.47
2026-06-06T19:11:40,1,3.87,31830.00,19.82,15279.00,999.00,19.60,1768.40,19.42,7.49
2026-06-06T19:11:40,1,3.88,31830.00,19.82,15279.00,999.00,19.59,1769.80,19.42,7.50
2026-06-06T19:11:40,1,3.88,31830.00,19.82,15279.00,999.00,19.59,1772.10,19.42,7.52
2026-06-06T19:11:40,1,3.88,31850.00,19.84,15292.00,999.00,19.60,1773.30,19.42,7.53
2026-06-06T19:11:40,1,3.88,31850.00,19.84,15292.00,999.00,19.60,1774.60,19.42,7.55
2026-06-06T19:11:41,1,3.86,31850.00,19.84,15292.00,999.00,19.60,1776.20,19.42,7.56
2026-06-06T19:11:41,1,3.88,31850.00,19.84,15292.00,999.00,19.59,1778.00,19.42,7.58
2026-06-06T19:11:41,1,3.88,31840.00,19.83,15286.00,999.00,19.60,1779.70,19.42,7.60
2026-06-06T19:11:41,1,3.89,31840.00,19.83,15286.00,999.00,19.59,1781.20,19.42,7.61
2026-06-06T19:11:41,1,3.88,31840.00,19.83,15286.00,999.00,19.59,1782.70,19.42,7.63
2026-06-06T19:11:42,1,3.88,31840.00,19.83,15286.00,999.00,19.60,1784.40,19.42,7.64
2026-06-06T19:11:42,1,3.86,31840.00,19.83,15286.00,999.00,19.59,1786.00,19.42,7.66
2026-06-06T19:11:42,1,3.88,31870.00,19.85,15299.00,999.00,19.60,1787.20,19.42,7.67
2026-06-06T19:11:42,1,3.88,31870.00,19.85,15299.00,999.00,19.60,1788.40,19.42,7.68
2026-06-06T19:11:43,1,3.88,31870.00,19.85,15299.00,999.00,19.60,1788.90,19.43,7.69
2026-06-06T19:11:43,1,3.88,31870.00,19.85,15299.00,999.00,19.59,1789.90,19.42,7.70
2026-06-06T19:11:43,1,3.88,31870.00,19.85,15299.00,999.00,19.60,1791.00,19.41,7.71
2026-06-06T19:11:43,1,3.85,31850.00,19.84,15291.00,999.00,19.60,1792.60,19.42,7.73
2026-06-06T19:11:43,1,3.88,31850.00,19.84,15291.00,999.00,19.59,1793.70,19.42,7.74
2026-06-06T19:11:44,1,3.87,31850.00,19.84,15291.00,999.00,19.59,1795.50,19.42,7.75
2026-06-06T19:11:44,1,3.86,31850.00,19.84,15291.00,999.00,19.59,1797.10,19.42,7.77
2026-06-06T19:11:44,1,3.86,31850.00,19.84,15291.00,999.00,19.60,1798.90,19.43,7.79
2026-06-06T19:11:44,1,3.89,31850.00,19.84,15292.00,999.00,19.59,1800.80,19.43,7.81
2026-06-06T19:11:44,1,3.89,31850.00,19.84,15292.00,999.00,19.59,1802.80,19.42,7.83
2026-06-06T19:11:45,1,3.88,31850.00,19.84,15292.00,999.00,19.59,1804.50,19.43,7.84
2026-06-06T19:11:45,1,3.88,31850.00,19.84,15292.00,999.00,19.60,1805.70,19.42,7.86
2026-06-06T19:11:45,1,3.88,31850.00,19.84,15288.00,999.00,19.59,1807.50,19.43,7.87
2026-06-06T19:11:45,1,3.86,31850.00,19.84,15288.00,999.00,19.60,1809.90,19.43,7.90
2026-06-06T19:11:45,1,3.89,31850.00,19.84,15288.00,999.00,19.60,1811.40,19.42,7.91
2026-06-06T19:11:46,1,3.88,31850.00,19.84,15288.00,999.00,19.59,1812.60,19.43,7.92
2026-06-06T19:11:46,1,3.85,31850.00,19.84,15288.00,999.00,19.60,1813.40,19.42,7.93
2026-06-06T19:11:46,1,3.86,31860.00,19.84,15293.00,999.00,19.59,1815.00,19.43,7.95
2026-06-06T19:11:46,1,3.86,31860.00,19.84,15293.00,999.00,19.59,1817.20,19.43,7.97
2026-06-06T19:11:46,1,3.85,31860.00,19.84,15293.00,999.00,19.59,1818.10,19.43,7.98
2026-06-06T19:11:47,1,3.87,31860.00,19.84,15293.00,999.00,19.59,1819.50,19.43,7.99
2026-06-06T19:11:47,1,3.86,31860.00,19.84,15293.00,999.00,19.60,1820.80,19.43,8.01
2026-06-06T19:11:47,1,3.90,31890.00,19.87,15310.00,999.00,19.61,1822.40,19.43,8.02
2026-06-06T19:11:47,1,3.88,31890.00,19.87,15310.00,999.00,19.59,1824.20,19.43,8.04
2026-06-06T19:11:47,1,3.86,31890.00,19.87,15310.00,999.00,19.59,1825.50,19.43,8.05
2026-06-06T19:11:48,1,3.87,31890.00,19.87,15310.00,999.00,19.60,1826.80,19.43,8.06
2026-06-06T19:11:48,1,3.85,31890.00,19.87,15310.00,999.00,19.60,1827.30,19.43,8.07
2026-06-06T19:11:48,1,3.87,31910.00,19.88,15318.00,999.00,19.60,1828.70,19.43,8.08
2026-06-06T19:11:48,1,3.87,31910.00,19.88,15318.00,999.00,19.60,1829.80,19.43,8.09
2026-06-06T19:11:49,1,3.89,31910.00,19.88,15318.00,999.00,19.60,1831.10,19.43,8.11
2026-06-06T19:11:49,1,3.86,31910.00,19.88,15318.00,999.00,19.59,1832.80,19.43,8.12
2026-06-06T19:11:49,1,3.87,31910.00,19.88,15318.00,999.00,19.60,1833.80,19.43,8.13
2026-06-06T19:11:49,1,3.86,31880.00,19.86,15307.00,999.00,19.59,1835.90,19.43,8.15
2026-06-06T19:11:49,1,3.86,31880.00,19.86,15307.00,999.00,19.61,1837.90,19.43,8.17
2026-06-06T19:11:50,1,3.85,31880.00,19.86,15307.00,999.00,19.60,1840.10,19.43,8.20
2026-06-06T19:11:50,1,3.86,31880.00,19.86,15307.00,999.00,19.61,1841.80,19.43,8.21
2026-06-06T19:11:50,1,3.86,31900.00,19.87,15312.00,999.00,19.60,1843.70,19.43,8.23
2026-06-06T19:11:50,1,3.89,31900.00,19.87,15312.00,999.00,19.61,1845.60,19.43,8.25
2026-06-06T19:11:50,1,3.89,31900.00,19.87,15312.00,999.00,19.60,1846.70,19.43,8.26
2026-06-06T19:11:51,1,3.87,31900.00,19.87,15312.00,999.00,19.59,1847.60,19.43,8.27
2026-06-06T19:11:51,1,3.86,31900.00,19.87,15312.00,999.00,19.60,1848.90,19.43,8.28
2026-06-06T19:11:51,1,3.90,31910.00,19.88,15320.00,999.00,19.60,1850.10,19.43,8.30
2026-06-06T19:11:51,1,3.87,31910.00,19.88,15320.00,999.00,19.60,1851.60,19.43,8.31
2026-06-06T19:11:51,1,3.85,31910.00,19.88,15320.00,999.00,19.60,1852.80,19.43,8.32
2026-06-06T19:11:52,1,3.86,31910.00,19.88,15320.00,999.00,19.61,1854.20,19.43,8.34
2026-06-06T19:11:52,1,3.85,31910.00,19.88,15320.00,999.00,19.60,1855.10,19.43,8.35
2026-06-06T19:11:52,1,3.86,31900.00,19.87,15313.00,999.00,19.60,1856.90,19.43,8.36
2026-06-06T19:11:52,1,3.90,31900.00,19.87,15313.00,999.00,19.59,1858.40,19.42,8.38
2026-06-06T19:11:52,1,3.88,31900.00,19.87,15313.00,999.00,19.59,1859.60,19.43,8.39
2026-06-06T19:11:53,1,3.87,31900.00,19.87,15313.00,999.00,19.59,1861.30,19.43,8.41
2026-06-06T19:11:53,1,3.87,31900.00,19.87,15314.00,999.00,19.60,1863.20,19.43,8.43
2026-06-06T19:11:53,1,3.88,31900.00,19.87,15314.00,999.00,19.59,1865.60,19.43,8.45
2026-06-06T19:11:53,1,3.88,31900.00,19.87,15314.00,999.00,19.61,1867.60,19.43,8.47
2026-06-06T19:11:53,1,3.85,31900.00,19.87,15314.00,999.00,19.59,1869.50,19.43,8.49
2026-06-06T19:11:54,1,3.88,31900.00,19.87,15314.00,999.00,19.59,1871.10,19.43,8.50
2026-06-06T19:11:54,1,3.88,31910.00,19.88,15318.00,999.00,19.61,1873.00,19.43,8.52
2026-06-06T19:11:54,1,3.89,31910.00,19.88,15318.00,999.00,19.60,1876.00,19.43,8.55
2026-06-06T19:11:54,1,3.87,31910.00,19.88,15318.00,999.00,19.61,1877.60,19.43,8.57
2026-06-06T19:11:55,1,3.86,31910.00,19.88,15318.00,999.00,19.60,1878.20,19.43,8.57
2026-06-06T19:11:55,1,3.86,31910.00,19.88,15318.00,999.00,19.61,1879.70,19.43,8.59
2026-06-06T19:11:55,1,3.88,31930.00,19.90,15329.00,999.00,19.60,1882.40,19.43,8.62
2026-06-06T19:11:55,1,3.87,31930.00,19.90,15329.00,999.00,19.60,1884.10,19.43,8.63
2026-06-06T19:11:55,1,3.88,31930.00,19.90,15329.00,999.00,19.61,1884.30,19.43,8.63
2026-06-06T19:11:56,1,3.88,31930.00,19.90,15329.00,999.00,19.60,1885.30,19.42,8.64
2026-06-06T19:11:56,1,3.84,31930.00,19.90,15329.00,999.00,19.60,1886.10,19.43,8.65
2026-06-06T19:11:56,1,3.88,31910.00,19.88,15319.00,999.00,19.60,1886.40,19.43,8.66
2026-06-06T19:11:56,1,3.88,31910.00,19.88,15319.00,999.00,19.60,1887.40,19.44,8.67
2026-06-06T19:11:56,1,3.89,31910.00,19.88,15319.00,999.00,19.61,1888.00,19.43,8.67
2026-06-06T19:11:57,1,3.88,31910.00,19.88,15319.00,999.00,19.60,1889.30,19.44,8.68
2026-06-06T19:11:57,1,3.85,31920.00,19.89,15322.00,999.00,19.60,1890.00,19.44,8.69
2026-06-06T19:11:57,1,3.88,31920.00,19.89,15322.00,999.00,19.59,1891.80,19.43,8.71
2026-06-06T19:11:57,1,3.87,31920.00,19.89,15322.00,999.00,19.61,1893.00,19.44,8.72
2026-06-06T19:11:57,1,3.86,31920.00,19.89,15322.00,999.00,19.60,1894.80,19.44,8.74
2026-06-06T19:11:58,1,3.88,31920.00,19.89,15322.00,999.00,19.60,1896.50,19.44,8.76
2026-06-06T19:11:58,1,3.89,31930.00,19.89,15327.00,999.00,19.60,1898.30,19.44,8.77
2026-06-06T19:11:58,1,3.87,31930.00,19.89,15327.00,999.00,19.60,1900.60,19.44,8.80
2026-06-06T19:11:58,1,3.89,31930.00,19.89,15327.00,999.00,19.60,1903.20,19.44,8.82
2026-06-06T19:11:58,1,3.87,31930.00,19.89,15327.00,999.00,19.60,1906.40,19.44,8.85
2026-06-06T19:11:59,1,3.87,31930.00,19.89,15327.00,999.00,19.60,1908.20,19.44,8.87
2026-06-06T19:11:59,1,3.87,31910.00,19.88,15318.00,999.00,19.60,1910.10,19.44,8.89
2026-06-06T19:11:59,1,3.88,31910.00,19.88,15318.00,999.00,19.61,1913.00,19.44,8.92
2026-06-06T19:11:59,1,3.86,31910.00,19.88,15318.00,999.00,19.60,1916.60,19.44,8.95
2026-06-06T19:11:59,1,3.86,31910.00,19.88,15318.00,999.00,19.60,1918.70,19.44,8.98
2026-06-06T19:12:00,1,3.88,31910.00,19.88,15318.00,999.00,19.61,1920.50,19.44,8.99
2026-06-06T19:12:00,1,3.88,31940.00,19.90,15332.00,999.00,19.60,1921.60,19.44,9.00
2026-06-06T19:12:00,1,3.87,31940.00,19.90,15332.00,999.00,19.60,1923.90,19.44,9.03
2026-06-06T19:12:00,1,3.86,31940.00,19.90,15332.00,999.00,19.60,1927.10,19.44,9.06
2026-06-06T19:12:01,1,3.86,31940.00,19.90,15332.00,999.00,19.61,1929.10,19.44,9.08
2026-06-06T19:12:01,1,3.88,31940.00,19.90,15332.00,999.00,19.60,1931.80,19.44,9.11
2026-06-06T19:12:01,1,3.88,31910.00,19.88,15320.00,999.00,19.61,1933.80,19.44,9.12
2026-06-06T19:12:01,1,3.89,31910.00,19.88,15320.00,999.00,19.61,1935.30,19.44,9.14
2026-06-06T19:12:01,1,3.89,31910.00,19.88,15320.00,999.00,19.61,1937.30,19.44,9.16
2026-06-06T19:12:02,1,3.88,31910.00,19.88,15320.00,999.00,19.61,1938.10,19.44,9.17
2026-06-06T19:12:02,1,3.86,31910.00,19.88,15320.00,999.00,19.60,1940.30,19.44,9.19
2026-06-06T19:12:02,1,3.86,31910.00,19.88,15320.00,999.00,19.60,1941.90,19.44,9.21
2026-06-06T19:12:02,1,3.89,31910.00,19.88,15320.00,999.00,19.60,1943.80,19.44,9.22
2026-06-06T19:12:02,1,3.88,31910.00,19.88,15320.00,999.00,19.60,1945.80,19.44,9.24
2026-06-06T19:12:03,1,3.86,31910.00,19.88,15320.00,999.00,19.61,1946.60,19.44,9.25
2026-06-06T19:12:03,1,3.87,31910.00,19.88,15321.00,999.00,19.61,1948.60,19.44,9.27
2026-06-06T19:12:03,1,3.88,31910.00,19.88,15321.00,999.00,19.61,1952.00,19.44,9.31
2026-06-06T19:12:03,1,3.86,31910.00,19.88,15321.00,999.00,19.60,1953.90,19.45,9.32
2026-06-06T19:12:03,1,3.86,31910.00,19.88,15321.00,999.00,19.60,1955.60,19.44,9.34
2026-06-06T19:12:04,1,3.85,31910.00,19.88,15321.00,999.00,19.60,1958.10,19.44,9.37
2026-06-06T19:12:04,1,3.88,31940.00,19.91,15335.00,999.00,19.61,1960.30,19.44,9.39
2026-06-06T19:12:04,1,3.89,31940.00,19.91,15335.00,999.00,19.60,1962.00,19.44,9.40
2026-06-06T19:12:04,1,3.88,31940.00,19.91,15335.00,999.00,19.61,1963.40,19.44,9.42
2026-06-06T19:12:04,1,3.87,31940.00,19.91,15335.00,999.00,19.60,1964.20,19.45,9.43
2026-06-06T19:12:05,1,3.88,31940.00,19.91,15335.00,999.00,19.60,1965.20,19.44,9.44
2026-06-06T19:12:05,1,3.89,31930.00,19.90,15329.00,999.00,19.60,1965.40,19.45,9.44
2026-06-06T19:12:05,1,3.88,31930.00,19.90,15329.00,999.00,19.60,1966.60,19.44,9.45
2026-06-06T19:12:05,1,3.89,31930.00,19.90,15329.00,999.00,19.61,1968.10,19.44,9.46
2026-06-06T19:12:05,1,3.85,31930.00,19.90,15329.00,999.00,19.60,1968.60,19.44,9.47
2026-06-06T19:12:06,1,3.88,31930.00,19.89,15327.00,999.00,19.60,1968.90,19.44,9.47
2026-06-06T19:12:06,1,3.89,31930.00,19.89,15327.00,999.00,19.61,1969.80,19.44,9.48
2026-06-06T19:12:06,1,3.88,31930.00,19.89,15327.00,999.00,19.61,1970.40,19.44,9.49
2026-06-06T19:12:06,1,3.85,31930.00,19.89,15327.00,999.00,19.61,1971.10,19.44,9.49
2026-06-06T19:12:07,1,3.84,31930.00,19.89,15327.00,999.00,19.61,1972.10,19.44,9.50
2026-06-06T19:12:07,1,3.88,31920.00,19.89,15322.00,999.00,19.60,1973.10,19.45,9.51
2026-06-06T19:12:07,1,3.89,31920.00,19.89,15322.00,999.00,19.61,1974.10,19.44,9.52
2026-06-06T19:12:07,1,3.86,31920.00,19.89,15322.00,999.00,19.60,1974.40,19.45,9.53
2026-06-06T19:12:07,1,3.87,31920.00,19.89,15322.00,999.00,19.60,1975.30,19.45,9.54
2026-06-06T19:12:08,1,3.88,31920.00,19.89,15322.00,999.00,19.61,1976.80,19.44,9.55
2026-06-06T19:12:08,1,3.89,31950.00,19.91,15337.00,999.00,19.61,1977.70,19.45,9.56
2026-06-06T19:12:08,1,3.89,31950.00,19.91,15337.00,999.00,19.61,1977.60,19.43,9.56
2026-06-06T19:12:08,1,3.87,31950.00,19.91,15337.00,999.00,19.61,1978.50,19.45,9.57
2026-06-06T19:12:08,1,3.88,31950.00,19.91,15337.00,999.00,19.60,1978.90,19.45,9.57
2026-06-06T19:12:09,1,3.88,31950.00,19.91,15337.00,999.00,19.61,1980.20,19.44,9.58
2026-06-06T19:12:09,1,3.89,31930.00,19.89,15327.00,999.00,19.61,1981.50,19.45,9.60
2026-06-06T19:12:09,1,3.86,31930.00,19.89,15327.00,999.00,19.60,1981.50,19.44,9.60
2026-06-06T19:12:09,1,3.88,31930.00,19.89,15327.00,999.00,19.61,1982.70,19.45,9.61
2026-06-06T19:12:09,1,3.86,31930.00,19.89,15327.00,999.00,19.61,1983.40,19.45,9.62
2026-06-06T19:12:10,1,3.88,31920.00,19.89,15325.00,999.00,19.61,1984.00,19.45,9.62
2026-06-06T19:12:10,1,3.88,31920.00,19.89,15325.00,999.00,19.60,1985.50,19.45,9.64
2026-06-06T19:12:10,1,3.86,31920.00,19.89,15325.00,999.00,19.61,1986.20,19.45,9.64
2026-06-06T19:12:10,1,3.85,31920.00,19.89,15325.00,999.00,19.61,1987.20,19.44,9.65
2026-06-06T19:12:10,1,3.87,31920.00,19.89,15325.00,999.00,19.61,1988.60,19.45,9.67
2026-06-06T19:12:11,1,3.86,31950.00,19.91,15337.00,999.00,19.61,1989.50,19.45,9.68
2026-06-06T19:12:11,1,3.88,31950.00,19.91,15337.00,999.00,19.61,1990.50,19.45,9.69
2026-06-06T19:12:11,1,3.88,31950.00,19.91,15337.00,999.00,19.60,1991.80,19.45,9.70
2026-06-06T19:12:11,1,3.88,31950.00,19.91,15337.00,999.00,19.61,1992.40,19.45,9.71
2026-06-06T19:12:11,1,3.87,31950.00,19.91,15337.00,999.00,19.61,1993.20,19.45,9.71
2026-06-06T19:12:12,1,3.89,31920.00,19.89,15325.00,999.00,19.61,1994.00,19.45,9.72
2026-06-06T19:12:12,1,3.88,31920.00,19.89,15325.00,999.00,19.61,1994.60,19.45,9.73
2026-06-06T19:12:12,1,3.87,31920.00,19.89,15325.00,999.00,19.60,1995.20,19.45,9.73
2026-06-06T19:12:12,1,3.87,31920.00,19.89,15325.00,999.00,19.61,1996.10,19.45,9.74
2026-06-06T19:12:13,1,3.88,31920.00,19.89,15325.00,999.00,19.61,1997.20,19.45,9.75
2026-06-06T19:12:13,1,3.88,31920.00,19.89,15325.00,999.00,19.61,1998.70,19.45,9.77
2026-06-06T19:12:13,1,3.85,31920.00,19.89,15325.00,999.00,19.61,2000.00,19.45,9.78
2026-06-06T19:12:13,1,3.89,31920.00,19.89,15325.00,999.00,19.61,2002.00,19.45,9.80
2026-06-06T19:12:13,1,3.85,31920.00,19.89,15325.00,999.00,19.61,2003.00,19.45,9.81
2026-06-06T19:12:14,1,3.86,31920.00,19.89,15325.00,999.00,19.61,2004.60,19.45,9.83
2026-06-06T19:12:14,1,3.88,31920.00,19.89,15324.00,999.00,19.60,2006.00,19.45,9.84
2026-06-06T19:12:14,1,3.90,31920.00,19.89,15324.00,999.00,19.61,2008.00,19.45,9.86
2026-06-06T19:12:14,1,3.89,31920.00,19.89,15324.00,999.00,19.61,2009.70,19.45,9.88
2026-06-06T19:12:14,1,3.88,31920.00,19.89,15324.00,999.00,19.61,2010.80,19.45,9.89
2026-06-06T19:12:15,1,3.88,31920.00,19.89,15325.00,999.00,19.61,2011.20,19.45,9.89
2026-06-06T19:12:15,1,3.89,31920.00,19.89,15325.00,999.00,19.61,2011.60,19.45,9.90
2026-06-06T19:12:15,1,3.86,31920.00,19.89,15325.00,999.00,19.61,2013.50,19.45,9.91
2026-06-06T19:12:15,1,3.87,31920.00,19.89,15325.00,999.00,19.61,2015.10,19.45,9.93
2026-06-06T19:12:15,1,3.86,31920.00,19.89,15325.00,999.00,19.61,2015.90,19.45,9.94
2026-06-06T19:12:16,1,3.87,31920.00,19.89,15326.00,999.00,19.61,2016.50,19.45,9.94
2026-06-06T19:12:16,1,3.86,31920.00,19.89,15326.00,999.00,19.61,2016.70,19.45,9.95
2026-06-06T19:12:16,1,3.87,31920.00,19.89,15326.00,999.00,19.61,2016.60,19.45,9.95
2026-06-06T19:12:16,1,3.85,31920.00,19.89,15326.00,999.00,19.61,2017.00,19.45,9.95
2026-06-06T19:12:16,1,3.85,31920.00,19.89,15326.00,999.00,19.61,2017.00,19.45,9.95
2026-06-06T19:12:17,1,3.87,31920.00,19.89,15324.00,999.00,19.61,2016.60,19.45,9.95
2026-06-06T19:12:17,1,3.87,31920.00,19.89,15324.00,999.00,19.61,2016.90,19.45,9.95
2026-06-06T19:12:17,1,3.90,31920.00,19.89,15324.00,999.00,19.61,2016.60,19.45,9.95
2026-06-06T19:12:17,1,3.86,31920.00,19.89,15324.00,999.00,19.60,2015.70,19.45,9.94
2026-06-06T19:12:17,1,3.87,31920.00,19.89,15324.00,999.00,19.61,2010.60,19.45,9.89
2026-06-06T19:12:18,1,3.88,31920.00,19.89,15323.00,999.00,19.61,2007.10,19.45,9.85
2026-06-06T19:12:18,1,3.89,31920.00,19.89,15323.00,999.00,19.61,2009.00,19.45,9.87
2026-06-06T19:12:18,1,3.89,31920.00,19.89,15323.00,999.00,19.61,2010.20,19.45,9.88
2026-06-06T19:12:18,1,3.87,31920.00,19.89,15323.00,999.00,19.61,2009.40,19.44,9.87
2026-06-06T19:12:19,1,3.88,31920.00,19.89,15324.00,999.00,19.61,2007.10,19.45,9.85
2026-06-06T19:12:19,1,3.87,31920.00,19.89,15324.00,999.00,19.61,2004.20,19.45,9.82
2026-06-06T19:12:19,1,3.89,31920.00,19.89,15324.00,999.00,19.61,2003.40,19.45,9.81
2026-06-06T19:12:19,1,3.86,31920.00,19.89,15324.00,999.00,19.61,2003.80,19.45,9.82
2026-06-06T19:12:19,1,3.85,31920.00,19.89,15324.00,999.00,19.60,2003.40,19.45,9.81
2026-06-06T19:12:20,1,3.88,31920.00,19.89,15324.00,999.00,19.61,2003.50,19.45,9.82
2026-06-06T19:12:20,1,3.88,31920.00,19.89,15324.00,999.00,19.61,2003.50,19.45,9.82
2026-06-06T19:12:20,1,3.87,31920.00,19.89,15324.00,999.00,19.61,2003.40,19.45,9.81
2026-06-06T19:12:20,1,3.87,31920.00,19.89,15324.00,999.00,19.60,2003.70,19.45,9.82
2026-06-06T19:12:20,1,3.85,31920.00,19.89,15324.00,999.00,19.61,2002.10,19.45,9.80
2026-06-06T19:12:21,1,3.87,31940.00,19.90,15333.00,999.00,19.61,1998.60,19.44,9.77
2026-06-06T19:12:21,1,3.89,31940.00,19.90,15333.00,999.00,19.61,1997.50,19.45,9.76
2026-06-06T19:12:21,1,3.86,31940.00,19.90,15333.00,999.00,19.60,1998.00,19.45,9.76
2026-06-06T19:12:21,1,3.88,31940.00,19.90,15333.00,999.00,19.61,1997.00,19.45,9.75
2026-06-06T19:12:21,1,3.87,31940.00,19.90,15333.00,999.00,19.61,1997.20,19.45,9.75
2026-06-06T19:12:22,1,3.89,31940.00,19.90,15332.00,999.00,19.61,1997.50,19.45,9.76
2026-06-06T19:12:22,1,3.87,31940.00,19.90,15332.00,999.00,19.61,1996.70,19.45,9.75
2026-06-06T19:12:22,1,3.86,31940.00,19.90,15332.00,999.00,19.61,1994.50,19.45,9.73
2026-06-06T19:12:22,1,3.87,31940.00,19.90,15332.00,999.00,19.61,1992.50,19.45,9.71
2026-06-06T19:12:22,1,3.86,31920.00,19.89,15325.00,999.00,19.61,1993.40,19.45,9.72
2026-06-06T19:12:23,1,3.87,31920.00,19.89,15325.00,999.00,19.61,1993.10,19.45,9.71
2026-06-06T19:12:23,1,3.87,31920.00,19.89,15325.00,999.00,19.61,1993.20,19.45,9.71
2026-06-06T19:12:23,1,3.87,31920.00,19.89,15325.00,999.00,19.61,1993.00,19.45,9.71
2026-06-06T19:12:23,1,3.85,31920.00,19.89,15325.00,999.00,19.61,1989.10,19.45,9.67
2026-06-06T19:12:24,1,3.89,31920.00,19.89,15325.00,999.00,19.61,1983.50,19.45,9.62
2026-06-06T19:12:24,1,3.88,31920.00,19.89,15325.00,999.00,19.61,1976.10,19.45,9.54
2026-06-06T19:12:24,1,3.88,31920.00,19.89,15325.00,999.00,19.61,1966.80,19.45,9.45
2026-06-06T19:12:24,1,3.88,31920.00,19.89,15325.00,999.00,19.60,1956.30,19.45,9.35
2026-06-06T19:12:24,1,3.88,31920.00,19.89,15325.00,999.00,19.61,1943.20,19.45,9.22
2026-06-06T19:12:25,1,3.89,31930.00,19.90,15330.00,999.00,19.61,1928.80,19.44,9.08
2026-06-06T19:12:25,1,3.87,31930.00,19.90,15330.00,999.00,19.61,1915.60,19.45,8.94
2026-06-06T19:12:25,1,3.88,31930.00,19.90,15330.00,999.00,19.61,1902.60,19.44,8.82
2026-06-06T19:12:25,1,3.88,31930.00,19.90,15330.00,999.00,19.61,1889.60,19.44,8.69
2026-06-06T19:12:25,1,3.85,31930.00,19.90,15330.00,999.00,19.61,1878.60,19.44,8.58
2026-06-06T19:12:26,1,3.88,31920.00,19.89,15325.00,999.00,19.61,1864.80,19.44,8.44
2026-06-06T19:12:26,1,3.89,31920.00,19.89,15325.00,999.00,19.61,1852.30,19.44,8.32
2026-06-06T19:12:26,1,3.86,31920.00,19.89,15325.00,999.00,19.61,1841.30,19.44,8.21
2026-06-06T19:12:26,1,3.86,31920.00,19.89,15325.00,999.00,19.61,1829.20,19.44,8.09
2026-06-06T19:12:26,1,3.87,31920.00,19.89,15325.00,999.00,19.61,1816.90,19.43,7.97
2026-06-06T19:12:27,1,3.89,31940.00,19.90,15333.00,999.00,19.60,1804.80,19.43,7.85
2026-06-06T19:12:27,1,3.89,31940.00,19.90,15333.00,999.00,19.61,1790.80,19.44,7.71
2026-06-06T19:12:27,1,3.87,31940.00,19.90,15333.00,999.00,19.60,1776.50,19.43,7.57
2026-06-06T19:12:27,1,3.87,31940.00,19.90,15333.00,999.00,19.61,1762.90,19.43,7.43
2026-06-06T19:12:27,1,3.86,31860.00,19.85,15294.00,999.00,19.60,1745.50,19.43,7.26
2026-06-06T19:12:28,1,3.87,31860.00,19.85,15294.00,999.00,19.60,1730.60,19.43,7.11
2026-06-06T19:12:28,1,3.88,31860.00,19.85,15294.00,999.00,19.60,1715.30,19.43,6.96
2026-06-06T19:12:28,1,3.88,31860.00,19.85,15294.00,999.00,19.59,1699.80,19.43,6.81
2026-06-06T19:12:28,1,3.85,31860.00,19.85,15294.00,999.00,19.59,1683.80,19.43,6.65
2026-06-06T19:12:28,1,3.86,31790.00,19.80,15262.00,999.00,19.60,1668.00,19.42,6.49
2026-06-06T19:12:29,1,3.86,31790.00,19.80,15262.00,999.00,19.59,1653.70,19.42,6.35
2026-06-06T19:12:29,1,3.88,31790.00,19.80,15262.00,999.00,19.59,1638.40,19.42,6.20
2026-06-06T19:12:29,1,3.85,31790.00,19.80,15262.00,999.00,19.59,1623.90,19.42,6.05
2026-06-06T19:12:29,1,3.85,31790.00,19.80,15262.00,999.00,19.59,1607.20,19.42,5.89
2026-06-06T19:12:29,1,3.88,31750.00,19.77,15243.00,999.00,19.59,1592.00,19.42,5.74
2026-06-06T19:12:30,1,3.88,31750.00,19.77,15243.00,999.00,19.58,1576.00,19.42,5.58
2026-06-06T19:12:30,1,3.89,31750.00,19.77,15243.00,999.00,19.59,1561.20,19.42,5.43
2026-06-06T19:12:30,1,3.86,31750.00,19.77,15243.00,999.00,19.59,1545.30,19.42,5.27
2026-06-06T19:12:30,1,3.85,31750.00,19.77,15243.00,999.00,19.58,1530.40,19.41,5.13
2026-06-06T19:12:30,1,3.89,31640.00,19.70,15192.00,999.00,19.58,1519.70,19.41,5.02
2026-06-06T19:12:31,1,3.86,31640.00,19.70,15192.00,999.00,19.59,1507.50,19.42,4.90
2026-06-06T19:12:31,1,3.88,31640.00,19.70,15192.00,999.00,19.59,1495.40,19.41,4.78
2026-06-06T19:12:31,1,3.86,31640.00,19.70,15192.00,999.00,19.59,1478.50,19.40,4.61
2026-06-06T19:12:31,1,3.85,31260.00,19.44,15009.00,999.00,19.59,1473.20,19.40,4.56
2026-06-06T19:12:32,1,3.89,31260.00,19.44,15009.00,999.00,19.60,1473.80,19.41,4.57
2026-06-06T19:12:32,1,3.89,31260.00,19.44,15009.00,999.00,19.60,1473.00,19.41,4.56
2026-06-06T19:12:32,1,3.86,31260.00,19.44,15009.00,999.00,19.60,1473.50,19.41,4.56
2026-06-06T19:12:32,1,3.86,31260.00,19.44,15009.00,999.00,19.60,1471.70,19.41,4.55
2026-06-06T19:12:32,1,3.86,31040.00,19.29,14903.00,999.00,19.61,1465.90,19.41,4.49
2026-06-06T19:12:33,1,3.86,31040.00,19.29,14903.00,999.00,19.61,1455.10,19.41,4.38
2026-06-06T19:12:33,1,3.89,31040.00,19.29,14903.00,999.00,19.61,1439.50,19.41,4.23
2026-06-06T19:12:33,1,3.86,31040.00,19.29,14903.00,999.00,19.61,1422.30,19.39,4.06
2026-06-06T19:12:33,1,3.86,31040.00,19.29,14903.00,999.00,19.61,1407.10,19.40,3.91
2026-06-06T19:12:33,1,3.89,30850.00,19.16,14810.00,999.00,19.61,1393.50,19.40,3.77
2026-06-06T19:12:34,1,3.87,30850.00,19.16,14810.00,999.00,19.61,1377.80,19.40,3.62
2026-06-06T19:12:34,1,3.88,30850.00,19.16,14810.00,999.00,19.61,1363.80,19.40,3.48
2026-06-06T19:12:34,1,3.87,30850.00,19.16,14810.00,999.00,19.63,1350.70,19.40,3.35
2026-06-06T19:12:34,1,3.85,30850.00,19.16,14810.00,999.00,19.62,1337.60,19.40,3.22
2026-06-06T19:12:34,1,3.89,30590.00,18.98,14688.00,999.00,19.64,1324.90,19.40,3.09
2026-06-06T19:12:35,1,3.87,30590.00,18.98,14688.00,999.00,19.63,1308.80,19.40,2.93
2026-06-06T19:12:35,1,3.88,30590.00,18.98,14688.00,999.00,19.65,1293.90,19.40,2.78
2026-06-06T19:12:35,1,3.87,30590.00,18.98,14688.00,999.00,19.66,1278.00,19.40,2.63
2026-06-06T19:12:35,1,3.87,30280.00,18.77,14538.00,999.00,19.67,1260.50,19.39,2.45
2026-06-06T19:12:36,1,3.85,30280.00,18.77,14538.00,999.00,19.67,1247.10,19.39,2.32
2026-06-06T19:12:36,1,3.88,30280.00,18.77,14538.00,999.00,19.68,1234.00,19.40,2.19
2026-06-06T19:12:36,1,3.86,30280.00,18.77,14538.00,999.00,19.68,1222.00,19.40,2.07
2026-06-06T19:12:36,1,3.85,30280.00,18.77,14538.00,999.00,19.69,1205.90,19.39,1.91
2026-06-06T19:12:36,1,3.87,30130.00,18.67,14466.00,999.00,19.69,1187.60,19.39,1.73
2026-06-06T19:12:37,1,3.88,30130.00,18.67,14466.00,999.00,19.70,1172.70,19.39,1.58
2026-06-06T19:12:37,1,3.89,30130.00,18.67,14466.00,999.00,19.70,1158.00,19.40,1.44
2026-06-06T19:12:37,1,3.87,30130.00,18.67,14466.00,999.00,19.70,1145.40,19.40,1.31
2026-06-06T19:12:37,1,3.88,30130.00,18.67,14466.00,999.00,19.70,1127.00,19.39,1.13
2026-06-06T19:12:37,1,3.88,29990.00,18.57,14398.00,999.00,19.70,1108.70,19.40,0.95
2026-06-06T19:12:38,1,3.88,29990.00,18.57,14398.00,999.00,19.70,1089.90,19.39,0.76
2026-06-06T19:12:38,1,3.86,29990.00,18.57,14398.00,999.00,19.70,1074.10,19.40,0.61
2026-06-06T19:12:38,1,3.86,29990.00,18.57,14398.00,999.00,19.68,1057.10,19.40,0.44
2026-06-06T19:12:38,1,3.87,29990.00,18.57,14398.00,999.00,19.69,1040.60,19.40,0.27
2026-06-06T19:12:38,1,3.89,29850.00,18.47,14329.00,999.00,19.68,1029.60,19.40,0.16
2026-06-06T19:12:39,1,3.88,29850.00,18.47,14329.00,999.00,19.68,1019.70,19.40,0.07
2026-06-06T19:12:39,1,3.88,29850.00,18.47,14329.00,999.00,19.68,1016.80,19.40,0.04
2026-06-06T19:12:39,1,3.87,29850.00,18.47,14329.00,999.00,19.67,1017.10,19.40,0.04
2026-06-06T19:12:39,1,3.85,29850.00,18.47,14329.00,999.00,19.64,1016.70,19.40,0.04
2026-06-06T19:12:39,1,3.88,19290.00,11.46,9260.00,999.00,19.61,1017.10,19.41,0.04
2026-06-06T19:12:40,1,3.89,19290.00,11.46,9260.00,999.00,19.58,1017.20,19.40,0.04
2026-06-06T19:12:40,1,3.87,19290.00,11.46,9260.00,999.00,19.54,1016.90,19.41,0.04
2026-06-06T19:12:40,1,3.87,19290.00,11.46,9260.00,999.00,19.52,1016.70,19.40,0.04
2026-06-06T19:12:40,1,3.86,19420.00,11.55,9325.00,999.00,19.47,1016.70,19.40,0.04
2026-06-06T19:12:40,1,3.89,19420.00,11.55,9325.00,999.00,19.43,1017.70,19.41,0.05
2026-06-06T19:12:41,1,3.86,19420.00,11.55,9325.00,999.00,19.40,1016.50,19.41,0.03
2026-06-06T19:12:41,1,3.87,19420.00,11.55,9325.00,999.00,19.35,1017.30,19.41,0.04
2026-06-06T19:12:41,1,3.86,19420.00,11.55,9325.00,999.00,19.30,1016.50,19.41,0.03
2026-06-06T19:12:41,1,3.89,19460.00,11.57,9343.00,999.00,19.24,1016.90,19.41,0.04
2026-06-06T19:12:41,1,3.86,19460.00,11.57,9343.00,999.00,19.18,1016.90,19.40,0.04
2026-06-06T19:12:42,1,3.88,19460.00,11.57,9343.00,999.00,19.13,1017.10,19.41,0.04
2026-06-06T19:12:42,1,3.86,19460.00,11.57,9343.00,999.00,19.09,1016.80,19.40,0.04
2026-06-06T19:12:42,1,3.86,19460.00,11.57,9343.00,999.00,19.06,1017.00,19.40,0.04
2026-06-06T19:12:42,1,3.87,19570.00,11.64,9394.00,999.00,19.02,1017.10,19.40,0.04
2026-06-06T19:12:42,1,3.89,19570.00,11.64,9394.00,999.00,18.96,1017.10,19.40,0.04
2026-06-06T19:12:43,1,3.88,19570.00,11.64,9394.00,999.00,18.90,1017.00,19.40,0.04
2026-06-06T19:12:43,1,3.88,19570.00,11.64,9394.00,999.00,18.79,1017.00,19.40,0.04
2026-06-06T19:12:43,1,3.89,19570.00,11.64,9394.00,999.00,18.72,1016.70,19.40,0.04
2026-06-06T19:12:43,1,3.89,19660.00,11.70,9438.00,999.00,18.65,1016.80,19.40,0.04
2026-06-06T19:12:44,1,3.89,19660.00,11.70,9438.00,999.00,18.61,1016.90,19.39,0.04
2026-06-06T19:12:44,1,3.86,19660.00,11.70,9438.00,999.00,18.58,1016.80,19.39,0.04
2026-06-06T19:12:44,1,3.88,19660.00,11.70,9438.00,999.00,18.54,1016.60,19.39,0.04
2026-06-06T19:12:44,1,3.85,19530.00,11.61,9377.00,999.00,18.49,1016.60,19.37,0.04
2026-06-06T19:12:44,1,3.86,19530.00,11.61,9377.00,999.00,18.44,1016.50,19.38,0.03
2026-06-06T19:12:45,1,3.88,19530.00,11.61,9377.00,999.00,18.39,1017.30,19.38,0.04
2026-06-06T19:12:45,1,3.85,19530.00,11.61,9377.00,999.00,18.33,1016.80,19.37,0.04
2026-06-06T19:12:45,1,3.87,19530.00,11.61,9377.00,999.00,18.27,1016.80,19.37,0.04
2026-06-06T19:12:45,1,3.87,19490.00,11.59,9357.00,999.00,18.23,1016.70,19.36,0.04
2026-06-06T19:12:45,1,3.88,19490.00,11.59,9357.00,999.00,18.17,1016.90,19.36,0.04
2026-06-06T19:12:46,1,3.89,19490.00,11.59,9357.00,999.00,18.10,1017.30,19.36,0.04
2026-06-06T19:12:46,1,3.87,19490.00,11.59,9357.00,999.00,18.02,1017.20,19.34,0.04
2026-06-06T19:12:46,1,3.87,19490.00,11.59,9357.00,999.00,17.96,1016.40,19.35,0.03
2026-06-06T19:12:46,1,3.86,19530.00,11.62,9379.00,999.00,17.92,1016.60,19.34,0.04
2026-06-06T19:12:46,1,3.86,19530.00,11.62,9379.00,999.00,17.87,1016.70,19.34,0.04
2026-06-06T19:12:47,1,3.86,19530.00,11.62,9379.00,999.00,17.83,1016.70,19.33,0.04
2026-06-06T19:12:47,1,3.86,19530.00,11.62,9379.00,999.00,17.81,1016.70,19.33,0.04
2026-06-06T19:12:47,1,3.85,19430.00,11.55,9327.00,999.00,17.80,1017.00,19.33,0.04
2026-06-06T19:12:47,1,3.89,19430.00,11.55,9327.00,999.00,17.77,1016.90,19.33,0.04
2026-06-06T19:12:48,1,3.89,19430.00,11.55,9327.00,999.00,17.75,1016.60,19.32,0.04
2026-06-06T19:12:48,1,3.87,19430.00,11.55,9327.00,999.00,17.74,1016.30,19.32,0.03
2026-06-06T19:12:48,1,3.86,19430.00,11.55,9327.00,999.00,17.73,1016.10,19.31,0.03
2026-06-06T19:12:48,1,3.85,19240.00,11.42,9236.00,999.00,17.70,1016.40,19.31,0.03
2026-06-06T19:12:48,1,3.86,19240.00,11.42,9236.00,999.00,17.68,1016.90,19.30,0.04
2026-06-06T19:12:49,1,3.86,19240.00,11.42,9236.00,999.00,17.68,1016.80,19.30,0.04
2026-06-06T19:12:49,1,3.87,19240.00,11.42,9236.00,999.00,17.65,1016.80,19.30,0.04
2026-06-06T19:12:49,1,3.87,19240.00,11.42,9236.00,999.00,17.60,1016.70,19.29,0.04
2026-06-06T19:12:49,1,3.86,19730.00,11.75,9475.00,999.00,17.55,1017.00,19.29,0.04
2026-06-06T19:12:49,1,3.89,19730.00,11.75,9475.00,999.00,17.49,1016.20,19.28,0.03
2026-06-06T19:12:50,1,3.89,19730.00,11.75,9475.00,999.00,17.46,1016.30,19.27,0.03
2026-06-06T19:12:50,1,3.85,19730.00,11.75,9475.00,999.00,17.43,1016.30,19.27,0.03
2026-06-06T19:12:50,1,3.87,19730.00,11.75,9475.00,999.00,17.40,1016.20,19.27,0.03
2026-06-06T19:12:50,1,3.87,19440.00,11.56,9333.00,999.00,17.38,1016.20,19.27,0.03
2026-06-06T19:12:50,1,3.86,19440.00,11.56,9333.00,999.00,17.37,1016.30,19.26,0.03
2026-06-06T19:12:51,1,3.89,19440.00,11.56,9333.00,999.00,17.34,1016.40,19.25,0.03
2026-06-06T19:12:51,1,3.88,19440.00,11.56,9333.00,999.00,17.33,1016.20,19.25,0.03
2026-06-06T19:12:51,1,3.88,19440.00,11.56,9333.00,999.00,17.32,1016.20,19.25,0.03
2026-06-06T19:12:51,1,3.89,19140.00,11.37,9191.00,999.00,17.29,1016.20,19.24,0.03
2026-06-06T19:12:51,1,3.90,19140.00,11.37,9191.00,999.00,17.26,1016.30,19.24,0.03
2026-06-06T19:12:52,1,3.86,19140.00,11.37,9191.00,999.00,17.24,1016.20,19.23,0.03
2026-06-06T19:12:52,1,3.86,19140.00,11.37,9191.00,999.00,17.21,1016.40,19.23,0.03
2026-06-06T19:12:52,1,3.88,19140.00,11.37,9191.00,999.00,17.19,1016.50,19.22,0.03
2026-06-06T19:12:52,1,3.89,19360.00,11.50,9294.00,999.00,17.16,1016.20,19.22,0.03
2026-06-06T19:12:52,1,3.88,19360.00,11.50,9294.00,999.00,17.13,1016.70,19.22,0.04
2026-06-06T19:12:53,1,3.86,19360.00,11.50,9294.00,999.00,17.12,1016.60,19.21,0.04
2026-06-06T19:12:53,1,3.87,19360.00,11.50,9294.00,999.00,17.08,1016.60,19.21,0.04
2026-06-06T19:12:53,1,3.86,19490.00,11.59,9356.00,999.00,17.06,1016.10,19.20,0.03
2026-06-06T19:12:53,1,3.88,19490.00,11.59,9356.00,999.00,17.04,1016.50,19.20,0.03
2026-06-06T19:12:53,1,3.88,19490.00,11.59,9356.00,999.00,17.02,1016.10,19.19,0.03
2026-06-06T19:12:54,1,3.87,19490.00,11.59,9356.00,999.00,17.01,1016.80,19.19,0.04
2026-06-06T19:12:54,1,3.85,19490.00,11.59,9356.00,999.00,16.99,1016.30,19.19,0.03
2026-06-06T19:12:54,1,3.84,19040.00,11.30,9143.00,999.00,16.98,1016.20,19.18,0.03
2026-06-06T19:12:54,1,3.88,19040.00,11.30,9143.00,999.00,16.97,1016.00,19.18,0.03
2026-06-06T19:12:54,1,3.89,19040.00,11.30,9143.00,999.00,16.95,1015.90,19.17,0.03
2026-06-06T19:12:55,1,3.86,19040.00,11.30,9143.00,999.00,16.95,1016.30,19.17,0.03
2026-06-06T19:12:55,1,3.88,19040.00,11.30,9143.00,999.00,16.92,1016.40,19.17,0.03
2026-06-06T19:12:55,1,3.88,19130.00,11.35,9184.00,999.00,16.90,1015.90,19.16,0.03
2026-06-06T19:12:55,1,3.90,19130.00,11.35,9184.00,999.00,16.85,1016.00,19.16,0.03
2026-06-06T19:12:56,1,3.87,19130.00,11.35,9184.00,999.00,16.83,1015.80,19.16,0.03
2026-06-06T19:12:56,1,3.87,19130.00,11.35,9184.00,999.00,16.80,1016.20,19.15,0.03
2026-06-06T19:12:56,1,3.85,19130.00,11.35,9184.00,999.00,16.77,1016.20,19.15,0.03
2026-06-06T19:12:56,1,3.88,18980.00,11.26,9111.00,999.00,16.75,1016.40,19.15,0.03
2026-06-06T19:12:56,1,3.89,18980.00,11.26,9111.00,999.00,16.72,1016.40,19.14,0.03
2026-06-06T19:12:57,1,3.87,18980.00,11.26,9111.00,999.00,16.69,1016.00,19.14,0.03
2026-06-06T19:12:57,1,3.86,18980.00,11.26,9111.00,999.00,16.66,1016.20,19.14,0.03
2026-06-06T19:12:57,1,3.85,18980.00,11.26,9111.00,999.00,16.64,1016.30,19.13,0.03
2026-06-06T19:12:57,1,3.87,18980.00,11.26,9111.00,999.00,16.62,1016.30,19.12,0.03
2026-06-06T19:12:57,1,3.88,18980.00,11.26,9111.00,999.00,16.60,1016.20,19.12,0.03
2026-06-06T19:12:58,1,3.85,18980.00,11.26,9111.00,999.00,16.59,1015.80,19.12,0.03
2026-06-06T19:12:58,1,3.87,18980.00,11.26,9111.00,999.00,16.56,1016.10,19.12,0.03
2026-06-06T19:12:58,1,3.86,9917.00,5.58,4760.00,999.00,16.53,1016.50,19.11,0.03
2026-06-06T19:12:58,1,3.88,9917.00,5.58,4760.00,999.00,16.47,1016.50,19.10,0.03
2026-06-06T19:12:58,1,3.88,9917.00,5.58,4760.00,999.00,16.44,1016.50,19.10,0.03
2026-06-06T19:12:59,1,3.86,9917.00,5.58,4760.00,999.00,16.40,1015.90,19.10,0.03
2026-06-06T19:12:59,1,3.84,9917.00,5.58,4760.00,999.00,16.34,1015.70,19.10,0.03
2026-06-06T19:12:59,1,3.89,8209.00,4.55,3941.00,999.00,16.31,1016.40,19.09,0.03
2026-06-06T19:12:59,1,3.89,8209.00,4.55,3941.00,999.00,16.29,1016.40,19.09,0.03
2026-06-06T19:13:00,1,3.88,8209.00,4.55,3941.00,999.00,16.27,1016.40,19.08,0.03
2026-06-06T19:13:00,1,3.88,8209.00,4.55,3941.00,999.00,16.26,1016.40,19.08,0.03
2026-06-06T19:13:00,1,3.88,1672.00,0.84,803.00,999.00,16.25,1016.30,19.08,0.03
2026-06-06T19:13:00,1,3.88,1672.00,0.84,803.00,999.00,16.23,1015.80,19.07,0.03
2026-06-06T19:13:00,1,3.86,1672.00,0.84,803.00,999.00,16.22,1016.80,19.07,0.04
2026-06-06T19:13:01,1,3.86,1672.00,0.84,803.00,999.00,16.20,1016.40,19.06,0.03
2026-06-06T19:13:01,1,3.84,1672.00,0.84,803.00,999.00,16.19,1016.50,19.06,0.03
2026-06-06T19:13:01,1,3.86,2144.00,1.09,1030.00,999.00,16.19,1016.40,19.06,0.03
2026-06-06T19:13:01,1,3.86,2144.00,1.09,1030.00,999.00,16.18,1016.40,19.05,0.03
2026-06-06T19:13:01,1,3.86,2144.00,1.09,1030.00,999.00,16.16,1016.50,19.05,0.03
2026-06-06T19:13:02,1,3.86,2144.00,1.09,1030.00,999.00,16.15,1016.10,19.04,0.03
2026-06-06T19:13:02,1,3.85,2144.00,1.09,1030.00,999.00,16.14,1016.40,19.04,0.03
2026-06-06T19:13:02,1,3.88,2190.00,1.12,1051.00,999.00,16.14,1016.40,19.04,0.03
2026-06-06T19:13:02,1,3.89,2190.00,1.12,1051.00,999.00,16.14,1016.30,19.04,0.03
2026-06-06T19:13:02,1,3.88,2190.00,1.12,1051.00,999.00,16.12,1016.40,19.03,0.03
2026-06-06T19:13:03,1,3.86,2190.00,1.12,1051.00,999.00,16.11,1016.30,19.03,0.03
2026-06-06T19:13:03,1,3.85,2190.00,1.12,1051.00,999.00,16.11,1016.40,19.02,0.03
2026-06-06T19:13:03,1,3.89,2401.00,1.23,1153.00,999.00,16.11,1016.30,19.02,0.03
2026-06-06T19:13:03,1,3.88,2401.00,1.23,1153.00,999.00,16.10,1016.30,19.02,0.03
2026-06-06T19:13:03,1,3.87,2401.00,1.23,1153.00,999.00,16.10,1016.60,19.02,0.04
2026-06-06T19:13:04,1,3.86,2401.00,1.23,1153.00,999.00,16.10,1016.10,19.01,0.03
2026-06-06T19:13:04,1,3.88,2401.00,1.23,1153.00,999.00,16.08,1016.40,19.01,0.03
2026-06-06T19:13:04,1,3.89,1799.00,0.91,864.00,999.00,16.07,1016.40,19.01,0.03
2026-06-06T19:13:04,1,3.88,1799.00,0.91,864.00,999.00,16.06,1015.90,19.00,0.03
2026-06-06T19:13:04,1,3.88,1799.00,0.91,864.00,999.00,16.04,1016.30,19.00,0.03
2026-06-06T19:13:05,1,3.86,1799.00,0.91,864.00,999.00,16.03,1016.00,18.99,0.03
2026-06-06T19:13:05,1,3.87,1799.00,0.91,864.00,999.00,16.01,1015.90,18.99,0.03
2026-06-06T19:13:05,1,3.86,1312.00,0.65,630.00,999.00,16.00,1016.70,18.99,0.04
2026-06-06T19:13:05,1,3.86,1312.00,0.65,630.00,999.00,15.98,1016.10,18.99,0.03
2026-06-06T19:13:05,1,3.85,1312.00,0.65,630.00,999.00,15.97,1016.30,18.98,0.03
2026-06-06T19:13:06,1,3.88,1312.00,0.65,630.00,999.00,15.95,1016.50,18.98,0.03
2026-06-06T19:13:06,1,3.85,2197.00,1.12,1055.00,999.00,15.93,1016.40,18.98,0.03
2026-06-06T19:13:06,1,3.88,2197.00,1.12,1055.00,999.00,15.92,1016.70,18.97,0.04
2026-06-06T19:13:06,1,3.87,2197.00,1.12,1055.00,999.00,15.90,1016.60,18.97,0.04
2026-06-06T19:13:06,1,3.85,2197.00,1.12,1055.00,999.00,15.90,1016.40,18.97,0.03
2026-06-06T19:13:07,1,3.85,2197.00,1.12,1055.00,999.00,15.88,1016.40,18.96,0.03
2026-06-06T19:13:07,1,3.88,2749.00,1.42,1320.00,999.00,15.86,1016.50,18.95,0.03
2026-06-06T19:13:07,1,3.89,2749.00,1.42,1320.00,999.00,15.84,1016.60,18.95,0.04
2026-06-06T19:13:07,1,3.89,2749.00,1.42,1320.00,999.00,15.83,1016.10,18.95,0.03
2026-06-06T19:13:08,1,3.86,2749.00,1.42,1320.00,999.00,15.83,1016.90,18.94,0.04
2026-06-06T19:13:08,1,3.87,2749.00,1.42,1320.00,999.00,15.82,1016.70,18.94,0.04
2026-06-06T19:13:08,1,3.88,2473.00,1.27,1187.00,999.00,15.82,1016.60,18.94,0.04
2026-06-06T19:13:08,1,3.88,2473.00,1.27,1187.00,999.00,15.81,1016.40,18.93,0.03
2026-06-06T19:13:08,1,3.87,2473.00,1.27,1187.00,999.00,15.81,1016.50,18.93,0.03
2026-06-06T19:13:09,1,3.87,2473.00,1.27,1187.00,999.00,15.81,1016.50,18.93,0.03
2026-06-06T19:13:09,1,3.85,2473.00,1.27,1187.00,999.00,15.81,1016.50,18.92,0.03
2026-06-06T19:13:09,1,3.87,2478.00,1.27,1190.00,999.00,15.81,1016.30,18.92,0.03
2026-06-06T19:13:09,1,3.88,2478.00,1.27,1190.00,999.00,15.81,1016.50,18.92,0.03
2026-06-06T19:13:09,1,3.86,2478.00,1.27,1190.00,999.00,15.81,1016.80,18.92,0.04
2026-06-06T19:13:10,1,3.86,2478.00,1.27,1190.00,999.00,15.81,1016.50,18.91,0.03
2026-06-06T19:13:10,1,3.86,2478.00,1.27,1190.00,999.00,15.81,1016.60,18.91,0.04
2026-06-06T19:13:10,1,3.88,2484.00,1.28,1193.00,999.00,15.82,1016.30,18.89,0.03
2026-06-06T19:13:10,1,3.87,2484.00,1.28,1193.00,999.00,15.82,1016.50,18.90,0.03
2026-06-06T19:13:10,1,3.86,2484.00,1.28,1193.00,999.00,15.83,1016.50,18.90,0.03
2026-06-06T19:13:11,1,3.85,2484.00,1.28,1193.00,999.00,15.83,1016.70,18.89,0.04
2026-06-06T19:13:11,1,3.87,2445.00,1.26,1174.00,999.00,15.83,1016.40,18.88,0.03
2026-06-06T19:13:11,1,3.86,2445.00,1.26,1174.00,999.00,15.83,1016.20,18.88,0.03
2026-06-06T19:13:11,1,3.85,2445.00,1.26,1174.00,999.00,15.83,1016.30,18.88,0.03
2026-06-06T19:13:12,1,3.86,2445.00,1.26,1174.00,999.00,15.83,1016.30,18.88,0.03
2026-06-06T19:13:12,1,3.86,2445.00,1.26,1174.00,999.00,15.83,1016.40,18.88,0.03
2026-06-06T19:13:12,1,3.88,2390.00,1.23,1147.00,999.00,15.83,1016.60,18.88,0.04
2026-06-06T19:13:12,1,3.89,2390.00,1.23,1147.00,999.00,15.83,1016.60,18.87,0.04
2026-06-06T19:13:12,1,3.89,2390.00,1.23,1147.00,999.00,15.83,1016.30,18.87,0.03
2026-06-06T19:13:13,1,3.87,2390.00,1.23,1147.00,999.00,15.83,1016.90,18.87,0.04
2026-06-06T19:13:13,1,3.87,2496.00,1.28,1198.00,999.00,15.83,1016.40,18.86,0.03
2026-06-06T19:13:13,1,3.87,2496.00,1.28,1198.00,999.00,15.83,1016.70,18.86,0.04
2026-06-06T19:13:13,1,3.86,2496.00,1.28,1198.00,999.00,15.83,1017.10,18.86,0.04
2026-06-06T19:13:13,1,3.88,2496.00,1.28,1198.00,999.00,15.83,1016.50,18.86,0.03
2026-06-06T19:13:14,1,3.87,2496.00,1.28,1198.00,999.00,15.83,1016.30,18.85,0.03
2026-06-06T19:13:14,1,3.88,2473.00,1.27,1187.00,999.00,15.83,1016.40,18.85,0.03
2026-06-06T19:13:14,1,3.86,2473.00,1.27,1187.00,999.00,15.83,1016.50,18.85,0.03
2026-06-06T19:13:14,1,3.86,2473.00,1.27,1187.00,999.00,15.83,1016.70,18.85,0.04
2026-06-06T19:13:14,1,3.88,2473.00,1.27,1187.00,999.00,15.83,1016.90,18.84,0.04
2026-06-06T19:13:15,1,3.86,2473.00,1.27,1187.00,999.00,15.83,1016.30,18.84,0.03
2026-06-06T19:13:15,1,3.87,2511.00,1.29,1206.00,999.00,15.83,1016.60,18.84,0.04
2026-06-06T19:13:15,1,3.87,2511.00,1.29,1206.00,999.00,15.83,1016.30,18.84,0.03
2026-06-06T19:13:15,1,3.88,2511.00,1.29,1206.00,999.00,15.84,1016.50,18.83,0.03
2026-06-06T19:13:15,1,3.86,2511.00,1.29,1206.00,999.00,15.83,1016.20,18.83,0.03
2026-06-06T19:13:16,1,3.86,2511.00,1.29,1206.00,999.00,15.83,1016.80,18.83,0.04
2026-06-06T19:13:16,1,3.88,2464.00,1.27,1183.00,999.00,15.83,1016.60,18.83,0.04
2026-06-06T19:13:16,1,3.88,2464.00,1.27,1183.00,999.00,15.83,1016.70,18.82,0.04
2026-06-06T19:13:16,1,3.87,2464.00,1.27,1183.00,999.00,15.83,1017.10,18.82,0.04
2026-06-06T19:13:16,1,3.86,2464.00,1.27,1183.00,999.00,15.83,1016.80,18.81,0.04
2026-06-06T19:13:17,1,3.86,2464.00,1.27,1183.00,999.00,15.83,1016.40,18.82,0.03
2026-06-06T19:13:17,1,3.86,2362.00,1.21,1134.00,999.00,15.83,1016.40,18.81,0.03
2026-06-06T19:13:17,1,3.89,2362.00,1.21,1134.00,999.00,15.83,1016.80,18.81,0.04
2026-06-06T19:13:17,1,3.88,2362.00,1.21,1134.00,999.00,15.82,1016.10,18.81,0.03
2026-06-06T19:13:17,1,3.86,2362.00,1.21,1134.00,999.00,15.81,1016.40,18.80,0.03
2026-06-06T19:13:18,1,3.86,2362.00,1.21,1134.00,999.00,15.80,1016.70,18.80,0.04
2026-06-06T19:13:18,1,3.88,2330.00,1.19,1119.00,999.00,15.79,1016.90,18.80,0.04
2026-06-06T19:13:18,1,3.87,2330.00,1.19,1119.00,999.00,15.76,1016.30,18.79,0.03
2026-06-06T19:13:18,1,3.86,2330.00,1.19,1119.00,999.00,15.73,1016.20,18.79,0.03
2026-06-06T19:13:18,1,3.84,2330.00,1.19,1119.00,999.00,15.72,1016.70,18.79,0.04
2026-06-06T19:13:19,1,3.87,2437.00,1.25,1170.00,999.00,15.71,1016.40,18.79,0.03
2026-06-06T19:13:19,1,3.88,2437.00,1.25,1170.00,999.00,15.69,1016.50,18.78,0.03
2026-06-06T19:13:19,1,3.88,2437.00,1.25,1170.00,999.00,15.68,1016.30,18.78,0.03
2026-06-06T19:13:19,1,3.86,2437.00,1.25,1170.00,999.00,15.68,1016.40,18.78,0.03
2026-06-06T19:13:20,1,3.86,2437.00,1.25,1170.00,999.00,15.66,1016.60,18.78,0.04
2026-06-06T19:13:20,1,3.86,2231.00,1.14,1071.00,999.00,15.66,1016.80,18.78,0.04
2026-06-06T19:13:20,1,3.87,2231.00,1.14,1071.00,999.00,15.64,1016.80,18.77,0.04
2026-06-06T19:13:20,1,3.86,2231.00,1.14,1071.00,999.00,15.64,1016.00,18.77,0.03
2026-06-06T19:13:20,1,3.85,2231.00,1.14,1071.00,999.00,15.63,1016.60,18.77,0.04
2026-06-06T19:13:21,1,3.88,2231.00,1.14,1071.00,999.00,15.62,1016.30,18.77,0.03
2026-06-06T19:13:21,1,3.87,2320.00,1.19,1114.00,999.00,15.61,1016.60,18.76,0.04
2026-06-06T19:13:21,1,3.88,2320.00,1.19,1114.00,999.00,15.62,1016.60,18.76,0.04
2026-06-06T19:13:21,1,3.89,2320.00,1.19,1114.00,999.00,15.61,1016.30,18.76,0.03
2026-06-06T19:13:21,1,3.87,2320.00,1.19,1114.00,999.00,15.61,1016.40,18.75,0.03
2026-06-06T19:13:22,1,3.88,2320.00,1.19,1114.00,999.00,15.61,1016.60,18.75,0.04
2026-06-06T19:13:22,1,3.88,2374.00,1.22,1140.00,999.00,15.61,1016.40,18.75,0.03
2026-06-06T19:13:22,1,3.89,2374.00,1.22,1140.00,999.00,15.60,1016.30,18.74,0.03
2026-06-06T19:13:22,1,3.89,2374.00,1.22,1140.00,999.00,15.60,1016.50,18.74,0.03
2026-06-06T19:13:22,1,3.87,2374.00,1.22,1140.00,999.00,15.60,1016.60,18.74,0.04
2026-06-06T19:13:23,1,3.86,2374.00,1.22,1140.00,999.00,15.60,1016.70,18.73,0.04
2026-06-06T19:13:23,1,3.89,2341.00,1.20,1124.00,999.00,15.59,1016.50,18.73,0.03
2026-06-06T19:13:23,1,3.89,2341.00,1.20,1124.00,999.00,15.59,1016.60,18.72,0.04
2026-06-06T19:13:23,1,3.88,2341.00,1.20,1124.00,999.00,15.58,1016.90,18.71,0.04
2026-06-06T19:13:24,1,3.88,2341.00,1.20,1124.00,999.00,15.58,1016.60,18.72,0.04
2026-06-06T19:13:24,1,3.86,2341.00,1.20,1124.00,999.00,15.58,1016.60,18.72,0.04
2026-06-06T19:13:24,1,3.89,2341.00,1.20,1124.00,999.00,15.57,1016.00,18.72,0.03
2026-06-06T19:13:24,1,3.89,2341.00,1.20,1124.00,999.00,15.58,1016.70,18.71,0.04
2026-06-06T19:13:24,1,3.87,2341.00,1.20,1124.00,999.00,15.57,1016.40,18.71,0.03
2026-06-06T19:13:25,1,3.87,2341.00,1.20,1124.00,999.00,15.57,1016.70,18.71,0.04
2026-06-06T19:13:25,1,3.87,2308.00,1.18,1108.00,999.00,15.56,1016.40,18.71,0.03
2026-06-06T19:13:25,1,3.87,2308.00,1.18,1108.00,999.00,15.56,1016.50,18.70,0.03
2026-06-06T19:13:25,1,3.86,2308.00,1.18,1108.00,999.00,15.56,1016.60,18.70,0.04
2026-06-06T19:13:25,1,3.85,2308.00,1.18,1108.00,999.00,15.56,1016.40,18.70,0.03
2026-06-06T19:13:26,1,3.85,2308.00,1.18,1108.00,999.00,15.56,1016.40,18.70,0.03
2026-06-06T19:13:26,1,3.88,2322.00,1.19,1115.00,999.00,15.56,1016.50,18.69,0.03
2026-06-06T19:13:26,1,3.87,2322.00,1.19,1115.00,999.00,15.55,1016.60,18.69,0.04
2026-06-06T19:13:26,1,3.86,2322.00,1.19,1115.00,999.00,15.55,1016.30,18.69,0.03
2026-06-06T19:13:26,1,3.85,2322.00,1.19,1115.00,999.00,15.55,1016.20,18.68,0.03
2026-06-06T19:13:27,1,3.86,2353.00,1.21,1130.00,999.00,15.55,1016.80,18.68,0.04
2026-06-06T19:13:27,1,3.86,2353.00,1.21,1130.00,999.00,15.55,1016.80,18.68,0.04
2026-06-06T19:13:27,1,3.89,2353.00,1.21,1130.00,999.00,15.55,1016.40,18.68,0.03
2026-06-06T19:13:27,1,3.88,2353.00,1.21,1130.00,999.00,15.55,1016.40,18.67,0.03
2026-06-06T19:13:27,1,3.86,2353.00,1.21,1130.00,999.00,15.55,1016.50,18.67,0.03
2026-06-06T19:13:28,1,3.88,2363.00,1.21,1134.00,999.00,15.55,1016.40,18.67,0.03
2026-06-06T19:13:28,1,3.88,2363.00,1.21,1134.00,999.00,15.54,1016.20,18.66,0.03
2026-06-06T19:13:28,1,3.88,2363.00,1.21,1134.00,999.00,15.54,1016.40,18.66,0.03
2026-06-06T19:13:28,1,3.87,2363.00,1.21,1134.00,999.00,15.55,1016.70,18.66,0.04
2026-06-06T19:13:28,1,3.88,2363.00,1.21,1134.00,999.00,15.54,1016.80,18.66,0.04
2026-06-06T19:13:29,1,3.85,2197.00,1.12,1055.00,999.00,15.54,1015.80,18.65,0.03
2026-06-06T19:13:29,1,3.86,2197.00,1.12,1055.00,999.00,15.53,1016.10,18.65,0.03
2026-06-06T19:13:29,1,3.86,2197.00,1.12,1055.00,999.00,15.55,1016.40,18.65,0.03
2026-06-06T19:13:29,1,3.87,2197.00,1.12,1055.00,999.00,15.54,1016.40,18.65,0.03
2026-06-06T19:13:29,1,3.87,2197.00,1.12,1055.00,999.00,15.54,1016.90,18.64,0.04
2026-06-06T19:13:30,1,3.89,2399.00,1.23,1152.00,999.00,15.55,1015.90,18.64,0.03
2026-06-06T19:13:30,1,3.87,2399.00,1.23,1152.00,999.00,15.56,1016.10,18.64,0.03
2026-06-06T19:13:30,1,3.86,2399.00,1.23,1152.00,999.00,15.56,1016.10,18.64,0.03
2026-06-06T19:13:30,1,3.86,2399.00,1.23,1152.00,999.00,15.56,1016.30,18.64,0.03
2026-06-06T19:13:30,1,3.86,2399.00,1.23,1152.00,999.00,15.55,1016.30,18.64,0.03
2026-06-06T19:13:31,1,3.87,2399.00,1.23,1152.00,999.00,15.55,1016.80,18.63,0.04
2026-06-06T19:13:31,1,3.89,2399.00,1.23,1152.00,999.00,15.56,1016.00,18.63,0.03
2026-06-06T19:13:31,1,3.86,2399.00,1.23,1152.00,999.00,15.56,1016.60,18.63,0.04
2026-06-06T19:13:31,1,3.88,2399.00,1.23,1152.00,999.00,15.55,1016.60,18.63,0.04
2026-06-06T19:13:32,1,3.86,2396.00,1.23,1150.00,999.00,15.56,1016.50,18.62,0.03
2026-06-06T19:13:32,1,3.89,2396.00,1.23,1150.00,999.00,15.56,1016.10,18.62,0.03
2026-06-06T19:13:32,1,3.86,2396.00,1.23,1150.00,999.00,15.56,1016.20,18.62,0.03
2026-06-06T19:13:32,1,3.88,2396.00,1.23,1150.00,999.00,15.56,1015.90,18.62,0.03
2026-06-06T19:13:32,1,3.85,2396.00,1.23,1150.00,999.00,15.55,1016.40,18.62,0.03
2026-06-06T19:13:33,1,3.86,2301.00,1.18,1105.00,999.00,15.56,1016.70,18.61,0.04
2026-06-06T19:13:33,1,3.86,2301.00,1.18,1105.00,999.00,15.56,1016.40,18.61,0.03
2026-06-06T19:13:33,1,3.88,2301.00,1.18,1105.00,999.00,15.54,1016.40,18.61,0.03
2026-06-06T19:13:33,1,3.85,2301.00,1.18,1105.00,999.00,15.53,1016.50,18.61,0.03
2026-06-06T19:13:33,1,3.88,2301.00,1.18,1105.00,999.00,15.53,1016.00,18.61,0.03
2026-06-06T19:13:34,1,3.88,1855.00,0.94,891.00,999.00,15.52,1016.70,18.60,0.04
2026-06-06T19:13:34,1,3.88,1855.00,0.94,891.00,999.00,15.49,1016.10,18.60,0.03
2026-06-06T19:13:34,1,3.89,1855.00,0.94,891.00,999.00,15.47,1016.30,18.60,0.03
2026-06-06T19:13:34,1,3.88,1855.00,0.94,891.00,999.00,15.46,1016.30,18.60,0.03
2026-06-06T19:13:34,1,3.86,1855.00,0.94,891.00,999.00,15.45,1016.50,18.59,0.03
2026-06-06T19:13:35,1,3.88,2070.00,1.05,994.00,999.00,15.44,1016.90,18.59,0.04
2026-06-06T19:13:35,1,3.86,2070.00,1.05,994.00,999.00,15.42,1016.30,18.59,0.03
2026-06-06T19:13:35,1,3.87,2070.00,1.05,994.00,999.00,15.40,1016.10,18.59,0.03
2026-06-06T19:13:35,1,3.88,2070.00,1.05,994.00,999.00,15.39,1016.60,18.59,0.04
2026-06-06T19:13:35,1,3.87,2070.00,1.05,994.00,999.00,15.37,1017.10,18.59,0.04
2026-06-06T19:13:36,1,3.86,2448.00,1.26,1175.00,999.00,15.35,1016.60,18.58,0.04
2026-06-06T19:13:36,1,3.85,2448.00,1.26,1175.00,999.00,15.33,1016.50,18.57,0.03
2026-06-06T19:13:36,1,3.86,2448.00,1.26,1175.00,999.00,15.32,1016.00,18.56,0.03
2026-06-06T19:13:36,1,3.87,2448.00,1.26,1175.00,999.00,15.30,1016.80,18.57,0.04
2026-06-06T19:13:37,1,3.86,2320.00,1.19,1114.00,999.00,15.28,1016.90,18.57,0.04
2026-06-06T19:13:37,1,3.88,2320.00,1.19,1114.00,999.00,15.27,1016.50,18.56,0.03
2026-06-06T19:13:37,1,3.88,2320.00,1.19,1114.00,999.00,15.26,1016.40,18.56,0.03
2026-06-06T19:13:37,1,3.86,2320.00,1.19,1114.00,999.00,15.25,1016.40,18.56,0.03
2026-06-06T19:13:37,1,3.87,2320.00,1.19,1114.00,999.00,15.24,1016.40,18.56,0.03
2026-06-06T19:13:38,1,3.88,2340.00,1.20,1123.00,999.00,15.24,1016.90,18.56,0.04
2026-06-06T19:13:38,1,3.88,2340.00,1.20,1123.00,999.00,15.21,1016.50,18.55,0.03
2026-06-06T19:13:38,1,3.89,2340.00,1.20,1123.00,999.00,15.19,1016.50,18.55,0.03
2026-06-06T19:13:38,1,3.89,2340.00,1.20,1123.00,999.00,15.17,1016.40,18.55,0.03
2026-06-06T19:13:38,1,3.88,2340.00,1.20,1123.00,999.00,15.17,1016.30,18.55,0.03
2026-06-06T19:13:39,1,3.88,2671.00,1.38,1282.00,999.00,15.15,1016.50,18.54,0.03
2026-06-06T19:13:39,1,3.88,2671.00,1.38,1282.00,999.00,15.13,1016.60,18.54,0.04
2026-06-06T19:13:39,1,3.86,2671.00,1.38,1282.00,999.00,15.12,1016.90,18.54,0.04
2026-06-06T19:13:39,1,3.86,2671.00,1.38,1282.00,999.00,15.10,1016.80,18.53,0.04
2026-06-06T19:13:39,1,3.88,2320.00,1.19,1114.00,999.00,15.09,1016.20,18.53,0.03
2026-06-06T19:13:40,1,3.87,2320.00,1.19,1114.00,999.00,15.09,1016.80,18.53,0.04
2026-06-06T19:13:40,1,3.86,2320.00,1.19,1114.00,999.00,15.09,1016.90,18.53,0.04
2026-06-06T19:13:40,1,3.88,2320.00,1.19,1114.00,999.00,15.08,1016.40,18.52,0.03
2026-06-06T19:13:40,1,3.88,2320.00,1.19,1114.00,999.00,15.07,1016.60,18.53,0.04
2026-06-06T19:13:40,1,3.87,2581.00,1.33,1239.00,999.00,15.06,1016.40,18.52,0.03
2026-06-06T19:13:41,1,3.86,2581.00,1.33,1239.00,999.00,15.05,1016.50,18.52,0.03
2026-06-06T19:13:41,1,3.86,2581.00,1.33,1239.00,999.00,15.04,1016.80,18.51,0.04
2026-06-06T19:13:41,1,3.87,2581.00,1.33,1239.00,999.00,15.04,1017.30,18.49,0.04
2026-06-06T19:13:41,1,3.86,2624.00,1.35,1260.00,999.00,15.04,1017.30,18.49,0.04
2026-06-06T19:13:42,1,3.88,2624.00,1.35,1260.00,999.00,15.02,1017.30,18.48,0.04
2026-06-06T19:13:42,1,3.88,2624.00,1.35,1260.00,999.00,15.02,1016.50,18.48,0.03
2026-06-06T19:13:42,1,3.86,2624.00,1.35,1260.00,999.00,15.02,1017.30,18.48,0.04
2026-06-06T19:13:42,1,3.88,2624.00,1.35,1260.00,999.00,15.01,1017.10,18.47,0.04
2026-06-06T19:13:42,1,3.88,2569.00,1.32,1233.00,999.00,15.00,1017.10,18.45,0.04
2026-06-06T19:13:43,1,3.89,2569.00,1.32,1233.00,999.00,14.98,1017.30,18.45,0.04
