time,deviceMode,vBat,ec,sal,tds,slowDallasTemp,fastBRTemp,slowBRPres,slowBRTemp,slowBRDepth
2026-06-05T18:14:13,1,3.86,999.00,999.00,999.00,999.00,24.79,1017.30,24.56,0.04
2026-06-05T18:14:16,1,3.85,999.00,999.00,999.00,999.00,24.79,1017.10,24.59,0.04
2026-06-05T18:14:16,1,3.92,10.68,0.00,5.00,999.00,24.83,1017.40,24.61,0.04
2026-06-05T18:14:16,1,3.90,10.68,0.00,5.00,999.00,24.85,1016.90,24.61,0.04
2026-06-05T18:14:17,1,3.90,10.68,0.00,5.00,999.00,24.88,1017.10,24.61,0.04
2026-06-05T18:14:17,1,3.88,10.46,0.00,5.00,999.00,24.91,1016.90,24.62,0.04
2026-06-05T18:14:17,1,3.90,10.46,0.00,5.00,999.00,24.93,1017.20,24.62,0.04
2026-06-05T18:14:17,1,3.89,10.46,0.00,5.00,999.00,24.96,1017.10,24.62,0.04
2026-06-05T18:14:17,1,3.88,10.46,0.00,5.00,999.00,24.98,1017.00,24.62,0.04
2026-06-05T18:14:18,1,3.88,10.46,0.00,5.00,999.00,25.02,1017.50,24.62,0.04
2026-06-05T18:14:18,1,3.87,10.68,0.00,5.00,999.00,25.04,1016.60,24.62,0.04
2026-06-05T18:14:18,1,3.90,10.68,0.00,5.00,999.00,25.06,1017.50,24.62,0.04
2026-06-05T18:14:18,1,3.90,10.68,0.00,5.00,999.00,25.09,1017.00,24.62,0.04
2026-06-05T18:14:18,1,3.89,10.68,0.00,5.00,999.00,25.10,1017.10,24.62,0.04
2026-06-05T18:14:19,1,3.90,10.68,0.00,5.00,999.00,25.10,1017.00,24.62,0.04
2026-06-05T18:14:19,1,3.88,10.23,0.00,5.00,999.00,25.11,1017.10,24.62,0.04
2026-06-05T18:14:19,1,3.88,10.23,0.00,5.00,999.00,25.13,1016.80,24.62,0.04
2026-06-05T18:14:19,1,3.86,10.23,0.00,5.00,999.00,25.15,1017.00,24.62,0.04
2026-06-05T18:14:19,1,3.90,10.23,0.00,5.00,999.00,25.16,1016.90,24.62,0.04
2026-06-05T18:14:20,1,3.90,10.68,0.00,5.00,999.00,25.15,1016.80,24.62,0.04
2026-06-05T18:14:20,1,3.88,10.68,0.00,5.00,999.00,25.16,1017.20,24.62,0.04
2026-06-05T18:14:20,1,3.88,10.68,0.00,5.00,999.00,25.15,1017.30,24.62,0.04
2026-06-05T18:14:20,1,3.91,10.68,0.00,5.00,999.00,25.16,1016.80,24.62,0.04
2026-06-05T18:14:20,1,3.86,10.68,0.00,5.00,999.00,25.19,1017.00,24.62,0.04
2026-06-05T18:14:21,1,3.88,10.91,0.00,5.00,999.00,25.23,1016.70,24.61,0.04
2026-06-05T18:14:21,1,3.89,10.91,0.00,5.00,999.00,25.28,1017.10,24.61,0.04
2026-06-05T18:14:21,1,3.90,10.91,0.00,5.00,999.00,25.30,1017.10,24.62,0.04
2026-06-05T18:14:21,1,3.90,10.91,0.00,5.00,999.00,25.30,1017.30,24.62,0.04
2026-06-05T18:14:21,1,3.86,10.91,0.00,5.00,999.00,25.29,1017.10,24.61,0.04
2026-06-05T18:14:22,1,3.85,11.13,0.00,5.00,999.00,25.27,1017.10,24.62,0.04
2026-06-05T18:14:22,1,3.90,11.13,0.00,5.00,999.00,25.24,1017.30,24.61,0.04
2026-06-05T18:14:22,1,3.89,11.13,0.00,5.00,999.00,25.23,1017.50,24.61,0.04
2026-06-05T18:14:22,1,3.89,11.13,0.00,5.00,999.00,25.22,1017.20,24.61,0.04
2026-06-05T18:14:22,1,3.88,11.13,0.00,5.00,999.00,25.21,1017.00,24.61,0.04
2026-06-05T18:14:23,1,3.90,11.13,0.00,5.00,999.00,25.20,1017.10,24.61,0.04
2026-06-05T18:14:23,1,3.88,11.13,0.00,5.00,999.00,25.20,1017.00,24.61,0.04
2026-06-05T18:14:23,1,3.90,11.13,0.00,5.00,999.00,25.19,1017.50,24.61,0.04
2026-06-05T18:14:23,1,3.90,11.13,0.00,5.00,999.00,25.19,1017.20,24.61,0.04
2026-06-05T18:14:23,1,3.90,11.14,0.00,5.00,999.00,25.18,1016.90,24.61,0.04
2026-06-05T18:14:24,1,3.89,11.14,0.00,5.00,999.00,25.18,1016.50,24.61,0.03
2026-06-05T18:14:24,1,3.88,11.14,0.00,5.00,999.00,25.18,1017.30,24.61,0.04
2026-06-05T18:14:24,1,3.88,11.14,0.00,5.00,999.00,25.17,1017.20,24.61,0.04
2026-06-05T18:14:24,1,3.90,11.14,0.00,5.00,999.00,25.17,1016.90,24.61,0.04
2026-06-05T18:14:25,1,3.91,10.91,0.00,5.00,999.00,25.17,1017.10,24.61,0.04
2026-06-05T18:14:25,1,3.89,10.91,0.00,5.00,999.00,25.17,1017.00,24.61,0.04
2026-06-05T18:14:25,1,3.89,10.91,0.00,5.00,999.00,25.18,1016.70,24.61,0.04
2026-06-05T18:14:25,1,3.86,10.91,0.00,5.00,999.00,25.18,1016.90,24.61,0.04
2026-06-05T18:14:25,1,3.90,10.91,0.00,5.00,999.00,25.18,1017.20,24.61,0.04
2026-06-05T18:14:26,1,3.88,10.91,0.00,5.00,999.00,25.18,1016.90,24.61,0.04
2026-06-05T18:14:26,1,3.89,10.91,0.00,5.00,999.00,25.19,1016.80,24.60,0.04
2026-06-05T18:14:26,1,3.86,10.91,0.00,5.00,999.00,25.19,1016.90,24.61,0.04
2026-06-05T18:14:26,1,3.90,10.91,0.00,5.00,999.00,25.19,1016.90,24.60,0.04
2026-06-05T18:14:26,1,3.88,10.91,0.00,5.00,999.00,25.19,1016.40,24.61,0.03
2026-06-05T18:14:27,1,3.89,11.13,0.00,5.00,999.00,25.19,1016.90,24.61,0.04
2026-06-05T18:14:27,1,3.86,11.13,0.00,5.00,999.00,25.19,1016.90,24.61,0.04
2026-06-05T18:14:27,1,3.89,11.13,0.00,5.00,999.00,25.19,1017.20,24.62,0.04
2026-06-05T18:14:27,1,3.90,11.13,0.00,5.00,999.00,25.19,1017.10,24.61,0.04
2026-06-05T18:14:27,1,3.87,11.13,0.00,5.00,999.00,25.20,1016.90,24.61,0.04
2026-06-05T18:14:28,1,3.88,10.68,0.00,5.00,999.00,25.20,1017.00,24.61,0.04
2026-06-05T18:14:28,1,3.88,10.68,0.00,5.00,999.00,25.20,1017.10,24.62,0.04
2026-06-05T18:14:28,1,3.89,10.68,0.00,5.00,999.00,25.20,1017.00,24.61,0.04
2026-06-05T18:14:28,1,3.88,10.68,0.00,5.00,999.00,25.20,1017.10,24.61,0.04
2026-06-05T18:14:28,1,3.86,10.91,0.00,5.00,999.00,25.20,1017.30,24.61,0.04
2026-06-05T18:14:29,1,3.90,10.91,0.00,5.00,999.00,25.19,1017.30,24.61,0.04
2026-06-05T18:14:29,1,3.88,10.91,0.00,5.00,999.00,25.18,1016.70,24.61,0.04
2026-06-05T18:14:29,1,3.89,10.91,0.00,5.00,999.00,25.17,1016.90,24.61,0.04
2026-06-05T18:14:29,1,3.88,10.91,0.00,5.00,999.00,25.17,1017.10,24.62,0.04
2026-06-05T18:14:29,1,3.86,10.45,0.00,5.00,999.00,25.17,1016.90,24.61,0.04
2026-06-05T18:14:30,1,3.88,10.45,0.00,5.00,999.00,25.17,1017.00,24.61,0.04
2026-06-05T18:14:30,1,3.86,10.45,0.00,5.00,999.00,25.18,1016.60,24.61,0.04
2026-06-05T18:14:30,1,3.90,10.45,0.00,5.00,999.00,25.18,1016.50,24.61,0.03
2026-06-05T18:14:30,1,3.90,10.45,0.00,5.00,999.00,25.17,1016.80,24.61,0.04
2026-06-05T18:14:30,1,3.88,10.91,0.00,5.00,999.00,25.17,1016.80,24.62,0.04
2026-06-05T18:14:31,1,3.91,10.91,0.00,5.00,999.00,25.17,1016.60,24.61,0.04
2026-06-05T18:14:31,1,3.88,10.91,0.00,5.00,999.00,25.17,1016.90,24.61,0.04
2026-06-05T18:14:31,1,3.87,10.91,0.00,5.00,999.00,25.17,1017.00,24.61,0.04
2026-06-05T18:14:31,1,3.90,10.91,0.00,5.00,999.00,25.16,1016.50,24.61,0.03
2026-06-05T18:14:31,1,3.90,11.13,0.00,5.00,999.00,25.16,1016.60,24.61,0.04
2026-06-05T18:14:32,1,3.90,11.13,0.00,5.00,999.00,25.16,1016.70,24.61,0.04
2026-06-05T18:14:32,1,3.90,11.13,0.00,5.00,999.00,25.16,1016.90,24.61,0.04
2026-06-05T18:14:32,1,3.87,11.13,0.00,5.00,999.00,25.14,1017.00,24.61,0.04
2026-06-05T18:14:32,1,3.87,11.13,0.00,5.00,999.00,25.12,1016.70,24.61,0.04
2026-06-05T18:14:32,1,3.86,11.13,0.00,5.00,999.00,25.11,1016.90,24.61,0.04
2026-06-05T18:14:33,1,3.90,11.13,0.00,5.00,999.00,25.10,1017.10,24.61,0.04
2026-06-05T18:14:33,1,3.88,11.13,0.00,5.00,999.00,25.09,1016.90,24.61,0.04
2026-06-05T18:14:33,1,3.90,11.13,0.00,5.00,999.00,25.08,1016.60,24.61,0.04
2026-06-05T18:14:33,1,3.88,11.13,0.00,5.00,999.00,25.07,1016.80,24.61,0.04
2026-06-05T18:14:34,1,3.90,10.91,0.00,5.00,999.00,25.07,1017.10,24.60,0.04
2026-06-05T18:14:34,1,3.90,10.91,0.00,5.00,999.00,25.06,1017.30,24.60,0.04
2026-06-05T18:14:34,1,3.89,10.91,0.00,5.00,999.00,25.06,1017.10,24.61,0.04
2026-06-05T18:14:34,1,3.88,10.91,0.00,5.00,999.00,25.05,1017.00,24.61,0.04
2026-06-05T18:14:34,1,3.89,10.68,0.00,5.00,999.00,25.04,1016.80,24.61,0.04
2026-06-05T18:14:35,1,3.90,10.68,0.00,5.00,999.00,25.04,1016.40,24.61,0.03
2026-06-05T18:14:35,1,3.91,10.68,0.00,5.00,999.00,25.04,1016.90,24.60,0.04
2026-06-05T18:14:35,1,3.89,10.68,0.00,5.00,999.00,25.03,1016.60,24.60,0.04
2026-06-05T18:14:35,1,3.88,10.68,0.00,5.00,999.00,25.02,1016.90,24.60,0.04
2026-06-05T18:14:35,1,3.90,10.91,0.00,5.00,999.00,25.00,1016.80,24.60,0.04
2026-06-05T18:14:36,1,3.88,10.91,0.00,5.00,999.00,24.98,1016.60,24.60,0.04
2026-06-05T18:14:36,1,3.86,10.91,0.00,5.00,999.00,24.97,1016.20,24.60,0.03
2026-06-05T18:14:36,1,3.89,10.91,0.00,5.00,999.00,24.96,1016.70,24.60,0.04
2026-06-05T18:14:36,1,3.88,10.91,0.00,5.00,999.00,24.94,1017.10,24.60,0.04
2026-06-05T18:14:36,1,3.90,11.13,0.00,5.00,999.00,24.93,1016.80,24.60,0.04
2026-06-05T18:14:37,1,3.88,11.13,0.00,5.00,999.00,24.92,1016.20,24.60,0.03
2026-06-05T18:14:37,1,3.88,11.13,0.00,5.00,999.00,24.92,1016.60,24.60,0.04
2026-06-05T18:14:37,1,3.85,11.13,0.00,5.00,999.00,24.92,1016.50,24.60,0.03
2026-06-05T18:14:37,1,3.87,11.13,0.00,5.00,999.00,24.93,1016.50,24.60,0.03
2026-06-05T18:14:37,1,3.88,10.45,0.00,5.00,999.00,24.93,1016.20,24.60,0.03
2026-06-05T18:14:38,1,3.87,10.45,0.00,5.00,999.00,24.96,1016.60,24.60,0.04
2026-06-05T18:14:38,1,3.90,10.45,0.00,5.00,999.00,24.98,1016.50,24.60,0.03
2026-06-05T18:14:38,1,3.89,10.45,0.00,5.00,999.00,25.01,1016.90,24.60,0.04
2026-06-05T18:14:38,1,3.87,10.45,0.00,5.00,999.00,24.99,1016.60,24.60,0.04
2026-06-05T18:14:38,1,3.91,10.68,0.00,5.00,999.00,24.95,1016.60,24.59,0.04
2026-06-05T18:14:39,1,3.91,10.68,0.00,5.00,999.00,24.93,1016.50,24.59,0.03
2026-06-05T18:14:39,1,3.89,10.68,0.00,5.00,999.00,24.92,1017.10,24.60,0.04
2026-06-05T18:14:39,1,3.87,10.68,0.00,5.00,999.00,24.92,1016.40,24.59,0.03
2026-06-05T18:14:39,1,3.90,11.36,0.00,5.00,999.00,24.93,1016.90,24.59,0.04
2026-06-05T18:14:40,1,3.88,11.36,0.00,5.00,999.00,24.97,1016.90,24.59,0.04
2026-06-05T18:14:40,1,3.92,11.36,0.00,5.00,999.00,25.00,1017.00,24.59,0.04
2026-06-05T18:14:40,1,3.87,11.36,0.00,5.00,999.00,25.03,1017.00,24.59,0.04
2026-06-05T18:14:40,1,3.88,11.36,0.00,5.00,999.00,25.05,1017.00,24.59,0.04
2026-06-05T18:14:40,1,3.88,11.13,0.00,5.00,999.00,25.07,1017.00,24.59,0.04
2026-06-05T18:14:41,1,3.92,11.13,0.00,5.00,999.00,25.09,1016.90,24.59,0.04
2026-06-05T18:14:41,1,3.90,11.13,0.00,5.00,999.00,25.08,1016.80,24.59,0.04
2026-06-05T18:14:41,1,3.89,11.13,0.00,5.00,999.00,25.07,1016.40,24.58,0.03
2026-06-05T18:14:41,1,3.87,11.13,0.00,5.00,999.00,25.06,1016.70,24.59,0.04
2026-06-05T18:14:41,1,3.89,10.91,0.00,5.00,999.00,25.04,1016.90,24.59,0.04
2026-06-05T18:14:42,1,3.91,10.91,0.00,5.00,999.00,25.04,1016.60,24.59,0.04
2026-06-05T18:14:42,1,3.90,10.91,0.00,5.00,999.00,25.04,1016.90,24.58,0.04
2026-06-05T18:14:42,1,3.87,10.91,0.00,5.00,999.00,25.04,1016.90,24.58,0.04
2026-06-05T18:14:42,1,3.90,10.91,0.00,5.00,999.00,25.02,1017.10,24.58,0.04
2026-06-05T18:14:42,1,3.90,10.91,0.00,5.00,999.00,25.00,1016.60,24.58,0.04
2026-06-05T18:14:43,1,3.88,10.91,0.00,5.00,999.00,24.98,1017.40,24.58,0.04
2026-06-05T18:14:43,1,3.91,10.91,0.00,5.00,999.00,24.93,1017.00,24.58,0.04
2026-06-05T18:14:43,1,3.89,10.91,0.00,5.00,999.00,24.88,1016.70,24.58,0.04
2026-06-05T18:14:43,1,3.88,10.91,0.00,5.00,999.00,24.84,1016.90,24.57,0.04
2026-06-05T18:14:43,1,3.88,11.13,0.00,5.00,999.00,24.79,1016.80,24.57,0.04
2026-06-05T18:14:44,1,3.88,11.13,0.00,5.00,999.00,24.75,1016.50,24.57,0.03
2026-06-05T18:14:44,1,3.89,11.13,0.00,5.00,999.00,24.74,1016.60,24.56,0.04
2026-06-05T18:14:44,1,3.88,11.13,0.00,5.00,999.00,24.73,1016.80,24.56,0.04
2026-06-05T18:14:44,1,3.87,10.91,0.00,5.00,999.00,24.70,1016.80,24.56,0.04
2026-06-05T18:14:44,1,3.90,10.91,0.00,5.00,999.00,24.67,1016.70,24.56,0.04
2026-06-05T18:14:45,1,3.88,10.91,0.00,5.00,999.00,24.65,1016.70,24.56,0.04
2026-06-05T18:14:45,1,3.87,10.91,0.00,5.00,999.00,24.62,1016.50,24.56,0.03
2026-06-05T18:14:45,1,3.90,10.91,0.00,5.00,999.00,24.60,1016.80,24.55,0.04
2026-06-05T18:14:45,1,3.90,11.36,0.00,5.00,999.00,24.58,1017.40,24.55,0.04
2026-06-05T18:14:45,1,3.88,11.36,0.00,5.00,999.00,24.54,1017.00,24.56,0.04
2026-06-05T18:14:46,1,3.90,11.36,0.00,5.00,999.00,24.10,1020.40,24.56,0.07
2026-06-05T18:14:46,1,3.85,11.36,0.00,5.00,999.00,23.54,1022.60,24.55,0.10
2026-06-05T18:14:46,1,3.86,11.36,0.00,5.00,999.00,23.08,1025.30,24.54,0.12
2026-06-05T18:14:46,1,3.90,27470.00,16.86,13190.00,999.00,22.63,1027.40,24.53,0.14
2026-06-05T18:14:46,1,3.92,27470.00,16.86,13190.00,999.00,22.19,1027.70,24.49,0.15
2026-06-05T18:14:47,1,3.88,27470.00,16.86,13190.00,999.00,21.88,1029.10,24.46,0.16
2026-06-05T18:14:47,1,3.86,27470.00,16.86,13190.00,999.00,21.64,1030.10,24.43,0.17
2026-06-05T18:14:47,1,3.89,27470.00,16.86,13190.00,999.00,21.46,1029.70,24.40,0.17
2026-06-05T18:14:47,1,3.90,28010.00,17.22,13446.00,999.00,21.28,1029.40,24.35,0.16
2026-06-05T18:14:48,1,3.90,28010.00,17.22,13446.00,999.00,21.13,1029.50,24.30,0.16
2026-06-05T18:14:48,1,3.88,28010.00,17.22,13446.00,999.00,20.98,1029.10,24.26,0.16
2026-06-05T18:14:48,1,3.89,28010.00,17.22,13446.00,999.00,20.84,1027.80,24.21,0.15
2026-06-05T18:14:48,1,3.88,28010.00,17.22,13446.00,999.00,20.72,1023.10,24.15,0.10
2026-06-05T18:14:48,1,3.90,27790.00,17.08,13343.00,999.00,20.61,1021.20,24.10,0.08
2026-06-05T18:14:49,1,3.88,27790.00,17.08,13343.00,999.00,20.51,1021.10,24.04,0.08
2026-06-05T18:14:49,1,3.88,27790.00,17.08,13343.00,999.00,20.42,1021.50,23.98,0.08
2026-06-05T18:14:49,1,3.89,27790.00,17.08,13343.00,999.00,20.34,1021.80,23.92,0.09
2026-06-05T18:14:49,1,3.88,27460.00,16.85,13182.00,999.00,20.27,1022.30,23.86,0.09
2026-06-05T18:14:49,1,3.87,27460.00,16.85,13182.00,999.00,20.21,1022.90,23.80,0.10
2026-06-05T18:14:50,1,3.86,27460.00,16.85,13182.00,999.00,20.15,1023.60,23.74,0.11
2026-06-05T18:14:50,1,3.86,27460.00,16.85,13182.00,999.00,20.11,1024.80,23.68,0.12
2026-06-05T18:14:50,1,3.88,27460.00,16.85,13182.00,999.00,20.08,1024.70,23.62,0.12
2026-06-05T18:14:50,1,3.90,27340.00,16.77,13124.00,999.00,20.03,1024.00,23.55,0.11
2026-06-05T18:14:50,1,3.90,27340.00,16.77,13124.00,999.00,20.00,1023.60,23.50,0.11
2026-06-05T18:14:51,1,3.88,27340.00,16.77,13124.00,999.00,19.97,1023.30,23.44,0.10
2026-06-05T18:14:51,1,3.88,27340.00,16.77,13124.00,999.00,19.95,1023.90,23.38,0.11
2026-06-05T18:14:51,1,3.87,27340.00,16.77,13124.00,999.00,19.91,1023.70,23.30,0.11
2026-06-05T18:14:51,1,3.91,27290.00,16.74,13102.00,999.00,19.90,1024.10,23.25,0.11
2026-06-05T18:14:51,1,3.90,27290.00,16.74,13102.00,999.00,19.88,1023.30,23.19,0.10
2026-06-05T18:14:52,1,3.90,27290.00,16.74,13102.00,999.00,19.87,1023.50,23.14,0.10
2026-06-05T18:14:52,1,3.88,27290.00,16.74,13102.00,999.00,19.85,1022.80,23.09,0.10
2026-06-05T18:14:52,1,3.86,27290.00,16.74,13102.00,999.00,19.83,1023.60,23.03,0.11
2026-06-05T18:14:52,1,3.89,27260.00,16.72,13086.00,999.00,19.82,1023.80,22.99,0.11
2026-06-05T18:14:52,1,3.88,27260.00,16.72,13086.00,999.00,19.81,1024.00,22.93,0.11
2026-06-05T18:14:53,1,3.90,27260.00,16.72,13086.00,999.00,19.81,1024.50,22.88,0.11
2026-06-05T18:14:53,1,3.88,27260.00,16.72,13086.00,999.00,19.81,1024.20,22.84,0.11
2026-06-05T18:14:53,1,3.88,27220.00,16.69,13067.00,999.00,19.80,1023.50,22.79,0.10
2026-06-05T18:14:53,1,3.88,27220.00,16.69,13067.00,999.00,19.80,1023.00,22.74,0.10
2026-06-05T18:14:53,1,3.87,27220.00,16.69,13067.00,999.00,19.79,1022.90,22.70,0.10
2026-06-05T18:14:54,1,3.88,27220.00,16.69,13067.00,999.00,19.78,1023.30,22.66,0.10
2026-06-05T18:14:54,1,3.88,27220.00,16.69,13067.00,999.00,19.78,1023.90,22.62,0.11
2026-06-05T18:14:54,1,3.88,27210.00,16.69,13062.00,999.00,19.77,1023.90,22.57,0.11
2026-06-05T18:14:54,1,3.89,27210.00,16.69,13062.00,999.00,19.76,1023.20,22.53,0.10
2026-06-05T18:14:54,1,3.89,27210.00,16.69,13062.00,999.00,19.76,1022.40,22.49,0.09
2026-06-05T18:14:55,1,3.88,27210.00,16.69,13062.00,999.00,19.75,1022.20,22.46,0.09
2026-06-05T18:14:55,1,3.86,27210.00,16.69,13062.00,999.00,19.76,1022.80,22.42,0.10
2026-06-05T18:14:55,1,3.89,27190.00,16.68,13055.00,999.00,19.76,1023.90,22.38,0.11
2026-06-05T18:14:55,1,3.88,27190.00,16.68,13055.00,999.00,19.76,1024.20,22.35,0.11
2026-06-05T18:14:56,1,3.90,27190.00,16.68,13055.00,999.00,19.76,1024.20,22.32,0.11
2026-06-05T18:14:56,1,3.88,27190.00,16.68,13055.00,999.00,19.76,1024.30,22.28,0.11
2026-06-05T18:14:56,1,3.88,27190.00,16.68,13055.00,999.00,19.77,1024.80,22.25,0.12
2026-06-05T18:14:56,1,3.88,27120.00,16.62,13018.00,999.00,19.76,1024.40,22.21,0.11
2026-06-05T18:14:56,1,3.90,27120.00,16.62,13018.00,999.00,19.76,1024.10,22.18,0.11
2026-06-05T18:14:57,1,3.90,27120.00,16.62,13018.00,999.00,19.76,1023.90,22.15,0.11
2026-06-05T18:14:57,1,3.87,27120.00,16.62,13018.00,999.00,19.76,1022.90,22.12,0.10
2026-06-05T18:14:57,1,3.87,27120.00,16.62,13018.00,999.00,19.76,1022.90,22.09,0.10
2026-06-05T18:14:57,1,3.90,27080.00,16.60,13003.00,999.00,19.75,1022.50,22.06,0.09
2026-06-05T18:14:57,1,3.90,27080.00,16.60,13003.00,999.00,19.75,1023.10,22.03,0.10
2026-06-05T18:14:58,1,3.90,27080.00,16.60,13003.00,999.00,19.75,1023.20,22.00,0.10
2026-06-05T18:14:58,1,3.88,27080.00,16.60,13003.00,999.00,19.75,1024.20,21.97,0.11
2026-06-05T18:14:58,1,3.86,27080.00,16.60,13003.00,999.00,19.75,1025.40,21.94,0.12
2026-06-05T18:14:58,1,3.88,27090.00,16.60,13004.00,999.00,19.75,1025.30,21.91,0.12
2026-06-05T18:14:58,1,3.90,27090.00,16.60,13004.00,999.00,19.75,1025.40,21.88,0.12
2026-06-05T18:14:59,1,3.86,27090.00,16.60,13004.00,999.00,19.75,1024.60,21.84,0.11
2026-06-05T18:14:59,1,3.84,27090.00,16.60,13004.00,999.00,19.74,1023.80,21.82,0.11
2026-06-05T18:14:59,1,3.89,27080.00,16.60,13002.00,999.00,19.75,1023.70,21.80,0.11
2026-06-05T18:14:59,1,3.90,27080.00,16.60,13002.00,999.00,19.75,1023.90,21.75,0.11
2026-06-05T18:14:59,1,3.90,27080.00,16.60,13002.00,999.00,19.74,1023.80,21.74,0.11
2026-06-05T18:15:00,1,3.88,27080.00,16.60,13002.00,999.00,19.74,1024.20,21.72,0.11
2026-06-05T18:15:00,1,3.88,27080.00,16.60,13002.00,999.00,19.74,1024.70,21.69,0.12
2026-06-05T18:15:00,1,3.89,27060.00,16.58,12989.00,999.00,19.74,1025.10,21.67,0.12
2026-06-05T18:15:00,1,3.88,27060.00,16.58,12989.00,999.00,19.74,1025.80,21.65,0.13
2026-06-05T18:15:01,1,3.87,27060.00,16.58,12989.00,999.00,19.74,1025.20,21.62,0.12
2026-06-05T18:15:01,1,3.88,27060.00,16.58,12989.00,999.00,19.74,1024.40,21.60,0.11
2026-06-05T18:15:01,1,3.85,27060.00,16.58,12989.00,999.00,19.74,1023.30,21.58,0.10
2026-06-05T18:15:01,1,3.90,27070.00,16.59,12994.00,999.00,19.74,1022.50,21.56,0.09
2026-06-05T18:15:01,1,3.90,27070.00,16.59,12994.00,999.00,19.75,1022.40,21.53,0.09
2026-06-05T18:15:02,1,3.90,27070.00,16.59,12994.00,999.00,19.75,1023.80,21.51,0.11
2026-06-05T18:15:02,1,3.86,27070.00,16.59,12994.00,999.00,19.75,1023.80,21.49,0.11
2026-06-05T18:15:02,1,3.86,27060.00,16.58,12990.00,999.00,19.74,1024.50,21.47,0.11
2026-06-05T18:15:02,1,3.90,27060.00,16.58,12990.00,999.00,19.75,1024.20,21.45,0.11
2026-06-05T18:15:02,1,3.88,27060.00,16.58,12990.00,999.00,19.74,1025.70,21.43,0.13
2026-06-05T18:15:03,1,3.86,27060.00,16.58,12990.00,999.00,19.74,1025.40,21.41,0.12
2026-06-05T18:15:03,1,3.86,27060.00,16.58,12990.00,999.00,19.74,1025.20,21.39,0.12
2026-06-05T18:15:03,1,3.88,27040.00,16.57,12981.00,999.00,19.74,1023.90,21.37,0.11
2026-06-05T18:15:03,1,3.90,27040.00,16.57,12981.00,999.00,19.74,1022.90,21.35,0.10
2026-06-05T18:15:03,1,3.86,27040.00,16.57,12981.00,999.00,19.74,1023.20,21.34,0.10
2026-06-05T18:15:04,1,3.88,27040.00,16.57,12981.00,999.00,19.74,1023.00,21.31,0.10
2026-06-05T18:15:04,1,3.86,27040.00,16.57,12981.00,999.00,19.74,1023.40,21.30,0.10
2026-06-05T18:15:04,1,3.90,27020.00,16.56,12970.00,999.00,19.73,1024.10,21.28,0.11
2026-06-05T18:15:04,1,3.92,27020.00,16.56,12970.00,999.00,19.74,1024.90,21.26,0.12
2026-06-05T18:15:04,1,3.88,27020.00,16.56,12970.00,999.00,19.73,1025.40,21.24,0.12
2026-06-05T18:15:05,1,3.88,27020.00,16.56,12970.00,999.00,19.73,1024.90,21.22,0.12
2026-06-05T18:15:05,1,3.88,27020.00,16.56,12970.00,999.00,19.74,1024.00,21.20,0.11
2026-06-05T18:15:05,1,3.90,27010.00,16.56,12969.00,999.00,19.74,1023.50,21.19,0.10
2026-06-05T18:15:05,1,3.90,27010.00,16.56,12969.00,999.00,19.74,1023.60,21.17,0.11
2026-06-05T18:15:05,1,3.87,27010.00,16.56,12969.00,999.00,19.74,1023.90,21.15,0.11
2026-06-05T18:15:06,1,3.86,27010.00,16.56,12969.00,999.00,19.74,1023.60,21.14,0.11
2026-06-05T18:15:06,1,3.87,27010.00,16.56,12969.00,999.00,19.74,1024.40,21.12,0.11
2026-06-05T18:15:06,1,3.89,27010.00,16.56,12969.00,999.00,19.74,1024.20,21.10,0.11
2026-06-05T18:15:06,1,3.88,27010.00,16.56,12969.00,999.00,19.74,1023.70,21.09,0.11
2026-06-05T18:15:06,1,3.89,27010.00,16.56,12969.00,999.00,19.74,1023.00,21.07,0.10
2026-06-05T18:15:07,1,3.88,27010.00,16.56,12969.00,999.00,19.74,1024.10,21.05,0.11
2026-06-05T18:15:07,1,3.86,27010.00,16.56,12969.00,999.00,19.74,1024.50,21.04,0.11
2026-06-05T18:15:07,1,3.90,27000.00,16.54,12961.00,999.00,19.74,1025.00,21.02,0.12
2026-06-05T18:15:07,1,3.90,27000.00,16.54,12961.00,999.00,19.74,1025.30,21.01,0.12
2026-06-05T18:15:07,1,3.90,27000.00,16.54,12961.00,999.00,19.74,1024.20,20.99,0.11
2026-06-05T18:15:08,1,3.86,27000.00,16.54,12961.00,999.00,19.74,1023.70,20.97,0.11
2026-06-05T18:15:08,1,3.86,27000.00,16.55,12963.00,999.00,19.74,1023.90,20.96,0.11
2026-06-05T18:15:08,1,3.91,27000.00,16.55,12963.00,999.00,19.74,1025.30,20.95,0.12
2026-06-05T18:15:08,1,3.88,27000.00,16.55,12963.00,999.00,19.73,1024.70,20.93,0.12
2026-06-05T18:15:08,1,3.89,27000.00,16.55,12963.00,999.00,19.73,1024.60,20.92,0.11
2026-06-05T18:15:09,1,3.86,27000.00,16.55,12963.00,999.00,19.73,1024.50,20.91,0.11
2026-06-05T18:15:09,1,3.90,26990.00,16.54,12956.00,999.00,19.73,1024.20,20.89,0.11
2026-06-05T18:15:09,1,3.87,26990.00,16.54,12956.00,999.00,19.73,1023.80,20.88,0.11
2026-06-05T18:15:09,1,3.87,26990.00,16.54,12956.00,999.00,19.73,1024.50,20.87,0.11
2026-06-05T18:15:09,1,3.85,26990.00,16.54,12956.00,999.00,19.73,1024.50,20.85,0.11
2026-06-05T18:15:10,1,3.86,26990.00,16.54,12956.00,999.00,19.72,1024.70,20.83,0.12
2026-06-05T18:15:10,1,3.90,26980.00,16.53,12951.00,999.00,19.72,1024.90,20.82,0.12
2026-06-05T18:15:10,1,3.90,26980.00,16.53,12951.00,999.00,19.72,1024.90,20.81,0.12
2026-06-05T18:15:10,1,3.90,26980.00,16.53,12951.00,999.00,19.72,1025.30,20.79,0.12
2026-06-05T18:15:10,1,3.87,26980.00,16.53,12951.00,999.00,19.72,1024.60,20.78,0.11
2026-06-05T18:15:11,1,3.86,26980.00,16.53,12951.00,999.00,19.73,1024.50,20.77,0.11
2026-06-05T18:15:11,1,3.89,26970.00,16.53,12949.00,999.00,19.73,1024.10,20.75,0.11
2026-06-05T18:15:11,1,3.88,26970.00,16.53,12949.00,999.00,19.72,1023.80,20.73,0.11
2026-06-05T18:15:11,1,3.90,26970.00,16.53,12949.00,999.00,19.73,1024.40,20.72,0.11
2026-06-05T18:15:12,1,3.87,26970.00,16.53,12949.00,999.00,19.73,1024.60,20.71,0.11
2026-06-05T18:15:12,1,3.89,26960.00,16.52,12942.00,999.00,19.73,1025.10,20.70,0.12
2026-06-05T18:15:12,1,3.90,26960.00,16.52,12942.00,999.00,19.73,1025.00,20.69,0.12
2026-06-05T18:15:12,1,3.90,26960.00,16.52,12942.00,999.00,19.72,1024.70,20.66,0.12
2026-06-05T18:15:12,1,3.86,26960.00,16.52,12942.00,999.00,19.73,1024.00,20.66,0.11
2026-06-05T18:15:13,1,3.88,26960.00,16.52,12942.00,999.00,19.73,1025.10,20.65,0.12
2026-06-05T18:15:13,1,3.90,26980.00,16.53,12954.00,999.00,19.72,1025.00,20.63,0.12
2026-06-05T18:15:13,1,3.89,26980.00,16.53,12954.00,999.00,19.72,1024.70,20.62,0.12
2026-06-05T18:15:13,1,3.87,26980.00,16.53,12954.00,999.00,19.73,1022.80,20.61,0.10
2026-06-05T18:15:13,1,3.89,26980.00,16.53,12954.00,999.00,19.73,1021.00,20.60,0.08
2026-06-05T18:15:14,1,3.88,26980.00,16.53,12954.00,999.00,19.73,1020.00,20.59,0.07
2026-06-05T18:15:14,1,3.90,26970.00,16.53,12950.00,999.00,19.71,1020.10,20.58,0.07
2026-06-05T18:15:14,1,3.89,26970.00,16.53,12950.00,999.00,19.71,1019.50,20.57,0.06
2026-06-05T18:15:14,1,3.90,26970.00,16.53,12950.00,999.00,19.71,1019.90,20.56,0.07
2026-06-05T18:15:14,1,3.86,26970.00,16.53,12950.00,999.00,19.70,1020.60,20.55,0.08
2026-06-05T18:15:15,1,3.85,26970.00,16.53,12950.00,999.00,19.71,1020.80,20.53,0.08
2026-06-05T18:15:15,1,3.88,26950.00,16.51,12939.00,999.00,19.70,1021.20,20.52,0.08
2026-06-05T18:15:15,1,3.92,26950.00,16.51,12939.00,999.00,19.70,1020.30,20.51,0.07
2026-06-05T18:15:15,1,3.86,26950.00,16.51,12939.00,999.00,19.70,1020.40,20.51,0.07
2026-06-05T18:15:15,1,3.89,26950.00,16.51,12939.00,999.00,19.70,1020.00,20.49,0.07
2026-06-05T18:15:16,1,3.89,26950.00,16.51,12939.00,999.00,19.70,1021.00,20.49,0.08
2026-06-05T18:15:16,1,3.89,26930.00,16.50,12931.00,999.00,19.69,1022.60,20.48,0.10
2026-06-05T18:15:16,1,3.86,26930.00,16.50,12931.00,999.00,19.69,1025.30,20.46,0.12
2026-06-05T18:15:16,1,3.86,26930.00,16.50,12931.00,999.00,19.70,1028.20,20.45,0.15
2026-06-05T18:15:17,1,3.89,26930.00,16.50,12931.00,999.00,19.69,1032.10,20.44,0.19
2026-06-05T18:15:17,1,3.86,26960.00,16.52,12941.00,999.00,19.69,1034.40,20.43,0.21
2026-06-05T18:15:17,1,3.90,26960.00,16.52,12941.00,999.00,19.69,1037.20,20.42,0.24
2026-06-05T18:15:17,1,3.88,26960.00,16.52,12941.00,999.00,19.70,1038.90,20.41,0.26
2026-06-05T18:15:17,1,3.88,26960.00,16.52,12941.00,999.00,19.70,1040.40,20.40,0.27
2026-06-05T18:15:18,1,3.89,26960.00,16.52,12941.00,999.00,19.70,1041.80,20.39,0.29
2026-06-05T18:15:18,1,3.90,26980.00,16.53,12951.00,999.00,19.69,1043.00,20.38,0.30
2026-06-05T18:15:18,1,3.88,26980.00,16.53,12951.00,999.00,19.69,1044.80,20.37,0.32
2026-06-05T18:15:18,1,3.90,26980.00,16.53,12951.00,999.00,19.70,1046.50,20.36,0.33
2026-06-05T18:15:18,1,3.86,26980.00,16.53,12951.00,999.00,19.69,1048.00,20.35,0.35
2026-06-05T18:15:19,1,3.89,26980.00,16.53,12951.00,999.00,19.69,1049.90,20.35,0.37
2026-06-05T18:15:19,1,3.89,27000.00,16.54,12960.00,999.00,19.69,1051.40,20.34,0.38
2026-06-05T18:15:19,1,3.87,27000.00,16.54,12960.00,999.00,19.69,1054.10,20.33,0.41
2026-06-05T18:15:19,1,3.86,27000.00,16.54,12960.00,999.00,19.69,1056.60,20.32,0.43
2026-06-05T18:15:19,1,3.89,27000.00,16.54,12960.00,999.00,19.69,1059.00,20.31,0.46
2026-06-05T18:15:20,1,3.86,27000.00,16.54,12960.00,999.00,19.69,1060.70,20.31,0.47
2026-06-05T18:15:20,1,3.90,27010.00,16.55,12965.00,999.00,19.69,1062.30,20.30,0.49
2026-06-05T18:15:20,1,3.87,27010.00,16.55,12965.00,999.00,19.69,1063.70,20.29,0.50
2026-06-05T18:15:20,1,3.90,27010.00,16.55,12965.00,999.00,19.69,1063.60,20.28,0.50
2026-06-05T18:15:20,1,3.88,27010.00,16.55,12965.00,999.00,19.69,1063.60,20.27,0.50
2026-06-05T18:15:21,1,3.87,27010.00,16.55,12965.00,999.00,19.69,1064.20,20.27,0.51
2026-06-05T18:15:21,1,3.88,27000.00,16.55,12963.00,999.00,19.68,1065.00,20.26,0.52
2026-06-05T18:15:21,1,3.89,27000.00,16.55,12963.00,999.00,19.69,1066.50,20.26,0.53
2026-06-05T18:15:21,1,3.90,27000.00,16.55,12963.00,999.00,19.68,1068.60,20.24,0.55
2026-06-05T18:15:21,1,3.88,27000.00,16.55,12963.00,999.00,19.68,1070.40,20.24,0.57
2026-06-05T18:15:22,1,3.88,27000.00,16.55,12963.00,999.00,19.68,1071.40,20.23,0.58
2026-06-05T18:15:22,1,3.88,27030.00,16.56,12976.00,999.00,19.68,1072.90,20.22,0.59
2026-06-05T18:15:22,1,3.90,27030.00,16.56,12976.00,999.00,19.68,1074.60,20.22,0.61
2026-06-05T18:15:22,1,3.86,27030.00,16.56,12976.00,999.00,19.68,1076.10,20.21,0.63
2026-06-05T18:15:22,1,3.87,27030.00,16.56,12976.00,999.00,19.68,1076.40,20.20,0.63
2026-06-05T18:15:23,1,3.86,27010.00,16.56,12970.00,999.00,19.68,1075.90,20.20,0.62
2026-06-05T18:15:23,1,3.88,27010.00,16.56,12970.00,999.00,19.68,1076.80,20.19,0.63
2026-06-05T18:15:23,1,3.90,27010.00,16.56,12970.00,999.00,19.69,1076.80,20.18,0.63
2026-06-05T18:15:23,1,3.87,27010.00,16.56,12970.00,999.00,19.69,1077.00,20.18,0.63
2026-06-05T18:15:23,1,3.89,27010.00,16.56,12970.00,999.00,19.69,1077.60,20.17,0.64
2026-06-05T18:15:24,1,3.88,27030.00,16.56,12976.00,999.00,19.69,1079.20,20.15,0.66
2026-06-05T18:15:24,1,3.88,27030.00,16.56,12976.00,999.00,19.69,1081.20,20.16,0.68
2026-06-05T18:15:24,1,3.90,27030.00,16.56,12976.00,999.00,19.69,1083.20,20.15,0.70
2026-06-05T18:15:24,1,3.84,27030.00,16.56,12976.00,999.00,19.69,1083.70,20.15,0.70
2026-06-05T18:15:25,1,3.87,27030.00,16.56,12976.00,999.00,19.69,1084.20,20.15,0.71
2026-06-05T18:15:25,1,3.87,27020.00,16.56,12973.00,999.00,19.69,1084.70,20.14,0.71
2026-06-05T18:15:25,1,3.90,27020.00,16.56,12973.00,999.00,19.69,1085.90,20.13,0.72
2026-06-05T18:15:25,1,3.88,27020.00,16.56,12973.00,999.00,19.69,1086.90,20.12,0.73
2026-06-05T18:15:25,1,3.86,27020.00,16.56,12973.00,999.00,19.69,1088.70,20.12,0.75
2026-06-05T18:15:26,1,3.87,27040.00,16.57,12979.00,999.00,19.69,1090.60,20.12,0.77
2026-06-05T18:15:26,1,3.91,27040.00,16.57,12979.00,999.00,19.69,1092.50,20.11,0.79
2026-06-05T18:15:26,1,3.90,27040.00,16.57,12979.00,999.00,19.69,1094.40,20.11,0.81
2026-06-05T18:15:26,1,3.86,27040.00,16.57,12979.00,999.00,19.68,1096.80,20.11,0.83
2026-06-05T18:15:26,1,3.87,27040.00,16.57,12979.00,999.00,19.69,1097.50,20.10,0.84
2026-06-05T18:15:27,1,3.90,27060.00,16.59,12990.00,999.00,19.68,1098.60,20.09,0.85
2026-06-05T18:15:27,1,3.90,27060.00,16.59,12990.00,999.00,19.69,1101.20,20.09,0.87
2026-06-05T18:15:27,1,3.88,27060.00,16.59,12990.00,999.00,19.68,1103.40,20.09,0.90
2026-06-05T18:15:27,1,3.86,27060.00,16.59,12990.00,999.00,19.69,1104.60,20.08,0.91
2026-06-05T18:15:27,1,3.89,27060.00,16.59,12990.00,999.00,19.69,1104.60,20.08,0.91
2026-06-05T18:15:28,1,3.90,27110.00,16.62,13014.00,999.00,19.69,1104.50,20.07,0.91
2026-06-05T18:15:28,1,3.90,27110.00,16.62,13014.00,999.00,19.69,1104.80,20.07,0.91
2026-06-05T18:15:28,1,3.88,27110.00,16.62,13014.00,999.00,19.69,1105.50,20.06,0.92
2026-06-05T18:15:28,1,3.85,27110.00,16.62,13014.00,999.00,19.69,1107.60,20.06,0.94
2026-06-05T18:15:28,1,3.89,27110.00,16.62,13014.00,999.00,19.70,1109.20,20.06,0.95
2026-06-05T18:15:29,1,3.88,27150.00,16.65,13034.00,999.00,19.69,1111.00,20.05,0.97
2026-06-05T18:15:29,1,3.90,27150.00,16.65,13034.00,999.00,19.70,1113.50,20.05,1.00
2026-06-05T18:15:29,1,3.88,27150.00,16.65,13034.00,999.00,19.69,1116.20,20.04,1.02
2026-06-05T18:15:29,1,3.89,27150.00,16.65,13034.00,999.00,19.70,1118.30,20.04,1.04
2026-06-05T18:15:29,1,3.88,27150.00,16.65,13034.00,999.00,19.69,1121.20,20.04,1.07
2026-06-05T18:15:30,1,3.88,27190.00,16.67,13052.00,999.00,19.69,1125.30,20.04,1.11
2026-06-05T18:15:30,1,3.88,27190.00,16.67,13052.00,999.00,19.69,1128.90,20.03,1.15
2026-06-05T18:15:30,1,3.90,27190.00,16.67,13052.00,999.00,19.70,1132.30,20.03,1.18
2026-06-05T18:15:30,1,3.86,27190.00,16.67,13052.00,999.00,19.69,1135.50,20.02,1.21
2026-06-05T18:15:30,1,3.85,27240.00,16.71,13078.00,999.00,19.69,1139.00,20.02,1.25
2026-06-05T18:15:31,1,3.88,27240.00,16.71,13078.00,999.00,19.69,1142.00,20.01,1.28
2026-06-05T18:15:31,1,3.88,27240.00,16.71,13078.00,999.00,19.69,1143.70,20.01,1.30
2026-06-05T18:15:31,1,3.87,27240.00,16.71,13078.00,999.00,19.69,1144.90,20.01,1.31
2026-06-05T18:15:31,1,3.86,27240.00,16.71,13078.00,999.00,19.69,1144.80,20.00,1.31
2026-06-05T18:15:31,1,3.87,27310.00,16.75,13111.00,999.00,19.68,1144.90,20.00,1.31
2026-06-05T18:15:32,1,3.90,27310.00,16.75,13111.00,999.00,19.68,1145.30,20.00,1.31
2026-06-05T18:15:32,1,3.90,27310.00,16.75,13111.00,999.00,19.68,1146.30,20.00,1.32
2026-06-05T18:15:32,1,3.88,27310.00,16.75,13111.00,999.00,19.68,1147.10,20.00,1.33
2026-06-05T18:15:32,1,3.86,27310.00,16.75,13111.00,999.00,19.68,1149.70,19.99,1.35
2026-06-05T18:15:33,1,3.88,27410.00,16.82,13161.00,999.00,19.68,1151.20,19.99,1.37
2026-06-05T18:15:33,1,3.89,27410.00,16.82,13161.00,999.00,19.68,1153.20,19.98,1.39
2026-06-05T18:15:33,1,3.89,27410.00,16.82,13161.00,999.00,19.68,1155.50,19.98,1.41
2026-06-05T18:15:33,1,3.86,27410.00,16.82,13161.00,999.00,19.67,1157.40,19.97,1.43
2026-06-05T18:15:33,1,3.88,27410.00,16.82,13161.00,999.00,19.68,1159.40,19.97,1.45
2026-06-05T18:15:34,1,3.88,27490.00,16.87,13196.00,999.00,19.68,1161.90,19.97,1.48
2026-06-05T18:15:34,1,3.88,27490.00,16.87,13196.00,999.00,19.68,1163.70,19.96,1.49
2026-06-05T18:15:34,1,3.88,27490.00,16.87,13196.00,999.00,19.67,1165.30,19.96,1.51
2026-06-05T18:15:34,1,3.86,27490.00,16.87,13196.00,999.00,19.68,1165.30,19.95,1.51
2026-06-05T18:15:34,1,3.85,27490.00,16.87,13196.00,999.00,19.67,1165.40,19.95,1.51
2026-06-05T18:15:35,1,3.90,27550.00,16.92,13227.00,999.00,19.68,1166.30,19.95,1.52
2026-06-05T18:15:35,1,3.90,27550.00,16.92,13227.00,999.00,19.68,1167.30,19.94,1.53
2026-06-05T18:15:35,1,3.87,27550.00,16.92,13227.00,999.00,19.68,1168.00,19.93,1.54
2026-06-05T18:15:35,1,3.86,27550.00,16.92,13227.00,999.00,19.67,1169.80,19.93,1.55
2026-06-05T18:15:35,1,3.88,27550.00,16.92,13227.00,999.00,19.68,1172.00,19.93,1.58
2026-06-05T18:15:36,1,3.90,27580.00,16.93,13240.00,999.00,19.68,1172.90,19.93,1.58
2026-06-05T18:15:36,1,3.88,27580.00,16.93,13240.00,999.00,19.68,1174.20,19.92,1.60
2026-06-05T18:15:36,1,3.89,27580.00,16.93,13240.00,999.00,19.68,1175.50,19.92,1.61
2026-06-05T18:15:36,1,3.87,27580.00,16.93,13240.00,999.00,19.67,1177.80,19.90,1.63
2026-06-05T18:15:36,1,3.90,27630.00,16.97,13263.00,999.00,19.68,1180.70,19.91,1.66
2026-06-05T18:15:37,1,3.89,27630.00,16.97,13263.00,999.00,19.67,1182.10,19.90,1.68
2026-06-05T18:15:37,1,3.88,27630.00,16.97,13263.00,999.00,19.67,1183.40,19.90,1.69
2026-06-05T18:15:37,1,3.90,27630.00,16.97,13263.00,999.00,19.67,1184.80,19.90,1.70
2026-06-05T18:15:37,1,3.89,27630.00,16.97,13263.00,999.00,19.67,1186.60,19.90,1.72
2026-06-05T18:15:37,1,3.89,27670.00,17.00,13286.00,999.00,19.66,1188.70,19.89,1.74
2026-06-05T18:15:38,1,3.90,27670.00,17.00,13286.00,999.00,19.67,1190.00,19.89,1.75
2026-06-05T18:15:38,1,3.88,27670.00,17.00,13286.00,999.00,19.67,1191.30,19.89,1.77
2026-06-05T18:15:38,1,3.87,27670.00,17.00,13286.00,999.00,19.66,1192.40,19.88,1.78
2026-06-05T18:15:38,1,3.85,27670.00,17.00,13286.00,999.00,19.66,1193.50,19.88,1.79
2026-06-05T18:15:39,1,3.90,27760.00,17.06,13328.00,999.00,19.66,1195.70,19.88,1.81
2026-06-05T18:15:39,1,3.88,27760.00,17.06,13328.00,999.00,19.65,1198.30,19.86,1.84
2026-06-05T18:15:39,1,3.86,27760.00,17.06,13328.00,999.00,19.65,1200.80,19.87,1.86
2026-06-05T18:15:39,1,3.86,27760.00,17.06,13328.00,999.00,19.65,1203.40,19.87,1.89
2026-06-05T18:15:39,1,3.90,27840.00,17.11,13364.00,999.00,19.64,1206.50,19.87,1.92
2026-06-05T18:15:40,1,3.90,27840.00,17.11,13364.00,999.00,19.64,1208.90,19.87,1.94
2026-06-05T18:15:40,1,3.89,27840.00,17.11,13364.00,999.00,19.64,1211.00,19.86,1.96
2026-06-05T18:15:40,1,3.87,27840.00,17.11,13364.00,999.00,19.63,1212.90,19.86,1.98
2026-06-05T18:15:40,1,3.83,27840.00,17.11,13364.00,999.00,19.63,1214.70,19.86,2.00
2026-06-05T18:15:40,1,3.91,27940.00,17.18,13414.00,999.00,19.62,1216.70,19.86,2.02
2026-06-05T18:15:41,1,3.89,27940.00,17.18,13414.00,999.00,19.61,1218.30,19.85,2.03
2026-06-05T18:15:41,1,3.90,27940.00,17.18,13414.00,999.00,19.61,1219.60,19.85,2.05
2026-06-05T18:15:41,1,3.86,27940.00,17.18,13414.00,999.00,19.61,1221.50,19.84,2.07
2026-06-05T18:15:41,1,3.88,27940.00,17.18,13414.00,999.00,19.61,1222.10,19.84,2.07
2026-06-05T18:15:41,1,3.90,28090.00,17.28,13487.00,999.00,19.61,1224.50,19.84,2.10
2026-06-05T18:15:42,1,3.87,28090.00,17.28,13487.00,999.00,19.60,1226.60,19.84,2.12
2026-06-05T18:15:42,1,3.91,28090.00,17.28,13487.00,999.00,19.61,1225.50,19.83,2.11
2026-06-05T18:15:42,1,3.86,28090.00,17.28,13487.00,999.00,19.60,1225.40,19.83,2.10
2026-06-05T18:15:42,1,3.88,28090.00,17.28,13487.00,999.00,19.60,1226.90,19.83,2.12
2026-06-05T18:15:42,1,3.90,28140.00,17.31,13507.00,999.00,19.60,1229.30,19.82,2.14
2026-06-05T18:15:43,1,3.90,28140.00,17.31,13507.00,999.00,19.59,1232.20,19.82,2.17
2026-06-05T18:15:43,1,3.90,28140.00,17.31,13507.00,999.00,19.58,1233.90,19.82,2.19
2026-06-05T18:15:43,1,3.86,28140.00,17.31,13507.00,999.00,19.58,1234.00,19.81,2.19
2026-06-05T18:15:43,1,3.88,28140.00,17.31,13507.00,999.00,19.59,1234.60,19.80,2.20
2026-06-05T18:15:43,1,3.90,28230.00,17.37,13552.00,999.00,19.57,1236.90,19.80,2.22
2026-06-05T18:15:44,1,3.89,28230.00,17.37,13552.00,999.00,19.57,1239.80,19.80,2.25
2026-06-05T18:15:44,1,3.88,28230.00,17.37,13552.00,999.00,19.57,1241.50,19.80,2.26
2026-06-05T18:15:44,1,3.87,28230.00,17.37,13552.00,999.00,19.56,1242.00,19.79,2.27
2026-06-05T18:15:44,1,3.88,28410.00,17.49,13638.00,999.00,19.55,1242.80,19.79,2.28
2026-06-05T18:15:44,1,3.90,28410.00,17.49,13638.00,999.00,19.55,1243.30,19.79,2.28
2026-06-05T18:15:45,1,3.87,28410.00,17.49,13638.00,999.00,19.55,1244.10,19.78,2.29
2026-06-05T18:15:45,1,3.89,28410.00,17.49,13638.00,999.00,19.54,1246.20,19.78,2.31
2026-06-05T18:15:45,1,3.88,28410.00,17.49,13638.00,999.00,19.55,1248.00,19.77,2.33
2026-06-05T18:15:45,1,3.89,28480.00,17.54,13671.00,999.00,19.54,1249.10,19.77,2.34
2026-06-05T18:15:46,1,3.88,28480.00,17.54,13671.00,999.00,19.54,1250.30,19.77,2.35
2026-06-05T18:15:46,1,3.89,28480.00,17.54,13671.00,999.00,19.54,1251.50,19.76,2.36
2026-06-05T18:15:46,1,3.88,28480.00,17.54,13671.00,999.00,19.54,1252.70,19.76,2.38
2026-06-05T18:15:46,1,3.86,28480.00,17.54,13671.00,999.00,19.54,1254.10,19.75,2.39
2026-06-05T18:15:46,1,3.89,28500.00,17.56,13683.00,999.00,19.54,1254.80,19.75,2.40
2026-06-05T18:15:47,1,3.88,28500.00,17.56,13683.00,999.00,19.54,1255.80,19.75,2.41
2026-06-05T18:15:47,1,3.88,28500.00,17.56,13683.00,999.00,19.53,1257.20,19.75,2.42
2026-06-05T18:15:47,1,3.86,28500.00,17.56,13683.00,999.00,19.53,1258.30,19.74,2.43
2026-06-05T18:15:47,1,3.88,28500.00,17.56,13683.00,999.00,19.53,1259.70,19.74,2.44
2026-06-05T18:15:47,1,3.90,28540.00,17.58,13701.00,999.00,19.53,1261.40,19.74,2.46
2026-06-05T18:15:48,1,3.90,28540.00,17.58,13701.00,999.00,19.52,1264.10,19.73,2.49
2026-06-05T18:15:48,1,3.88,28540.00,17.58,13701.00,999.00,19.52,1265.30,19.73,2.50
2026-06-05T18:15:48,1,3.88,28540.00,17.58,13701.00,999.00,19.52,1266.70,19.73,2.51
2026-06-05T18:15:48,1,3.86,28540.00,17.58,13701.00,999.00,19.52,1268.50,19.73,2.53
2026-06-05T18:15:48,1,3.91,28720.00,17.71,13790.00,999.00,19.52,1270.80,19.73,2.55
2026-06-05T18:15:49,1,3.89,28720.00,17.71,13790.00,999.00,19.51,1273.80,19.72,2.58
2026-06-05T18:15:49,1,3.86,28720.00,17.71,13790.00,999.00,19.51,1276.00,19.70,2.61
2026-06-05T18:15:49,1,3.88,28720.00,17.71,13790.00,999.00,19.51,1278.80,19.71,2.63
2026-06-05T18:15:49,1,3.88,28850.00,17.79,13849.00,999.00,19.50,1281.90,19.71,2.66
2026-06-05T18:15:49,1,3.90,28850.00,17.79,13849.00,999.00,19.51,1284.10,19.71,2.69
2026-06-05T18:15:50,1,3.88,28850.00,17.79,13849.00,999.00,19.50,1284.50,19.71,2.69
2026-06-05T18:15:50,1,3.85,28850.00,17.79,13849.00,999.00,19.50,1286.40,19.70,2.71
2026-06-05T18:15:50,1,3.88,28850.00,17.79,13849.00,999.00,19.50,1288.50,19.70,2.73
2026-06-05T18:15:50,1,3.87,28920.00,17.84,13884.00,999.00,19.50,1290.50,19.70,2.75
2026-06-05T18:15:50,1,3.88,28920.00,17.84,13884.00,999.00,19.50,1292.70,19.70,2.77
2026-06-05T18:15:51,1,3.90,28920.00,17.84,13884.00,999.00,19.49,1295.20,19.70,2.80
2026-06-05T18:15:51,1,3.89,28920.00,17.84,13884.00,999.00,19.49,1300.10,19.68,2.85
2026-06-05T18:15:51,1,3.87,28920.00,17.84,13884.00,999.00,19.49,1302.90,19.68,2.87
2026-06-05T18:15:51,1,3.90,29150.00,18.00,13995.00,999.00,19.49,1304.40,19.68,2.89
2026-06-05T18:15:52,1,3.90,29150.00,18.00,13995.00,999.00,19.49,1306.30,19.68,2.91
2026-06-05T18:15:52,1,3.85,29150.00,18.00,13995.00,999.00,19.48,1308.30,19.68,2.93
2026-06-05T18:15:52,1,3.86,29150.00,18.00,13995.00,999.00,19.48,1311.40,19.67,2.96
2026-06-05T18:15:52,1,3.88,29150.00,18.00,13995.00,999.00,19.48,1313.90,19.67,2.98
2026-06-05T18:15:52,1,3.90,29360.00,18.14,14095.00,999.00,19.47,1315.60,19.67,3.00
2026-06-05T18:15:53,1,3.88,29360.00,18.14,14095.00,999.00,19.48,1317.90,19.66,3.02
2026-06-05T18:15:53,1,3.86,29360.00,18.14,14095.00,999.00,19.47,1319.90,19.66,3.04
2026-06-05T18:15:53,1,3.86,29360.00,18.14,14095.00,999.00,19.47,1322.10,19.66,3.06
2026-06-05T18:15:53,1,3.88,29420.00,18.18,14124.00,999.00,19.47,1324.10,19.66,3.08
2026-06-05T18:15:53,1,3.90,29420.00,18.18,14124.00,999.00,19.47,1325.70,19.65,3.10
2026-06-05T18:15:54,1,3.88,29420.00,18.18,14124.00,999.00,19.47,1327.90,19.65,3.12
2026-06-05T18:15:54,1,3.89,29420.00,18.18,14124.00,999.00,19.47,1329.30,19.65,3.13
2026-06-05T18:15:54,1,3.87,29420.00,18.18,14124.00,999.00,19.47,1330.60,19.65,3.15
2026-06-05T18:15:54,1,3.88,29450.00,18.20,14139.00,999.00,19.46,1332.10,19.64,3.16
2026-06-05T18:15:54,1,3.90,29450.00,18.20,14139.00,999.00,19.47,1334.10,19.64,3.18
2026-06-05T18:15:55,1,3.88,29450.00,18.20,14139.00,999.00,19.46,1336.60,19.64,3.21
2026-06-05T18:15:55,1,3.88,29450.00,18.20,14139.00,999.00,19.46,1338.10,19.63,3.22
2026-06-05T18:15:55,1,3.86,29450.00,18.20,14139.00,999.00,19.46,1340.30,19.63,3.24
2026-06-05T18:15:55,1,3.90,29480.00,18.22,14152.00,999.00,19.46,1341.90,19.63,3.26
2026-06-05T18:15:55,1,3.90,29480.00,18.22,14152.00,999.00,19.46,1345.00,19.63,3.29
2026-06-05T18:15:56,1,3.89,29480.00,18.22,14152.00,999.00,19.46,1348.60,19.62,3.33
2026-06-05T18:15:56,1,3.86,29480.00,18.22,14152.00,999.00,19.46,1351.50,19.62,3.35
2026-06-05T18:15:56,1,3.88,29480.00,18.22,14152.00,999.00,19.46,1354.00,19.61,3.38
2026-06-05T18:15:56,1,3.87,29510.00,18.24,14168.00,999.00,19.46,1356.30,19.61,3.40
2026-06-05T18:15:56,1,3.90,29510.00,18.24,14168.00,999.00,19.45,1358.60,19.61,3.42
2026-06-05T18:15:57,1,3.88,29510.00,18.24,14168.00,999.00,19.45,1361.50,19.61,3.45
2026-06-05T18:15:57,1,3.89,29510.00,18.24,14168.00,999.00,19.45,1365.00,19.60,3.49
2026-06-05T18:15:57,1,3.84,29510.00,18.24,14168.00,999.00,19.45,1367.10,19.60,3.51
2026-06-05T18:15:57,1,3.87,29570.00,18.28,14195.00,999.00,19.45,1370.70,19.59,3.54
2026-06-05T18:15:57,1,3.90,29570.00,18.28,14195.00,999.00,19.45,1374.50,19.59,3.58
2026-06-05T18:15:58,1,3.90,29570.00,18.28,14195.00,999.00,19.45,1379.00,19.59,3.63
2026-06-05T18:15:58,1,3.86,29570.00,18.28,14195.00,999.00,19.45,1382.30,19.59,3.66
2026-06-05T18:15:58,1,3.86,29610.00,18.31,14213.00,999.00,19.44,1385.50,19.59,3.69
2026-06-05T18:15:58,1,3.87,29610.00,18.31,14213.00,999.00,19.45,1389.00,19.58,3.73
2026-06-05T18:15:58,1,3.90,29610.00,18.31,14213.00,999.00,19.45,1391.00,19.58,3.75
2026-06-05T18:15:59,1,3.86,29610.00,18.31,14213.00,999.00,19.45,1391.00,19.58,3.75
2026-06-05T18:15:59,1,3.86,29610.00,18.31,14213.00,999.00,19.44,1390.80,19.57,3.74
2026-06-05T18:15:59,1,3.87,29640.00,18.33,14231.00,999.00,19.45,1391.00,19.57,3.75
2026-06-05T18:15:59,1,3.90,29640.00,18.33,14231.00,999.00,19.45,1391.40,19.57,3.75
2026-06-05T18:15:59,1,3.90,29640.00,18.33,14231.00,999.00,19.45,1393.00,19.57,3.77
2026-06-05T18:16:00,1,3.88,29640.00,18.33,14231.00,999.00,19.45,1394.90,19.56,3.78
2026-06-05T18:16:00,1,3.88,29640.00,18.33,14231.00,999.00,19.45,1396.20,19.56,3.80
2026-06-05T18:16:00,1,3.88,29730.00,18.39,14272.00,999.00,19.44,1399.50,19.56,3.83
2026-06-05T18:16:00,1,3.89,29730.00,18.39,14272.00,999.00,19.45,1403.00,19.56,3.86
2026-06-05T18:16:00,1,3.88,29730.00,18.39,14272.00,999.00,19.45,1404.90,19.55,3.88
2026-06-05T18:16:01,1,3.86,29730.00,18.39,14272.00,999.00,19.45,1406.60,19.55,3.90
2026-06-05T18:16:01,1,3.88,29730.00,18.39,14272.00,999.00,19.45,1409.00,19.55,3.92
2026-06-05T18:16:01,1,3.90,29760.00,18.41,14285.00,999.00,19.44,1410.80,19.54,3.94
2026-06-05T18:16:01,1,3.88,29760.00,18.41,14285.00,999.00,19.44,1413.70,19.53,3.97
2026-06-05T18:16:02,1,3.90,29760.00,18.41,14285.00,999.00,19.44,1415.20,19.54,3.99
2026-06-05T18:16:02,1,3.90,29760.00,18.41,14285.00,999.00,19.44,1417.60,19.53,4.01
2026-06-05T18:16:02,1,3.90,29760.00,18.41,14285.00,999.00,19.44,1419.00,19.53,4.02
2026-06-05T18:16:02,1,3.85,29830.00,18.46,14321.00,999.00,19.44,1420.60,19.53,4.04
2026-06-05T18:16:02,1,3.88,29830.00,18.46,14321.00,999.00,19.44,1421.50,19.53,4.05
2026-06-05T18:16:03,1,3.86,29830.00,18.46,14321.00,999.00,19.44,1422.20,19.53,4.06
2026-06-05T18:16:03,1,3.88,29830.00,18.46,14321.00,999.00,19.45,1423.00,19.53,4.06
2026-06-05T18:16:03,1,3.88,29840.00,18.47,14327.00,999.00,19.44,1423.50,19.53,4.07
2026-06-05T18:16:03,1,3.90,29840.00,18.47,14327.00,999.00,19.44,1425.00,19.52,4.08
2026-06-05T18:16:03,1,3.90,29840.00,18.47,14327.00,999.00,19.44,1426.50,19.52,4.10
2026-06-05T18:16:04,1,3.85,29840.00,18.47,14327.00,999.00,19.45,1428.30,19.52,4.12
2026-06-05T18:16:04,1,3.87,29840.00,18.47,14327.00,999.00,19.44,1431.80,19.51,4.15
2026-06-05T18:16:04,1,3.90,29910.00,18.51,14358.00,999.00,19.44,1435.00,19.51,4.18
2026-06-05T18:16:04,1,3.86,29910.00,18.51,14358.00,999.00,19.45,1438.70,19.51,4.22
2026-06-05T18:16:04,1,3.87,29910.00,18.51,14358.00,999.00,19.44,1441.20,19.51,4.24
2026-06-05T18:16:05,1,3.88,29910.00,18.51,14358.00,999.00,19.44,1443.80,19.51,4.27
2026-06-05T18:16:05,1,3.86,29910.00,18.51,14358.00,999.00,19.44,1445.80,19.51,4.29
2026-06-05T18:16:05,1,3.87,29910.00,18.51,14357.00,999.00,19.44,1447.80,19.51,4.31
2026-06-05T18:16:05,1,3.89,29910.00,18.51,14357.00,999.00,19.45,1449.70,19.50,4.33
2026-06-05T18:16:05,1,3.90,29910.00,18.51,14357.00,999.00,19.44,1452.00,19.50,4.35
2026-06-05T18:16:06,1,3.87,29910.00,18.51,14357.00,999.00,19.44,1453.10,19.50,4.36
2026-06-05T18:16:06,1,3.85,29910.00,18.51,14357.00,999.00,19.45,1455.40,19.50,4.38
2026-06-05T18:16:06,1,3.86,29950.00,18.54,14380.00,999.00,19.45,1456.90,19.50,4.40
2026-06-05T18:16:06,1,3.88,29950.00,18.54,14380.00,999.00,19.45,1458.90,19.49,4.42
2026-06-05T18:16:07,1,3.87,29950.00,18.54,14380.00,999.00,19.45,1460.00,19.49,4.43
2026-06-05T18:16:07,1,3.88,29950.00,18.54,14380.00,999.00,19.45,1461.90,19.49,4.45
2026-06-05T18:16:07,1,3.89,29980.00,18.56,14394.00,999.00,19.45,1463.60,19.49,4.47
2026-06-05T18:16:07,1,3.89,29980.00,18.56,14394.00,999.00,19.45,1465.60,19.49,4.49
2026-06-05T18:16:07,1,3.88,29980.00,18.56,14394.00,999.00,19.44,1468.60,19.49,4.51
2026-06-05T18:16:08,1,3.87,29980.00,18.56,14394.00,999.00,19.45,1471.00,19.48,4.54
2026-06-05T18:16:08,1,3.87,29980.00,18.56,14394.00,999.00,19.44,1474.50,19.49,4.57
2026-06-05T18:16:08,1,3.86,30020.00,18.59,14410.00,999.00,19.44,1477.00,19.48,4.60
2026-06-05T18:16:08,1,3.88,30020.00,18.59,14410.00,999.00,19.45,1479.30,19.48,4.62
2026-06-05T18:16:08,1,3.88,30020.00,18.59,14410.00,999.00,19.45,1481.90,19.48,4.65
2026-06-05T18:16:09,1,3.86,30020.00,18.59,14410.00,999.00,19.45,1483.70,19.48,4.66
2026-06-05T18:16:09,1,3.88,30020.00,18.59,14410.00,999.00,19.45,1485.00,19.48,4.68
2026-06-05T18:16:09,1,3.90,30050.00,18.61,14429.00,999.00,19.45,1486.20,19.48,4.69
2026-06-05T18:16:09,1,3.88,30050.00,18.61,14429.00,999.00,19.45,1486.50,19.47,4.69
2026-06-05T18:16:09,1,3.89,30050.00,18.61,14429.00,999.00,19.45,1486.70,19.47,4.69
2026-06-05T18:16:10,1,3.89,30050.00,18.61,14429.00,999.00,19.45,1486.80,19.47,4.70
2026-06-05T18:16:10,1,3.89,30050.00,18.61,14429.00,999.00,19.45,1487.80,19.47,4.71
2026-06-05T18:16:10,1,3.90,30050.00,18.61,14428.00,999.00,19.45,1488.30,19.47,4.71
2026-06-05T18:16:10,1,3.88,30050.00,18.61,14428.00,999.00,19.45,1489.20,19.47,4.72
2026-06-05T18:16:10,1,3.90,30050.00,18.61,14428.00,999.00,19.45,1491.20,19.46,4.74
2026-06-05T18:16:11,1,3.88,30050.00,18.61,14428.00,999.00,19.45,1492.80,19.47,4.75
2026-06-05T18:16:11,1,3.86,30050.00,18.61,14428.00,999.00,19.45,1494.60,19.46,4.77
2026-06-05T18:16:11,1,3.87,30050.00,18.61,14428.00,999.00,19.45,1496.30,19.46,4.79
2026-06-05T18:16:11,1,3.88,30050.00,18.61,14428.00,999.00,19.45,1498.30,19.46,4.81
2026-06-05T18:16:11,1,3.88,30050.00,18.61,14428.00,999.00,19.45,1500.00,19.46,4.83
2026-06-05T18:16:12,1,3.88,30050.00,18.61,14428.00,999.00,19.45,1502.30,19.46,4.85
2026-06-05T18:16:12,1,3.88,30050.00,18.61,14428.00,999.00,19.45,1503.70,19.46,4.86
2026-06-05T18:16:12,1,3.89,30090.00,18.64,14448.00,999.00,19.45,1505.20,19.46,4.88
2026-06-05T18:16:12,1,3.89,30090.00,18.64,14448.00,999.00,19.45,1506.40,19.46,4.89
2026-06-05T18:16:12,1,3.88,30090.00,18.64,14448.00,999.00,19.45,1508.10,19.46,4.91
2026-06-05T18:16:13,1,3.88,30090.00,18.64,14448.00,999.00,19.44,1509.80,19.46,4.92
2026-06-05T18:16:13,1,3.88,30180.00,18.70,14487.00,999.00,19.45,1512.10,19.45,4.95
2026-06-05T18:16:13,1,3.90,30180.00,18.70,14487.00,999.00,19.46,1513.10,19.45,4.96
2026-06-05T18:16:13,1,3.90,30180.00,18.70,14487.00,999.00,19.46,1513.10,19.45,4.96
2026-06-05T18:16:13,1,3.86,30180.00,18.70,14487.00,999.00,19.45,1514.50,19.45,4.97
2026-06-05T18:16:14,1,3.86,30180.00,18.70,14487.00,999.00,19.45,1514.90,19.45,4.97
2026-06-05T18:16:14,1,3.90,30170.00,18.69,14486.00,999.00,19.46,1515.10,19.44,4.98
2026-06-05T18:16:14,1,3.89,30170.00,18.69,14486.00,999.00,19.45,1515.70,19.44,4.98
2026-06-05T18:16:14,1,3.87,30170.00,18.69,14486.00,999.00,19.46,1515.50,19.45,4.98
2026-06-05T18:16:15,1,3.86,30170.00,18.69,14486.00,999.00,19.46,1516.20,19.44,4.99
2026-06-05T18:16:15,1,3.86,30170.00,18.69,14486.00,999.00,19.45,1517.10,19.44,5.00
2026-06-05T18:16:15,1,3.90,30180.00,18.70,14487.00,999.00,19.46,1518.80,19.44,5.01
2026-06-05T18:16:15,1,3.90,30180.00,18.70,14487.00,999.00,19.45,1520.90,19.44,5.03
2026-06-05T18:16:15,1,3.89,30180.00,18.70,14487.00,999.00,19.46,1522.50,19.44,5.05
2026-06-05T18:16:16,1,3.86,30180.00,18.70,14487.00,999.00,19.45,1523.70,19.44,5.06
2026-06-05T18:16:16,1,3.85,30180.00,18.70,14487.00,999.00,19.46,1523.30,19.44,5.06
2026-06-05T18:16:16,1,3.89,30190.00,18.70,14492.00,999.00,19.45,1522.70,19.44,5.05
2026-06-05T18:16:16,1,3.89,30190.00,18.70,14492.00,999.00,19.45,1521.80,19.44,5.04
2026-06-05T18:16:16,1,3.87,30190.00,18.70,14492.00,999.00,19.46,1520.60,19.44,5.03
2026-06-05T18:16:17,1,3.85,30190.00,18.70,14492.00,999.00,19.46,1518.10,19.44,5.01
2026-06-05T18:16:17,1,3.86,30160.00,18.69,14481.00,999.00,19.46,1515.50,19.42,4.98
2026-06-05T18:16:17,1,3.87,30160.00,18.69,14481.00,999.00,19.46,1511.10,19.43,4.94
2026-06-05T18:16:17,1,3.90,30160.00,18.69,14481.00,999.00,19.46,1505.30,19.44,4.88
2026-06-05T18:16:17,1,3.87,30160.00,18.69,14481.00,999.00,19.46,1501.30,19.43,4.84
2026-06-05T18:16:18,1,3.86,30160.00,18.69,14481.00,999.00,19.46,1497.30,19.43,4.80
2026-06-05T18:16:18,1,3.89,30090.00,18.64,14446.00,999.00,19.46,1493.00,19.43,4.76
2026-06-05T18:16:18,1,3.88,30090.00,18.64,14446.00,999.00,19.46,1493.70,19.43,4.76
2026-06-05T18:16:18,1,3.90,30090.00,18.64,14446.00,999.00,19.46,1498.30,19.43,4.81
2026-06-05T18:16:18,1,3.88,30090.00,18.64,14446.00,999.00,19.45,1503.80,19.43,4.86
2026-06-05T18:16:19,1,3.87,30090.00,18.64,14446.00,999.00,19.45,1508.30,19.43,4.91
2026-06-05T18:16:19,1,3.88,30120.00,18.65,14458.00,999.00,19.46,1513.00,19.43,4.95
2026-06-05T18:16:19,1,3.90,30120.00,18.65,14458.00,999.00,19.46,1513.30,19.43,4.96
2026-06-05T18:16:19,1,3.89,30120.00,18.65,14458.00,999.00,19.45,1513.70,19.42,4.96
2026-06-05T18:16:19,1,3.85,30120.00,18.65,14458.00,999.00,19.46,1514.00,19.42,4.96
2026-06-05T18:16:20,1,3.88,30120.00,18.65,14458.00,999.00,19.46,1516.00,19.42,4.98
2026-06-05T18:16:20,1,3.86,30140.00,18.67,14469.00,999.00,19.46,1518.40,19.42,5.01
2026-06-05T18:16:20,1,3.90,30140.00,18.67,14469.00,999.00,19.45,1522.60,19.42,5.05
2026-06-05T18:16:20,1,3.88,30140.00,18.67,14469.00,999.00,19.45,1524.10,19.42,5.06
2026-06-05T18:16:20,1,3.88,30140.00,18.67,14469.00,999.00,19.45,1522.30,19.42,5.05
2026-06-05T18:16:21,1,3.89,30140.00,18.67,14469.00,999.00,19.45,1518.60,19.42,5.01
2026-06-05T18:16:21,1,3.89,30140.00,18.67,14469.00,999.00,19.45,1514.60,19.41,4.97
2026-06-05T18:16:21,1,3.90,30140.00,18.67,14469.00,999.00,19.45,1510.70,19.41,4.93
2026-06-05T18:16:21,1,3.89,30140.00,18.67,14469.00,999.00,19.45,1507.20,19.41,4.90
2026-06-05T18:16:21,1,3.86,30140.00,18.67,14469.00,999.00,19.46,1503.40,19.41,4.86
2026-06-05T18:16:22,1,3.88,30100.00,18.65,14452.00,999.00,19.45,1502.00,19.41,4.85
2026-06-05T18:16:22,1,3.88,30100.00,18.65,14452.00,999.00,19.45,1505.60,19.41,4.88
2026-06-05T18:16:22,1,3.90,30100.00,18.65,14452.00,999.00,19.46,1510.10,19.41,4.93
2026-06-05T18:16:22,1,3.86,30100.00,18.65,14452.00,999.00,19.46,1513.50,19.41,4.96
2026-06-05T18:16:23,1,3.89,30100.00,18.65,14452.00,999.00,19.45,1516.80,19.41,4.99
2026-06-05T18:16:23,1,3.89,30130.00,18.66,14465.00,999.00,19.45,1518.90,19.41,5.01
2026-06-05T18:16:23,1,3.91,30130.00,18.66,14465.00,999.00,19.45,1519.60,19.41,5.02
2026-06-05T18:16:23,1,3.87,30130.00,18.66,14465.00,999.00,19.45,1517.40,19.41,5.00
2026-06-05T18:16:23,1,3.88,30130.00,18.66,14465.00,999.00,19.45,1513.40,19.40,4.96
2026-06-05T18:16:24,1,3.88,30130.00,18.66,14465.00,999.00,19.45,1511.10,19.40,4.94
2026-06-05T18:16:24,1,3.88,30100.00,18.64,14450.00,999.00,19.46,1508.80,19.40,4.91
2026-06-05T18:16:24,1,3.90,30100.00,18.64,14450.00,999.00,19.45,1504.00,19.40,4.87
2026-06-05T18:16:24,1,3.87,30100.00,18.64,14450.00,999.00,19.46,1495.10,19.40,4.78
2026-06-05T18:16:24,1,3.88,30100.00,18.64,14450.00,999.00,19.46,1484.90,19.40,4.68
2026-06-05T18:16:25,1,3.88,30100.00,18.64,14450.00,999.00,19.45,1476.60,19.39,4.59
2026-06-05T18:16:25,1,3.91,30060.00,18.62,14431.00,999.00,19.46,1470.70,19.39,4.54
2026-06-05T18:16:25,1,3.88,30060.00,18.62,14431.00,999.00,19.45,1463.40,19.39,4.46
2026-06-05T18:16:25,1,3.88,30060.00,18.62,14431.00,999.00,19.46,1456.60,19.39,4.40
2026-06-05T18:16:25,1,3.86,30060.00,18.62,14431.00,999.00,19.45,1448.70,19.39,4.32
2026-06-05T18:16:26,1,3.88,30060.00,18.62,14431.00,999.00,19.46,1439.90,19.39,4.23
2026-06-05T18:16:26,1,3.91,30020.00,18.59,14410.00,999.00,19.45,1432.30,19.38,4.16
2026-06-05T18:16:26,1,3.87,30020.00,18.59,14410.00,999.00,19.45,1421.80,19.38,4.05
2026-06-05T18:16:26,1,3.86,30020.00,18.59,14410.00,999.00,19.46,1401.80,19.38,3.85
2026-06-05T18:16:26,1,3.86,30020.00,18.59,14410.00,999.00,19.46,1371.50,19.36,3.55
2026-06-05T18:16:27,1,3.85,29890.00,18.50,14349.00,999.00,19.45,1347.80,19.37,3.32
2026-06-05T18:16:27,1,3.87,29890.00,18.50,14349.00,999.00,19.45,1330.70,19.37,3.15
2026-06-05T18:16:27,1,3.87,29890.00,18.50,14349.00,999.00,19.46,1316.40,19.37,3.01
2026-06-05T18:16:27,1,3.85,29890.00,18.50,14349.00,999.00,19.46,1301.60,19.37,2.86
2026-06-05T18:16:27,1,3.90,29890.00,18.50,14349.00,999.00,19.45,1289.30,19.36,2.74
2026-06-05T18:16:28,1,3.90,29680.00,18.36,14249.00,999.00,19.45,1274.60,19.36,2.59
2026-06-05T18:16:28,1,3.88,29680.00,18.36,14249.00,999.00,19.45,1255.60,19.36,2.40
2026-06-05T18:16:28,1,3.86,29680.00,18.36,14249.00,999.00,19.45,1233.30,19.36,2.18
2026-06-05T18:16:28,1,3.86,29680.00,18.36,14249.00,999.00,19.46,1211.10,19.36,1.96
2026-06-05T18:16:28,1,3.87,29680.00,18.36,14249.00,999.00,19.45,1190.30,19.35,1.76
2026-06-05T18:16:29,1,3.90,28800.00,17.76,13825.00,999.00,19.47,1172.70,19.35,1.58
2026-06-05T18:16:29,1,3.86,28800.00,17.76,13825.00,999.00,19.47,1157.00,19.35,1.43
2026-06-05T18:16:29,1,3.89,28800.00,17.76,13825.00,999.00,19.48,1145.00,19.35,1.31
2026-06-05T18:16:29,1,3.86,28800.00,17.76,13825.00,999.00,19.50,1139.70,19.35,1.26
2026-06-05T18:16:30,1,3.86,28800.00,17.76,13825.00,999.00,19.52,1135.20,19.33,1.21
2026-06-05T18:16:30,1,3.90,27630.00,16.97,13263.00,999.00,19.54,1134.20,19.34,1.20
2026-06-05T18:16:30,1,3.89,27630.00,16.97,13263.00,999.00,19.55,1134.80,19.35,1.21
2026-06-05T18:16:30,1,3.84,27630.00,16.97,13263.00,999.00,19.56,1137.20,19.35,1.23
2026-06-05T18:16:30,1,3.88,27630.00,16.97,13263.00,999.00,19.57,1138.20,19.35,1.24
2026-06-05T18:16:31,1,3.86,27410.00,16.82,13158.00,999.00,19.59,1139.50,19.35,1.25
2026-06-05T18:16:31,1,3.90,27410.00,16.82,13158.00,999.00,19.60,1140.00,19.35,1.26
2026-06-05T18:16:31,1,3.90,27410.00,16.82,13158.00,999.00,19.60,1139.20,19.35,1.25
2026-06-05T18:16:31,1,3.86,27410.00,16.82,13158.00,999.00,19.61,1134.80,19.35,1.21
2026-06-05T18:16:31,1,3.87,27410.00,16.82,13158.00,999.00,19.61,1125.20,19.36,1.11
2026-06-05T18:16:32,1,3.90,27300.00,16.75,13106.00,999.00,19.62,1112.60,19.35,0.99
2026-06-05T18:16:32,1,3.90,27300.00,16.75,13106.00,999.00,19.62,1101.80,19.35,0.88
2026-06-05T18:16:32,1,3.89,27300.00,16.75,13106.00,999.00,19.63,1092.90,19.36,0.79
2026-06-05T18:16:32,1,3.90,27300.00,16.75,13106.00,999.00,19.64,1081.30,19.36,0.68
2026-06-05T18:16:32,1,3.88,27300.00,16.75,13106.00,999.00,19.64,1070.30,19.36,0.57
2026-06-05T18:16:33,1,3.88,27170.00,16.66,13042.00,999.00,19.65,1062.10,19.36,0.49
2026-06-05T18:16:33,1,3.90,27170.00,16.66,13042.00,999.00,19.65,1056.50,19.36,0.43
2026-06-05T18:16:33,1,3.87,27170.00,16.66,13042.00,999.00,19.66,1050.90,19.37,0.38
2026-06-05T18:16:33,1,3.87,27170.00,16.66,13042.00,999.00,19.66,1044.00,19.37,0.31
2026-06-05T18:16:33,1,3.86,27170.00,16.66,13042.00,999.00,19.66,1038.90,19.37,0.26
2026-06-05T18:16:34,1,3.90,27080.00,16.60,13000.00,999.00,19.66,1036.00,19.37,0.23
2026-06-05T18:16:34,1,3.88,27080.00,16.60,13000.00,999.00,19.67,1037.00,19.37,0.24
2026-06-05T18:16:34,1,3.90,27080.00,16.60,13000.00,999.00,19.67,1038.80,19.38,0.26
2026-06-05T18:16:34,1,3.89,27080.00,16.60,13000.00,999.00,19.67,1037.50,19.38,0.24
2026-06-05T18:16:34,1,3.89,27080.00,16.60,13000.00,999.00,19.67,1029.40,19.38,0.16
2026-06-05T18:16:35,1,3.91,27020.00,16.56,12972.00,999.00,19.67,1020.80,19.38,0.08
2026-06-05T18:16:35,1,3.85,27020.00,16.56,12972.00,999.00,19.68,1015.90,19.38,0.03
2026-06-05T18:16:35,1,3.90,27020.00,16.56,12972.00,999.00,19.67,1015.50,19.38,0.02
2026-06-05T18:16:35,1,3.89,27020.00,16.56,12972.00,999.00,19.67,1015.10,19.38,0.02
2026-06-05T18:16:35,1,3.88,27020.00,16.56,12972.00,999.00,19.64,1015.70,19.39,0.03
2026-06-05T18:16:36,1,3.90,23160.00,13.99,11121.00,999.00,19.61,1015.50,19.39,0.02
2026-06-05T18:16:36,1,3.88,23160.00,13.99,11121.00,999.00,19.58,1015.40,19.39,0.02
2026-06-05T18:16:36,1,3.86,23160.00,13.99,11121.00,999.00,19.54,1015.00,19.39,0.02
2026-06-05T18:16:36,1,3.87,23160.00,13.99,11121.00,999.00,19.50,1015.70,19.39,0.03
2026-06-05T18:16:36,1,3.84,23090.00,13.94,11085.00,999.00,19.46,1015.20,19.40,0.02
2026-06-05T18:16:37,1,3.88,23090.00,13.94,11085.00,999.00,19.42,1015.30,19.40,0.02
2026-06-05T18:16:37,1,3.90,23090.00,13.94,11085.00,999.00,19.38,1014.80,19.39,0.02
2026-06-05T18:16:37,1,3.88,23090.00,13.94,11085.00,999.00,19.34,1014.90,19.40,0.02
2026-06-05T18:16:37,1,3.88,23090.00,13.94,11085.00,999.00,19.31,1015.00,19.40,0.02
2026-06-05T18:16:37,1,3.87,23170.00,13.99,11123.00,999.00,19.27,1015.30,19.40,0.02
2026-06-05T18:16:38,1,3.91,23170.00,13.99,11123.00,999.00,19.22,1015.30,19.40,0.02
2026-06-05T18:16:38,1,3.87,23170.00,13.99,11123.00,999.00,19.17,1015.70,19.40,0.03
2026-06-05T18:16:38,1,3.84,23170.00,13.99,11123.00,999.00,19.13,1015.30,19.40,0.02
2026-06-05T18:16:38,1,3.88,23170.00,13.99,11123.00,999.00,19.10,1015.60,19.40,0.03
2026-06-05T18:16:39,1,3.87,23050.00,13.92,11067.00,999.00,19.06,1015.70,19.41,0.03
2026-06-05T18:16:39,1,3.91,23050.00,13.92,11067.00,999.00,19.02,1015.50,19.41,0.02
2026-06-05T18:16:39,1,3.89,23050.00,13.92,11067.00,999.00,18.98,1014.90,19.40,0.02
2026-06-05T18:16:39,1,3.87,23050.00,13.92,11067.00,999.00,18.94,1015.10,19.40,0.02
2026-06-05T18:16:39,1,3.88,23050.00,13.92,11067.00,999.00,18.91,1015.20,19.41,0.02
2026-06-05T18:16:40,1,3.88,23220.00,14.03,11147.00,999.00,18.89,1015.40,19.41,0.02
2026-06-05T18:16:40,1,3.90,23220.00,14.03,11147.00,999.00,18.88,1015.30,19.41,0.02
2026-06-05T18:16:40,1,3.88,23220.00,14.03,11147.00,999.00,18.89,1014.80,19.41,0.02
2026-06-05T18:16:40,1,3.86,23220.00,14.03,11147.00,999.00,18.89,1015.50,19.41,0.02
2026-06-05T18:16:40,1,3.87,23230.00,14.04,11154.00,999.00,18.90,1014.70,19.41,0.02
2026-06-05T18:16:41,1,3.90,23230.00,14.04,11154.00,999.00,18.91,1015.20,19.41,0.02
2026-06-05T18:16:41,1,3.89,23230.00,14.04,11154.00,999.00,18.91,1014.70,19.41,0.02
2026-06-05T18:16:41,1,3.89,23230.00,14.04,11154.00,999.00,18.92,1015.00,19.40,0.02
2026-06-05T18:16:41,1,3.87,23230.00,14.04,11154.00,999.00,18.93,1015.20,19.41,0.02
2026-06-05T18:16:41,1,3.90,22860.00,13.79,10977.00,999.00,18.92,1015.10,19.40,0.02
2026-06-05T18:16:42,1,3.89,22860.00,13.79,10977.00,999.00,18.91,1015.20,19.40,0.02
2026-06-05T18:16:42,1,3.88,22860.00,13.79,10977.00,999.00,18.90,1014.70,19.40,0.02
2026-06-05T18:16:42,1,3.88,22860.00,13.79,10977.00,999.00,18.90,1015.20,19.40,0.02
2026-06-05T18:16:42,1,3.87,22860.00,13.79,10977.00,999.00,18.90,1015.20,19.40,0.02
2026-06-05T18:16:42,1,3.91,324.80,0.16,156.00,999.00,18.89,1014.80,19.39,0.02
2026-06-05T18:16:43,1,3.90,324.80,0.16,156.00,999.00,18.86,1015.10,19.39,0.02
2026-06-05T18:16:43,1,3.90,324.80,0.16,156.00,999.00,18.84,1014.70,19.39,0.02
2026-06-05T18:16:43,1,3.88,324.80,0.16,156.00,999.00,18.81,1014.60,19.39,0.02
2026-06-05T18:16:43,1,3.89,324.80,0.16,156.00,999.00,18.79,1015.20,19.39,0.02
2026-06-05T18:16:44,1,3.88,332.60,0.16,160.00,999.00,18.77,1015.10,19.38,0.02
2026-06-05T18:16:44,1,3.88,332.60,0.16,160.00,999.00,18.74,1015.20,19.39,0.02
2026-06-05T18:16:44,1,3.87,332.60,0.16,160.00,999.00,18.72,1014.90,19.39,0.02
2026-06-05T18:16:44,1,3.86,332.60,0.16,160.00,999.00,18.71,1015.10,19.38,0.02
2026-06-05T18:16:44,1,3.89,316.10,0.15,152.00,999.00,18.70,1014.80,19.38,0.02
2026-06-05T18:16:45,1,3.90,316.10,0.15,152.00,999.00,18.69,1015.50,19.38,0.02
2026-06-05T18:16:45,1,3.90,316.10,0.15,152.00,999.00,18.69,1014.80,19.38,0.02
2026-06-05T18:16:45,1,3.88,316.10,0.15,152.00,999.00,18.69,1015.00,19.38,0.02
2026-06-05T18:16:45,1,3.89,316.10,0.15,152.00,999.00,18.67,1014.60,19.38,0.02
2026-06-05T18:16:45,1,3.86,340.80,0.16,164.00,999.00,18.66,1014.60,19.38,0.02
2026-06-05T18:16:46,1,3.87,340.80,0.16,164.00,999.00,18.65,1014.40,19.38,0.01
2026-06-05T18:16:46,1,3.90,340.80,0.16,164.00,999.00,18.62,1015.10,19.38,0.02
2026-06-05T18:16:46,1,3.89,340.80,0.16,164.00,999.00,18.60,1014.80,19.37,0.02
2026-06-05T18:16:46,1,3.89,340.80,0.16,164.00,999.00,18.58,1014.80,19.38,0.02
2026-06-05T18:16:46,1,3.88,325.20,0.16,156.00,999.00,18.56,1014.80,19.37,0.02
2026-06-05T18:16:47,1,3.87,325.20,0.16,156.00,999.00,18.57,1014.70,19.37,0.02
2026-06-05T18:16:47,1,3.89,325.20,0.16,156.00,999.00,18.58,1014.90,19.37,0.02
2026-06-05T18:16:47,1,3.88,325.20,0.16,156.00,999.00,18.59,1015.00,19.37,0.02
2026-06-05T18:16:47,1,3.89,325.20,0.16,156.00,999.00,18.59,1015.10,19.37,0.02
2026-06-05T18:16:47,1,3.89,242.60,0.12,116.00,999.00,18.59,1015.80,19.35,0.03
2026-06-05T18:16:48,1,3.89,242.60,0.12,116.00,999.00,18.60,1015.40,19.34,0.02
2026-06-05T18:16:48,1,3.87,242.60,0.12,116.00,999.00,18.61,1015.20,19.36,0.02
2026-06-05T18:16:48,1,3.89,242.60,0.12,116.00,999.00,18.60,1017.70,19.31,0.05
2026-06-05T18:16:48,1,3.89,242.60,0.12,116.00,999.00,18.60,1018.30,19.31,0.05
2026-06-05T18:16:48,1,3.86,400.00,0.19,192.00,999.00,18.60,1018.00,19.31,0.05
2026-06-05T18:16:49,1,3.85,400.00,0.19,192.00,999.00,18.60,1018.10,19.31,0.05
2026-06-05T18:16:49,1,3.88,400.00,0.19,192.00,999.00,18.60,1017.70,19.31,0.05
2026-06-05T18:16:49,1,3.88,400.00,0.19,192.00,999.00,18.60,1018.20,19.31,0.05
2026-06-05T18:16:49,1,3.86,400.00,0.19,192.00,999.00,18.60,1018.10,19.31,0.05
2026-06-05T18:16:49,1,3.90,348.00,0.17,167.00,999.00,18.61,1018.10,19.31,0.05
2026-06-05T18:16:50,1,3.90,348.00,0.17,167.00,999.00,18.62,1018.20,19.31,0.05
2026-06-05T18:16:50,1,3.88,348.00,0.17,167.00,999.00,18.63,1017.90,19.32,0.05
2026-06-05T18:16:50,1,3.89,348.00,0.17,167.00,999.00,18.65,1018.30,19.32,0.05
2026-06-05T18:16:50,1,3.88,335.50,0.16,161.00,999.00,18.65,1018.10,19.32,0.05
2026-06-05T18:16:50,1,3.90,335.50,0.16,161.00,999.00,18.67,1018.00,19.32,0.05
2026-06-05T18:16:51,1,3.86,335.50,0.16,161.00,999.00,18.67,1018.00,19.32,0.05
2026-06-05T18:16:51,1,3.87,335.50,0.16,161.00,999.00,18.68,1017.90,19.32,0.05
2026-06-05T18:16:51,1,3.88,335.50,0.16,161.00,999.00,18.69,1018.00,19.33,0.05
2026-06-05T18:16:51,1,3.86,330.10,0.16,158.00,999.00,18.70,1018.50,19.33,0.05
2026-06-05T18:16:51,1,3.88,330.10,0.16,158.00,999.00,18.71,1018.00,19.32,0.05
2026-06-05T18:16:52,1,3.90,330.10,0.16,158.00,999.00,18.72,1018.40,19.33,0.05
2026-06-05T18:16:52,1,3.89,330.10,0.16,158.00,999.00,18.72,1017.80,19.33,0.05
2026-06-05T18:16:52,1,3.89,330.10,0.16,158.00,999.00,18.74,1018.70,19.33,0.06
2026-06-05T18:16:52,1,3.90,326.10,0.16,157.00,999.00,18.75,1017.70,19.33,0.05
2026-06-05T18:16:53,1,3.88,326.10,0.16,157.00,999.00,18.76,1015.00,19.39,0.02
2026-06-05T18:16:53,1,3.88,326.10,0.16,157.00,999.00,18.77,1015.20,19.40,0.02
2026-06-05T18:16:53,1,3.86,326.10,0.16,157.00,999.00,18.79,1014.80,19.40,0.02
2026-06-05T18:16:53,1,3.89,326.10,0.16,157.00,999.00,18.79,1015.50,19.34,0.02
2026-06-05T18:16:53,1,3.85,438.30,0.21,210.00,999.00,18.80,1015.20,19.34,0.02
2026-06-05T18:16:54,1,3.87,438.30,0.21,210.00,999.00,18.80,1015.40,19.35,0.02
2026-06-05T18:16:54,1,3.89,438.30,0.21,210.00,999.00,18.82,1014.80,19.40,0.02
2026-06-05T18:16:54,1,3.86,438.30,0.21,210.00,999.00,18.83,1015.10,19.35,0.02
2026-06-05T18:16:54,1,3.90,438.30,0.21,210.00,999.00,18.83,1015.10,19.35,0.02
2026-06-05T18:16:54,1,3.89,448.10,0.22,215.00,999.00,18.85,1014.90,19.35,0.02
2026-06-05T18:16:55,1,3.88,448.10,0.22,215.00,999.00,18.86,1014.50,19.35,0.01
2026-06-05T18:16:55,1,3.90,448.10,0.22,215.00,999.00,18.86,1014.60,19.35,0.02
2026-06-05T18:16:55,1,3.89,448.10,0.22,215.00,999.00,18.87,1014.50,19.36,0.01
2026-06-05T18:16:55,1,3.86,469.30,0.23,225.00,999.00,18.89,1015.10,19.36,0.02
2026-06-05T18:16:55,1,3.89,469.30,0.23,225.00,999.00,18.89,1014.30,19.35,0.01
2026-06-05T18:16:56,1,3.90,469.30,0.23,225.00,999.00,18.91,1014.90,19.37,0.02
2026-06-05T18:16:56,1,3.90,469.30,0.23,225.00,999.00,18.92,1014.80,19.37,0.02
2026-06-05T18:16:56,1,3.90,469.30,0.23,225.00,999.00,18.93,1014.70,19.37,0.02
2026-06-05T18:16:56,1,3.90,470.20,0.23,226.00,999.00,18.94,1015.10,19.37,0.02
2026-06-05T18:16:56,1,3.90,470.20,0.23,226.00,999.00,18.95,1014.90,19.38,0.02
2026-06-05T18:16:57,1,3.88,470.20,0.23,226.00,999.00,18.97,1014.50,19.38,0.01
2026-06-05T18:16:57,1,3.90,470.20,0.23,226.00,999.00,18.98,1014.60,19.39,0.02
2026-06-05T18:16:57,1,3.88,470.20,0.23,226.00,999.00,19.00,1014.40,19.39,0.01
2026-06-05T18:16:57,1,3.90,469.70,0.23,225.00,999.00,19.01,1014.90,19.39,0.02
2026-06-05T18:16:57,1,3.90,469.70,0.23,225.00,999.00,19.03,1014.70,19.40,0.02
2026-06-05T18:16:58,1,3.89,469.70,0.23,225.00,999.00,19.04,1014.60,19.40,0.02
2026-06-05T18:16:58,1,3.87,469.70,0.23,225.00,999.00,19.05,1014.80,19.40,0.02
2026-06-05T18:16:58,1,3.86,469.70,0.23,225.00,999.00,19.05,1015.30,19.41,0.02
2026-06-05T18:16:58,1,3.90,465.50,0.22,223.00,999.00,19.06,1014.50,19.41,0.01
2026-06-05T18:16:58,1,3.90,465.50,0.22,223.00,999.00,19.07,1014.60,19.41,0.02
2026-06-05T18:16:59,1,3.87,465.50,0.22,223.00,999.00,19.08,1014.70,19.42,0.02
2026-06-05T18:16:59,1,3.86,465.50,0.22,223.00,999.00,19.10,1014.80,19.42,0.02
2026-06-05T18:16:59,1,3.88,468.50,0.23,225.00,999.00,19.11,1014.40,19.42,0.01
2026-06-05T18:16:59,1,3.88,468.50,0.23,225.00,999.00,19.11,1014.70,19.43,0.02
2026-06-05T18:16:59,1,3.89,468.50,0.23,225.00,999.00,19.11,1015.00,19.43,0.02
2026-06-05T18:17:00,1,3.90,468.50,0.23,225.00,999.00,19.12,1014.60,19.43,0.02
2026-06-05T18:17:00,1,3.89,468.50,0.23,225.00,999.00,19.12,1014.80,19.44,0.02
2026-06-05T18:17:00,1,3.89,471.10,0.23,226.00,999.00,19.12,1014.60,19.44,0.02
2026-06-05T18:17:00,1,3.88,471.10,0.23,226.00,999.00,19.12,1015.10,19.45,0.02
2026-06-05T18:17:01,1,3.87,471.10,0.23,226.00,999.00,19.12,1014.80,19.45,0.02
2026-06-05T18:17:01,1,3.89,471.10,0.23,226.00,999.00,19.12,1014.30,19.45,0.01
2026-06-05T18:17:01,1,3.88,471.10,0.23,226.00,999.00,19.12,1014.90,19.45,0.02
2026-06-05T18:17:01,1,3.87,469.70,0.23,225.00,999.00,19.13,1014.70,19.46,0.02
2026-06-05T18:17:01,1,3.90,469.70,0.23,225.00,999.00,19.12,1014.90,19.46,0.02
2026-06-05T18:17:02,1,3.88,469.70,0.23,225.00,999.00,19.13,1014.90,19.46,0.02
2026-06-05T18:17:02,1,3.87,469.70,0.23,225.00,999.00,19.13,1017.50,19.52,0.04
2026-06-05T18:17:02,1,3.86,469.70,0.23,225.00,999.00,19.13,1015.30,19.53,0.02
2026-06-05T18:17:02,1,3.91,395.20,0.19,190.00,999.00,19.13,1014.80,19.53,0.02
2026-06-05T18:17:02,1,3.90,395.20,0.19,190.00,999.00,19.13,1015.40,19.53,0.02
2026-06-05T18:17:03,1,3.90,395.20,0.19,190.00,999.00,19.14,1015.00,19.53,0.02
2026-06-05T18:17:03,1,3.90,395.20,0.19,190.00,999.00,19.15,1015.20,19.54,0.02
2026-06-05T18:17:03,1,3.89,395.20,0.19,190.00,999.00,19.15,1014.80,19.54,0.02
2026-06-05T18:17:03,1,3.86,370.40,0.18,178.00,999.00,19.16,1015.20,19.54,0.02
2026-06-05T18:17:03,1,3.90,370.40,0.18,178.00,999.00,19.18,1014.60,19.54,0.02
2026-06-05T18:17:04,1,3.90,370.40,0.18,178.00,999.00,19.19,1014.80,19.54,0.02
2026-06-05T18:17:04,1,3.89,370.40,0.18,178.00,999.00,19.19,1015.10,19.54,0.02
2026-06-05T18:17:04,1,3.89,377.00,0.18,181.00,999.00,19.20,1014.60,19.53,0.02
2026-06-05T18:17:04,1,3.90,377.00,0.18,181.00,999.00,19.20,1014.80,19.54,0.02
2026-06-05T18:17:04,1,3.90,377.00,0.18,181.00,999.00,19.20,1015.00,19.54,0.02
2026-06-05T18:17:05,1,3.89,377.00,0.18,181.00,999.00,19.21,1015.00,19.55,0.02
2026-06-05T18:17:05,1,3.87,377.00,0.18,181.00,999.00,19.22,1015.20,19.55,0.02
2026-06-05T18:17:05,1,3.90,379.40,0.18,182.00,999.00,19.23,1015.10,19.54,0.02
2026-06-05T18:17:05,1,3.90,379.40,0.18,182.00,999.00,19.23,1015.00,19.55,0.02
2026-06-05T18:17:05,1,3.90,379.40,0.18,182.00,999.00,19.25,1015.10,19.55,0.02
2026-06-05T18:17:06,1,3.87,379.40,0.18,182.00,999.00,19.26,1014.80,19.55,0.02
2026-06-05T18:17:06,1,3.88,379.40,0.18,182.00,999.00,19.26,1015.30,19.56,0.02
2026-06-05T18:17:06,1,3.90,381.50,0.18,183.00,999.00,19.25,1014.80,19.55,0.02
2026-06-05T18:17:06,1,3.87,381.50,0.18,183.00,999.00,19.26,1014.90,19.56,0.02
2026-06-05T18:17:06,1,3.88,381.50,0.18,183.00,999.00,19.26,1014.90,19.56,0.02
2026-06-05T18:17:07,1,3.86,381.50,0.18,183.00,999.00,19.25,1014.80,19.56,0.02
2026-06-05T18:17:07,1,3.86,381.50,0.18,183.00,999.00,19.25,1014.60,19.56,0.02
2026-06-05T18:17:07,1,3.90,383.10,0.18,184.00,999.00,19.25,1014.70,19.56,0.02
2026-06-05T18:17:07,1,3.90,383.10,0.18,184.00,999.00,19.26,1015.20,19.56,0.02
2026-06-05T18:17:07,1,3.86,383.10,0.18,184.00,999.00,19.27,1015.50,19.57,0.02
2026-06-05T18:17:08,1,3.87,383.10,0.18,184.00,999.00,19.27,1014.90,19.57,0.02
2026-06-05T18:17:08,1,3.89,383.10,0.18,184.00,999.00,19.27,1015.10,19.57,0.02
2026-06-05T18:17:08,1,3.87,385.40,0.19,185.00,999.00,19.27,1015.30,19.56,0.02
2026-06-05T18:17:08,1,3.90,385.40,0.19,185.00,999.00,19.27,1014.70,19.57,0.02
2026-06-05T18:17:09,1,3.89,385.40,0.19,185.00,999.00,19.27,1015.40,19.57,0.02
2026-06-05T18:17:09,1,3.89,385.40,0.19,185.00,999.00,19.27,1015.30,19.57,0.02
2026-06-05T18:17:09,1,3.89,385.70,0.19,185.00,999.00,19.28,1015.20,19.57,0.02
2026-06-05T18:17:09,1,3.89,385.70,0.19,185.00,999.00,19.28,1014.90,19.58,0.02
2026-06-05T18:17:09,1,3.89,385.70,0.19,185.00,999.00,19.29,1015.40,19.58,0.02
2026-06-05T18:17:10,1,3.86,385.70,0.19,185.00,999.00,19.29,1014.70,19.58,0.02
2026-06-05T18:17:10,1,3.89,385.70,0.19,185.00,999.00,19.29,1015.50,19.58,0.02
2026-06-05T18:17:10,1,3.87,386.00,0.19,185.00,999.00,19.29,1015.30,19.58,0.02
2026-06-05T18:17:10,1,3.88,386.00,0.19,185.00,999.00,19.29,1015.10,19.58,0.02
2026-06-05T18:17:10,1,3.89,386.00,0.19,185.00,999.00,19.29,1015.40,19.59,0.02
2026-06-05T18:17:11,1,3.89,386.00,0.19,185.00,999.00,19.28,1015.20,19.59,0.02
2026-06-05T18:17:11,1,3.89,386.00,0.19,185.00,999.00,19.29,1015.00,19.60,0.02
2026-06-05T18:17:11,1,3.88,387.80,0.19,186.00,999.00,19.29,1015.20,19.60,0.02
2026-06-05T18:17:11,1,3.88,387.80,0.19,186.00,999.00,19.29,1015.00,19.59,0.02
2026-06-05T18:17:11,1,3.89,387.80,0.19,186.00,999.00,19.28,1014.80,19.60,0.02
2026-06-05T18:17:12,1,3.90,387.80,0.19,186.00,999.00,19.27,1015.00,19.60,0.02
2026-06-05T18:17:12,1,3.86,387.80,0.19,186.00,999.00,19.27,1014.90,19.60,0.02
2026-06-05T18:17:12,1,3.87,388.30,0.19,186.00,999.00,19.27,1014.90,19.60,0.02
2026-06-05T18:17:12,1,3.90,388.30,0.19,186.00,999.00,19.27,1015.10,19.60,0.02
2026-06-05T18:17:12,1,3.90,388.30,0.19,186.00,999.00,19.28,1014.80,19.60,0.02
2026-06-05T18:17:13,1,3.86,388.30,0.19,186.00,999.00,19.27,1015.10,19.60,0.02
2026-06-05T18:17:13,1,3.86,388.30,0.19,186.00,999.00,19.28,1014.90,19.61,0.02
2026-06-05T18:17:13,1,3.89,388.90,0.19,187.00,999.00,19.28,1014.30,19.60,0.01
2026-06-05T18:17:13,1,3.90,388.90,0.19,187.00,999.00,19.28,1014.60,19.61,0.02
2026-06-05T18:17:13,1,3.90,388.90,0.19,187.00,999.00,19.29,1014.80,19.60,0.02
2026-06-05T18:17:14,1,3.89,388.90,0.19,187.00,999.00,19.29,1015.00,19.61,0.02
2026-06-05T18:17:14,1,3.87,390.20,0.19,187.00,999.00,19.29,1015.30,19.61,0.02
2026-06-05T18:17:14,1,3.90,390.20,0.19,187.00,999.00,19.29,1014.80,19.61,0.02
2026-06-05T18:17:14,1,3.90,390.20,0.19,187.00,999.00,19.30,1014.70,19.61,0.02
2026-06-05T18:17:14,1,3.86,390.20,0.19,187.00,999.00,19.31,1014.60,19.61,0.02
2026-06-05T18:17:15,1,3.88,390.20,0.19,187.00,999.00,19.32,1014.80,19.61,0.02
2026-06-05T18:17:15,1,3.89,392.10,0.19,188.00,999.00,19.32,1015.00,19.61,0.02
2026-06-05T18:17:15,1,3.88,392.10,0.19,188.00,999.00,19.33,1015.20,19.61,0.02
2026-06-05T18:17:15,1,3.90,392.10,0.19,188.00,999.00,19.34,1014.80,19.61,0.02
2026-06-05T18:17:15,1,3.87,392.10,0.19,188.00,999.00,19.34,1015.20,19.61,0.02
2026-06-05T18:17:16,1,3.86,392.10,0.19,188.00,999.00,19.34,1014.90,19.61,0.02
2026-06-05T18:17:16,1,3.90,396.40,0.19,190.00,999.00,19.34,1015.40,19.61,0.02
2026-06-05T18:17:16,1,3.88,396.40,0.19,190.00,999.00,19.34,1015.40,19.61,0.02
2026-06-05T18:17:16,1,3.88,396.40,0.19,190.00,999.00,19.34,1014.70,19.60,0.02
2026-06-05T18:17:17,1,3.89,396.40,0.19,190.00,999.00,19.35,1014.50,19.61,0.01
2026-06-05T18:17:17,1,3.89,396.40,0.19,190.00,999.00,19.35,1014.80,19.62,0.02
2026-06-05T18:17:17,1,3.88,396.70,0.19,190.00,999.00,19.37,1014.80,19.62,0.02
2026-06-05T18:17:17,1,3.87,396.70,0.19,190.00,999.00,19.37,1014.90,19.62,0.02
2026-06-05T18:17:17,1,3.88,396.70,0.19,190.00,999.00,19.38,1015.10,19.62,0.02
2026-06-05T18:17:18,1,3.88,396.70,0.19,190.00,999.00,19.38,1014.60,19.62,0.02
2026-06-05T18:17:18,1,3.89,396.70,0.19,190.00,999.00,19.39,1014.70,19.62,0.02
2026-06-05T18:17:18,1,3.89,398.60,0.19,191.00,999.00,19.39,1014.60,19.62,0.02
2026-06-05T18:17:18,1,3.88,398.60,0.19,191.00,999.00,19.39,1015.00,19.62,0.02
2026-06-05T18:17:18,1,3.88,398.60,0.19,191.00,999.00,19.39,1015.00,19.62,0.02
2026-06-05T18:17:19,1,3.89,398.60,0.19,191.00,999.00,19.40,1014.50,19.62,0.01
2026-06-05T18:17:19,1,3.88,401.20,0.19,193.00,999.00,19.40,1014.60,19.63,0.02
2026-06-05T18:17:19,1,3.87,401.20,0.19,193.00,999.00,19.41,1015.10,19.63,0.02
2026-06-05T18:17:19,1,3.91,401.20,0.19,193.00,999.00,19.40,1014.60,19.63,0.02
2026-06-05T18:17:19,1,3.89,401.20,0.19,193.00,999.00,19.40,1014.70,19.63,0.02
2026-06-05T18:17:20,1,3.86,401.20,0.19,193.00,999.00,19.40,1015.10,19.63,0.02
2026-06-05T18:17:20,1,3.88,401.00,0.19,192.00,999.00,19.40,1014.50,19.63,0.01
2026-06-05T18:17:20,1,3.90,401.00,0.19,192.00,999.00,19.41,1015.10,19.63,0.02
2026-06-05T18:17:20,1,3.90,401.00,0.19,192.00,999.00,19.41,1014.80,19.63,0.02
2026-06-05T18:17:20,1,3.88,401.00,0.19,192.00,999.00,19.42,1015.00,19.64,0.02
2026-06-05T18:17:21,1,3.89,401.00,0.19,192.00,999.00,19.43,1014.90,19.63,0.02
2026-06-05T18:17:21,1,3.90,402.90,0.19,193.00,999.00,19.44,1014.90,19.64,0.02
2026-06-05T18:17:21,1,3.90,402.90,0.19,193.00,999.00,19.45,1014.50,19.63,0.01
2026-06-05T18:17:21,1,3.90,402.90,0.19,193.00,999.00,19.45,1014.90,19.64,0.02
2026-06-05T18:17:21,1,3.87,402.90,0.19,193.00,999.00,19.45,1014.90,19.64,0.02
2026-06-05T18:17:22,1,3.86,402.90,0.19,193.00,999.00,19.45,1015.10,19.64,0.02
2026-06-05T18:17:22,1,3.90,403.20,0.19,194.00,999.00,19.46,1014.70,19.64,0.02
2026-06-05T18:17:22,1,3.90,403.20,0.19,194.00,999.00,19.46,1015.00,19.64,0.02
2026-06-05T18:17:22,1,3.90,403.20,0.19,194.00,999.00,19.47,1015.20,19.65,0.02
2026-06-05T18:17:23,1,3.90,403.20,0.19,194.00,999.00,19.47,1015.20,19.65,0.02
2026-06-05T18:17:23,1,3.86,403.50,0.19,194.00,999.00,19.47,1015.20,19.65,0.02
2026-06-05T18:17:23,1,3.90,403.50,0.19,194.00,999.00,19.47,1015.10,19.65,0.02
2026-06-05T18:17:23,1,3.88,403.50,0.19,194.00,999.00,19.48,1014.90,19.65,0.02
2026-06-05T18:17:23,1,3.87,403.50,0.19,194.00,999.00,19.49,1014.90,19.65,0.02
2026-06-05T18:17:24,1,3.88,403.50,0.19,194.00,999.00,19.50,1015.20,19.65,0.02
2026-06-05T18:17:24,1,3.89,405.00,0.20,194.00,999.00,19.50,1015.10,19.65,0.02
2026-06-05T18:17:24,1,3.87,405.00,0.20,194.00,999.00,19.48,1014.90,19.65,0.02
2026-06-05T18:17:24,1,3.90,405.00,0.20,194.00,999.00,19.48,1014.80,19.65,0.02
2026-06-05T18:17:24,1,3.89,405.00,0.20,194.00,999.00,19.48,1014.90,19.65,0.02
2026-06-05T18:17:25,1,3.89,405.00,0.20,194.00,999.00,19.48,1014.90,19.66,0.02
2026-06-05T18:17:25,1,3.90,404.30,0.20,194.00,999.00,19.48,1014.90,19.66,0.02
2026-06-05T18:17:25,1,3.89,404.30,0.20,194.00,999.00,19.48,1014.90,19.66,0.02
2026-06-05T18:17:25,1,3.88,404.30,0.20,194.00,999.00,19.48,1014.70,19.66,0.02
2026-06-05T18:17:25,1,3.90,404.30,0.20,194.00,999.00,19.47,1015.10,19.66,0.02
2026-06-05T18:17:26,1,3.86,404.30,0.20,194.00,999.00,19.47,1015.00,19.66,0.02
2026-06-05T18:17:26,1,3.90,406.50,0.20,195.00,999.00,19.47,1014.60,19.66,0.02
2026-06-05T18:17:26,1,3.88,406.50,0.20,195.00,999.00,19.46,1015.00,19.66,0.02
2026-06-05T18:17:26,1,3.87,406.50,0.20,195.00,999.00,19.46,1014.60,19.66,0.02
2026-06-05T18:17:26,1,3.86,406.50,0.20,195.00,999.00,19.45,1014.90,19.66,0.02
2026-06-05T18:17:27,1,3.89,406.50,0.20,195.00,999.00,19.44,1014.80,19.66,0.02
2026-06-05T18:17:27,1,3.86,407.10,0.20,195.00,999.00,19.44,1014.80,19.66,0.02
2026-06-05T18:17:27,1,3.89,407.10,0.20,195.00,999.00,19.43,1014.50,19.66,0.01
2026-06-05T18:17:27,1,3.87,407.10,0.20,195.00,999.00,19.43,1014.60,19.67,0.02
2026-06-05T18:17:27,1,3.88,407.10,0.20,195.00,999.00,19.43,1014.70,19.67,0.02
2026-06-05T18:17:28,1,3.88,407.10,0.20,195.00,999.00,19.42,1015.20,19.61,0.02
2026-06-05T18:17:28,1,3.88,392.00,0.19,188.00,999.00,19.42,1015.40,19.61,0.02
2026-06-05T18:17:28,1,3.87,392.00,0.19,188.00,999.00,19.42,1015.10,19.61,0.02
2026-06-05T18:17:28,1,3.90,392.00,0.19,188.00,999.00,19.41,1014.70,19.61,0.02
2026-06-05T18:17:28,1,3.87,392.00,0.19,188.00,999.00,19.41,1015.00,19.61,0.02
2026-06-05T18:17:29,1,3.88,386.20,0.19,185.00,999.00,19.41,1015.30,19.62,0.02
2026-06-05T18:17:29,1,3.90,386.20,0.19,185.00,999.00,19.41,1014.80,19.60,0.02
2026-06-05T18:17:29,1,3.88,386.20,0.19,185.00,999.00,19.41,1016.40,19.63,0.03
2026-06-05T18:17:29,1,3.86,386.20,0.19,185.00,999.00,19.41,1015.10,19.63,0.02
2026-06-05T18:17:29,1,3.88,386.20,0.19,185.00,999.00,19.41,1015.10,19.63,0.02
2026-06-05T18:17:30,1,3.88,390.40,0.19,187.00,999.00,19.41,1015.80,19.63,0.03
2026-06-05T18:17:30,1,3.90,390.40,0.19,187.00,999.00,19.41,1015.40,19.63,0.02
2026-06-05T18:17:30,1,3.89,390.40,0.19,187.00,999.00,19.41,1014.90,19.69,0.02
2026-06-05T18:17:30,1,3.88,390.40,0.19,187.00,999.00,19.40,1014.70,19.64,0.02
2026-06-05T18:17:30,1,3.89,390.40,0.19,187.00,999.00,19.40,1015.20,19.65,0.02
2026-06-05T18:17:31,1,3.90,510.70,0.25,245.00,999.00,19.39,1014.60,19.65,0.02
2026-06-05T18:17:31,1,3.87,510.70,0.25,245.00,999.00,19.38,1014.50,19.65,0.01
2026-06-05T18:17:31,1,3.90,510.70,0.25,245.00,999.00,19.38,1015.20,19.64,0.02
2026-06-05T18:17:31,1,3.86,510.70,0.25,245.00,999.00,19.37,1014.10,19.64,0.01
2026-06-05T18:17:32,1,3.90,510.70,0.25,245.00,999.00,19.36,1015.10,19.65,0.02
2026-06-05T18:17:32,1,3.90,482.20,0.23,231.00,999.00,19.36,1015.10,19.65,0.02
2026-06-05T18:17:32,1,3.89,482.20,0.23,231.00,999.00,19.36,1015.70,19.65,0.03
2026-06-05T18:17:32,1,3.88,482.20,0.23,231.00,999.00,19.36,1015.10,19.65,0.02
2026-06-05T18:17:32,1,3.87,482.20,0.23,231.00,999.00,19.35,1014.90,19.65,0.02
2026-06-05T18:17:33,1,3.90,482.20,0.23,231.00,999.00,19.36,1015.20,19.66,0.02
2026-06-05T18:17:33,1,3.87,444.00,0.21,213.00,999.00,19.37,1015.20,19.66,0.02
2026-06-05T18:17:33,1,3.90,444.00,0.21,213.00,999.00,19.38,1015.80,19.66,0.03
2026-06-05T18:17:33,1,3.89,444.00,0.21,213.00,999.00,19.37,1015.60,19.67,0.03
2026-06-05T18:17:33,1,3.89,444.00,0.21,213.00,999.00,19.38,1015.50,19.67,0.02
2026-06-05T18:17:34,1,3.87,446.70,0.22,214.00,999.00,19.38,1015.20,19.67,0.02
2026-06-05T18:17:34,1,3.88,446.70,0.22,214.00,999.00,19.38,1015.10,19.67,0.02
2026-06-05T18:17:34,1,3.90,446.70,0.22,214.00,999.00,19.39,1015.20,19.67,0.02
2026-06-05T18:17:34,1,3.90,446.70,0.22,214.00,999.00,19.39,1015.10,19.68,0.02
2026-06-05T18:17:34,1,3.87,446.70,0.22,214.00,999.00,19.38,1015.00,19.68,0.02
2026-06-05T18:17:35,1,3.89,449.20,0.22,216.00,999.00,19.38,1015.10,19.68,0.02
2026-06-05T18:17:35,1,3.87,449.20,0.22,216.00,999.00,19.38,1014.80,19.69,0.02
2026-06-05T18:17:35,1,3.90,449.20,0.22,216.00,999.00,19.37,1015.00,19.69,0.02
2026-06-05T18:17:35,1,3.88,449.20,0.22,216.00,999.00,19.37,1015.10,19.69,0.02
2026-06-05T18:17:35,1,3.87,449.20,0.22,216.00,999.00,19.37,1014.90,19.69,0.02
2026-06-05T18:17:36,1,3.90,448.00,0.22,215.00,999.00,19.35,1015.20,19.70,0.02
2026-06-05T18:17:36,1,3.90,448.00,0.22,215.00,999.00,19.35,1015.40,19.70,0.02
2026-06-05T18:17:36,1,3.89,448.00,0.22,215.00,999.00,19.35,1015.40,19.70,0.02
2026-06-05T18:17:36,1,3.87,448.00,0.22,215.00,999.00,19.36,1015.60,19.70,0.03
2026-06-05T18:17:36,1,3.87,448.00,0.22,215.00,999.00,19.35,1015.50,19.70,0.02
2026-06-05T18:17:37,1,3.89,447.80,0.22,215.00,999.00,19.36,1015.20,19.70,0.02
2026-06-05T18:17:37,1,3.90,447.80,0.22,215.00,999.00,19.36,1015.60,19.70,0.03
2026-06-05T18:17:37,1,3.89,447.80,0.22,215.00,999.00,19.37,1015.20,19.70,0.02
2026-06-05T18:17:37,1,3.90,447.80,0.22,215.00,999.00,19.38,1015.60,19.71,0.03
2026-06-05T18:17:37,1,3.87,450.00,0.22,216.00,999.00,19.38,1015.10,19.70,0.02
2026-06-05T18:17:38,1,3.88,450.00,0.22,216.00,999.00,19.39,1014.80,19.71,0.02
2026-06-05T18:17:38,1,3.88,450.00,0.22,216.00,999.00,19.39,1014.80,19.71,0.02
2026-06-05T18:17:38,1,3.89,450.00,0.22,216.00,999.00,19.40,1015.50,19.71,0.02
2026-06-05T18:17:38,1,3.88,450.00,0.22,216.00,999.00,19.40,1014.90,19.71,0.02
2026-06-05T18:17:38,1,3.87,449.50,0.22,216.00,999.00,19.41,1015.70,19.71,0.03
2026-06-05T18:17:39,1,3.90,449.50,0.22,216.00,999.00,19.41,1015.40,19.71,0.02
2026-06-05T18:17:39,1,3.87,449.50,0.22,216.00,999.00,19.41,1015.20,19.71,0.02
2026-06-05T18:17:39,1,3.90,449.50,0.22,216.00,999.00,19.41,1015.20,19.71,0.02
2026-06-05T18:17:39,1,3.87,449.50,0.22,216.00,999.00,19.42,1015.40,19.72,0.02
2026-06-05T18:17:40,1,3.90,451.60,0.22,217.00,999.00,19.44,1015.40,19.72,0.02
2026-06-05T18:17:40,1,3.90,451.60,0.22,217.00,999.00,19.44,1015.20,19.72,0.02
2026-06-05T18:17:40,1,3.91,451.60,0.22,217.00,999.00,19.44,1015.20,19.72,0.02
2026-06-05T18:17:40,1,3.89,451.60,0.22,217.00,999.00,19.45,1015.10,19.72,0.02
2026-06-05T18:17:40,1,3.90,451.60,0.22,217.00,999.00,19.45,1015.20,19.72,0.02
2026-06-05T18:17:41,1,3.90,452.00,0.22,217.00,999.00,19.47,1015.70,19.72,0.03
2026-06-05T18:17:41,1,3.87,452.00,0.22,217.00,999.00,19.47,1014.90,19.72,0.02
2026-06-05T18:17:41,1,3.90,452.00,0.22,217.00,999.00,19.47,1015.00,19.72,0.02
2026-06-05T18:17:41,1,3.87,452.00,0.22,217.00,999.00,19.48,1015.10,19.72,0.02
2026-06-05T18:17:41,1,3.89,452.00,0.22,217.00,999.00,19.49,1015.60,19.72,0.03
2026-06-05T18:17:42,1,3.90,452.10,0.22,217.00,999.00,19.49,1015.10,19.72,0.02
2026-06-05T18:17:42,1,3.90,452.10,0.22,217.00,999.00,19.50,1014.40,19.73,0.01
2026-06-05T18:17:42,1,3.88,452.10,0.22,217.00,999.00,19.50,1015.20,19.79,0.02
2026-06-05T18:17:42,1,3.87,452.10,0.22,217.00,999.00,19.51,1015.00,19.73,0.02
2026-06-05T18:17:42,1,3.86,453.70,0.22,218.00,999.00,19.50,1015.30,19.73,0.02
2026-06-05T18:17:43,1,3.88,453.70,0.22,218.00,999.00,19.52,1015.50,19.73,0.02
2026-06-05T18:17:43,1,3.88,453.70,0.22,218.00,999.00,19.52,1015.00,19.73,0.02
2026-06-05T18:17:43,1,3.89,453.70,0.22,218.00,999.00,19.52,1015.80,19.73,0.03
2026-06-05T18:17:43,1,3.89,453.70,0.22,218.00,999.00,19.52,1015.30,19.73,0.02
2026-06-05T18:17:43,1,3.90,454.80,0.22,218.00,999.00,19.53,1015.50,19.74,0.02
2026-06-05T18:17:44,1,3.88,454.80,0.22,218.00,999.00,19.53,1015.30,19.73,0.02
2026-06-05T18:17:44,1,3.90,454.80,0.22,218.00,999.00,19.54,1015.50,19.73,0.02
2026-06-05T18:17:44,1,3.89,454.80,0.22,218.00,999.00,19.54,1015.20,19.75,0.02
2026-06-05T18:17:44,1,3.88,454.80,0.22,218.00,999.00,19.54,1014.40,19.80,0.01
2026-06-05T18:17:44,1,3.88,454.20,0.22,218.00,999.00,19.54,1014.70,19.80,0.02
2026-06-05T18:17:45,1,3.88,454.20,0.22,218.00,999.00,19.54,1015.00,19.74,0.02
2026-06-05T18:17:45,1,3.90,454.20,0.22,218.00,999.00,19.53,1015.20,19.73,0.02
2026-06-05T18:17:45,1,3.86,454.20,0.22,218.00,999.00,19.53,1015.30,19.74,0.02
2026-06-05T18:17:45,1,3.89,454.20,0.22,218.00,999.00,19.53,1014.90,19.74,0.02
2026-06-05T18:17:45,1,3.89,453.90,0.22,218.00,999.00,19.53,1015.70,19.73,0.03
2026-06-05T18:17:46,1,3.88,453.90,0.22,218.00,999.00,19.52,1014.10,19.74,0.01
2026-06-05T18:17:46,1,3.90,453.90,0.22,218.00,999.00,19.52,1014.80,19.80,0.02
2026-06-05T18:17:46,1,3.88,453.90,0.22,218.00,999.00,19.51,1014.70,19.80,0.02
2026-06-05T18:17:46,1,3.89,453.90,0.22,218.00,999.00,19.50,1015.30,19.74,0.02
2026-06-05T18:17:46,1,3.88,455.00,0.22,218.00,999.00,19.51,1015.50,19.73,0.02
2026-06-05T18:17:47,1,3.88,455.00,0.22,218.00,999.00,19.51,1015.10,19.72,0.02
2026-06-05T18:17:47,1,3.88,455.00,0.22,218.00,999.00,19.51,1015.50,19.73,0.02
2026-06-05T18:17:47,1,3.86,455.00,0.22,218.00,999.00,19.49,1014.50,19.80,0.01
2026-06-05T18:17:47,1,3.89,454.90,0.22,218.00,999.00,19.48,1014.60,19.80,0.02
2026-06-05T18:17:48,1,3.86,454.90,0.22,218.00,999.00,19.47,1014.70,19.80,0.02
2026-06-05T18:17:48,1,3.90,454.90,0.22,218.00,999.00,19.46,1014.90,19.80,0.02
2026-06-05T18:17:48,1,3.87,454.90,0.22,218.00,999.00,19.46,1015.10,19.73,0.02
2026-06-05T18:17:48,1,3.89,454.90,0.22,218.00,999.00,19.46,1015.00,19.73,0.02
2026-06-05T18:17:48,1,3.86,457.10,0.22,219.00,999.00,19.46,1015.00,19.73,0.02
2026-06-05T18:17:49,1,3.90,457.10,0.22,219.00,999.00,19.47,1015.50,19.73,0.02
2026-06-05T18:17:49,1,3.87,457.10,0.22,219.00,999.00,19.47,1015.50,19.80,0.02
2026-06-05T18:17:49,1,3.86,457.10,0.22,219.00,999.00,19.47,1014.80,19.80,0.02
2026-06-05T18:17:49,1,3.86,457.10,0.22,219.00,999.00,19.47,1014.80,19.80,0.02
2026-06-05T18:17:49,1,3.86,458.70,0.22,220.00,999.00,19.47,1014.80,19.80,0.02
2026-06-05T18:17:50,1,3.90,458.70,0.22,220.00,999.00,19.46,1015.00,19.80,0.02
2026-06-05T18:17:50,1,3.90,458.70,0.22,220.00,999.00,19.45,1015.10,19.80,0.02
2026-06-05T18:17:50,1,3.88,458.70,0.22,220.00,999.00,19.46,1014.90,19.80,0.02
2026-06-05T18:17:50,1,3.89,458.70,0.22,220.00,999.00,19.46,1014.50,19.79,0.01
2026-06-05T18:17:50,1,3.88,457.60,0.22,220.00,999.00,19.46,1014.60,19.79,0.02
2026-06-05T18:17:51,1,3.88,457.60,0.22,220.00,999.00,19.47,1014.90,19.79,0.02
2026-06-05T18:17:51,1,3.88,457.60,0.22,220.00,999.00,19.47,1014.70,19.72,0.02
2026-06-05T18:17:51,1,3.90,457.60,0.22,220.00,999.00,19.47,1014.90,19.72,0.02
2026-06-05T18:17:51,1,3.88,457.60,0.22,220.00,999.00,19.47,1015.50,19.72,0.02
2026-06-05T18:17:51,1,3.90,463.60,0.22,223.00,999.00,19.47,1014.40,19.72,0.01
2026-06-05T18:17:52,1,3.88,463.60,0.22,223.00,999.00,19.48,1014.70,19.72,0.02
2026-06-05T18:17:52,1,3.90,463.60,0.22,223.00,999.00,19.49,1015.20,19.72,0.02
2026-06-05T18:17:52,1,3.88,463.60,0.22,223.00,999.00,19.49,1015.30,19.72,0.02
2026-06-05T18:17:52,1,3.89,454.50,0.22,218.00,999.00,19.50,1015.10,19.73,0.02
2026-06-05T18:17:52,1,3.91,454.50,0.22,218.00,999.00,19.51,1015.50,19.73,0.02
2026-06-05T18:17:53,1,3.88,454.50,0.22,218.00,999.00,19.51,1015.10,19.73,0.02
2026-06-05T18:17:53,1,3.89,454.50,0.22,218.00,999.00,19.52,1014.70,19.80,0.02
2026-06-05T18:17:53,1,3.89,454.50,0.22,218.00,999.00,19.50,1014.70,19.80,0.02
2026-06-05T18:17:53,1,3.87,459.30,0.22,220.00,999.00,19.50,1014.60,19.80,0.02
2026-06-05T18:17:53,1,3.88,459.30,0.22,220.00,999.00,19.49,1014.60,19.80,0.02
2026-06-05T18:17:54,1,3.87,459.30,0.22,220.00,999.00,19.48,1014.70,19.78,0.02
2026-06-05T18:17:54,1,3.86,459.30,0.22,220.00,999.00,19.48,1014.60,19.80,0.02
2026-06-05T18:17:54,1,3.87,459.30,0.22,220.00,999.00,19.48,1015.00,19.73,0.02
2026-06-05T18:17:54,1,3.87,462.70,0.22,222.00,999.00,19.48,1014.80,19.80,0.02
2026-06-05T18:17:55,1,3.87,462.70,0.22,222.00,999.00,19.49,1015.40,19.73,0.02
2026-06-05T18:17:55,1,3.88,462.70,0.22,222.00,999.00,19.48,1014.80,19.73,0.02
2026-06-05T18:17:55,1,3.89,462.70,0.22,222.00,999.00,19.48,1015.20,19.73,0.02
2026-06-05T18:17:55,1,3.89,462.70,0.22,222.00,999.00,19.48,1015.20,19.73,0.02
2026-06-05T18:17:55,1,3.88,466.90,0.23,224.00,999.00,19.48,1015.10,19.73,0.02
2026-06-05T18:17:56,1,3.88,466.90,0.23,224.00,999.00,19.48,1015.30,19.73,0.02
2026-06-05T18:17:56,1,3.88,466.90,0.23,224.00,999.00,19.49,1015.10,19.74,0.02
2026-06-05T18:17:56,1,3.88,466.90,0.23,224.00,999.00,19.50,1014.50,19.73,0.01
2026-06-05T18:17:56,1,3.87,466.90,0.23,224.00,999.00,19.50,1014.90,19.74,0.02
2026-06-05T18:17:56,1,3.88,468.50,0.23,225.00,999.00,19.51,1014.70,19.75,0.02
2026-06-05T18:17:57,1,3.88,468.50,0.23,225.00,999.00,19.51,1014.70,19.81,0.02
2026-06-05T18:17:57,1,3.90,468.50,0.23,225.00,999.00,19.51,1015.00,19.81,0.02
2026-06-05T18:17:57,1,3.87,468.50,0.23,225.00,999.00,19.49,1014.30,19.81,0.01
2026-06-05T18:17:57,1,3.86,474.30,0.23,228.00,999.00,19.48,1014.70,19.81,0.02
2026-06-05T18:17:57,1,3.86,474.30,0.23,228.00,999.00,19.47,1016.40,19.80,0.03
2026-06-05T18:17:58,1,3.90,474.30,0.23,228.00,999.00,19.45,1014.60,19.81,0.02
2026-06-05T18:17:58,1,3.90,474.30,0.23,228.00,999.00,19.43,1014.50,19.81,0.01
2026-06-05T18:17:58,1,3.87,474.30,0.23,228.00,999.00,19.41,1014.50,19.81,0.01
2026-06-05T18:17:58,1,3.89,472.50,0.23,227.00,999.00,19.40,1014.60,19.81,0.02
2026-06-05T18:17:58,1,3.88,472.50,0.23,227.00,999.00,19.39,1015.00,19.81,0.02
2026-06-05T18:17:59,1,3.88,472.50,0.23,227.00,999.00,19.37,1014.50,19.80,0.01
2026-06-05T18:17:59,1,3.84,472.50,0.23,227.00,999.00,19.36,1013.90,19.80,0.01
2026-06-05T18:17:59,1,3.89,472.50,0.23,227.00,999.00,19.34,1014.20,19.80,0.01
2026-06-05T18:17:59,1,3.87,472.10,0.23,227.00,999.00,19.34,1014.30,19.80,0.01
2026-06-05T18:17:59,1,3.90,472.10,0.23,227.00,999.00,19.31,1014.60,19.79,0.02
2026-06-05T18:18:00,1,3.88,472.10,0.23,227.00,999.00,19.29,1015.00,19.71,0.02
2026-06-05T18:18:00,1,3.89,472.10,0.23,227.00,999.00,19.29,1014.80,19.72,0.02
2026-06-05T18:18:00,1,3.86,472.10,0.23,227.00,999.00,19.28,1014.90,19.79,0.02
2026-06-05T18:18:00,1,3.87,472.90,0.23,227.00,999.00,19.28,1014.70,19.79,0.02
2026-06-05T18:18:00,1,3.90,472.90,0.23,227.00,999.00,19.27,1014.10,19.79,0.01
2026-06-05T18:18:01,1,3.90,472.90,0.23,227.00,999.00,19.27,1014.90,19.72,0.02
2026-06-05T18:18:01,1,3.89,472.90,0.23,227.00,999.00,19.26,1015.10,19.73,0.02
2026-06-05T18:18:01,1,3.86,471.70,0.23,226.00,999.00,19.26,1014.90,19.73,0.02
2026-06-05T18:18:01,1,3.90,471.70,0.23,226.00,999.00,19.27,1014.70,19.73,0.02
2026-06-05T18:18:01,1,3.90,471.70,0.23,226.00,999.00,19.26,1014.90,19.73,0.02
2026-06-05T18:18:02,1,3.89,471.70,0.23,226.00,999.00,19.26,1015.30,19.73,0.02
2026-06-05T18:18:02,1,3.86,471.70,0.23,226.00,999.00,19.26,1015.10,19.73,0.02
2026-06-05T18:18:02,1,3.89,478.00,0.23,229.00,999.00,19.27,1014.80,19.73,0.02
2026-06-05T18:18:02,1,3.88,478.00,0.23,229.00,999.00,19.27,1015.50,19.73,0.02
2026-06-05T18:18:03,1,3.88,478.00,0.23,229.00,999.00,19.27,1015.40,19.73,0.02
2026-06-05T18:18:03,1,3.88,478.00,0.23,229.00,999.00,19.27,1014.90,19.74,0.02
2026-06-05T18:18:03,1,3.88,478.00,0.23,229.00,999.00,19.27,1014.80,19.74,0.02
2026-06-05T18:18:03,1,3.90,478.20,0.23,230.00,999.00,19.27,1014.90,19.74,0.02
2026-06-05T18:18:03,1,3.90,478.20,0.23,230.00,999.00,19.27,1014.50,19.74,0.01
2026-06-05T18:18:04,1,3.90,478.20,0.23,230.00,999.00,19.26,1014.70,19.74,0.02
2026-06-05T18:18:04,1,3.88,478.20,0.23,230.00,999.00,19.25,1015.00,19.75,0.02
2026-06-05T18:18:04,1,3.90,478.20,0.23,230.00,999.00,19.25,1014.50,19.74,0.01
2026-06-05T18:18:04,1,3.90,499.10,0.24,240.00,999.00,19.24,1014.50,19.75,0.01
2026-06-05T18:18:04,1,3.89,499.10,0.24,240.00,999.00,19.24,1014.30,19.75,0.01
2026-06-05T18:18:05,1,3.88,499.10,0.24,240.00,999.00,19.24,1014.90,19.81,0.02
2026-06-05T18:18:05,1,3.86,499.10,0.24,240.00,999.00,19.23,1014.80,19.81,0.02
2026-06-05T18:18:05,1,3.89,499.10,0.24,240.00,999.00,19.24,1014.40,19.80,0.01
2026-06-05T18:18:05,1,3.87,437.20,0.21,210.00,999.00,19.25,1014.70,19.80,0.02
2026-06-05T18:18:05,1,3.88,437.20,0.21,210.00,999.00,19.25,1014.20,19.80,0.01
2026-06-05T18:18:06,1,3.87,437.20,0.21,210.00,999.00,19.25,1014.40,19.80,0.01
2026-06-05T18:18:06,1,3.89,437.20,0.21,210.00,999.00,19.24,1015.20,19.80,0.02
2026-06-05T18:18:06,1,3.89,437.20,0.21,210.00,999.00,19.24,1014.80,19.80,0.02
2026-06-05T18:18:06,1,3.90,393.70,0.19,189.00,999.00,19.23,1014.50,19.78,0.01
2026-06-05T18:18:06,1,3.87,393.70,0.19,189.00,999.00,19.24,1014.40,19.79,0.01
2026-06-05T18:18:07,1,3.89,393.70,0.19,189.00,999.00,19.24,1014.70,19.79,0.02
2026-06-05T18:18:07,1,3.89,393.70,0.19,189.00,999.00,19.25,1014.60,19.79,0.02
2026-06-05T18:18:07,1,3.86,395.00,0.19,190.00,999.00,19.25,1014.80,19.79,0.02
2026-06-05T18:18:07,1,3.87,395.00,0.19,190.00,999.00,19.25,1014.40,19.79,0.01
2026-06-05T18:18:07,1,3.87,395.00,0.19,190.00,999.00,19.25,1014.10,19.80,0.01
2026-06-05T18:18:08,1,3.89,395.00,0.19,190.00,999.00,19.25,1014.50,19.79,0.01
2026-06-05T18:18:08,1,3.89,395.00,0.19,190.00,999.00,19.25,1014.40,19.79,0.01
2026-06-05T18:18:08,1,3.87,394.80,0.19,190.00,999.00,19.25,1014.40,19.79,0.01
2026-06-05T18:18:08,1,3.90,394.80,0.19,190.00,999.00,19.25,1015.20,19.79,0.02
2026-06-05T18:18:08,1,3.90,394.80,0.19,190.00,999.00,19.25,1014.60,19.80,0.02
2026-06-05T18:18:09,1,3.90,394.80,0.19,190.00,999.00,19.24,1014.80,19.79,0.02
2026-06-05T18:18:09,1,3.87,394.80,0.19,190.00,999.00,19.23,1014.90,19.80,0.02
2026-06-05T18:18:09,1,3.90,398.20,0.19,191.00,999.00,19.24,1014.50,19.80,0.01
2026-06-05T18:18:09,1,3.89,398.20,0.19,191.00,999.00,19.24,1015.00,19.74,0.02
2026-06-05T18:18:09,1,3.90,398.20,0.19,191.00,999.00,19.24,1015.00,19.74,0.02
2026-06-05T18:18:10,1,3.88,398.20,0.19,191.00,999.00,19.24,1015.30,19.75,0.02
2026-06-05T18:18:10,1,3.86,398.20,0.19,191.00,999.00,19.23,1014.50,19.76,0.01
2026-06-05T18:18:10,1,3.87,398.10,0.19,191.00,999.00,19.23,1013.90,19.75,0.01
2026-06-05T18:18:10,1,3.90,398.10,0.19,191.00,999.00,19.22,1014.10,19.82,0.01
2026-06-05T18:18:11,1,3.90,398.10,0.19,191.00,999.00,19.20,1014.10,19.74,0.01
2026-06-05T18:18:11,1,3.90,398.10,0.19,191.00,999.00,19.17,1016.80,19.74,0.04
2026-06-05T18:18:11,1,3.88,398.10,0.19,191.00,999.00,19.13,1016.10,19.76,0.03
2026-06-05T18:18:11,1,3.87,404.70,0.20,194.00,999.00,19.12,1016.40,19.76,0.03
2026-06-05T18:18:11,1,3.90,404.70,0.20,194.00,999.00,19.12,1015.90,19.76,0.03
2026-06-05T18:18:12,1,3.88,404.70,0.20,194.00,999.00,19.11,1016.20,19.77,0.03
2026-06-05T18:18:12,1,3.88,404.70,0.20,194.00,999.00,19.10,1016.00,19.77,0.03
2026-06-05T18:18:12,1,3.89,602.20,0.29,289.00,999.00,19.07,1016.60,19.76,0.04
2026-06-05T18:18:12,1,3.90,602.20,0.29,289.00,999.00,19.06,1013.60,19.84,0.01
2026-06-05T18:18:12,1,3.90,602.20,0.29,289.00,999.00,19.04,1013.90,19.81,0.01
2026-06-05T18:18:13,1,3.88,602.20,0.29,289.00,999.00,19.00,1012.60,19.75,-0.00
2026-06-05T18:18:13,1,3.86,602.20,0.29,289.00,999.00,18.99,1013.10,19.76,0.00
2026-06-05T18:18:13,1,3.88,519.70,0.25,249.00,999.00,18.97,1013.00,19.77,0.00
2026-06-05T18:18:13,1,3.90,519.70,0.25,249.00,999.00,18.96,1013.70,19.77,0.01
2026-06-05T18:18:13,1,3.89,519.70,0.25,249.00,999.00,18.95,1013.50,19.77,0.00
2026-06-05T18:18:14,1,3.91,519.70,0.25,249.00,999.00,18.96,1013.20,19.76,0.00
2026-06-05T18:18:14,1,3.89,519.70,0.25,249.00,999.00,18.97,1013.00,19.77,0.00
2026-06-05T18:18:14,1,3.87,525.90,0.25,252.00,999.00,18.97,1013.30,19.77,0.00
2026-06-05T18:18:14,1,3.90,525.90,0.25,252.00,999.00,18.97,1012.90,19.77,-0.00
2026-06-05T18:18:14,1,3.87,525.90,0.25,252.00,999.00,18.96,1013.80,19.85,0.01
2026-06-05T18:18:15,1,3.89,525.90,0.25,252.00,999.00,18.95,1014.10,19.84,0.01
2026-06-05T18:18:15,1,3.89,525.90,0.25,252.00,999.00,18.95,1014.10,19.85,0.01
2026-06-05T18:18:15,1,3.90,529.40,0.26,254.00,999.00,18.94,1014.10,19.84,0.01
2026-06-05T18:18:15,1,3.90,529.40,0.26,254.00,999.00,18.93,1014.30,19.83,0.01
2026-06-05T18:18:15,1,3.90,529.40,0.26,254.00,999.00,18.93,1013.70,19.76,0.01
2026-06-05T18:18:16,1,3.88,529.40,0.26,254.00,999.00,18.92,1013.60,19.73,0.01
2026-06-05T18:18:16,1,3.85,529.40,0.26,254.00,999.00,18.92,1013.20,19.76,0.00
2026-06-05T18:18:16,1,3.88,528.40,0.26,254.00,999.00,18.91,1013.80,19.75,0.01
2026-06-05T18:18:16,1,3.86,528.40,0.26,254.00,999.00,18.90,1013.60,19.76,0.01
2026-06-05T18:18:16,1,3.89,528.40,0.26,254.00,999.00,18.91,1013.50,19.76,0.00
2026-06-05T18:18:17,1,3.89,528.40,0.26,254.00,999.00,18.90,1013.20,19.76,0.00
2026-06-05T18:18:17,1,3.86,505.40,0.24,243.00,999.00,18.89,1012.90,19.76,-0.00
2026-06-05T18:18:17,1,3.90,505.40,0.24,243.00,999.00,18.89,1013.10,19.77,0.00
2026-06-05T18:18:17,1,3.90,505.40,0.24,243.00,999.00,18.88,1013.30,19.76,0.00
2026-06-05T18:18:17,1,3.87,505.40,0.24,243.00,999.00,18.87,1014.30,19.84,0.01
2026-06-05T18:18:18,1,3.87,505.40,0.24,243.00,999.00,18.86,1014.50,19.84,0.01
2026-06-05T18:18:18,1,3.88,411.70,0.20,198.00,999.00,18.86,1013.70,19.83,0.01
2026-06-05T18:18:18,1,3.88,411.70,0.20,198.00,999.00,18.86,1014.00,19.83,0.01
2026-06-05T18:18:18,1,3.88,411.70,0.20,198.00,999.00,18.85,1014.20,19.84,0.01
2026-06-05T18:18:19,1,3.89,411.70,0.20,198.00,999.00,18.85,1013.70,19.83,0.01
2026-06-05T18:18:19,1,3.88,411.70,0.20,198.00,999.00,18.84,1013.80,19.81,0.01
2026-06-05T18:18:19,1,3.90,378.10,0.18,181.00,999.00,18.84,1014.10,19.82,0.01
2026-06-05T18:18:19,1,3.90,378.10,0.18,181.00,999.00,18.85,1013.60,19.82,0.01
2026-06-05T18:18:19,1,3.90,378.10,0.18,181.00,999.00,18.85,1014.30,19.82,0.01
2026-06-05T18:18:20,1,3.90,378.10,0.18,181.00,999.00,18.86,1014.20,19.82,0.01
2026-06-05T18:18:20,1,3.89,378.10,0.18,181.00,999.00,18.86,1014.10,19.82,0.01
2026-06-05T18:18:20,1,3.90,371.60,0.18,178.00,999.00,18.86,1013.80,19.82,0.01
2026-06-05T18:18:20,1,3.88,371.60,0.18,178.00,999.00,18.86,1014.50,19.82,0.01
2026-06-05T18:18:20,1,3.87,371.60,0.18,178.00,999.00,18.86,1014.10,19.81,0.01
2026-06-05T18:18:21,1,3.89,371.60,0.18,178.00,999.00,18.86,1014.00,19.81,0.01
2026-06-05T18:18:21,1,3.89,367.50,0.18,176.00,999.00,18.87,1014.20,19.81,0.01
2026-06-05T18:18:21,1,3.90,367.50,0.18,176.00,999.00,18.87,1012.90,19.79,-0.00
2026-06-05T18:18:21,1,3.90,367.50,0.18,176.00,999.00,18.87,1014.20,19.81,0.01
2026-06-05T18:18:21,1,3.87,367.50,0.18,176.00,999.00,18.86,1014.00,19.81,0.01
2026-06-05T18:18:22,1,3.86,367.50,0.18,176.00,999.00,18.87,1014.40,19.81,0.01
2026-06-05T18:18:22,1,3.88,375.80,0.18,180.00,999.00,18.86,1014.10,19.81,0.01
2026-06-05T18:18:22,1,3.87,375.80,0.18,180.00,999.00,18.87,1014.30,19.81,0.01
2026-06-05T18:18:22,1,3.88,375.80,0.18,180.00,999.00,18.86,1014.00,19.81,0.01
2026-06-05T18:18:22,1,3.90,375.80,0.18,180.00,999.00,18.86,1014.10,19.81,0.01
2026-06-05T18:18:23,1,3.86,375.80,0.18,180.00,999.00,18.86,1014.20,19.80,0.01
2026-06-05T18:18:23,1,3.90,379.40,0.18,182.00,999.00,18.86,1014.70,19.81,0.02
2026-06-05T18:18:23,1,3.90,379.40,0.18,182.00,999.00,18.86,1012.70,19.73,-0.00
2026-06-05T18:18:23,1,3.88,379.40,0.18,182.00,999.00,18.87,1014.10,19.80,0.01
2026-06-05T18:18:23,1,3.90,379.40,0.18,182.00,999.00,18.88,1013.80,19.80,0.01
2026-06-05T18:18:24,1,3.86,379.40,0.18,182.00,999.00,18.89,1014.50,19.80,0.01
2026-06-05T18:18:24,1,3.90,355.10,0.17,170.00,999.00,18.89,1014.40,19.80,0.01
2026-06-05T18:18:24,1,3.88,355.10,0.17,170.00,999.00,18.90,1013.80,19.80,0.01
2026-06-05T18:18:24,1,3.88,355.10,0.17,170.00,999.00,18.91,1014.50,19.81,0.01
2026-06-05T18:18:24,1,3.86,355.10,0.17,170.00,999.00,18.93,1014.40,19.80,0.01
2026-06-05T18:18:25,1,3.89,355.10,0.17,170.00,999.00,18.93,1014.50,19.80,0.01
2026-06-05T18:18:25,1,3.87,358.50,0.17,172.00,999.00,18.93,1014.50,19.80,0.01
2026-06-05T18:18:25,1,3.87,358.50,0.17,172.00,999.00,18.93,1014.30,19.80,0.01
2026-06-05T18:18:25,1,3.87,358.50,0.17,172.00,999.00,18.94,1014.50,19.79,0.01
2026-06-05T18:18:26,1,3.90,358.50,0.17,172.00,999.00,18.95,1014.20,19.80,0.01
2026-06-05T18:18:26,1,3.89,354.60,0.17,170.00,999.00,18.94,1014.10,19.80,0.01
2026-06-05T18:18:26,1,3.88,354.60,0.17,170.00,999.00,18.96,1014.40,19.81,0.01
2026-06-05T18:18:26,1,3.88,354.60,0.17,170.00,999.00,18.96,1014.10,19.80,0.01
2026-06-05T18:18:26,1,3.86,354.60,0.17,170.00,999.00,18.96,1014.60,19.80,0.02
2026-06-05T18:18:27,1,3.87,354.60,0.17,170.00,999.00,18.96,1014.60,19.80,0.02
2026-06-05T18:18:27,1,3.90,359.20,0.17,172.00,999.00,18.95,1014.20,19.80,0.01
2026-06-05T18:18:27,1,3.88,359.20,0.17,172.00,999.00,18.95,1014.30,19.80,0.01
2026-06-05T18:18:27,1,3.88,359.20,0.17,172.00,999.00,18.94,1014.20,19.80,0.01
2026-06-05T18:18:27,1,3.89,359.20,0.17,172.00,999.00,18.93,1014.50,19.80,0.01
2026-06-05T18:18:28,1,3.89,359.20,0.17,172.00,999.00,18.93,1014.20,19.80,0.01
2026-06-05T18:18:28,1,3.90,349.50,0.17,168.00,999.00,18.93,1014.30,19.80,0.01
2026-06-05T18:18:28,1,3.88,349.50,0.17,168.00,999.00,18.93,1014.10,19.81,0.01
2026-06-05T18:18:28,1,3.87,349.50,0.17,168.00,999.00,18.93,1014.10,19.80,0.01
2026-06-05T18:18:28,1,3.87,349.50,0.17,168.00,999.00,18.94,1014.20,19.80,0.01
2026-06-05T18:18:29,1,3.89,349.50,0.17,168.00,999.00,18.95,1014.60,19.80,0.02
2026-06-05T18:18:29,1,3.88,351.10,0.17,169.00,999.00,18.95,1014.50,19.80,0.01
2026-06-05T18:18:29,1,3.89,351.10,0.17,169.00,999.00,18.96,1014.60,19.80,0.02
2026-06-05T18:18:29,1,3.88,351.10,0.17,169.00,999.00,18.97,1014.20,19.80,0.01
2026-06-05T18:18:29,1,3.89,351.10,0.17,169.00,999.00,18.98,1014.40,19.80,0.01
2026-06-05T18:18:30,1,3.90,351.10,0.17,169.00,999.00,18.98,1014.30,19.80,0.01
2026-06-05T18:18:30,1,3.87,346.50,0.17,166.00,999.00,18.98,1014.40,19.80,0.01
2026-06-05T18:18:30,1,3.87,346.50,0.17,166.00,999.00,18.99,1014.30,19.80,0.01
2026-06-05T18:18:30,1,3.88,346.50,0.17,166.00,999.00,18.99,1014.30,19.80,0.01
2026-06-05T18:18:30,1,3.89,346.50,0.17,166.00,999.00,19.00,1014.30,19.80,0.01
2026-06-05T18:18:31,1,3.88,347.40,0.17,167.00,999.00,19.01,1014.50,19.80,0.01
2026-06-05T18:18:31,1,3.89,347.40,0.17,167.00,999.00,19.02,1014.60,19.80,0.02
2026-06-05T18:18:31,1,3.88,347.40,0.17,167.00,999.00,19.04,1014.40,19.79,0.01
2026-06-05T18:18:31,1,3.86,347.40,0.17,167.00,999.00,19.06,1014.30,19.80,0.01
2026-06-05T18:18:31,1,3.89,347.40,0.17,167.00,999.00,19.07,1014.80,19.80,0.02
2026-06-05T18:18:32,1,3.88,345.40,0.17,166.00,999.00,19.08,1014.40,19.80,0.01
2026-06-05T18:18:32,1,3.88,345.40,0.17,166.00,999.00,19.09,1013.80,19.80,0.01
2026-06-05T18:18:32,1,3.90,345.40,0.17,166.00,999.00,19.10,1014.30,19.80,0.01
2026-06-05T18:18:32,1,3.86,345.40,0.17,166.00,999.00,19.11,1014.90,19.80,0.02
2026-06-05T18:18:33,1,3.88,345.40,0.17,166.00,999.00,19.13,1014.20,19.80,0.01
2026-06-05T18:18:33,1,3.88,345.10,0.17,166.00,999.00,19.13,1014.50,19.80,0.01
2026-06-05T18:18:33,1,3.87,345.10,0.17,166.00,999.00,19.15,1014.50,19.80,0.01
2026-06-05T18:18:33,1,3.87,345.10,0.17,166.00,999.00,19.16,1014.10,19.80,0.01
2026-06-05T18:18:33,1,3.90,345.10,0.17,166.00,999.00,19.18,1014.50,19.80,0.01
2026-06-05T18:18:34,1,3.86,345.10,0.17,166.00,999.00,19.20,1014.30,19.80,0.01
2026-06-05T18:18:34,1,3.86,350.00,0.17,168.00,999.00,19.21,1014.20,19.80,0.01
2026-06-05T18:18:34,1,3.87,350.00,0.17,168.00,999.00,19.21,1014.70,19.80,0.02
2026-06-05T18:18:34,1,3.88,350.00,0.17,168.00,999.00,19.22,1013.50,19.73,0.00
2026-06-05T18:18:34,1,3.86,350.00,0.17,168.00,999.00,19.23,1013.10,19.74,0.00
2026-06-05T18:18:35,1,3.89,350.00,0.17,168.00,999.00,19.24,1012.70,19.73,-0.00
2026-06-05T18:18:35,1,3.90,456.40,0.22,219.00,999.00,19.24,1012.70,19.74,-0.00
2026-06-05T18:18:35,1,3.90,456.40,0.22,219.00,999.00,19.25,1012.80,19.74,-0.00
2026-06-05T18:18:35,1,3.88,456.40,0.22,219.00,999.00,19.25,1012.60,19.74,-0.00
2026-06-05T18:18:35,1,3.88,456.40,0.22,219.00,999.00,19.27,1012.90,19.74,-0.00
2026-06-05T18:18:36,1,3.89,439.80,0.21,211.00,999.00,19.27,1012.60,19.74,-0.00
2026-06-05T18:18:36,1,3.90,439.80,0.21,211.00,999.00,19.27,1012.90,19.76,-0.00
2026-06-05T18:18:36,1,3.87,439.80,0.21,211.00,999.00,19.27,1012.30,19.76,-0.01
2026-06-05T18:18:36,1,3.87,439.80,0.21,211.00,999.00,19.27,1014.20,19.83,0.01
2026-06-05T18:18:36,1,3.86,439.80,0.21,211.00,999.00,19.27,1014.30,19.79,0.01
2026-06-05T18:18:37,1,3.88,431.20,0.21,207.00,999.00,19.27,1014.60,19.84,0.02
2026-06-05T18:18:37,1,3.89,431.20,0.21,207.00,999.00,19.26,1012.50,19.81,-0.00
2026-06-05T18:18:37,1,3.87,431.20,0.21,207.00,999.00,19.26,1012.50,19.82,-0.00
2026-06-05T18:18:37,1,3.88,431.20,0.21,207.00,999.00,19.24,1013.40,19.81,0.00
2026-06-05T18:18:37,1,3.89,431.20,0.21,207.00,999.00,19.24,1011.80,19.78,-0.01
2026-06-05T18:18:38,1,3.86,408.60,0.20,196.00,999.00,19.24,1012.90,19.76,-0.00
2026-06-05T18:18:38,1,3.90,408.60,0.20,196.00,999.00,19.24,1012.90,19.77,-0.00
2026-06-05T18:18:38,1,3.89,408.60,0.20,196.00,999.00,19.24,1014.10,19.84,0.01
2026-06-05T18:18:38,1,3.90,408.60,0.20,196.00,999.00,19.25,1014.60,19.83,0.02
2026-06-05T18:18:38,1,3.88,408.60,0.20,196.00,999.00,19.26,1014.20,19.84,0.01
2026-06-05T18:18:39,1,3.88,397.10,0.19,191.00,999.00,19.25,1013.90,19.79,0.01
2026-06-05T18:18:39,1,3.90,397.10,0.19,191.00,999.00,19.25,1013.90,19.84,0.01
2026-06-05T18:18:39,1,3.90,397.10,0.19,191.00,999.00,19.24,1014.20,19.84,0.01
2026-06-05T18:18:39,1,3.87,397.10,0.19,191.00,999.00,19.24,1012.80,19.82,-0.00
2026-06-05T18:18:39,1,3.89,397.10,0.19,191.00,999.00,19.24,1014.10,19.84,0.01
2026-06-05T18:18:40,1,3.86,409.80,0.20,197.00,999.00,19.23,1014.40,19.84,0.01
2026-06-05T18:18:40,1,3.87,409.80,0.20,197.00,999.00,19.22,1014.40,19.84,0.01
2026-06-05T18:18:40,1,3.86,409.80,0.20,197.00,999.00,19.22,1014.40,19.84,0.01
2026-06-05T18:18:40,1,3.86,409.80,0.20,197.00,999.00,19.21,1014.00,19.84,0.01
2026-06-05T18:18:40,1,3.86,357.20,0.17,171.00,999.00,19.22,1014.40,19.84,0.01
2026-06-05T18:18:41,1,3.87,357.20,0.17,171.00,999.00,19.21,1014.40,19.84,0.01
2026-06-05T18:18:41,1,3.90,357.20,0.17,171.00,999.00,19.21,1014.40,19.84,0.01
2026-06-05T18:18:41,1,3.89,357.20,0.17,171.00,999.00,19.21,1014.30,19.84,0.01
2026-06-05T18:18:41,1,3.88,357.20,0.17,171.00,999.00,19.20,1014.10,19.84,0.01
2026-06-05T18:18:42,1,3.89,409.80,0.20,197.00,999.00,19.20,1014.20,19.83,0.01
2026-06-05T18:18:42,1,3.91,409.80,0.20,197.00,999.00,19.20,1014.10,19.84,0.01
2026-06-05T18:18:42,1,3.86,409.80,0.20,197.00,999.00,19.20,1014.30,19.84,0.01
2026-06-05T18:18:42,1,3.88,409.80,0.20,197.00,999.00,19.20,1014.00,19.83,0.01
2026-06-05T18:18:42,1,3.89,409.80,0.20,197.00,999.00,19.18,1013.90,19.83,0.01
2026-06-05T18:18:43,1,3.88,389.70,0.19,187.00,999.00,19.17,1014.50,19.83,0.01
2026-06-05T18:18:43,1,3.87,389.70,0.19,187.00,999.00,19.16,1014.40,19.84,0.01
2026-06-05T18:18:43,1,3.90,389.70,0.19,187.00,999.00,19.17,1014.20,19.83,0.01
2026-06-05T18:18:43,1,3.88,389.70,0.19,187.00,999.00,19.16,1013.60,19.83,0.01
2026-06-05T18:18:43,1,3.88,389.70,0.19,187.00,999.00,19.15,1014.30,19.83,0.01
2026-06-05T18:18:44,1,3.89,395.30,0.19,190.00,999.00,19.14,1014.40,19.82,0.01
2026-06-05T18:18:44,1,3.89,395.30,0.19,190.00,999.00,19.13,1014.20,19.83,0.01
2026-06-05T18:18:44,1,3.90,395.30,0.19,190.00,999.00,19.13,1014.40,19.83,0.01
2026-06-05T18:18:44,1,3.84,395.30,0.19,190.00,999.00,19.13,1014.10,19.83,0.01
2026-06-05T18:18:44,1,3.88,397.90,0.19,191.00,999.00,19.11,1014.00,19.83,0.01
2026-06-05T18:18:45,1,3.87,397.90,0.19,191.00,999.00,19.10,1014.30,19.83,0.01
2026-06-05T18:18:45,1,3.89,397.90,0.19,191.00,999.00,19.09,1013.90,19.83,0.01
2026-06-05T18:18:45,1,3.87,397.90,0.19,191.00,999.00,19.08,1014.00,19.83,0.01
2026-06-05T18:18:45,1,3.89,397.90,0.19,191.00,999.00,19.06,1014.20,19.83,0.01
2026-06-05T18:18:45,1,3.89,419.40,0.20,201.00,999.00,19.06,1014.30,19.83,0.01
2026-06-05T18:18:46,1,3.87,419.40,0.20,201.00,999.00,19.05,1014.10,19.83,0.01
2026-06-05T18:18:46,1,3.89,419.40,0.20,201.00,999.00,19.03,1014.70,19.83,0.02
2026-06-05T18:18:46,1,3.89,419.40,0.20,201.00,999.00,19.01,1014.10,19.83,0.01
2026-06-05T18:18:46,1,3.89,419.40,0.20,201.00,999.00,19.01,1014.40,19.83,0.01
2026-06-05T18:18:46,1,3.90,425.50,0.21,204.00,999.00,19.00,1014.30,19.83,0.01
2026-06-05T18:18:47,1,3.88,425.50,0.21,204.00,999.00,18.99,1014.30,19.83,0.01
2026-06-05T18:18:47,1,3.89,425.50,0.21,204.00,999.00,18.98,1013.70,19.83,0.01
2026-06-05T18:18:47,1,3.86,425.50,0.21,204.00,999.00,18.96,1014.60,19.83,0.02
2026-06-05T18:18:47,1,3.86,425.50,0.21,204.00,999.00,18.94,1014.30,19.83,0.01
2026-06-05T18:18:47,1,3.87,415.10,0.20,199.00,999.00,18.93,1014.00,19.82,0.01
2026-06-05T18:18:48,1,3.88,415.10,0.20,199.00,999.00,18.91,1014.30,19.83,0.01
2026-06-05T18:18:48,1,3.88,415.10,0.20,199.00,999.00,18.89,1014.10,19.82,0.01
2026-06-05T18:18:48,1,3.87,415.10,0.20,199.00,999.00,18.87,1013.90,19.82,0.01
2026-06-05T18:18:48,1,3.88,415.10,0.20,199.00,999.00,18.86,1014.20,19.82,0.01
2026-06-05T18:18:48,1,3.88,404.40,0.20,194.00,999.00,18.85,1013.70,19.82,0.01
2026-06-05T18:18:49,1,3.90,404.40,0.20,194.00,999.00,18.84,1014.30,19.82,0.01
2026-06-05T18:18:49,1,3.90,404.40,0.20,194.00,999.00,18.83,1014.30,19.82,0.01
2026-06-05T18:18:49,1,3.88,404.40,0.20,194.00,999.00,18.82,1014.40,19.82,0.01
2026-06-05T18:18:49,1,3.88,404.40,0.20,194.00,999.00,18.81,1014.10,19.82,0.01
2026-06-05T18:18:50,1,3.88,403.50,0.19,194.00,999.00,18.81,1014.10,19.81,0.01
2026-06-05T18:18:50,1,3.87,403.50,0.19,194.00,999.00,18.80,1014.40,19.82,0.01
2026-06-05T18:18:50,1,3.90,403.50,0.19,194.00,999.00,18.79,1014.10,19.82,0.01
2026-06-05T18:18:50,1,3.87,403.50,0.19,194.00,999.00,18.79,1014.10,19.81,0.01
2026-06-05T18:18:50,1,3.86,416.40,0.20,200.00,999.00,18.78,1013.80,19.81,0.01
2026-06-05T18:18:51,1,3.87,416.40,0.20,200.00,999.00,18.78,1014.20,19.81,0.01
2026-06-05T18:18:51,1,3.89,416.40,0.20,200.00,999.00,18.77,1014.90,19.81,0.02
2026-06-05T18:18:51,1,3.89,416.40,0.20,200.00,999.00,18.76,1013.80,19.81,0.01
2026-06-05T18:18:51,1,3.90,416.40,0.20,200.00,999.00,18.76,1014.20,19.80,0.01
2026-06-05T18:18:51,1,3.88,412.80,0.20,198.00,999.00,18.76,1014.30,19.81,0.01
2026-06-05T18:18:52,1,3.87,412.80,0.20,198.00,999.00,18.75,1014.10,19.80,0.01
2026-06-05T18:18:52,1,3.88,412.80,0.20,198.00,999.00,18.74,1013.90,19.80,0.01
2026-06-05T18:18:52,1,3.89,412.80,0.20,198.00,999.00,18.73,1014.20,19.80,0.01
2026-06-05T18:18:52,1,3.90,412.80,0.20,198.00,999.00,18.73,1014.50,19.80,0.01
2026-06-05T18:18:52,1,3.90,414.00,0.20,199.00,999.00,18.72,1014.10,19.80,0.01
2026-06-05T18:18:53,1,3.90,414.00,0.20,199.00,999.00,18.72,1014.30,19.80,0.01
2026-06-05T18:18:53,1,3.88,414.00,0.20,199.00,999.00,18.72,1014.00,19.80,0.01
2026-06-05T18:18:53,1,3.86,414.00,0.20,199.00,999.00,18.72,1014.50,19.80,0.01
2026-06-05T18:18:53,1,3.86,414.00,0.20,199.00,999.00,18.72,1014.00,19.80,0.01
2026-06-05T18:18:53,1,3.87,427.40,0.21,205.00,999.00,18.72,1014.20,19.80,0.01
2026-06-05T18:18:54,1,3.90,427.40,0.21,205.00,999.00,18.72,1014.50,19.80,0.01
2026-06-05T18:18:54,1,3.90,427.40,0.21,205.00,999.00,18.71,1013.90,19.80,0.01
2026-06-05T18:18:54,1,3.89,427.40,0.21,205.00,999.00,18.71,1014.00,19.80,0.01
2026-06-05T18:18:54,1,3.89,427.40,0.21,205.00,999.00,18.71,1012.20,19.72,-0.01
2026-06-05T18:18:54,1,3.89,427.60,0.21,205.00,999.00,18.70,1013.60,19.79,0.01
2026-06-05T18:18:55,1,3.89,427.60,0.21,205.00,999.00,18.71,1014.00,19.77,0.01
2026-06-05T18:18:55,1,3.87,427.60,0.21,205.00,999.00,18.71,1014.50,19.79,0.01
2026-06-05T18:18:55,1,3.86,427.60,0.21,205.00,999.00,18.71,1014.20,19.79,0.01
2026-06-05T18:18:55,1,3.89,326.50,0.16,157.00,999.00,18.72,1014.50,19.79,0.01
2026-06-05T18:18:55,1,3.90,326.50,0.16,157.00,999.00,18.71,1014.40,19.79,0.01
2026-06-05T18:18:56,1,3.87,326.50,0.16,157.00,999.00,18.72,1013.90,19.79,0.01
2026-06-05T18:18:56,1,3.88,326.50,0.16,157.00,999.00,18.72,1014.10,19.79,0.01
2026-06-05T18:18:56,1,3.85,326.50,0.16,157.00,999.00,18.72,1014.00,19.78,0.01
2026-06-05T18:18:56,1,3.90,307.50,0.15,148.00,999.00,18.72,1014.10,19.74,0.01
2026-06-05T18:18:57,1,3.90,307.50,0.15,148.00,999.00,18.72,1013.80,19.79,0.01
2026-06-05T18:18:57,1,3.87,307.50,0.15,148.00,999.00,18.71,1014.30,19.79,0.01
2026-06-05T18:18:57,1,3.86,307.50,0.15,148.00,999.00,18.71,1014.10,19.80,0.01
2026-06-05T18:18:57,1,3.85,307.50,0.15,148.00,999.00,18.69,1014.00,19.80,0.01
2026-06-05T18:18:57,1,3.87,492.00,0.24,236.00,999.00,18.66,1014.30,19.80,0.01
2026-06-05T18:18:58,1,3.90,492.00,0.24,236.00,999.00,18.65,1013.70,19.79,0.01
2026-06-05T18:18:58,1,3.88,492.00,0.24,236.00,999.00,18.65,1013.80,19.79,0.01
2026-06-05T18:18:58,1,3.88,492.00,0.24,236.00,999.00,18.65,1013.70,19.79,0.01
2026-06-05T18:18:58,1,3.89,492.00,0.24,236.00,999.00,18.65,1014.00,19.79,0.01
2026-06-05T18:18:58,1,3.87,481.40,0.23,231.00,999.00,18.65,1013.90,19.79,0.01
2026-06-05T18:18:59,1,3.90,481.40,0.23,231.00,999.00,18.64,1013.70,19.79,0.01
2026-06-05T18:18:59,1,3.90,481.40,0.23,231.00,999.00,18.63,1013.70,19.79,0.01
2026-06-05T18:18:59,1,3.86,481.40,0.23,231.00,999.00,18.62,1014.00,19.79,0.01
2026-06-05T18:18:59,1,3.88,462.90,0.22,222.00,999.00,18.61,1013.60,19.80,0.01
2026-06-05T18:18:59,1,3.89,462.90,0.22,222.00,999.00,18.61,1013.60,19.79,0.01
2026-06-05T18:19:00,1,3.90,462.90,0.22,222.00,999.00,18.59,1013.60,19.79,0.01
2026-06-05T18:19:00,1,3.90,462.90,0.22,222.00,999.00,18.58,1013.60,19.80,0.01
2026-06-05T18:19:00,1,3.89,462.90,0.22,222.00,999.00,18.58,1013.90,19.79,0.01
2026-06-05T18:19:00,1,3.89,448.60,0.22,215.00,999.00,18.57,1013.80,19.79,0.01
2026-06-05T18:19:00,1,3.90,448.60,0.22,215.00,999.00,18.57,1013.30,19.79,0.00
2026-06-05T18:19:01,1,3.90,448.60,0.22,215.00,999.00,18.58,1013.30,19.79,0.00
2026-06-05T18:19:01,1,3.90,448.60,0.22,215.00,999.00,18.58,1013.70,19.79,0.01
2026-06-05T18:19:01,1,3.88,448.60,0.22,215.00,999.00,18.59,1013.30,19.79,0.00
2026-06-05T18:19:01,1,3.89,468.60,0.23,225.00,999.00,18.58,1013.90,19.79,0.01
2026-06-05T18:19:01,1,3.88,468.60,0.23,225.00,999.00,18.56,1014.20,19.79,0.01
2026-06-05T18:19:02,1,3.90,468.60,0.23,225.00,999.00,18.55,1013.50,19.79,0.00
2026-06-05T18:19:02,1,3.90,468.60,0.23,225.00,999.00,18.57,1014.00,19.79,0.01
2026-06-05T18:19:02,1,3.87,468.60,0.23,225.00,999.00,18.58,1013.90,19.79,0.01
2026-06-05T18:19:02,1,3.90,446.10,0.22,214.00,999.00,18.58,1013.60,19.79,0.01
2026-06-05T18:19:02,1,3.87,446.10,0.22,214.00,999.00,18.58,1013.90,19.79,0.01
2026-06-05T18:19:03,1,3.90,446.10,0.22,214.00,999.00,18.58,1014.00,19.79,0.01
2026-06-05T18:19:03,1,3.88,446.10,0.22,214.00,999.00,18.57,1013.70,19.79,0.01
2026-06-05T18:19:03,1,3.88,446.10,0.22,214.00,999.00,18.55,1014.00,19.78,0.01
2026-06-05T18:19:03,1,3.88,456.40,0.22,219.00,999.00,18.52,1013.70,19.78,0.01
2026-06-05T18:19:03,1,3.89,456.40,0.22,219.00,999.00,18.50,1013.80,19.78,0.01
2026-06-05T18:19:04,1,3.87,456.40,0.22,219.00,999.00,18.48,1013.80,19.78,0.01
2026-06-05T18:19:04,1,3.88,456.40,0.22,219.00,999.00,18.46,1014.40,19.78,0.01
2026-06-05T18:19:04,1,3.87,414.40,0.20,199.00,999.00,18.45,1014.00,19.76,0.01
2026-06-05T18:19:04,1,3.87,414.40,0.20,199.00,999.00,18.44,1013.50,19.77,0.00
2026-06-05T18:19:05,1,3.90,414.40,0.20,199.00,999.00,18.42,1013.90,19.77,0.01
2026-06-05T18:19:05,1,3.90,414.40,0.20,199.00,999.00,18.40,1014.20,19.77,0.01
2026-06-05T18:19:05,1,3.90,414.40,0.20,199.00,999.00,18.38,1013.70,19.77,0.01
2026-06-05T18:19:05,1,3.88,447.50,0.22,215.00,999.00,18.37,1014.40,19.76,0.01
2026-06-05T18:19:05,1,3.90,447.50,0.22,215.00,999.00,18.35,1014.30,19.76,0.01
2026-06-05T18:19:06,1,3.90,447.50,0.22,215.00,999.00,18.33,1014.10,19.76,0.01
2026-06-05T18:19:06,1,3.87,447.50,0.22,215.00,999.00,18.42,1017.90,19.76,0.05
2026-06-05T18:19:06,1,3.88,447.50,0.22,215.00,999.00,18.59,1018.00,19.76,0.05
2026-06-05T18:19:06,1,3.89,26430.00,16.16,12689.00,999.00,18.76,1019.20,19.76,0.06
2026-06-05T18:19:06,1,3.90,26430.00,16.16,12689.00,999.00,18.90,1019.40,19.75,0.06
2026-06-05T18:19:07,1,3.90,26430.00,16.16,12689.00,999.00,19.00,1020.30,19.75,0.07
2026-06-05T18:19:07,1,3.88,26430.00,16.16,12689.00,999.00,19.08,1021.90,19.75,0.09
2026-06-05T18:19:07,1,3.86,26430.00,16.16,12689.00,999.00,19.14,1022.30,19.75,0.09
2026-06-05T18:19:07,1,3.89,26250.00,16.04,12601.00,999.00,19.22,1021.40,19.74,0.08
2026-06-05T18:19:07,1,3.86,26250.00,16.04,12601.00,999.00,19.27,1020.70,19.74,0.08
2026-06-05T18:19:08,1,3.89,26250.00,16.04,12601.00,999.00,19.32,1019.80,19.74,0.07
2026-06-05T18:19:08,1,3.86,26250.00,16.04,12601.00,999.00,19.36,1020.90,19.73,0.08
2026-06-05T18:19:08,1,3.88,26250.00,16.04,12601.00,999.00,19.41,1020.50,19.73,0.07
2026-06-05T18:19:08,1,3.89,26200.00,16.01,12576.00,999.00,19.43,1020.60,19.72,0.08
2026-06-05T18:19:08,1,3.90,26200.00,16.01,12576.00,999.00,19.47,1021.10,19.71,0.08
2026-06-05T18:19:09,1,3.88,26200.00,16.01,12576.00,999.00,19.49,1021.50,19.71,0.08
2026-06-05T18:19:09,1,3.86,26200.00,16.01,12576.00,999.00,19.52,1020.80,19.71,0.08
2026-06-05T18:19:09,1,3.90,26150.00,15.97,12553.00,999.00,19.54,1020.90,19.71,0.08
2026-06-05T18:19:09,1,3.87,26150.00,15.97,12553.00,999.00,19.55,1020.50,19.70,0.07
2026-06-05T18:19:09,1,3.88,26150.00,15.97,12553.00,999.00,19.57,1021.10,19.70,0.08
2026-06-05T18:19:10,1,3.88,26150.00,15.97,12553.00,999.00,19.58,1021.30,19.70,0.08
2026-06-05T18:19:10,1,3.86,26150.00,15.97,12553.00,999.00,19.59,1021.70,19.69,0.09
2026-06-05T18:19:10,1,3.90,26160.00,15.98,12558.00,999.00,19.60,1020.90,19.69,0.08
2026-06-05T18:19:10,1,3.88,26160.00,15.98,12558.00,999.00,19.61,1020.30,19.69,0.07
2026-06-05T18:19:10,1,3.90,26160.00,15.98,12558.00,999.00,19.61,1020.20,19.69,0.07
2026-06-05T18:19:11,1,3.86,26160.00,15.98,12558.00,999.00,19.62,1020.40,19.68,0.07
2026-06-05T18:19:11,1,3.88,26160.00,15.98,12558.00,999.00,19.62,1020.20,19.68,0.07
2026-06-05T18:19:11,1,3.87,26140.00,15.97,12548.00,999.00,19.64,1020.60,19.67,0.08
2026-06-05T18:19:11,1,3.90,26140.00,15.97,12548.00,999.00,19.64,1020.60,19.67,0.08
2026-06-05T18:19:12,1,3.89,26140.00,15.97,12548.00,999.00,19.65,1020.90,19.67,0.08
2026-06-05T18:19:12,1,3.87,26140.00,15.97,12548.00,999.00,19.66,1020.50,19.67,0.07
2026-06-05T18:19:12,1,3.82,26140.00,15.97,12548.00,999.00,19.66,1020.60,19.66,0.08
2026-06-05T18:19:12,1,3.86,26130.00,15.97,12547.00,999.00,19.66,1021.10,19.66,0.08
2026-06-05T18:19:12,1,3.90,26130.00,15.97,12547.00,999.00,19.66,1020.40,19.66,0.07
2026-06-05T18:19:13,1,3.87,26130.00,15.97,12547.00,999.00,19.67,1019.80,19.65,0.07
2026-06-05T18:19:13,1,3.88,26130.00,15.97,12547.00,999.00,19.67,1019.70,19.65,0.07
2026-06-05T18:19:13,1,3.85,26130.00,15.97,12547.00,999.00,19.67,1020.70,19.65,0.08
2026-06-05T18:19:13,1,3.90,26130.00,15.97,12547.00,999.00,19.67,1020.90,19.64,0.08
2026-06-05T18:19:13,1,3.87,26130.00,15.97,12547.00,999.00,19.67,1021.60,19.65,0.09
2026-06-05T18:19:14,1,3.88,26130.00,15.97,12547.00,999.00,19.68,1021.80,19.64,0.09
2026-06-05T18:19:14,1,3.87,26130.00,15.97,12547.00,999.00,19.68,1022.60,19.64,0.10
2026-06-05T18:19:14,1,3.87,26130.00,15.96,12545.00,999.00,19.68,1028.90,19.64,0.16
2026-06-05T18:19:14,1,3.90,26130.00,15.96,12545.00,999.00,19.68,1040.10,19.63,0.27
2026-06-05T18:19:14,1,3.90,26130.00,15.96,12545.00,999.00,19.68,1039.00,19.63,0.26
2026-06-05T18:19:15,1,3.86,26130.00,15.96,12545.00,999.00,19.68,1023.30,19.63,0.10
2026-06-05T18:19:15,1,3.88,26130.00,15.96,12545.00,999.00,19.68,1018.30,19.63,0.05
2026-06-05T18:19:15,1,3.90,26110.00,15.95,12536.00,999.00,19.68,1030.80,19.62,0.18
2026-06-05T18:19:15,1,3.86,26110.00,15.95,12536.00,999.00,19.68,1036.50,19.62,0.23
2026-06-05T18:19:15,1,3.88,26110.00,15.95,12536.00,999.00,19.68,1027.40,19.62,0.14
2026-06-05T18:19:16,1,3.87,26110.00,15.95,12536.00,999.00,19.68,1018.70,19.61,0.06
2026-06-05T18:19:16,1,3.86,26110.00,15.95,12536.00,999.00,19.68,1025.60,19.61,0.12
2026-06-05T18:19:16,1,3.90,26150.00,15.97,12553.00,999.00,19.68,1030.30,19.62,0.17
2026-06-05T18:19:16,1,3.90,26150.00,15.97,12553.00,999.00,19.68,1025.90,19.61,0.13
2026-06-05T18:19:16,1,3.87,26150.00,15.97,12553.00,999.00,19.68,1020.40,19.61,0.07
2026-06-05T18:19:17,1,3.88,26150.00,15.97,12553.00,999.00,19.68,1019.20,19.60,0.06
2026-06-05T18:19:17,1,3.88,26150.00,15.97,12553.00,999.00,19.68,1019.00,19.59,0.06
2026-06-05T18:19:17,1,3.88,26160.00,15.98,12558.00,999.00,19.68,1019.00,19.59,0.06
2026-06-05T18:19:17,1,3.89,26160.00,15.98,12558.00,999.00,19.68,1019.80,19.60,0.07
2026-06-05T18:19:17,1,3.90,26160.00,15.98,12558.00,999.00,19.68,1020.40,19.59,0.07
2026-06-05T18:19:18,1,3.88,26160.00,15.98,12558.00,999.00,19.68,1020.90,19.59,0.08
2026-06-05T18:19:18,1,3.85,26130.00,15.96,12544.00,999.00,19.68,1019.50,19.59,0.06
2026-06-05T18:19:18,1,3.86,26130.00,15.96,12544.00,999.00,19.68,1016.50,19.59,0.03
2026-06-05T18:19:18,1,3.88,26130.00,15.96,12544.00,999.00,19.68,1015.00,19.58,0.02
2026-06-05T18:19:18,1,3.88,26130.00,15.96,12544.00,999.00,19.68,1013.80,19.59,0.01
2026-06-05T18:19:19,1,3.87,26130.00,15.96,12544.00,999.00,19.68,1014.70,19.58,0.02
2026-06-05T18:19:19,1,3.87,26140.00,15.97,12551.00,999.00,19.68,1016.10,19.58,0.03
2026-06-05T18:19:19,1,3.88,26140.00,15.97,12551.00,999.00,19.68,1016.60,19.57,0.04
2026-06-05T18:19:19,1,3.90,26140.00,15.97,12551.00,999.00,19.68,1016.50,19.58,0.03
2026-06-05T18:19:20,1,3.89,26140.00,15.97,12551.00,999.00,19.68,1015.90,19.57,0.03
2026-06-05T18:19:20,1,3.86,26140.00,15.97,12551.00,999.00,19.68,1015.70,19.57,0.03
2026-06-05T18:19:20,1,3.90,26130.00,15.96,12546.00,999.00,19.68,1015.80,19.57,0.03
2026-06-05T18:19:20,1,3.90,26130.00,15.96,12546.00,999.00,19.68,1016.10,19.57,0.03
2026-06-05T18:19:20,1,3.88,26130.00,15.96,12546.00,999.00,19.68,1016.60,19.56,0.04
2026-06-05T18:19:21,1,3.88,26130.00,15.96,12546.00,999.00,19.68,1017.10,19.56,0.04
2026-06-05T18:19:21,1,3.85,26130.00,15.96,12546.00,999.00,19.68,1016.40,19.56,0.03
2026-06-05T18:19:21,1,3.90,26120.00,15.96,12540.00,999.00,19.68,1016.70,19.55,0.04
2026-06-05T18:19:21,1,3.87,26120.00,15.96,12540.00,999.00,19.68,1017.20,19.56,0.04
2026-06-05T18:19:21,1,3.90,26120.00,15.96,12540.00,999.00,19.67,1019.40,19.56,0.06
2026-06-05T18:19:22,1,3.88,26120.00,15.96,12540.00,999.00,19.68,1021.70,19.56,0.09
2026-06-05T18:19:22,1,3.86,26120.00,15.96,12540.00,999.00,19.68,1022.90,19.56,0.10
2026-06-05T18:19:22,1,3.90,26130.00,15.97,12547.00,999.00,19.68,1024.40,19.56,0.11
2026-06-05T18:19:22,1,3.89,26130.00,15.97,12547.00,999.00,19.68,1025.50,19.56,0.12
2026-06-05T18:19:22,1,3.86,26130.00,15.97,12547.00,999.00,19.68,1025.70,19.55,0.13
2026-06-05T18:19:23,1,3.87,26130.00,15.97,12547.00,999.00,19.68,1026.50,19.56,0.13
2026-06-05T18:19:23,1,3.88,26140.00,15.97,12548.00,999.00,19.68,1027.50,19.55,0.14
2026-06-05T18:19:23,1,3.87,26140.00,15.97,12548.00,999.00,19.68,1029.40,19.55,0.16
2026-06-05T18:19:23,1,3.89,26140.00,15.97,12548.00,999.00,19.68,1029.10,19.55,0.16
2026-06-05T18:19:23,1,3.87,26140.00,15.97,12548.00,999.00,19.68,1029.80,19.55,0.17
2026-06-05T18:19:24,1,3.88,26140.00,15.97,12548.00,999.00,19.68,1031.60,19.55,0.18
2026-06-05T18:19:24,1,3.90,26150.00,15.98,12556.00,999.00,19.68,1033.20,19.54,0.20
2026-06-05T18:19:24,1,3.85,26150.00,15.98,12556.00,999.00,19.68,1035.70,19.55,0.22
2026-06-05T18:19:24,1,3.86,26150.00,15.98,12556.00,999.00,19.69,1037.00,19.55,0.24
2026-06-05T18:19:24,1,3.88,26150.00,15.98,12556.00,999.00,19.69,1039.10,19.55,0.26
2026-06-05T18:19:25,1,3.88,26150.00,15.98,12556.00,999.00,19.68,1040.10,19.55,0.27
2026-06-05T18:19:25,1,3.87,26170.00,15.99,12564.00,999.00,19.68,1041.40,19.54,0.28
2026-06-05T18:19:25,1,3.87,26170.00,15.99,12564.00,999.00,19.68,1043.40,19.54,0.30
2026-06-05T18:19:25,1,3.90,26170.00,15.99,12564.00,999.00,19.69,1045.00,19.54,0.32
2026-06-05T18:19:25,1,3.88,26170.00,15.99,12564.00,999.00,19.68,1046.90,19.54,0.34
2026-06-05T18:19:26,1,3.88,26170.00,15.99,12564.00,999.00,19.69,1048.40,19.54,0.35
2026-06-05T18:19:26,1,3.88,26180.00,16.00,12571.00,999.00,19.68,1049.90,19.54,0.37
2026-06-05T18:19:26,1,3.87,26180.00,16.00,12571.00,999.00,19.69,1051.00,19.54,0.38
2026-06-05T18:19:26,1,3.89,26180.00,16.00,12571.00,999.00,19.69,1051.40,19.54,0.38
2026-06-05T18:19:26,1,3.86,26180.00,16.00,12571.00,999.00,19.69,1051.30,19.54,0.38
2026-06-05T18:19:27,1,3.86,26180.00,16.00,12571.00,999.00,19.69,1053.30,19.54,0.40
2026-06-05T18:19:27,1,3.88,26200.00,16.01,12580.00,999.00,19.69,1055.80,19.54,0.42
2026-06-05T18:19:27,1,3.90,26200.00,16.01,12580.00,999.00,19.69,1057.40,19.54,0.44
2026-06-05T18:19:27,1,3.88,26200.00,16.01,12580.00,999.00,19.68,1059.90,19.53,0.46
2026-06-05T18:19:28,1,3.87,26200.00,16.01,12580.00,999.00,19.68,1065.10,19.53,0.52
2026-06-05T18:19:28,1,3.88,26200.00,16.01,12580.00,999.00,19.69,1070.50,19.54,0.57
2026-06-05T18:19:28,1,3.90,26230.00,16.03,12595.00,999.00,19.68,1070.30,19.54,0.57
2026-06-05T18:19:28,1,3.89,26230.00,16.03,12595.00,999.00,19.68,1069.90,19.54,0.56
2026-06-05T18:19:28,1,3.86,26230.00,16.03,12595.00,999.00,19.68,1069.10,19.53,0.56
2026-06-05T18:19:29,1,3.87,26230.00,16.03,12595.00,999.00,19.68,1069.60,19.54,0.56
2026-06-05T18:19:29,1,3.86,26230.00,16.03,12594.00,999.00,19.68,1071.90,19.54,0.58
2026-06-05T18:19:29,1,3.90,26230.00,16.03,12594.00,999.00,19.68,1074.00,19.53,0.60
2026-06-05T18:19:29,1,3.90,26230.00,16.03,12594.00,999.00,19.68,1076.20,19.53,0.63
2026-06-05T18:19:29,1,3.87,26230.00,16.03,12594.00,999.00,19.68,1078.60,19.53,0.65
2026-06-05T18:19:30,1,3.87,26230.00,16.03,12594.00,999.00,19.68,1080.90,19.53,0.67
2026-06-05T18:19:30,1,3.90,26250.00,16.04,12601.00,999.00,19.68,1082.30,19.52,0.69
2026-06-05T18:19:30,1,3.90,26250.00,16.04,12601.00,999.00,19.68,1084.30,19.53,0.71
2026-06-05T18:19:30,1,3.90,26250.00,16.04,12601.00,999.00,19.68,1085.90,19.53,0.72
2026-06-05T18:19:30,1,3.87,26250.00,16.04,12601.00,999.00,19.68,1086.40,19.53,0.73
2026-06-05T18:19:31,1,3.89,26250.00,16.04,12601.00,999.00,19.68,1087.30,19.53,0.74
2026-06-05T18:19:31,1,3.90,26310.00,16.09,12634.00,999.00,19.68,1088.50,19.53,0.75
2026-06-05T18:19:31,1,3.86,26310.00,16.09,12634.00,999.00,19.68,1090.50,19.53,0.77
2026-06-05T18:19:31,1,3.89,26310.00,16.09,12634.00,999.00,19.68,1092.30,19.53,0.79
2026-06-05T18:19:31,1,3.87,26310.00,16.09,12634.00,999.00,19.68,1094.30,19.52,0.81
2026-06-05T18:19:32,1,3.87,26310.00,16.09,12634.00,999.00,19.68,1094.80,19.52,0.81
2026-06-05T18:19:32,1,3.89,26380.00,16.13,12663.00,999.00,19.68,1094.50,19.53,0.81
2026-06-05T18:19:32,1,3.90,26380.00,16.13,12663.00,999.00,19.68,1094.90,19.52,0.81
2026-06-05T18:19:32,1,3.90,26380.00,16.13,12663.00,999.00,19.68,1094.20,19.53,0.80
2026-06-05T18:19:32,1,3.88,26380.00,16.13,12663.00,999.00,19.68,1094.50,19.52,0.81
2026-06-05T18:19:33,1,3.86,26370.00,16.13,12662.00,999.00,19.68,1095.40,19.52,0.82
2026-06-05T18:19:33,1,3.90,26370.00,16.13,12662.00,999.00,19.68,1096.10,19.52,0.82
2026-06-05T18:19:33,1,3.86,26370.00,16.13,12662.00,999.00,19.68,1097.50,19.52,0.84
2026-06-05T18:19:33,1,3.88,26370.00,16.13,12662.00,999.00,19.68,1098.30,19.51,0.85
2026-06-05T18:19:34,1,3.89,26370.00,16.13,12662.00,999.00,19.68,1098.60,19.52,0.85
2026-06-05T18:19:34,1,3.88,26390.00,16.14,12671.00,999.00,19.68,1100.10,19.52,0.86
2026-06-05T18:19:34,1,3.86,26390.00,16.14,12671.00,999.00,19.68,1101.70,19.52,0.88
2026-06-05T18:19:34,1,3.87,26390.00,16.14,12671.00,999.00,19.68,1102.70,19.52,0.89
2026-06-05T18:19:34,1,3.87,26390.00,16.14,12671.00,999.00,19.68,1103.20,19.52,0.89
2026-06-05T18:19:35,1,3.88,26390.00,16.14,12671.00,999.00,19.68,1103.90,19.52,0.90
2026-06-05T18:19:35,1,3.88,26390.00,16.14,12669.00,999.00,19.68,1104.70,19.52,0.91
2026-06-05T18:19:35,1,3.86,26390.00,16.14,12669.00,999.00,19.68,1105.50,19.52,0.92
2026-06-05T18:19:35,1,3.90,26390.00,16.14,12669.00,999.00,19.68,1106.60,19.52,0.93
2026-06-05T18:19:35,1,3.87,26390.00,16.14,12669.00,999.00,19.68,1107.70,19.52,0.94
2026-06-05T18:19:36,1,3.87,26390.00,16.14,12669.00,999.00,19.68,1109.00,19.52,0.95
2026-06-05T18:19:36,1,3.87,26460.00,16.19,12704.00,999.00,19.68,1110.50,19.52,0.97
2026-06-05T18:19:36,1,3.89,26460.00,16.19,12704.00,999.00,19.68,1111.00,19.52,0.97
2026-06-05T18:19:36,1,3.88,26460.00,16.19,12704.00,999.00,19.68,1111.30,19.52,0.97
2026-06-05T18:19:36,1,3.86,26460.00,16.19,12704.00,999.00,19.68,1111.90,19.52,0.98
2026-06-05T18:19:37,1,3.88,26560.00,16.25,12752.00,999.00,19.68,1112.70,19.52,0.99
2026-06-05T18:19:37,1,3.87,26560.00,16.25,12752.00,999.00,19.68,1113.70,19.51,1.00
2026-06-05T18:19:37,1,3.90,26560.00,16.25,12752.00,999.00,19.68,1113.60,19.52,1.00
2026-06-05T18:19:37,1,3.87,26560.00,16.25,12752.00,999.00,19.68,1114.20,19.52,1.00
2026-06-05T18:19:37,1,3.88,26560.00,16.25,12752.00,999.00,19.68,1115.20,19.52,1.01
2026-06-05T18:19:38,1,3.86,26540.00,16.23,12739.00,999.00,19.67,1116.00,19.52,1.02
2026-06-05T18:19:38,1,3.87,26540.00,16.23,12739.00,999.00,19.68,1117.80,19.51,1.04
2026-06-05T18:19:38,1,3.91,26540.00,16.23,12739.00,999.00,19.67,1119.90,19.52,1.06
2026-06-05T18:19:38,1,3.86,26540.00,16.23,12739.00,999.00,19.68,1121.00,19.52,1.07
2026-06-05T18:19:38,1,3.86,26540.00,16.23,12739.00,999.00,19.68,1123.40,19.52,1.09
2026-06-05T18:19:39,1,3.88,26570.00,16.26,12756.00,999.00,19.67,1126.10,19.52,1.12
2026-06-05T18:19:39,1,3.90,26570.00,16.26,12756.00,999.00,19.67,1127.80,19.51,1.14
2026-06-05T18:19:39,1,3.88,26570.00,16.26,12756.00,999.00,19.67,1128.90,19.51,1.15
2026-06-05T18:19:39,1,3.88,26570.00,16.26,12756.00,999.00,19.68,1130.50,19.51,1.16
2026-06-05T18:19:39,1,3.88,26570.00,16.26,12756.00,999.00,19.67,1132.80,19.51,1.19
2026-06-05T18:19:40,1,3.90,26590.00,16.27,12764.00,999.00,19.68,1134.90,19.51,1.21
2026-06-05T18:19:40,1,3.90,26590.00,16.27,12764.00,999.00,19.67,1138.10,19.51,1.24
2026-06-05T18:19:40,1,3.87,26590.00,16.27,12764.00,999.00,19.67,1140.80,19.51,1.27
2026-06-05T18:19:40,1,3.86,26590.00,16.27,12764.00,999.00,19.67,1142.70,19.51,1.29
2026-06-05T18:19:40,1,3.86,26590.00,16.27,12764.00,999.00,19.67,1142.40,19.51,1.28
2026-06-05T18:19:41,1,3.88,26750.00,16.38,12845.00,999.00,19.67,1143.50,19.52,1.29
2026-06-05T18:19:41,1,3.87,26750.00,16.38,12845.00,999.00,19.67,1143.90,19.51,1.30
2026-06-05T18:19:41,1,3.89,26750.00,16.38,12845.00,999.00,19.67,1145.00,19.51,1.31
2026-06-05T18:19:41,1,3.86,26750.00,16.38,12845.00,999.00,19.67,1146.70,19.51,1.32
2026-06-05T18:19:41,1,3.85,26750.00,16.38,12845.00,999.00,19.67,1147.90,19.51,1.34
2026-06-05T18:19:42,1,3.90,26820.00,16.43,12878.00,999.00,19.66,1149.50,19.51,1.35
2026-06-05T18:19:42,1,3.89,26820.00,16.43,12878.00,999.00,19.66,1151.40,19.51,1.37
2026-06-05T18:19:42,1,3.88,26820.00,16.43,12878.00,999.00,19.66,1153.20,19.51,1.39
2026-06-05T18:19:42,1,3.86,26820.00,16.43,12878.00,999.00,19.66,1156.10,19.51,1.42
2026-06-05T18:19:42,1,3.88,26930.00,16.50,12927.00,999.00,19.64,1157.70,19.51,1.43
2026-06-05T18:19:43,1,3.89,26930.00,16.50,12927.00,999.00,19.64,1159.60,19.50,1.45
2026-06-05T18:19:43,1,3.89,26930.00,16.50,12927.00,999.00,19.63,1161.70,19.51,1.47
2026-06-05T18:19:43,1,3.88,26930.00,16.50,12927.00,999.00,19.63,1164.30,19.51,1.50
2026-06-05T18:19:43,1,3.86,26930.00,16.50,12927.00,999.00,19.62,1166.80,19.51,1.52
2026-06-05T18:19:44,1,3.87,27000.00,16.54,12960.00,999.00,19.62,1168.40,19.51,1.54
2026-06-05T18:19:44,1,3.90,27000.00,16.54,12960.00,999.00,19.61,1168.70,19.51,1.54
2026-06-05T18:19:44,1,3.91,27000.00,16.54,12960.00,999.00,19.61,1169.00,19.50,1.55
2026-06-05T18:19:44,1,3.87,27000.00,16.54,12960.00,999.00,19.61,1170.40,19.51,1.56
2026-06-05T18:19:44,1,3.89,27000.00,16.54,12960.00,999.00,19.61,1171.90,19.51,1.57
2026-06-05T18:19:45,1,3.90,26990.00,16.54,12959.00,999.00,19.61,1173.10,19.51,1.59
2026-06-05T18:19:45,1,3.90,26990.00,16.54,12959.00,999.00,19.60,1174.50,19.50,1.60
2026-06-05T18:19:45,1,3.89,26990.00,16.54,12959.00,999.00,19.60,1175.90,19.50,1.61
2026-06-05T18:19:45,1,3.85,26990.00,16.54,12959.00,999.00,19.60,1177.60,19.50,1.63
2026-06-05T18:19:45,1,3.85,26990.00,16.54,12959.00,999.00,19.59,1179.90,19.50,1.65
2026-06-05T18:19:46,1,3.87,27010.00,16.55,12968.00,999.00,19.59,1181.80,19.50,1.67
2026-06-05T18:19:46,1,3.88,27010.00,16.55,12968.00,999.00,19.58,1183.60,19.49,1.69
2026-06-05T18:19:46,1,3.86,27010.00,16.55,12968.00,999.00,19.58,1185.50,19.49,1.71
2026-06-05T18:19:46,1,3.88,27010.00,16.55,12968.00,999.00,19.57,1187.40,19.49,1.73
2026-06-05T18:19:46,1,3.90,27080.00,16.60,13002.00,999.00,19.58,1188.10,19.49,1.74
2026-06-05T18:19:47,1,3.90,27080.00,16.60,13002.00,999.00,19.57,1190.70,19.49,1.76
2026-06-05T18:19:47,1,3.87,27080.00,16.60,13002.00,999.00,19.57,1193.20,19.49,1.79
2026-06-05T18:19:47,1,3.86,27080.00,16.60,13002.00,999.00,19.56,1195.70,19.49,1.81
2026-06-05T18:19:47,1,3.87,27080.00,16.60,13002.00,999.00,19.56,1197.00,19.49,1.82
2026-06-05T18:19:47,1,3.88,27200.00,16.68,13059.00,999.00,19.55,1198.20,19.49,1.84
2026-06-05T18:19:48,1,3.87,27200.00,16.68,13059.00,999.00,19.55,1199.50,19.49,1.85
2026-06-05T18:19:48,1,3.90,27200.00,16.68,13059.00,999.00,19.55,1201.00,19.49,1.86
2026-06-05T18:19:48,1,3.88,27200.00,16.68,13059.00,999.00,19.54,1203.00,19.49,1.88
2026-06-05T18:19:48,1,3.86,27200.00,16.68,13059.00,999.00,19.54,1205.20,19.48,1.90
2026-06-05T18:19:49,1,3.90,27200.00,16.68,13056.00,999.00,19.54,1208.20,19.48,1.93
2026-06-05T18:19:49,1,3.87,27200.00,16.68,13056.00,999.00,19.54,1211.20,19.48,1.96
2026-06-05T18:19:49,1,3.90,27200.00,16.68,13056.00,999.00,19.54,1212.70,19.48,1.98
2026-06-05T18:19:49,1,3.85,27200.00,16.68,13056.00,999.00,19.54,1214.10,19.48,1.99
2026-06-05T18:19:49,1,3.87,27200.00,16.68,13056.00,999.00,19.53,1215.20,19.48,2.00
2026-06-05T18:19:50,1,3.90,27320.00,16.76,13116.00,999.00,19.53,1215.90,19.47,2.01
2026-06-05T18:19:50,1,3.88,27320.00,16.76,13116.00,999.00,19.53,1217.60,19.47,2.03
2026-06-05T18:19:50,1,3.87,27320.00,16.76,13116.00,999.00,19.52,1219.20,19.47,2.04
2026-06-05T18:19:50,1,3.88,27320.00,16.76,13116.00,999.00,19.52,1220.40,19.47,2.06
2026-06-05T18:19:50,1,3.86,27320.00,16.76,13116.00,999.00,19.52,1221.40,19.47,2.07
2026-06-05T18:19:51,1,3.88,27390.00,16.81,13149.00,999.00,19.52,1222.70,19.46,2.08
2026-06-05T18:19:51,1,3.90,27390.00,16.81,13149.00,999.00,19.51,1224.10,19.46,2.09
2026-06-05T18:19:51,1,3.90,27390.00,16.81,13149.00,999.00,19.51,1225.60,19.46,2.11
2026-06-05T18:19:51,1,3.86,27390.00,16.81,13149.00,999.00,19.51,1227.70,19.46,2.13
2026-06-05T18:19:51,1,3.88,27450.00,16.85,13180.00,999.00,19.51,1230.20,19.46,2.15
2026-06-05T18:19:52,1,3.87,27450.00,16.85,13180.00,999.00,19.51,1232.20,19.46,2.17
2026-06-05T18:19:52,1,3.90,27450.00,16.85,13180.00,999.00,19.51,1235.10,19.45,2.20
2026-06-05T18:19:52,1,3.88,27450.00,16.85,13180.00,999.00,19.51,1236.30,19.45,2.21
2026-06-05T18:19:52,1,3.88,27450.00,16.85,13180.00,999.00,19.51,1237.70,19.45,2.23
2026-06-05T18:19:52,1,3.87,27530.00,16.90,13216.00,999.00,19.51,1238.30,19.45,2.23
2026-06-05T18:19:53,1,3.87,27530.00,16.90,13216.00,999.00,19.50,1238.90,19.45,2.24
2026-06-05T18:19:53,1,3.87,27530.00,16.90,13216.00,999.00,19.50,1239.30,19.45,2.24
2026-06-05T18:19:53,1,3.89,27530.00,16.90,13216.00,999.00,19.50,1241.20,19.45,2.26
2026-06-05T18:19:53,1,3.87,27530.00,16.90,13216.00,999.00,19.51,1242.50,19.45,2.27
2026-06-05T18:19:53,1,3.86,27590.00,16.94,13243.00,999.00,19.50,1244.70,19.44,2.30
2026-06-05T18:19:54,1,3.90,27590.00,16.94,13243.00,999.00,19.51,1245.70,19.44,2.31
2026-06-05T18:19:54,1,3.88,27590.00,16.94,13243.00,999.00,19.50,1247.50,19.44,2.32
2026-06-05T18:19:54,1,3.86,27590.00,16.94,13243.00,999.00,19.51,1249.00,19.44,2.34
2026-06-05T18:19:54,1,3.88,27590.00,16.94,13243.00,999.00,19.51,1250.80,19.44,2.36
2026-06-05T18:19:54,1,3.87,27630.00,16.97,13262.00,999.00,19.50,1252.40,19.44,2.37
2026-06-05T18:19:55,1,3.90,27630.00,16.97,13262.00,999.00,19.50,1253.90,19.43,2.39
2026-06-05T18:19:55,1,3.88,27630.00,16.97,13262.00,999.00,19.50,1256.10,19.43,2.41
2026-06-05T18:19:55,1,3.87,27630.00,16.97,13262.00,999.00,19.50,1257.80,19.44,2.43
2026-06-05T18:19:55,1,3.86,27630.00,16.97,13262.00,999.00,19.50,1259.80,19.43,2.45
2026-06-05T18:19:55,1,3.88,27630.00,16.97,13264.00,999.00,19.49,1261.20,19.42,2.46
2026-06-05T18:19:56,1,3.87,27630.00,16.97,13264.00,999.00,19.49,1262.60,19.42,2.47
2026-06-05T18:19:56,1,3.88,27630.00,16.97,13264.00,999.00,19.49,1263.00,19.42,2.48
2026-06-05T18:19:56,1,3.86,27630.00,16.97,13264.00,999.00,19.50,1264.30,19.42,2.49
2026-06-05T18:19:56,1,3.88,27640.00,16.98,13272.00,999.00,19.49,1265.30,19.42,2.50
2026-06-05T18:19:57,1,3.90,27640.00,16.98,13272.00,999.00,19.49,1266.80,19.42,2.52
2026-06-05T18:19:57,1,3.89,27640.00,16.98,13272.00,999.00,19.49,1268.20,19.42,2.53
2026-06-05T18:19:57,1,3.87,27640.00,16.98,13272.00,999.00,19.49,1269.50,19.42,2.54
2026-06-05T18:19:57,1,3.87,27640.00,16.98,13272.00,999.00,19.49,1270.10,19.42,2.55
2026-06-05T18:19:57,1,3.86,27690.00,17.01,13292.00,999.00,19.48,1271.70,19.41,2.56
2026-06-05T18:19:58,1,3.90,27690.00,17.01,13292.00,999.00,19.49,1273.80,19.41,2.58
2026-06-05T18:19:58,1,3.90,27690.00,17.01,13292.00,999.00,19.49,1275.40,19.41,2.60
2026-06-05T18:19:58,1,3.86,27690.00,17.01,13292.00,999.00,19.49,1277.80,19.41,2.62
2026-06-05T18:19:58,1,3.86,27690.00,17.01,13292.00,999.00,19.49,1280.50,19.40,2.65
2026-06-05T18:19:58,1,3.86,27800.00,17.09,13348.00,999.00,19.49,1282.50,19.41,2.67
2026-06-05T18:19:59,1,3.87,27800.00,17.09,13348.00,999.00,19.49,1285.10,19.41,2.70
2026-06-05T18:19:59,1,3.90,27800.00,17.09,13348.00,999.00,19.50,1287.10,19.40,2.72
2026-06-05T18:19:59,1,3.88,27800.00,17.09,13348.00,999.00,19.49,1288.70,19.40,2.73
2026-06-05T18:19:59,1,3.88,27800.00,17.09,13348.00,999.00,19.49,1289.30,19.40,2.74
2026-06-05T18:19:59,1,3.87,27950.00,17.19,13419.00,999.00,19.49,1289.70,19.40,2.74
2026-06-05T18:20:00,1,3.90,27950.00,17.19,13419.00,999.00,19.49,1291.40,19.40,2.76
2026-06-05T18:20:00,1,3.88,27950.00,17.19,13419.00,999.00,19.49,1292.90,19.40,2.77
2026-06-05T18:20:00,1,3.88,27950.00,17.19,13419.00,999.00,19.49,1293.50,19.40,2.78
2026-06-05T18:20:00,1,3.86,27980.00,17.21,13435.00,999.00,19.49,1293.90,19.40,2.78
2026-06-05T18:20:00,1,3.90,27980.00,17.21,13435.00,999.00,19.48,1295.40,19.40,2.80
2026-06-05T18:20:01,1,3.88,27980.00,17.21,13435.00,999.00,19.49,1296.60,19.40,2.81
2026-06-05T18:20:01,1,3.85,27980.00,17.21,13435.00,999.00,19.49,1297.30,19.39,2.82
2026-06-05T18:20:01,1,3.86,27980.00,17.21,13435.00,999.00,19.48,1299.30,19.39,2.84
2026-06-05T18:20:01,1,3.89,28000.00,17.22,13441.00,999.00,19.49,1300.90,19.39,2.85
2026-06-05T18:20:01,1,3.90,28000.00,17.22,13441.00,999.00,19.48,1303.00,19.39,2.87
2026-06-05T18:20:02,1,3.88,28000.00,17.22,13441.00,999.00,19.49,1304.80,19.39,2.89
2026-06-05T18:20:02,1,3.88,28000.00,17.22,13441.00,999.00,19.48,1306.20,19.39,2.91
2026-06-05T18:20:02,1,3.86,28000.00,17.22,13441.00,999.00,19.48,1308.80,19.39,2.93
2026-06-05T18:20:02,1,3.88,28300.00,17.42,13586.00,999.00,19.49,1309.90,19.39,2.94
2026-06-05T18:20:02,1,3.90,28300.00,17.42,13586.00,999.00,19.48,1311.90,19.39,2.96
2026-06-05T18:20:03,1,3.88,28300.00,17.42,13586.00,999.00,19.48,1313.70,19.39,2.98
2026-06-05T18:20:03,1,3.88,28300.00,17.42,13586.00,999.00,19.48,1314.70,19.39,2.99
2026-06-05T18:20:03,1,3.84,28300.00,17.42,13586.00,999.00,19.47,1317.50,19.39,3.02
2026-06-05T18:20:03,1,3.91,28410.00,17.50,13640.00,999.00,19.47,1319.90,19.39,3.04
2026-06-05T18:20:03,1,3.90,28410.00,17.50,13640.00,999.00,19.47,1321.20,19.38,3.05
2026-06-05T18:20:04,1,3.88,28410.00,17.50,13640.00,999.00,19.47,1321.70,19.39,3.06
2026-06-05T18:20:04,1,3.88,28410.00,17.50,13640.00,999.00,19.47,1322.60,19.38,3.07
2026-06-05T18:20:04,1,3.87,28410.00,17.50,13640.00,999.00,19.47,1323.60,19.38,3.08
2026-06-05T18:20:04,1,3.90,28500.00,17.56,13683.00,999.00,19.47,1324.30,19.38,3.08
2026-06-05T18:20:05,1,3.90,28500.00,17.56,13683.00,999.00,19.47,1325.70,19.38,3.10
2026-06-05T18:20:05,1,3.90,28500.00,17.56,13683.00,999.00,19.47,1327.40,19.38,3.12
2026-06-05T18:20:05,1,3.83,28500.00,17.56,13683.00,999.00,19.47,1329.30,19.38,3.13
2026-06-05T18:20:05,1,3.87,28570.00,17.60,13715.00,999.00,19.47,1332.00,19.38,3.16
2026-06-05T18:20:05,1,3.90,28570.00,17.60,13715.00,999.00,19.47,1333.20,19.38,3.17
2026-06-05T18:20:06,1,3.90,28570.00,17.60,13715.00,999.00,19.47,1334.50,19.38,3.19
2026-06-05T18:20:06,1,3.86,28570.00,17.60,13715.00,999.00,19.46,1335.50,19.37,3.20
2026-06-05T18:20:06,1,3.87,28570.00,17.60,13715.00,999.00,19.46,1336.90,19.37,3.21
2026-06-05T18:20:06,1,3.88,28550.00,17.59,13706.00,999.00,19.46,1338.20,19.37,3.22
2026-06-05T18:20:06,1,3.85,28550.00,17.59,13706.00,999.00,19.46,1339.60,19.37,3.24
2026-06-05T18:20:07,1,3.87,28550.00,17.59,13706.00,999.00,19.46,1340.40,19.37,3.24
2026-06-05T18:20:07,1,3.86,28550.00,17.59,13706.00,999.00,19.46,1341.30,19.37,3.25
2026-06-05T18:20:07,1,3.86,28550.00,17.59,13706.00,999.00,19.46,1342.40,19.37,3.26
2026-06-05T18:20:07,1,3.90,28570.00,17.61,13718.00,999.00,19.45,1344.10,19.37,3.28
2026-06-05T18:20:07,1,3.87,28570.00,17.61,13718.00,999.00,19.45,1345.00,19.37,3.29
2026-06-05T18:20:08,1,3.90,28570.00,17.61,13718.00,999.00,19.45,1346.60,19.37,3.31
2026-06-05T18:20:08,1,3.87,28570.00,17.61,13718.00,999.00,19.45,1347.90,19.36,3.32
2026-06-05T18:20:08,1,3.85,28570.00,17.61,13718.00,999.00,19.45,1349.80,19.36,3.34
2026-06-05T18:20:08,1,3.88,28570.00,17.60,13716.00,999.00,19.45,1351.20,19.36,3.35
2026-06-05T18:20:08,1,3.90,28570.00,17.60,13716.00,999.00,19.45,1353.50,19.35,3.37
2026-06-05T18:20:09,1,3.87,28570.00,17.60,13716.00,999.00,19.45,1354.50,19.36,3.38
2026-06-05T18:20:09,1,3.87,28570.00,17.60,13716.00,999.00,19.45,1355.20,19.36,3.39
2026-06-05T18:20:09,1,3.86,28570.00,17.60,13716.00,999.00,19.44,1355.50,19.36,3.39
2026-06-05T18:20:09,1,3.88,28580.00,17.61,13723.00,999.00,19.45,1357.40,19.36,3.41
2026-06-05T18:20:09,1,3.89,28580.00,17.61,13723.00,999.00,19.44,1358.50,19.35,3.42
2026-06-05T18:20:10,1,3.89,28580.00,17.61,13723.00,999.00,19.45,1359.40,19.35,3.43
2026-06-05T18:20:10,1,3.88,28580.00,17.61,13723.00,999.00,19.45,1360.30,19.35,3.44
2026-06-05T18:20:10,1,3.86,28620.00,17.64,13738.00,999.00,19.44,1360.80,19.35,3.45
2026-06-05T18:20:10,1,3.89,28620.00,17.64,13738.00,999.00,19.45,1361.80,19.35,3.46
2026-06-05T18:20:10,1,3.89,28620.00,17.64,13738.00,999.00,19.44,1363.00,19.35,3.47
2026-06-05T18:20:11,1,3.85,28620.00,17.64,13738.00,999.00,19.44,1364.20,19.34,3.48
2026-06-05T18:20:11,1,3.88,28620.00,17.64,13738.00,999.00,19.45,1364.50,19.35,3.48
2026-06-05T18:20:11,1,3.90,28710.00,17.70,13785.00,999.00,19.44,1365.10,19.35,3.49
2026-06-05T18:20:11,1,3.90,28710.00,17.70,13785.00,999.00,19.44,1366.00,19.34,3.50
2026-06-05T18:20:12,1,3.88,28710.00,17.70,13785.00,999.00,19.44,1367.10,19.35,3.51
2026-06-05T18:20:12,1,3.86,28710.00,17.70,13785.00,999.00,19.44,1367.30,19.35,3.51
2026-06-05T18:20:12,1,3.88,28710.00,17.70,13785.00,999.00,19.44,1368.60,19.35,3.52
2026-06-05T18:20:12,1,3.90,28770.00,17.74,13813.00,999.00,19.44,1369.20,19.34,3.53
2026-06-05T18:20:12,1,3.87,28770.00,17.74,13813.00,999.00,19.44,1371.20,19.34,3.55
2026-06-05T18:20:13,1,3.90,28770.00,17.74,13813.00,999.00,19.44,1372.60,19.34,3.56
2026-06-05T18:20:13,1,3.88,28770.00,17.74,13813.00,999.00,19.45,1373.20,19.34,3.57
2026-06-05T18:20:13,1,3.88,28770.00,17.74,13813.00,999.00,19.44,1375.00,19.34,3.59
2026-06-05T18:20:13,1,3.87,28790.00,17.76,13823.00,999.00,19.44,1376.30,19.34,3.60
2026-06-05T18:20:13,1,3.90,28790.00,17.76,13823.00,999.00,19.44,1377.40,19.34,3.61
2026-06-05T18:20:14,1,3.88,28790.00,17.76,13823.00,999.00,19.44,1377.70,19.34,3.61
2026-06-05T18:20:14,1,3.87,28790.00,17.76,13823.00,999.00,19.44,1378.50,19.34,3.62
2026-06-05T18:20:14,1,3.85,28830.00,17.78,13840.00,999.00,19.44,1379.30,19.34,3.63
2026-06-05T18:20:14,1,3.88,28830.00,17.78,13840.00,999.00,19.44,1381.20,19.34,3.65
2026-06-05T18:20:14,1,3.88,28830.00,17.78,13840.00,999.00,19.44,1381.60,19.34,3.65
2026-06-05T18:20:15,1,3.86,28830.00,17.78,13840.00,999.00,19.44,1382.00,19.34,3.66
2026-06-05T18:20:15,1,3.88,28830.00,17.78,13840.00,999.00,19.44,1383.70,19.34,3.67
2026-06-05T18:20:15,1,3.84,28850.00,17.79,13849.00,999.00,19.44,1385.20,19.34,3.69
2026-06-05T18:20:15,1,3.88,28850.00,17.79,13849.00,999.00,19.44,1385.90,19.34,3.70
2026-06-05T18:20:15,1,3.89,28850.00,17.79,13849.00,999.00,19.44,1387.00,19.33,3.71
2026-06-05T18:20:16,1,3.88,28850.00,17.79,13849.00,999.00,19.44,1389.00,19.33,3.73
2026-06-05T18:20:16,1,3.86,28850.00,17.79,13849.00,999.00,19.44,1390.00,19.33,3.74
2026-06-05T18:20:16,1,3.91,28910.00,17.83,13877.00,999.00,19.45,1391.20,19.33,3.75
2026-06-05T18:20:16,1,3.87,28910.00,17.83,13877.00,999.00,19.44,1392.20,19.33,3.76
2026-06-05T18:20:16,1,3.86,28910.00,17.83,13877.00,999.00,19.45,1394.10,19.33,3.78
2026-06-05T18:20:17,1,3.84,28910.00,17.83,13877.00,999.00,19.45,1395.90,19.33,3.79
2026-06-05T18:20:17,1,3.85,28910.00,17.83,13877.00,999.00,19.45,1396.60,19.33,3.80
2026-06-05T18:20:17,1,3.87,28910.00,17.83,13877.00,999.00,19.44,1398.30,19.33,3.82
2026-06-05T18:20:17,1,3.87,28910.00,17.83,13877.00,999.00,19.44,1399.10,19.33,3.83
2026-06-05T18:20:17,1,3.88,28910.00,17.83,13877.00,999.00,19.44,1400.70,19.32,3.84
2026-06-05T18:20:18,1,3.86,28910.00,17.83,13877.00,999.00,19.44,1401.30,19.33,3.85
2026-06-05T18:20:18,1,3.87,28910.00,17.83,13877.00,999.00,19.44,1402.20,19.33,3.86
2026-06-05T18:20:18,1,3.88,28920.00,17.84,13882.00,999.00,19.45,1403.90,19.33,3.87
2026-06-05T18:20:18,1,3.89,28920.00,17.84,13882.00,999.00,19.45,1404.90,19.33,3.88
2026-06-05T18:20:18,1,3.89,28920.00,17.84,13882.00,999.00,19.44,1406.20,19.32,3.90
2026-06-05T18:20:19,1,3.89,28920.00,17.84,13882.00,999.00,19.45,1406.70,19.32,3.90
2026-06-05T18:20:19,1,3.87,28920.00,17.84,13882.00,999.00,19.44,1407.70,19.33,3.91
2026-06-05T18:20:19,1,3.88,28990.00,17.89,13917.00,999.00,19.44,1409.10,19.32,3.93
2026-06-05T18:20:19,1,3.88,28990.00,17.89,13917.00,999.00,19.44,1410.50,19.32,3.94
2026-06-05T18:20:20,1,3.90,28990.00,17.89,13917.00,999.00,19.45,1412.30,19.32,3.96
2026-06-05T18:20:20,1,3.85,28990.00,17.89,13917.00,999.00,19.44,1413.70,19.32,3.97
2026-06-05T18:20:20,1,3.85,29000.00,17.89,13921.00,999.00,19.45,1415.10,19.32,3.98
2026-06-05T18:20:20,1,3.90,29000.00,17.89,13921.00,999.00,19.45,1417.30,19.32,4.01
2026-06-05T18:20:20,1,3.87,29000.00,17.89,13921.00,999.00,19.45,1419.20,19.32,4.03
2026-06-05T18:20:21,1,3.85,29000.00,17.89,13921.00,999.00,19.45,1419.90,19.32,4.03
2026-06-05T18:20:21,1,3.87,29000.00,17.89,13921.00,999.00,19.45,1421.70,19.32,4.05
2026-06-05T18:20:21,1,3.88,29040.00,17.92,13940.00,999.00,19.45,1423.10,19.32,4.06
2026-06-05T18:20:21,1,3.89,29040.00,17.92,13940.00,999.00,19.45,1424.00,19.32,4.07
2026-06-05T18:20:21,1,3.88,29040.00,17.92,13940.00,999.00,19.45,1425.60,19.31,4.09
2026-06-05T18:20:22,1,3.89,29040.00,17.92,13940.00,999.00,19.45,1427.00,19.31,4.10
2026-06-05T18:20:22,1,3.88,29040.00,17.92,13940.00,999.00,19.45,1428.30,19.31,4.12
2026-06-05T18:20:22,1,3.88,29020.00,17.91,13934.00,999.00,19.45,1429.70,19.31,4.13
2026-06-05T18:20:22,1,3.88,29020.00,17.91,13934.00,999.00,19.45,1430.90,19.31,4.14
2026-06-05T18:20:22,1,3.90,29020.00,17.91,13934.00,999.00,19.45,1431.70,19.31,4.15
2026-06-05T18:20:23,1,3.85,29020.00,17.91,13934.00,999.00,19.45,1432.80,19.31,4.16
2026-06-05T18:20:23,1,3.88,29020.00,17.91,13934.00,999.00,19.45,1434.10,19.31,4.17
2026-06-05T18:20:23,1,3.88,29040.00,17.93,13943.00,999.00,19.45,1435.90,19.30,4.19
2026-06-05T18:20:23,1,3.89,29040.00,17.93,13943.00,999.00,19.45,1437.50,19.31,4.21
2026-06-05T18:20:23,1,3.88,29040.00,17.93,13943.00,999.00,19.45,1439.80,19.31,4.23
2026-06-05T18:20:24,1,3.86,29040.00,17.93,13943.00,999.00,19.45,1441.90,19.31,4.25
2026-06-05T18:20:24,1,3.89,29060.00,17.94,13952.00,999.00,19.45,1443.30,19.31,4.26
2026-06-05T18:20:24,1,3.87,29060.00,17.94,13952.00,999.00,19.45,1444.50,19.31,4.28
2026-06-05T18:20:24,1,3.90,29060.00,17.94,13952.00,999.00,19.45,1445.20,19.31,4.28
2026-06-05T18:20:24,1,3.88,29060.00,17.94,13952.00,999.00,19.45,1447.40,19.31,4.30
2026-06-05T18:20:25,1,3.86,29060.00,17.94,13952.00,999.00,19.45,1449.60,19.31,4.33
2026-06-05T18:20:25,1,3.90,29080.00,17.95,13959.00,999.00,19.45,1451.50,19.31,4.35
2026-06-05T18:20:25,1,3.88,29080.00,17.95,13959.00,999.00,19.45,1453.50,19.31,4.37
2026-06-05T18:20:25,1,3.88,29080.00,17.95,13959.00,999.00,19.45,1454.10,19.31,4.37
2026-06-05T18:20:26,1,3.86,29080.00,17.95,13959.00,999.00,19.45,1455.50,19.31,4.39
2026-06-05T18:20:26,1,3.85,29080.00,17.95,13959.00,999.00,19.45,1457.20,19.31,4.40
2026-06-05T18:20:26,1,3.89,29070.00,17.95,13958.00,999.00,19.45,1458.00,19.31,4.41
2026-06-05T18:20:26,1,3.88,29070.00,17.95,13958.00,999.00,19.45,1459.60,19.31,4.43
2026-06-05T18:20:26,1,3.90,29070.00,17.95,13958.00,999.00,19.45,1460.60,19.31,4.44
2026-06-05T18:20:27,1,3.88,29070.00,17.95,13958.00,999.00,19.45,1462.10,19.31,4.45
2026-06-05T18:20:27,1,3.85,29070.00,17.95,13958.00,999.00,19.45,1463.50,19.31,4.46
2026-06-05T18:20:27,1,3.88,29100.00,17.96,13969.00,999.00,19.45,1464.70,19.31,4.48
2026-06-05T18:20:27,1,3.89,29100.00,17.96,13969.00,999.00,19.45,1465.40,19.31,4.48
2026-06-05T18:20:27,1,3.90,29100.00,17.96,13969.00,999.00,19.45,1466.70,19.30,4.50
2026-06-05T18:20:28,1,3.87,29100.00,17.96,13969.00,999.00,19.46,1468.40,19.29,4.51
2026-06-05T18:20:28,1,3.87,29110.00,17.97,13975.00,999.00,19.45,1469.30,19.30,4.52
2026-06-05T18:20:28,1,3.90,29110.00,17.97,13975.00,999.00,19.46,1470.60,19.30,4.53
2026-06-05T18:20:28,1,3.91,29110.00,17.97,13975.00,999.00,19.46,1472.10,19.30,4.55
2026-06-05T18:20:28,1,3.85,29110.00,17.97,13975.00,999.00,19.45,1475.20,19.30,4.58
2026-06-05T18:20:29,1,3.89,29110.00,17.97,13975.00,999.00,19.46,1477.40,19.30,4.60
2026-06-05T18:20:29,1,3.87,29090.00,17.96,13964.00,999.00,19.45,1479.50,19.30,4.62
2026-06-05T18:20:29,1,3.90,29090.00,17.96,13964.00,999.00,19.46,1482.10,19.30,4.65
2026-06-05T18:20:29,1,3.90,29090.00,17.96,13964.00,999.00,19.46,1484.50,19.30,4.67
2026-06-05T18:20:29,1,3.86,29090.00,17.96,13964.00,999.00,19.46,1486.30,19.30,4.69
2026-06-05T18:20:30,1,3.87,29090.00,17.96,13964.00,999.00,19.46,1488.20,19.30,4.71
2026-06-05T18:20:30,1,3.89,29120.00,17.98,13979.00,999.00,19.46,1490.00,19.30,4.73
2026-06-05T18:20:30,1,3.90,29120.00,17.98,13979.00,999.00,19.46,1491.90,19.30,4.75
2026-06-05T18:20:30,1,3.88,29120.00,17.98,13979.00,999.00,19.46,1493.80,19.30,4.76
2026-06-05T18:20:30,1,3.85,29120.00,17.98,13979.00,999.00,19.45,1496.10,19.30,4.79
2026-06-05T18:20:31,1,3.89,29120.00,17.98,13979.00,999.00,19.47,1498.30,19.30,4.81
2026-06-05T18:20:31,1,3.87,29120.00,17.98,13979.00,999.00,19.46,1501.00,19.30,4.84
2026-06-05T18:20:31,1,3.90,29120.00,17.98,13979.00,999.00,19.45,1503.30,19.30,4.86
2026-06-05T18:20:31,1,3.87,29120.00,17.98,13979.00,999.00,19.46,1505.20,19.30,4.88
2026-06-05T18:20:31,1,3.88,29120.00,17.98,13979.00,999.00,19.46,1507.00,19.30,4.90
2026-06-05T18:20:32,1,3.86,29120.00,17.98,13979.00,999.00,19.46,1508.30,19.30,4.91
2026-06-05T18:20:32,1,3.85,29130.00,17.98,13984.00,999.00,19.46,1510.40,19.30,4.93
2026-06-05T18:20:32,1,3.90,29130.00,17.98,13984.00,999.00,19.46,1512.00,19.30,4.94
2026-06-05T18:20:32,1,3.87,29130.00,17.98,13984.00,999.00,19.46,1514.40,19.30,4.97
2026-06-05T18:20:33,1,3.88,29130.00,17.98,13984.00,999.00,19.46,1516.70,19.30,4.99
2026-06-05T18:20:33,1,3.85,29120.00,17.98,13979.00,999.00,19.46,1519.80,19.30,5.02
2026-06-05T18:20:33,1,3.88,29120.00,17.98,13979.00,999.00,19.45,1521.30,19.30,5.04
2026-06-05T18:20:33,1,3.88,29120.00,17.98,13979.00,999.00,19.45,1522.90,19.30,5.05
2026-06-05T18:20:33,1,3.88,29120.00,17.98,13979.00,999.00,19.46,1525.10,19.30,5.07
2026-06-05T18:20:34,1,3.88,29120.00,17.98,13979.00,999.00,19.46,1527.60,19.30,5.10
2026-06-05T18:20:34,1,3.87,29130.00,17.98,13984.00,999.00,19.46,1528.90,19.30,5.11
2026-06-05T18:20:34,1,3.86,29130.00,17.98,13984.00,999.00,19.45,1530.70,19.29,5.13
2026-06-05T18:20:34,1,3.87,29130.00,17.98,13984.00,999.00,19.46,1533.60,19.29,5.16
2026-06-05T18:20:34,1,3.89,29130.00,17.98,13984.00,999.00,19.46,1535.50,19.29,5.18
2026-06-05T18:20:35,1,3.88,29130.00,17.98,13984.00,999.00,19.46,1536.40,19.30,5.19
2026-06-05T18:20:35,1,3.87,29110.00,17.97,13975.00,999.00,19.46,1537.70,19.29,5.20
2026-06-05T18:20:35,1,3.88,29110.00,17.97,13975.00,999.00,19.46,1538.70,19.29,5.21
2026-06-05T18:20:35,1,3.86,29110.00,17.97,13975.00,999.00,19.46,1538.90,19.29,5.21
2026-06-05T18:20:35,1,3.89,29110.00,17.97,13975.00,999.00,19.46,1539.50,19.29,5.22
2026-06-05T18:20:36,1,3.86,29110.00,17.97,13975.00,999.00,19.46,1540.50,19.29,5.23
2026-06-05T18:20:36,1,3.89,29120.00,17.98,13982.00,999.00,19.46,1540.60,19.29,5.23
2026-06-05T18:20:36,1,3.88,29120.00,17.98,13982.00,999.00,19.46,1541.40,19.29,5.24
2026-06-05T18:20:36,1,3.89,29120.00,17.98,13982.00,999.00,19.46,1543.00,19.29,5.25
2026-06-05T18:20:36,1,3.88,29120.00,17.98,13982.00,999.00,19.46,1545.60,19.29,5.28
2026-06-05T18:20:37,1,3.86,29120.00,17.98,13982.00,999.00,19.46,1547.00,19.29,5.29
2026-06-05T18:20:37,1,3.89,29120.00,17.98,13982.00,999.00,19.46,1548.60,19.29,5.31
2026-06-05T18:20:37,1,3.88,29120.00,17.98,13982.00,999.00,19.46,1549.10,19.29,5.31
2026-06-05T18:20:37,1,3.86,29120.00,17.98,13982.00,999.00,19.46,1549.60,19.29,5.32
2026-06-05T18:20:37,1,3.90,29120.00,17.98,13982.00,999.00,19.46,1549.70,19.29,5.32
2026-06-05T18:20:38,1,3.86,29170.00,18.01,14006.00,999.00,19.45,1549.90,19.29,5.32
2026-06-05T18:20:38,1,3.87,29170.00,18.01,14006.00,999.00,19.45,1549.30,19.29,5.31
2026-06-05T18:20:38,1,3.86,29170.00,18.01,14006.00,999.00,19.46,1549.30,19.29,5.31
2026-06-05T18:20:38,1,3.88,29170.00,18.01,14006.00,999.00,19.46,1549.00,19.29,5.31
2026-06-05T18:20:38,1,3.88,29170.00,18.01,14006.00,999.00,19.45,1547.80,19.29,5.30
2026-06-05T18:20:39,1,3.88,29140.00,17.99,13991.00,999.00,19.46,1545.20,19.29,5.27
2026-06-05T18:20:39,1,3.88,29140.00,17.99,13991.00,999.00,19.46,1544.70,19.29,5.27
2026-06-05T18:20:39,1,3.85,29140.00,17.99,13991.00,999.00,19.46,1546.80,19.29,5.29
2026-06-05T18:20:39,1,3.88,29140.00,17.99,13991.00,999.00,19.46,1548.90,19.29,5.31
2026-06-05T18:20:39,1,3.88,29140.00,17.99,13991.00,999.00,19.46,1549.40,19.29,5.32
2026-06-05T18:20:40,1,3.89,29130.00,17.98,13983.00,999.00,19.46,1547.60,19.29,5.30
2026-06-05T18:20:40,1,3.88,29130.00,17.98,13983.00,999.00,19.45,1542.10,19.29,5.24
2026-06-05T18:20:40,1,3.88,29130.00,17.98,13983.00,999.00,19.46,1534.90,19.27,5.17
2026-06-05T18:20:40,1,3.88,29130.00,17.98,13983.00,999.00,19.46,1529.60,19.28,5.12
2026-06-05T18:20:41,1,3.88,29130.00,17.98,13983.00,999.00,19.46,1521.40,19.28,5.04
2026-06-05T18:20:41,1,3.89,29150.00,18.00,13995.00,999.00,19.46,1511.70,19.28,4.94
2026-06-05T18:20:41,1,3.87,29150.00,18.00,13995.00,999.00,19.46,1503.50,19.28,4.86
2026-06-05T18:20:41,1,3.88,29150.00,18.00,13995.00,999.00,19.46,1495.40,19.28,4.78
2026-06-05T18:20:41,1,3.88,29150.00,18.00,13995.00,999.00,19.46,1481.60,19.28,4.64
2026-06-05T18:20:42,1,3.85,29140.00,17.99,13990.00,999.00,19.46,1465.10,19.28,4.48
2026-06-05T18:20:42,1,3.89,29140.00,17.99,13990.00,999.00,19.46,1451.20,19.27,4.34
2026-06-05T18:20:42,1,3.91,29140.00,17.99,13990.00,999.00,19.46,1440.20,19.28,4.23
2026-06-05T18:20:42,1,3.86,29140.00,17.99,13990.00,999.00,19.46,1425.40,19.28,4.09
2026-06-05T18:20:42,1,3.86,29140.00,17.99,13990.00,999.00,19.46,1412.40,19.27,3.96
2026-06-05T18:20:43,1,3.90,29070.00,17.95,13958.00,999.00,19.46,1404.80,19.27,3.88
2026-06-05T18:20:43,1,3.88,29070.00,17.95,13958.00,999.00,19.46,1394.20,19.27,3.78
2026-06-05T18:20:43,1,3.87,29070.00,17.95,13958.00,999.00,19.46,1374.30,19.27,3.58
2026-06-05T18:20:43,1,3.86,29070.00,17.95,13958.00,999.00,19.46,1350.40,19.27,3.34
2026-06-05T18:20:43,1,3.88,29070.00,17.95,13958.00,999.00,19.46,1327.50,19.26,3.12
2026-06-05T18:20:44,1,3.90,28880.00,17.82,13867.00,999.00,19.46,1311.40,19.26,2.96
2026-06-05T18:20:44,1,3.87,28880.00,17.82,13867.00,999.00,19.45,1300.00,19.26,2.84
2026-06-05T18:20:44,1,3.87,28880.00,17.82,13867.00,999.00,19.45,1286.00,19.26,2.71
2026-06-05T18:20:44,1,3.85,28880.00,17.82,13867.00,999.00,19.45,1275.00,19.26,2.60
2026-06-05T18:20:44,1,3.88,28880.00,17.82,13867.00,999.00,19.46,1266.60,19.26,2.51
2026-06-05T18:20:45,1,3.89,28170.00,17.33,13522.00,999.00,19.46,1248.90,19.26,2.34
2026-06-05T18:20:45,1,3.90,28170.00,17.33,13522.00,999.00,19.47,1223.60,19.25,2.09
2026-06-05T18:20:45,1,3.88,28170.00,17.33,13522.00,999.00,19.46,1197.90,19.26,1.83
2026-06-05T18:20:45,1,3.88,28170.00,17.33,13522.00,999.00,19.47,1179.20,19.25,1.65
2026-06-05T18:20:45,1,3.88,28170.00,17.33,13522.00,999.00,19.47,1170.40,19.25,1.56
2026-06-05T18:20:46,1,3.88,27530.00,16.90,13218.00,999.00,19.47,1161.70,19.25,1.47
2026-06-05T18:20:46,1,3.91,27530.00,16.90,13218.00,999.00,19.48,1151.20,19.25,1.37
2026-06-05T18:20:46,1,3.90,27530.00,16.90,13218.00,999.00,19.48,1142.80,19.24,1.29
2026-06-05T18:20:46,1,3.85,27530.00,16.90,13218.00,999.00,19.49,1132.00,19.25,1.18
2026-06-05T18:20:46,1,3.88,27530.00,16.90,13218.00,999.00,19.50,1113.00,19.24,0.99
2026-06-05T18:20:47,1,3.90,27170.00,16.66,13046.00,999.00,19.51,1090.70,19.24,0.77
2026-06-05T18:20:47,1,3.89,27170.00,16.66,13046.00,999.00,19.53,1070.10,19.24,0.57
2026-06-05T18:20:47,1,3.89,27170.00,16.66,13046.00,999.00,19.54,1048.20,19.23,0.35
2026-06-05T18:20:47,1,3.86,27170.00,16.66,13046.00,999.00,19.54,1035.30,19.24,0.22
2026-06-05T18:20:48,1,3.90,26660.00,16.32,12799.00,999.00,19.56,1028.50,19.24,0.15
2026-06-05T18:20:48,1,3.89,26660.00,16.32,12799.00,999.00,19.57,1022.50,19.24,0.09
2026-06-05T18:20:48,1,3.90,26660.00,16.32,12799.00,999.00,19.59,1014.30,19.24,0.01
2026-06-05T18:20:48,1,3.87,26660.00,16.32,12799.00,999.00,19.60,1014.40,19.24,0.01
2026-06-05T18:20:48,1,3.86,26660.00,16.32,12799.00,999.00,19.61,1013.80,19.24,0.01
2026-06-05T18:20:49,1,3.89,24250.00,14.71,11641.00,999.00,19.59,1015.00,19.24,0.02
2026-06-05T18:20:49,1,3.88,24250.00,14.71,11641.00,999.00,19.58,1014.50,19.25,0.01
2026-06-05T18:20:49,1,3.87,24250.00,14.71,11641.00,999.00,19.55,1014.20,19.25,0.01
2026-06-05T18:20:49,1,3.86,24250.00,14.71,11641.00,999.00,19.53,1014.60,19.25,0.02
2026-06-05T18:20:49,1,3.87,24250.00,14.71,11641.00,999.00,19.49,1013.90,19.25,0.01
2026-06-05T18:20:50,1,3.90,24210.00,14.68,11624.00,999.00,19.46,1014.40,19.25,0.01
2026-06-05T18:20:50,1,3.91,24210.00,14.68,11624.00,999.00,19.41,1014.10,19.25,0.01
2026-06-05T18:20:50,1,3.86,24210.00,14.68,11624.00,999.00,19.37,1014.20,19.25,0.01
2026-06-05T18:20:50,1,3.86,24210.00,14.68,11624.00,999.00,19.33,1014.00,19.26,0.01
2026-06-05T18:20:50,1,3.86,24210.00,14.68,11624.00,999.00,19.27,1014.60,19.26,0.02
2026-06-05T18:20:51,1,3.89,24210.00,14.68,11623.00,999.00,19.23,1014.80,19.26,0.02
2026-06-05T18:20:51,1,3.90,24210.00,14.68,11623.00,999.00,19.18,1014.20,19.26,0.01
2026-06-05T18:20:51,1,3.89,24210.00,14.68,11623.00,999.00,19.13,1014.50,19.26,0.01
2026-06-05T18:20:51,1,3.85,24210.00,14.68,11623.00,999.00,19.08,1014.60,19.26,0.02
2026-06-05T18:20:51,1,3.88,24140.00,14.64,11590.00,999.00,19.05,1014.40,19.26,0.01
2026-06-05T18:20:52,1,3.90,24140.00,14.64,11590.00,999.00,19.02,1014.40,19.26,0.01
2026-06-05T18:20:52,1,3.89,24140.00,14.64,11590.00,999.00,19.00,1014.50,19.26,0.01
2026-06-05T18:20:52,1,3.87,24140.00,14.64,11590.00,999.00,18.98,1014.10,19.26,0.01
2026-06-05T18:20:52,1,3.88,24140.00,14.64,11590.00,999.00,18.95,1014.70,19.26,0.02
2026-06-05T18:20:52,1,3.88,23960.00,14.52,11504.00,999.00,18.94,1013.80,19.26,0.01
2026-06-05T18:20:53,1,3.89,23960.00,14.52,11504.00,999.00,18.91,1014.20,19.25,0.01
2026-06-05T18:20:53,1,3.89,23960.00,14.52,11504.00,999.00,18.88,1014.40,19.25,0.01
2026-06-05T18:20:53,1,3.88,23960.00,14.52,11504.00,999.00,18.86,1014.00,19.26,0.01
2026-06-05T18:20:53,1,3.84,23960.00,14.52,11504.00,999.00,18.84,1014.30,19.26,0.01
2026-06-05T18:20:53,1,3.90,24120.00,14.62,11579.00,999.00,18.81,1014.10,19.25,0.01
2026-06-05T18:20:54,1,3.90,24120.00,14.62,11579.00,999.00,18.78,1014.10,19.25,0.01
2026-06-05T18:20:54,1,3.87,24120.00,14.62,11579.00,999.00,18.75,1014.00,19.25,0.01
2026-06-05T18:20:54,1,3.87,24120.00,14.62,11579.00,999.00,18.71,1013.80,19.25,0.01
2026-06-05T18:20:54,1,3.88,24120.00,14.62,11579.00,999.00,18.65,1013.90,19.24,0.01
2026-06-05T18:20:55,1,3.87,24080.00,14.59,11559.00,999.00,18.61,1014.30,19.24,0.01
2026-06-05T18:20:55,1,3.90,24080.00,14.59,11559.00,999.00,18.58,1013.80,19.24,0.01
2026-06-05T18:20:55,1,3.88,24080.00,14.59,11559.00,999.00,18.56,1013.80,19.24,0.01
2026-06-05T18:20:55,1,3.88,24080.00,14.59,11559.00,999.00,18.53,1014.50,19.23,0.01
2026-06-05T18:20:55,1,3.86,24170.00,14.65,11602.00,999.00,18.51,1014.00,19.23,0.01
2026-06-05T18:20:56,1,3.88,24170.00,14.65,11602.00,999.00,18.49,1014.20,19.23,0.01
2026-06-05T18:20:56,1,3.88,24170.00,14.65,11602.00,999.00,18.46,1014.20,19.22,0.01
2026-06-05T18:20:56,1,3.88,24170.00,14.65,11602.00,999.00,18.44,1013.80,19.22,0.01
2026-06-05T18:20:56,1,3.86,24170.00,14.65,11602.00,999.00,18.41,1014.00,19.22,0.01
2026-06-05T18:20:56,1,3.88,24250.00,14.71,11640.00,999.00,18.39,1014.00,19.22,0.01
2026-06-05T18:20:57,1,3.88,24250.00,14.71,11640.00,999.00,18.37,1014.20,19.21,0.01
2026-06-05T18:20:57,1,3.90,24250.00,14.71,11640.00,999.00,18.33,1013.90,19.21,0.01
2026-06-05T18:20:57,1,3.88,24250.00,14.71,11640.00,999.00,18.31,1014.10,19.21,0.01
2026-06-05T18:20:57,1,3.86,24250.00,14.71,11640.00,999.00,18.29,1014.50,19.20,0.01
2026-06-05T18:20:57,1,3.90,24160.00,14.65,11600.00,999.00,18.25,1014.10,19.20,0.01
2026-06-05T18:20:58,1,3.89,24160.00,14.65,11600.00,999.00,18.23,1014.00,19.20,0.01
2026-06-05T18:20:58,1,3.88,24160.00,14.65,11600.00,999.00,18.20,1014.30,19.19,0.01
2026-06-05T18:20:58,1,3.86,24160.00,14.65,11600.00,999.00,18.18,1014.40,19.19,0.01
2026-06-05T18:20:58,1,3.88,24160.00,14.65,11600.00,999.00,18.17,1014.00,19.19,0.01
2026-06-05T18:20:58,1,3.90,24170.00,14.65,11602.00,999.00,18.15,1014.20,19.18,0.01
2026-06-05T18:20:59,1,3.90,24170.00,14.65,11602.00,999.00,18.13,1014.10,19.18,0.01
2026-06-05T18:20:59,1,3.88,24170.00,14.65,11602.00,999.00,18.11,1014.20,19.18,0.01
2026-06-05T18:20:59,1,3.88,24170.00,14.65,11602.00,999.00,18.10,1013.70,19.17,0.01
2026-06-05T18:20:59,1,3.88,24170.00,14.65,11602.00,999.00,18.09,1013.70,19.17,0.01
2026-06-05T18:20:59,1,3.90,12410.00,7.10,5958.00,999.00,18.08,1014.10,19.17,0.01
2026-06-05T18:21:00,1,3.88,12410.00,7.10,5958.00,999.00,18.06,1014.20,19.16,0.01
2026-06-05T18:21:00,1,3.87,12410.00,7.10,5958.00,999.00,18.06,1014.20,19.16,0.01
2026-06-05T18:21:00,1,3.88,12410.00,7.10,5958.00,999.00,18.05,1014.20,19.14,0.01
2026-06-05T18:21:00,1,3.87,12790.00,7.34,6143.00,999.00,18.03,1012.90,19.12,-0.00
2026-06-05T18:21:00,1,3.88,12790.00,7.34,6143.00,999.00,18.03,1013.50,19.11,0.00
2026-06-05T18:21:01,1,3.88,12790.00,7.34,6143.00,999.00,18.02,1014.20,19.10,0.01
2026-06-05T18:21:01,1,3.89,12790.00,7.34,6143.00,999.00,18.01,1014.40,19.10,0.01
2026-06-05T18:21:01,1,3.88,12790.00,7.34,6143.00,999.00,18.00,1014.20,19.09,0.01
2026-06-05T18:21:01,1,3.90,14030.00,8.11,6736.00,999.00,17.99,1014.50,19.10,0.01
2026-06-05T18:21:02,1,3.89,14030.00,8.11,6736.00,999.00,17.97,1014.20,19.09,0.01
2026-06-05T18:21:02,1,3.87,14030.00,8.11,6736.00,999.00,17.96,1014.20,19.10,0.01
2026-06-05T18:21:02,1,3.88,14030.00,8.11,6736.00,999.00,17.96,1014.00,19.10,0.01
2026-06-05T18:21:02,1,3.88,14030.00,8.11,6736.00,999.00,17.95,1016.50,19.09,0.03
2026-06-05T18:21:02,1,3.90,14060.00,8.13,6750.00,999.00,17.94,1015.50,19.07,0.02
2026-06-05T18:21:03,1,3.86,14060.00,8.13,6750.00,999.00,17.94,1015.50,19.08,0.02
2026-06-05T18:21:03,1,3.88,14060.00,8.13,6750.00,999.00,17.94,1015.20,19.09,0.02
2026-06-05T18:21:03,1,3.86,14060.00,8.13,6750.00,999.00,17.95,1014.90,19.08,0.02
2026-06-05T18:21:03,1,3.88,14060.00,8.13,6750.00,999.00,17.94,1015.00,19.09,0.02
2026-06-05T18:21:03,1,3.89,14660.00,8.51,7039.00,999.00,17.94,1014.90,19.09,0.02
2026-06-05T18:21:04,1,3.87,14660.00,8.51,7039.00,999.00,17.94,1015.00,19.08,0.02
2026-06-05T18:21:04,1,3.88,14660.00,8.51,7039.00,999.00,17.93,1014.50,19.09,0.01
2026-06-05T18:21:04,1,3.88,14660.00,8.51,7039.00,999.00,17.94,1014.60,19.09,0.02
2026-06-05T18:21:04,1,3.88,14660.00,8.51,7039.00,999.00,17.94,1014.40,19.09,0.01
2026-06-05T18:21:04,1,3.90,14010.00,8.10,6725.00,999.00,17.94,1014.60,19.10,0.02
2026-06-05T18:21:05,1,3.88,14010.00,8.10,6725.00,999.00,17.94,1014.80,19.07,0.02
2026-06-05T18:21:05,1,3.88,14010.00,8.10,6725.00,999.00,17.95,1014.30,19.10,0.01
2026-06-05T18:21:05,1,3.86,14010.00,8.10,6725.00,999.00,17.96,1014.40,19.09,0.01
2026-06-05T18:21:05,1,3.88,13360.00,7.69,6413.00,999.00,17.96,1014.60,19.09,0.02
2026-06-05T18:21:05,1,3.87,13360.00,7.69,6413.00,999.00,17.96,1014.30,19.10,0.01
2026-06-05T18:21:06,1,3.90,13360.00,7.69,6413.00,999.00,17.98,1014.70,19.10,0.02
2026-06-05T18:21:06,1,3.89,13360.00,7.69,6413.00,999.00,17.98,1014.10,19.10,0.01
2026-06-05T18:21:06,1,3.87,13360.00,7.69,6413.00,999.00,17.99,1014.50,19.10,0.01
2026-06-05T18:21:06,1,3.87,14240.00,8.25,6840.00,999.00,17.99,1014.40,19.10,0.01
2026-06-05T18:21:06,1,3.90,14240.00,8.25,6840.00,999.00,18.00,1015.00,19.11,0.02
2026-06-05T18:21:07,1,3.87,14240.00,8.25,6840.00,999.00,18.01,1014.20,19.11,0.01
2026-06-05T18:21:07,1,3.86,14240.00,8.25,6840.00,999.00,18.01,1014.20,19.11,0.01
2026-06-05T18:21:07,1,3.88,14240.00,8.25,6840.00,999.00,18.02,1014.40,19.11,0.01
2026-06-05T18:21:07,1,3.89,14250.00,8.25,6844.00,999.00,18.03,1014.40,19.11,0.01
2026-06-05T18:21:07,1,3.90,14250.00,8.25,6844.00,999.00,18.03,1014.60,19.11,0.02
2026-06-05T18:21:08,1,3.88,14250.00,8.25,6844.00,999.00,18.03,1014.70,19.12,0.02
2026-06-05T18:21:08,1,3.88,14250.00,8.25,6844.00,999.00,18.04,1014.50,19.11,0.01
2026-06-05T18:21:08,1,3.86,14250.00,8.25,6844.00,999.00,18.04,1014.00,19.12,0.01
2026-06-05T18:21:08,1,3.90,14260.00,8.26,6849.00,999.00,18.05,1014.60,19.12,0.02
2026-06-05T18:21:08,1,3.87,14260.00,8.26,6849.00,999.00,18.05,1014.60,19.12,0.02
2026-06-05T18:21:09,1,3.87,14260.00,8.26,6849.00,999.00,18.06,1014.40,19.13,0.01
2026-06-05T18:21:09,1,3.87,14260.00,8.26,6849.00,999.00,18.06,1014.40,19.13,0.01
2026-06-05T18:21:09,1,3.86,14260.00,8.26,6849.00,999.00,18.07,1014.40,19.13,0.01
2026-06-05T18:21:09,1,3.90,14270.00,8.26,6850.00,999.00,18.07,1014.40,19.13,0.01
2026-06-05T18:21:10,1,3.87,14270.00,8.26,6850.00,999.00,18.07,1014.60,19.12,0.02
2026-06-05T18:21:10,1,3.89,14270.00,8.26,6850.00,999.00,18.07,1014.20,19.13,0.01
2026-06-05T18:21:10,1,3.88,14270.00,8.26,6850.00,999.00,18.07,1014.70,19.13,0.02
2026-06-05T18:21:10,1,3.88,14270.00,8.26,6851.00,999.00,18.07,1014.90,19.14,0.02
2026-06-05T18:21:10,1,3.90,14270.00,8.26,6851.00,999.00,18.07,1014.80,19.14,0.02
2026-06-05T18:21:11,1,3.90,14270.00,8.26,6851.00,999.00,18.07,1014.40,19.14,0.01
2026-06-05T18:21:11,1,3.87,14270.00,8.26,6851.00,999.00,18.07,1014.60,19.14,0.02
2026-06-05T18:21:11,1,3.90,14270.00,8.26,6851.00,999.00,18.07,1014.80,19.15,0.02
2026-06-05T18:21:11,1,3.89,14290.00,8.28,6862.00,999.00,18.07,1014.40,19.14,0.01
2026-06-05T18:21:11,1,3.90,14290.00,8.28,6862.00,999.00,18.07,1014.60,19.15,0.02
2026-06-05T18:21:12,1,3.89,14290.00,8.28,6862.00,999.00,18.07,1014.60,19.15,0.02
2026-06-05T18:21:12,1,3.88,14290.00,8.28,6862.00,999.00,18.07,1014.00,19.15,0.01
2026-06-05T18:21:12,1,3.88,14290.00,8.28,6862.00,999.00,18.08,1014.50,19.15,0.01
2026-06-05T18:21:12,1,3.89,14290.00,8.28,6863.00,999.00,18.08,1014.70,19.16,0.02
2026-06-05T18:21:12,1,3.88,14290.00,8.28,6863.00,999.00,18.09,1014.40,19.16,0.01
2026-06-05T18:21:13,1,3.90,14290.00,8.28,6863.00,999.00,18.10,1014.40,19.16,0.01
2026-06-05T18:21:13,1,3.88,14290.00,8.28,6863.00,999.00,18.10,1014.40,19.15,0.01
2026-06-05T18:21:13,1,3.88,14290.00,8.28,6863.00,999.00,18.10,1014.50,19.16,0.01
2026-06-05T18:21:13,1,3.87,14290.00,8.27,6861.00,999.00,18.11,1015.00,19.17,0.02
2026-06-05T18:21:13,1,3.88,14290.00,8.27,6861.00,999.00,18.12,1014.30,19.17,0.01
2026-06-05T18:21:14,1,3.90,14290.00,8.27,6861.00,999.00,18.13,1014.80,19.17,0.02
2026-06-05T18:21:14,1,3.86,14290.00,8.27,6861.00,999.00,18.13,1014.70,19.17,0.02
2026-06-05T18:21:14,1,3.87,14290.00,8.27,6861.00,999.00,18.14,1014.70,19.18,0.02
2026-06-05T18:21:14,1,3.88,14310.00,8.29,6871.00,999.00,18.13,1014.00,19.25,0.01
2026-06-05T18:21:14,1,3.90,14310.00,8.29,6871.00,999.00,18.14,1014.60,19.18,0.02
2026-06-05T18:21:15,1,3.87,14310.00,8.29,6871.00,999.00,18.14,1014.40,19.18,0.01
2026-06-05T18:21:15,1,3.88,14310.00,8.29,6871.00,999.00,18.14,1014.30,19.19,0.01
2026-06-05T18:21:15,1,3.88,14290.00,8.28,6863.00,999.00,18.14,1014.40,19.18,0.01
2026-06-05T18:21:15,1,3.88,14290.00,8.28,6863.00,999.00,18.13,1014.60,19.18,0.02
2026-06-05T18:21:15,1,3.90,14290.00,8.28,6863.00,999.00,18.13,1014.40,19.19,0.01
2026-06-05T18:21:16,1,3.86,14290.00,8.28,6863.00,999.00,18.13,1014.60,19.18,0.02
2026-06-05T18:21:16,1,3.88,14290.00,8.28,6863.00,999.00,18.13,1014.10,19.19,0.01
2026-06-05T18:21:16,1,3.88,14230.00,8.24,6834.00,999.00,18.13,1014.70,19.26,0.02
2026-06-05T18:21:16,1,3.88,14230.00,8.24,6834.00,999.00,18.13,1014.10,19.27,0.01
2026-06-05T18:21:16,1,3.90,14230.00,8.24,6834.00,999.00,18.12,1014.40,19.27,0.01
2026-06-05T18:21:17,1,3.86,14230.00,8.24,6834.00,999.00,18.12,1014.20,19.27,0.01
2026-06-05T18:21:17,1,3.88,14230.00,8.24,6834.00,999.00,18.12,1014.80,19.27,0.02
2026-06-05T18:21:17,1,3.90,13880.00,8.02,6663.00,999.00,18.12,1014.00,19.27,0.01
2026-06-05T18:21:17,1,3.88,13880.00,8.02,6663.00,999.00,18.11,1014.60,19.27,0.02
2026-06-05T18:21:18,1,3.87,13880.00,8.02,6663.00,999.00,18.11,1014.70,19.25,0.02
2026-06-05T18:21:18,1,3.86,13880.00,8.02,6663.00,999.00,18.11,1015.10,19.26,0.02
2026-06-05T18:21:18,1,3.85,13880.00,8.02,6663.00,999.00,18.10,1014.40,19.26,0.01
2026-06-05T18:21:18,1,3.90,14250.00,8.25,6843.00,999.00,18.10,1014.10,19.26,0.01
2026-06-05T18:21:18,1,3.87,14250.00,8.25,6843.00,999.00,18.10,1014.40,19.26,0.01
2026-06-05T18:21:19,1,3.88,14250.00,8.25,6843.00,999.00,18.10,1014.10,19.26,0.01
2026-06-05T18:21:19,1,3.85,14250.00,8.25,6843.00,999.00,18.10,1014.40,19.26,0.01
2026-06-05T18:21:19,1,3.87,14160.00,8.19,6798.00,999.00,18.10,1014.20,19.26,0.01
2026-06-05T18:21:19,1,3.90,14160.00,8.19,6798.00,999.00,18.10,1014.70,19.25,0.02
2026-06-05T18:21:19,1,3.90,14160.00,8.19,6798.00,999.00,18.10,1014.30,19.24,0.01
2026-06-05T18:21:20,1,3.88,14160.00,8.19,6798.00,999.00,18.09,1014.60,19.26,0.02
2026-06-05T18:21:20,1,3.89,14160.00,8.19,6798.00,999.00,18.09,1014.90,19.25,0.02
2026-06-05T18:21:20,1,3.90,14010.00,8.10,6729.00,999.00,18.09,1015.00,19.20,0.02
2026-06-05T18:21:20,1,3.87,14010.00,8.10,6729.00,999.00,18.08,1014.40,19.25,0.01
2026-06-05T18:21:20,1,3.90,14010.00,8.10,6729.00,999.00,18.08,1014.10,19.25,0.01
2026-06-05T18:21:21,1,3.86,14010.00,8.10,6729.00,999.00,18.06,1014.20,19.25,0.01
2026-06-05T18:21:21,1,3.88,14010.00,8.10,6729.00,999.00,18.06,1014.40,19.21,0.01
2026-06-05T18:21:21,1,3.87,12670.00,7.26,6082.00,999.00,18.05,1014.40,19.25,0.01
2026-06-05T18:21:21,1,3.90,12670.00,7.26,6082.00,999.00,18.05,1014.50,19.25,0.01
2026-06-05T18:21:21,1,3.88,12670.00,7.26,6082.00,999.00,18.06,1014.50,19.25,0.01
2026-06-05T18:21:22,1,3.86,12670.00,7.26,6082.00,999.00,18.06,1014.60,19.24,0.02
2026-06-05T18:21:22,1,3.86,12670.00,7.26,6082.00,999.00,18.06,1014.30,19.25,0.01
2026-06-05T18:21:22,1,3.87,9010.00,5.03,4325.00,999.00,18.06,1014.70,19.25,0.02
2026-06-05T18:21:22,1,3.88,9010.00,5.03,4325.00,999.00,18.05,1014.50,19.25,0.01
2026-06-05T18:21:22,1,3.90,9010.00,5.03,4325.00,999.00,18.06,1014.40,19.25,0.01
2026-06-05T18:21:23,1,3.88,9010.00,5.03,4325.00,999.00,18.06,1014.40,19.24,0.01
2026-06-05T18:21:23,1,3.86,9010.00,5.03,4325.00,999.00,18.06,1014.50,19.25,0.01
2026-06-05T18:21:23,1,3.89,3462.00,1.81,1662.00,999.00,18.06,1014.30,19.22,0.01
2026-06-05T18:21:23,1,3.87,3462.00,1.81,1662.00,999.00,18.06,1014.10,19.25,0.01
2026-06-05T18:21:23,1,3.88,3462.00,1.81,1662.00,999.00,18.06,1014.60,19.25,0.02
2026-06-05T18:21:24,1,3.89,3462.00,1.81,1662.00,999.00,18.05,1014.10,19.25,0.01
2026-06-05T18:21:24,1,3.86,3462.00,1.81,1662.00,999.00,18.05,1013.80,19.25,0.01
2026-06-05T18:21:24,1,3.86,1620.00,0.82,778.00,999.00,18.05,1014.70,19.19,0.02
2026-06-05T18:21:24,1,3.87,1620.00,0.82,778.00,999.00,18.05,1013.30,19.16,0.00
2026-06-05T18:21:24,1,3.88,1620.00,0.82,778.00,999.00,18.06,1013.50,19.16,0.00
2026-06-05T18:21:25,1,3.89,1620.00,0.82,778.00,999.00,18.06,1012.20,19.23,-0.01
2026-06-05T18:21:25,1,3.86,1663.00,0.84,799.00,999.00,18.06,1014.20,19.25,0.01
2026-06-05T18:21:25,1,3.89,1663.00,0.84,799.00,999.00,18.07,1013.60,19.18,0.01
2026-06-05T18:21:25,1,3.90,1663.00,0.84,799.00,999.00,18.06,1012.90,19.22,-0.00
2026-06-05T18:21:25,1,3.89,1663.00,0.84,799.00,999.00,18.07,1013.20,19.20,0.00
2026-06-05T18:21:26,1,3.86,1663.00,0.84,799.00,999.00,18.07,1012.80,19.22,-0.00
2026-06-05T18:21:26,1,3.90,1832.00,0.93,880.00,999.00,18.08,1013.40,19.17,0.00
2026-06-05T18:21:26,1,3.89,1832.00,0.93,880.00,999.00,18.09,1014.00,19.18,0.01
2026-06-05T18:21:26,1,3.86,1832.00,0.93,880.00,999.00,18.09,1013.40,19.19,0.00
2026-06-05T18:21:27,1,3.89,1832.00,0.93,880.00,999.00,18.09,1013.60,19.18,0.01
2026-06-05T18:21:27,1,3.88,1832.00,0.93,880.00,999.00,18.09,1013.70,19.18,0.01
2026-06-05T18:21:27,1,3.89,1843.00,0.93,885.00,999.00,18.10,1013.40,19.18,0.00
2026-06-05T18:21:27,1,3.90,1843.00,0.93,885.00,999.00,18.10,1013.30,19.20,0.00
2026-06-05T18:21:27,1,3.89,1843.00,0.93,885.00,999.00,18.10,1013.40,19.20,0.00
2026-06-05T18:21:28,1,3.89,1843.00,0.93,885.00,999.00,18.10,1013.70,19.20,0.01
2026-06-05T18:21:28,1,3.86,1843.00,0.93,885.00,999.00,18.11,1013.80,19.21,0.01
2026-06-05T18:21:28,1,3.90,1686.00,0.85,809.00,999.00,18.11,1013.70,19.20,0.01
2026-06-05T18:21:28,1,3.90,1686.00,0.85,809.00,999.00,18.11,1014.00,19.20,0.01
2026-06-05T18:21:28,1,3.90,1686.00,0.85,809.00,999.00,18.11,1014.10,19.20,0.01
2026-06-05T18:21:29,1,3.90,1686.00,0.85,809.00,999.00,18.11,1014.20,19.20,0.01
2026-06-05T18:21:29,1,3.88,1686.00,0.85,809.00,999.00,18.11,1014.00,19.20,0.01
2026-06-05T18:21:29,1,3.88,1644.00,0.83,789.00,999.00,18.11,1014.30,19.20,0.01
2026-06-05T18:21:29,1,3.89,1644.00,0.83,789.00,999.00,18.11,1014.50,19.21,0.01
2026-06-05T18:21:29,1,3.88,1644.00,0.83,789.00,999.00,18.11,1014.00,19.21,0.01
2026-06-05T18:21:30,1,3.88,1644.00,0.83,789.00,999.00,18.11,1014.20,19.21,0.01
2026-06-05T18:21:30,1,3.88,1617.00,0.81,776.00,999.00,18.11,1014.10,19.20,0.01
2026-06-05T18:21:30,1,3.88,1617.00,0.81,776.00,999.00,18.11,1014.20,19.21,0.01
2026-06-05T18:21:30,1,3.86,1617.00,0.81,776.00,999.00,18.10,1014.50,19.22,0.01
2026-06-05T18:21:30,1,3.86,1617.00,0.81,776.00,999.00,18.11,1014.00,19.22,0.01
2026-06-05T18:21:31,1,3.89,1617.00,0.81,776.00,999.00,18.12,1014.30,19.22,0.01
2026-06-05T18:21:31,1,3.87,1665.00,0.84,799.00,999.00,18.12,1014.60,19.22,0.02
2026-06-05T18:21:31,1,3.86,1665.00,0.84,799.00,999.00,18.12,1014.40,19.22,0.01
2026-06-05T18:21:31,1,3.88,1665.00,0.84,799.00,999.00,18.13,1015.00,19.22,0.02
2026-06-05T18:21:31,1,3.85,1665.00,0.84,799.00,999.00,18.14,1015.40,19.20,0.02
2026-06-05T18:21:32,1,3.84,1665.00,0.84,799.00,999.00,18.15,1015.40,19.20,0.02
2026-06-05T18:21:32,1,3.89,1794.00,0.91,861.00,999.00,18.16,1015.60,19.21,0.03
2026-06-05T18:21:32,1,3.89,1794.00,0.91,861.00,999.00,18.16,1015.50,19.20,0.02
2026-06-05T18:21:32,1,3.89,1794.00,0.91,861.00,999.00,18.17,1015.30,19.20,0.02
