time,deviceMode,vBat,ec,sal,tds,slowDallasTemp,fastBRTemp,slowBRPres,slowBRTemp,slowBRDepth
2026-06-06T05:08:35,1,3.88,999.00,999.00,999.00,999.00,14.34,1005.80,15.73,-0.07
2026-06-06T05:08:37,1,3.88,999.00,999.00,999.00,999.00,14.35,1006.00,15.76,-0.07
2026-06-06T05:08:37,1,3.90,18.13,0.00,9.00,999.00,14.34,1006.00,15.77,-0.07
2026-06-06T05:08:38,1,3.90,18.13,0.00,9.00,999.00,14.34,1006.30,15.77,-0.07
2026-06-06T05:08:38,1,3.90,18.13,0.00,9.00,999.00,14.34,1006.00,15.77,-0.07
2026-06-06T05:08:38,1,3.88,18.83,0.00,9.00,999.00,14.35,1006.20,15.78,-0.07
2026-06-06T05:08:38,1,3.90,18.83,0.00,9.00,999.00,14.34,1006.10,15.78,-0.07
2026-06-06T05:08:38,1,3.91,18.83,0.00,9.00,999.00,14.34,1006.10,15.78,-0.07
2026-06-06T05:08:39,1,3.86,18.83,0.00,9.00,999.00,14.33,1006.00,15.78,-0.07
2026-06-06T05:08:39,1,3.88,18.83,0.00,9.00,999.00,14.32,1005.70,15.78,-0.07
2026-06-06T05:08:39,1,3.86,18.59,0.00,9.00,999.00,14.32,1005.50,15.78,-0.07
2026-06-06T05:08:39,1,3.89,18.59,0.00,9.00,999.00,14.32,1005.70,15.78,-0.07
2026-06-06T05:08:39,1,3.87,18.59,0.00,9.00,999.00,14.32,1005.60,15.78,-0.07
2026-06-06T05:08:40,1,3.87,18.59,0.00,9.00,999.00,14.32,1006.00,15.78,-0.07
2026-06-06T05:08:40,1,3.88,18.59,0.00,9.00,999.00,14.31,1005.80,15.78,-0.07
2026-06-06T05:08:40,1,3.90,17.69,0.00,8.00,999.00,14.31,1005.70,15.78,-0.07
2026-06-06T05:08:40,1,3.88,17.69,0.00,8.00,999.00,14.30,1006.00,15.78,-0.07
2026-06-06T05:08:41,1,3.87,17.69,0.00,8.00,999.00,14.29,1005.70,15.78,-0.07
2026-06-06T05:08:41,1,3.88,17.69,0.00,8.00,999.00,14.28,1005.60,15.78,-0.07
2026-06-06T05:08:41,1,3.86,17.92,0.00,9.00,999.00,14.28,1006.00,15.78,-0.07
2026-06-06T05:08:41,1,3.90,17.92,0.00,9.00,999.00,14.28,1005.90,15.78,-0.07
2026-06-06T05:08:41,1,3.90,17.92,0.00,9.00,999.00,14.28,1005.80,15.78,-0.07
2026-06-06T05:08:42,1,3.86,17.92,0.00,9.00,999.00,14.28,1005.60,15.78,-0.07
2026-06-06T05:08:42,1,3.87,17.92,0.00,9.00,999.00,14.28,1005.70,15.78,-0.07
2026-06-06T05:08:42,1,3.88,17.69,0.00,8.00,999.00,14.27,1006.00,15.78,-0.07
2026-06-06T05:08:42,1,3.90,17.69,0.00,8.00,999.00,14.28,1006.00,15.77,-0.07
2026-06-06T05:08:42,1,3.90,17.69,0.00,8.00,999.00,14.27,1005.20,15.78,-0.08
2026-06-06T05:08:43,1,3.86,17.69,0.00,8.00,999.00,14.27,1005.60,15.77,-0.07
2026-06-06T05:08:43,1,3.90,17.69,0.00,8.00,999.00,14.26,1006.30,15.77,-0.07
2026-06-06T05:08:43,1,3.87,17.46,0.00,8.00,999.00,14.26,1005.60,15.77,-0.07
2026-06-06T05:08:43,1,3.90,17.46,0.00,8.00,999.00,14.26,1006.20,15.77,-0.07
2026-06-06T05:08:43,1,3.88,17.46,0.00,8.00,999.00,14.25,1005.80,15.77,-0.07
2026-06-06T05:08:44,1,3.89,17.46,0.00,8.00,999.00,14.26,1005.80,15.77,-0.07
2026-06-06T05:08:44,1,3.90,17.46,0.00,8.00,999.00,14.25,1005.60,15.77,-0.07
2026-06-06T05:08:44,1,3.88,18.15,0.00,9.00,999.00,14.25,1006.00,15.77,-0.07
2026-06-06T05:08:44,1,3.90,18.15,0.00,9.00,999.00,14.25,1005.80,15.77,-0.07
2026-06-06T05:08:44,1,3.89,18.15,0.00,9.00,999.00,14.24,1006.00,15.77,-0.07
2026-06-06T05:08:45,1,3.89,18.15,0.00,9.00,999.00,14.25,1005.80,15.77,-0.07
2026-06-06T05:08:45,1,3.90,18.15,0.00,9.00,999.00,14.26,1005.90,15.77,-0.07
2026-06-06T05:08:45,1,3.86,18.15,0.00,9.00,999.00,14.26,1005.40,15.76,-0.08
2026-06-06T05:08:45,1,3.87,18.15,0.00,9.00,999.00,14.25,1006.40,15.76,-0.07
2026-06-06T05:08:45,1,3.88,18.15,0.00,9.00,999.00,14.25,1005.10,15.76,-0.08
2026-06-06T05:08:46,1,3.89,18.15,0.00,9.00,999.00,14.24,1005.90,15.76,-0.07
2026-06-06T05:08:46,1,3.90,17.92,0.00,9.00,999.00,14.24,1006.10,15.77,-0.07
2026-06-06T05:08:46,1,3.90,17.92,0.00,9.00,999.00,14.24,1005.70,15.76,-0.07
2026-06-06T05:08:46,1,3.90,17.92,0.00,9.00,999.00,14.24,1005.50,15.77,-0.07
2026-06-06T05:08:46,1,3.90,17.92,0.00,9.00,999.00,14.24,1005.40,15.76,-0.08
2026-06-06T05:08:47,1,3.89,17.92,0.00,9.00,999.00,14.23,1005.80,15.76,-0.07
2026-06-06T05:08:47,1,3.85,17.92,0.00,9.00,999.00,14.23,1005.90,15.75,-0.07
2026-06-06T05:08:47,1,3.90,17.92,0.00,9.00,999.00,14.22,1005.90,15.76,-0.07
2026-06-06T05:08:47,1,3.87,17.92,0.00,9.00,999.00,14.22,1005.70,15.76,-0.07
2026-06-06T05:08:48,1,3.86,17.92,0.00,9.00,999.00,14.22,1005.70,15.76,-0.07
2026-06-06T05:08:48,1,3.90,17.92,0.00,9.00,999.00,14.22,1005.90,15.76,-0.07
2026-06-06T05:08:48,1,3.88,18.38,0.00,9.00,999.00,14.22,1005.40,15.76,-0.08
2026-06-06T05:08:48,1,3.87,18.38,0.00,9.00,999.00,14.23,1005.20,15.76,-0.08
2026-06-06T05:08:48,1,3.88,18.38,0.00,9.00,999.00,14.23,1005.80,15.76,-0.07
2026-06-06T05:08:49,1,3.86,18.38,0.00,9.00,999.00,14.23,1005.80,15.76,-0.07
2026-06-06T05:08:49,1,3.90,18.38,0.00,9.00,999.00,14.23,1005.20,15.76,-0.08
2026-06-06T05:08:49,1,3.90,18.15,0.00,9.00,999.00,14.23,1005.00,15.76,-0.08
2026-06-06T05:08:49,1,3.87,18.15,0.00,9.00,999.00,14.23,1005.30,15.76,-0.08
2026-06-06T05:08:49,1,3.88,18.15,0.00,9.00,999.00,14.23,1006.10,15.76,-0.07
2026-06-06T05:08:50,1,3.86,18.15,0.00,9.00,999.00,14.23,1006.00,15.76,-0.07
2026-06-06T05:08:50,1,3.87,18.15,0.00,9.00,999.00,14.23,1005.40,15.75,-0.08
2026-06-06T05:08:50,1,3.88,17.69,0.00,8.00,999.00,14.24,1005.50,15.76,-0.07
2026-06-06T05:08:50,1,3.90,17.69,0.00,8.00,999.00,14.24,1005.40,15.76,-0.08
2026-06-06T05:08:50,1,3.85,17.69,0.00,8.00,999.00,14.23,1005.50,15.76,-0.07
2026-06-06T05:08:51,1,3.86,17.69,0.00,8.00,999.00,14.24,1005.70,15.75,-0.07
2026-06-06T05:08:51,1,3.87,17.47,0.00,8.00,999.00,14.24,1005.40,15.75,-0.08
2026-06-06T05:08:51,1,3.89,17.47,0.00,8.00,999.00,14.24,1005.70,15.75,-0.07
2026-06-06T05:08:51,1,3.87,17.47,0.00,8.00,999.00,14.24,1005.40,15.75,-0.08
2026-06-06T05:08:51,1,3.88,17.47,0.00,8.00,999.00,14.25,1005.50,15.75,-0.07
2026-06-06T05:08:52,1,3.88,17.47,0.00,8.00,999.00,14.24,1005.20,15.75,-0.08
2026-06-06T05:08:52,1,3.89,17.69,0.00,8.00,999.00,14.25,1005.70,15.75,-0.07
2026-06-06T05:08:52,1,3.90,17.69,0.00,8.00,999.00,14.25,1005.60,15.75,-0.07
2026-06-06T05:08:52,1,3.90,17.69,0.00,8.00,999.00,14.25,1005.40,15.75,-0.08
2026-06-06T05:08:52,1,3.90,17.69,0.00,8.00,999.00,14.25,1005.70,15.75,-0.07
2026-06-06T05:08:53,1,3.90,17.69,0.00,8.00,999.00,14.24,1005.30,15.75,-0.08
2026-06-06T05:08:53,1,3.86,18.16,0.00,9.00,999.00,14.25,1005.50,15.75,-0.07
2026-06-06T05:08:53,1,3.87,18.16,0.00,9.00,999.00,14.24,1005.20,15.74,-0.08
2026-06-06T05:08:53,1,3.90,18.16,0.00,9.00,999.00,14.24,1006.20,15.74,-0.07
2026-06-06T05:08:53,1,3.86,18.16,0.00,9.00,999.00,14.24,1006.10,15.74,-0.07
2026-06-06T05:08:54,1,3.88,18.16,0.00,9.00,999.00,14.24,1005.60,15.74,-0.07
2026-06-06T05:08:54,1,3.88,17.92,0.00,9.00,999.00,14.24,1005.30,15.74,-0.08
2026-06-06T05:08:54,1,3.90,17.92,0.00,9.00,999.00,14.24,1005.70,15.74,-0.07
2026-06-06T05:08:54,1,3.90,17.92,0.00,9.00,999.00,14.24,1005.40,15.74,-0.08
2026-06-06T05:08:54,1,3.88,17.92,0.00,9.00,999.00,14.23,1006.30,15.74,-0.07
2026-06-06T05:08:55,1,3.88,17.92,0.00,9.00,999.00,14.23,1005.50,15.74,-0.07
2026-06-06T05:08:55,1,3.88,19.06,0.00,9.00,999.00,14.22,1005.50,15.74,-0.07
2026-06-06T05:08:55,1,3.90,19.06,0.00,9.00,999.00,14.22,1005.70,15.74,-0.07
2026-06-06T05:08:55,1,3.90,19.06,0.00,9.00,999.00,14.22,1005.60,15.74,-0.07
2026-06-06T05:08:56,1,3.88,19.06,0.00,9.00,999.00,14.22,1005.60,15.73,-0.07
2026-06-06T05:08:56,1,3.88,19.06,0.00,9.00,999.00,14.23,1005.20,15.73,-0.08
2026-06-06T05:08:56,1,3.88,18.61,0.00,9.00,999.00,14.22,1005.40,15.73,-0.08
2026-06-06T05:08:56,1,3.90,18.61,0.00,9.00,999.00,14.22,1005.20,15.74,-0.08
2026-06-06T05:08:56,1,3.89,18.61,0.00,9.00,999.00,14.22,1005.10,15.74,-0.08
2026-06-06T05:08:57,1,3.89,18.61,0.00,9.00,999.00,14.22,1005.00,15.73,-0.08
2026-06-06T05:08:57,1,3.88,18.38,0.00,9.00,999.00,14.22,1005.40,15.73,-0.08
2026-06-06T05:08:57,1,3.88,18.38,0.00,9.00,999.00,14.22,1005.00,15.73,-0.08
2026-06-06T05:08:57,1,3.90,18.38,0.00,9.00,999.00,14.22,1005.10,15.73,-0.08
2026-06-06T05:08:57,1,3.89,18.38,0.00,9.00,999.00,14.22,1005.20,15.73,-0.08
2026-06-06T05:08:58,1,3.86,18.38,0.00,9.00,999.00,14.22,1005.60,15.73,-0.07
2026-06-06T05:08:58,1,3.90,18.38,0.00,9.00,999.00,14.21,1005.80,15.73,-0.07
2026-06-06T05:08:58,1,3.88,18.38,0.00,9.00,999.00,14.21,1006.00,15.73,-0.07
2026-06-06T05:08:58,1,3.85,18.38,0.00,9.00,999.00,14.21,1005.40,15.73,-0.08
2026-06-06T05:08:58,1,3.86,18.38,0.00,9.00,999.00,14.21,1005.50,15.73,-0.07
2026-06-06T05:08:59,1,3.89,18.38,0.00,9.00,999.00,14.21,1005.50,15.73,-0.07
2026-06-06T05:08:59,1,3.89,17.92,0.00,9.00,999.00,14.20,1005.50,15.73,-0.07
2026-06-06T05:08:59,1,3.90,17.92,0.00,9.00,999.00,14.21,1005.30,15.73,-0.08
2026-06-06T05:08:59,1,3.88,17.92,0.00,9.00,999.00,14.20,1005.50,15.72,-0.07
2026-06-06T05:08:59,1,3.87,17.92,0.00,9.00,999.00,14.20,1005.30,15.72,-0.08
2026-06-06T05:09:00,1,3.89,17.92,0.00,9.00,999.00,14.20,1005.30,15.72,-0.08
2026-06-06T05:09:00,1,3.87,18.61,0.00,9.00,999.00,14.20,1005.20,15.72,-0.08
2026-06-06T05:09:00,1,3.87,18.61,0.00,9.00,999.00,14.20,1005.30,15.72,-0.08
2026-06-06T05:09:00,1,3.87,18.61,0.00,9.00,999.00,14.20,1005.50,15.72,-0.07
2026-06-06T05:09:00,1,3.88,18.61,0.00,9.00,999.00,14.20,1005.30,15.72,-0.08
2026-06-06T05:09:01,1,3.88,18.61,0.00,9.00,999.00,14.19,1005.40,15.72,-0.08
2026-06-06T05:09:01,1,3.87,18.38,0.00,9.00,999.00,14.20,1005.90,15.72,-0.07
2026-06-06T05:09:01,1,3.85,18.38,0.00,9.00,999.00,14.28,1014.20,15.71,0.01
2026-06-06T05:09:01,1,3.90,18.38,0.00,9.00,999.00,14.87,1018.10,15.73,0.05
2026-06-06T05:09:01,1,3.88,18.38,0.00,9.00,999.00,15.46,1014.50,15.77,0.01
2026-06-06T05:09:02,1,3.88,25960.00,15.85,12464.00,999.00,15.95,1013.20,15.81,0.00
2026-06-06T05:09:02,1,3.89,25960.00,15.85,12464.00,999.00,16.35,1013.70,15.85,0.01
2026-06-06T05:09:02,1,3.88,25960.00,15.85,12464.00,999.00,16.69,1013.10,15.87,0.00
2026-06-06T05:09:02,1,3.88,25960.00,15.85,12464.00,999.00,16.96,1012.90,15.89,-0.00
2026-06-06T05:09:02,1,3.86,25960.00,15.85,12464.00,999.00,17.18,1013.30,15.92,0.00
2026-06-06T05:09:03,1,3.87,29880.00,18.50,14346.00,999.00,17.38,1014.40,15.94,0.01
2026-06-06T05:09:03,1,3.90,29880.00,18.50,14346.00,999.00,17.57,1015.30,15.97,0.02
2026-06-06T05:09:03,1,3.84,29880.00,18.50,14346.00,999.00,17.74,1014.00,15.99,0.01
2026-06-06T05:09:03,1,3.87,29880.00,18.50,14346.00,999.00,17.88,1014.50,16.03,0.01
2026-06-06T05:09:04,1,3.87,29880.00,18.50,14346.00,999.00,17.99,1015.70,16.06,0.03
2026-06-06T05:09:04,1,3.90,29770.00,18.42,14293.00,999.00,18.09,1016.20,16.10,0.03
2026-06-06T05:09:04,1,3.86,29770.00,18.42,14293.00,999.00,18.17,1016.30,16.14,0.03
2026-06-06T05:09:04,1,3.86,29770.00,18.42,14293.00,999.00,18.26,1014.90,16.18,0.02
2026-06-06T05:09:04,1,3.88,29770.00,18.42,14293.00,999.00,18.36,1015.30,16.24,0.02
2026-06-06T05:09:05,1,3.87,29770.00,18.42,14293.00,999.00,18.42,1016.20,16.28,0.03
2026-06-06T05:09:05,1,3.87,29730.00,18.39,14272.00,999.00,18.48,1016.30,16.32,0.03
2026-06-06T05:09:05,1,3.89,29730.00,18.39,14272.00,999.00,18.54,1015.70,16.37,0.03
2026-06-06T05:09:05,1,3.89,29730.00,18.39,14272.00,999.00,18.60,1015.00,16.41,0.02
2026-06-06T05:09:05,1,3.85,29730.00,18.39,14272.00,999.00,18.65,1015.40,16.45,0.02
2026-06-06T05:09:06,1,3.86,29730.00,18.39,14272.00,999.00,18.70,1015.70,16.50,0.03
2026-06-06T05:09:06,1,3.87,29700.00,18.37,14260.00,999.00,18.72,1016.20,16.54,0.03
2026-06-06T05:09:06,1,3.88,29700.00,18.37,14260.00,999.00,18.76,1016.00,16.58,0.03
2026-06-06T05:09:06,1,3.86,29700.00,18.37,14260.00,999.00,18.79,1014.90,16.63,0.02
2026-06-06T05:09:06,1,3.86,29700.00,18.37,14260.00,999.00,18.81,1015.10,16.68,0.02
2026-06-06T05:09:07,1,3.85,29700.00,18.37,14260.00,999.00,18.83,1016.00,16.72,0.03
2026-06-06T05:09:07,1,3.86,29650.00,18.34,14234.00,999.00,18.85,1015.40,16.75,0.02
2026-06-06T05:09:07,1,3.90,29650.00,18.34,14234.00,999.00,18.86,1015.70,16.79,0.03
2026-06-06T05:09:07,1,3.90,29650.00,18.34,14234.00,999.00,18.88,1015.50,16.83,0.02
2026-06-06T05:09:07,1,3.88,29650.00,18.34,14234.00,999.00,18.90,1016.10,16.88,0.03
2026-06-06T05:09:08,1,3.85,29680.00,18.36,14248.00,999.00,18.92,1017.60,16.91,0.05
2026-06-06T05:09:08,1,3.90,29680.00,18.36,14248.00,999.00,18.93,1020.40,16.95,0.07
2026-06-06T05:09:08,1,3.86,29680.00,18.36,14248.00,999.00,18.93,1020.90,16.98,0.08
2026-06-06T05:09:08,1,3.88,29680.00,18.36,14248.00,999.00,18.95,1020.00,17.01,0.07
2026-06-06T05:09:08,1,3.85,29680.00,18.36,14248.00,999.00,18.96,1017.40,17.05,0.04
2026-06-06T05:09:09,1,3.88,29660.00,18.35,14242.00,999.00,18.98,1013.60,17.09,0.01
2026-06-06T05:09:09,1,3.90,29660.00,18.35,14242.00,999.00,18.99,1009.80,17.13,-0.03
2026-06-06T05:09:09,1,3.88,29660.00,18.35,14242.00,999.00,19.00,1008.60,17.16,-0.04
2026-06-06T05:09:09,1,3.89,29660.00,18.35,14242.00,999.00,19.00,1010.00,17.19,-0.03
2026-06-06T05:09:09,1,3.87,29660.00,18.35,14242.00,999.00,19.01,1009.90,17.22,-0.03
2026-06-06T05:09:10,1,3.86,29660.00,18.35,14240.00,999.00,19.02,1009.30,17.25,-0.04
2026-06-06T05:09:10,1,3.90,29660.00,18.35,14240.00,999.00,19.03,1009.20,17.28,-0.04
2026-06-06T05:09:10,1,3.87,29660.00,18.35,14240.00,999.00,19.03,1007.50,17.32,-0.05
2026-06-06T05:09:10,1,3.88,29660.00,18.35,14240.00,999.00,19.03,1008.00,17.34,-0.05
2026-06-06T05:09:11,1,3.86,29660.00,18.35,14240.00,999.00,19.03,1008.50,17.37,-0.04
2026-06-06T05:09:11,1,3.90,29670.00,18.35,14245.00,999.00,19.04,1007.90,17.40,-0.05
2026-06-06T05:09:11,1,3.87,29670.00,18.35,14245.00,999.00,19.04,1008.70,17.42,-0.04
2026-06-06T05:09:11,1,3.90,29670.00,18.35,14245.00,999.00,19.03,1007.90,17.45,-0.05
2026-06-06T05:09:11,1,3.87,29670.00,18.35,14245.00,999.00,19.04,1007.60,17.47,-0.05
2026-06-06T05:09:12,1,3.88,29670.00,18.35,14245.00,999.00,19.04,1008.60,17.50,-0.04
2026-06-06T05:09:12,1,3.90,29660.00,18.34,14238.00,999.00,19.04,1008.00,17.52,-0.05
2026-06-06T05:09:12,1,3.89,29660.00,18.34,14238.00,999.00,19.05,1007.70,17.55,-0.05
2026-06-06T05:09:12,1,3.86,29660.00,18.34,14238.00,999.00,19.04,1009.00,17.57,-0.04
2026-06-06T05:09:12,1,3.86,29660.00,18.34,14238.00,999.00,19.04,1013.40,17.59,0.00
2026-06-06T05:09:13,1,3.90,29650.00,18.34,14236.00,999.00,19.04,1011.50,17.62,-0.01
2026-06-06T05:09:13,1,3.86,29650.00,18.34,14236.00,999.00,19.04,1007.70,17.64,-0.05
2026-06-06T05:09:13,1,3.88,29650.00,18.34,14236.00,999.00,19.03,1006.00,17.66,-0.07
2026-06-06T05:09:13,1,3.88,29650.00,18.34,14236.00,999.00,19.04,1006.90,17.68,-0.06
2026-06-06T05:09:13,1,3.86,29650.00,18.34,14236.00,999.00,19.02,1007.00,17.70,-0.06
2026-06-06T05:09:14,1,3.86,27890.00,17.15,13390.00,999.00,18.99,1006.60,17.72,-0.06
2026-06-06T05:09:14,1,3.88,27890.00,17.15,13390.00,999.00,18.94,1006.20,17.75,-0.07
2026-06-06T05:09:14,1,3.89,27890.00,17.15,13390.00,999.00,18.89,1006.50,17.76,-0.06
2026-06-06T05:09:14,1,3.87,27890.00,17.15,13390.00,999.00,18.85,1006.80,17.78,-0.06
2026-06-06T05:09:14,1,3.88,27890.00,17.15,13390.00,999.00,18.79,1006.70,17.80,-0.06
2026-06-06T05:09:15,1,3.87,28060.00,17.26,13472.00,999.00,18.72,1006.70,17.81,-0.06
2026-06-06T05:09:15,1,3.90,28060.00,17.26,13472.00,999.00,18.65,1006.30,17.83,-0.07
2026-06-06T05:09:15,1,3.86,28060.00,17.26,13472.00,999.00,18.59,1006.40,17.84,-0.07
2026-06-06T05:09:15,1,3.86,28060.00,17.26,13472.00,999.00,18.48,1006.50,17.86,-0.06
2026-06-06T05:09:15,1,3.88,28060.00,17.26,13472.00,999.00,18.37,1006.30,17.87,-0.07
2026-06-06T05:09:16,1,3.90,28090.00,17.28,13487.00,999.00,18.28,1006.50,17.88,-0.06
2026-06-06T05:09:16,1,3.89,28090.00,17.28,13487.00,999.00,18.21,1006.40,17.89,-0.07
2026-06-06T05:09:16,1,3.90,28090.00,17.28,13487.00,999.00,18.15,1006.30,17.90,-0.07
2026-06-06T05:09:16,1,3.85,28090.00,17.28,13487.00,999.00,18.09,1006.10,17.91,-0.07
2026-06-06T05:09:16,1,3.88,28090.00,17.28,13487.00,999.00,18.03,1006.50,17.92,-0.06
2026-06-06T05:09:17,1,3.89,27960.00,17.19,13425.00,999.00,17.96,1006.30,17.93,-0.07
2026-06-06T05:09:17,1,3.90,27960.00,17.19,13425.00,999.00,17.89,1006.30,17.94,-0.07
2026-06-06T05:09:17,1,3.88,27960.00,17.19,13425.00,999.00,17.82,1006.10,17.95,-0.07
2026-06-06T05:09:17,1,3.85,27960.00,17.19,13425.00,999.00,17.75,1006.10,17.95,-0.07
2026-06-06T05:09:17,1,3.87,27950.00,17.18,13417.00,999.00,17.69,1006.50,17.96,-0.06
2026-06-06T05:09:18,1,3.87,27950.00,17.18,13417.00,999.00,17.64,1006.40,17.96,-0.07
2026-06-06T05:09:18,1,3.90,27950.00,17.18,13417.00,999.00,17.59,1006.20,17.96,-0.07
2026-06-06T05:09:18,1,3.88,27950.00,17.18,13417.00,999.00,17.54,1006.10,17.97,-0.07
2026-06-06T05:09:18,1,3.86,27950.00,17.18,13417.00,999.00,17.47,1005.60,17.97,-0.07
2026-06-06T05:09:19,1,3.86,27950.00,17.18,13416.00,999.00,17.41,1006.50,17.98,-0.06
2026-06-06T05:09:19,1,3.86,27950.00,17.18,13416.00,999.00,17.32,1006.40,17.98,-0.07
2026-06-06T05:09:19,1,3.89,27950.00,17.18,13416.00,999.00,17.21,1005.70,17.97,-0.07
2026-06-06T05:09:19,1,3.88,27950.00,17.18,13416.00,999.00,17.13,1006.30,17.98,-0.07
2026-06-06T05:09:19,1,3.88,27950.00,17.18,13416.00,999.00,17.06,1006.20,17.98,-0.07
2026-06-06T05:09:20,1,3.90,27510.00,16.89,13207.00,999.00,17.01,1005.90,17.98,-0.07
2026-06-06T05:09:20,1,3.90,27510.00,16.89,13207.00,999.00,16.95,1005.70,17.98,-0.07
2026-06-06T05:09:20,1,3.90,27510.00,16.89,13207.00,999.00,16.90,1006.50,17.98,-0.06
2026-06-06T05:09:20,1,3.88,27510.00,16.89,13207.00,999.00,16.83,1006.40,17.97,-0.07
2026-06-06T05:09:20,1,3.89,27510.00,16.89,13207.00,999.00,16.78,1006.20,17.97,-0.07
2026-06-06T05:09:21,1,3.87,1548.00,0.78,743.00,999.00,16.72,1006.00,17.97,-0.07
2026-06-06T05:09:21,1,3.86,1548.00,0.78,743.00,999.00,16.66,1006.80,17.97,-0.06
2026-06-06T05:09:21,1,3.86,1548.00,0.78,743.00,999.00,16.61,1006.50,17.97,-0.06
2026-06-06T05:09:21,1,3.89,1548.00,0.78,743.00,999.00,16.55,1006.00,17.95,-0.07
2026-06-06T05:09:21,1,3.87,1548.00,0.78,743.00,999.00,16.49,1006.10,17.95,-0.07
2026-06-06T05:09:22,1,3.89,1672.00,0.84,803.00,999.00,16.44,1006.00,17.95,-0.07
2026-06-06T05:09:22,1,3.89,1672.00,0.84,803.00,999.00,16.37,1006.00,17.95,-0.07
2026-06-06T05:09:22,1,3.86,1672.00,0.84,803.00,999.00,16.31,1006.40,17.94,-0.07
2026-06-06T05:09:22,1,3.90,1672.00,0.84,803.00,999.00,16.26,1006.30,17.94,-0.07
2026-06-06T05:09:22,1,3.88,862.30,0.42,414.00,999.00,16.20,1006.50,17.93,-0.06
2026-06-06T05:09:23,1,3.90,862.30,0.42,414.00,999.00,16.15,1006.30,17.92,-0.07
2026-06-06T05:09:23,1,3.87,862.30,0.42,414.00,999.00,16.10,1006.30,17.92,-0.07
2026-06-06T05:09:23,1,3.88,862.30,0.42,414.00,999.00,16.04,1005.80,17.92,-0.07
2026-06-06T05:09:23,1,3.87,862.30,0.42,414.00,999.00,16.00,1006.00,17.92,-0.07
2026-06-06T05:09:23,1,3.88,932.10,0.46,447.00,999.00,15.97,1005.80,17.91,-0.07
2026-06-06T05:09:24,1,3.89,932.10,0.46,447.00,999.00,15.93,1005.90,17.90,-0.07
2026-06-06T05:09:24,1,3.90,932.10,0.46,447.00,999.00,15.90,1006.00,17.89,-0.07
2026-06-06T05:09:24,1,3.89,932.10,0.46,447.00,999.00,15.86,1005.80,17.88,-0.07
2026-06-06T05:09:24,1,3.85,932.10,0.46,447.00,999.00,15.83,1006.00,17.87,-0.07
2026-06-06T05:09:25,1,3.90,908.00,0.45,436.00,999.00,15.81,1005.80,17.87,-0.07
2026-06-06T05:09:25,1,3.86,908.00,0.45,436.00,999.00,15.78,1005.70,17.86,-0.07
2026-06-06T05:09:25,1,3.90,908.00,0.45,436.00,999.00,15.76,1005.90,17.85,-0.07
2026-06-06T05:09:25,1,3.88,908.00,0.45,436.00,999.00,15.74,1006.10,17.85,-0.07
2026-06-06T05:09:25,1,3.88,908.00,0.45,436.00,999.00,15.71,1006.00,17.84,-0.07
2026-06-06T05:09:26,1,3.90,918.80,0.45,441.00,999.00,15.68,1006.00,17.84,-0.07
2026-06-06T05:09:26,1,3.89,918.80,0.45,441.00,999.00,15.66,1005.90,17.83,-0.07
2026-06-06T05:09:26,1,3.90,918.80,0.45,441.00,999.00,15.62,1005.70,17.82,-0.07
2026-06-06T05:09:26,1,3.87,918.80,0.45,441.00,999.00,15.59,1005.90,17.82,-0.07
2026-06-06T05:09:26,1,3.86,918.80,0.45,441.00,999.00,15.53,1005.80,17.81,-0.07
2026-06-06T05:09:27,1,3.88,907.70,0.45,436.00,999.00,15.50,1005.60,17.80,-0.07
2026-06-06T05:09:27,1,3.86,907.70,0.45,436.00,999.00,15.47,1006.20,17.80,-0.07
2026-06-06T05:09:27,1,3.88,907.70,0.45,436.00,999.00,15.45,1005.80,17.79,-0.07
2026-06-06T05:09:27,1,3.89,907.70,0.45,436.00,999.00,15.43,1006.00,17.79,-0.07
2026-06-06T05:09:27,1,3.90,923.30,0.45,443.00,999.00,15.42,1006.00,17.78,-0.07
2026-06-06T05:09:28,1,3.87,923.30,0.45,443.00,999.00,15.39,1006.20,17.77,-0.07
2026-06-06T05:09:28,1,3.86,923.30,0.45,443.00,999.00,15.38,1006.00,17.76,-0.07
2026-06-06T05:09:28,1,3.89,923.30,0.45,443.00,999.00,15.36,1006.10,17.76,-0.07
2026-06-06T05:09:28,1,3.88,923.30,0.45,443.00,999.00,15.35,1005.60,17.75,-0.07
2026-06-06T05:09:28,1,3.86,915.20,0.45,439.00,999.00,15.32,1005.90,17.74,-0.07
2026-06-06T05:09:29,1,3.90,915.20,0.45,439.00,999.00,15.31,1005.70,17.74,-0.07
2026-06-06T05:09:29,1,3.90,915.20,0.45,439.00,999.00,15.30,1005.50,17.73,-0.07
2026-06-06T05:09:29,1,3.87,915.20,0.45,439.00,999.00,15.28,1005.90,17.73,-0.07
2026-06-06T05:09:29,1,3.86,915.20,0.45,439.00,999.00,15.26,1006.10,17.72,-0.07
2026-06-06T05:09:29,1,3.89,918.20,0.45,441.00,999.00,15.25,1006.00,17.71,-0.07
2026-06-06T05:09:30,1,3.90,918.20,0.45,441.00,999.00,15.24,1005.90,17.71,-0.07
2026-06-06T05:09:30,1,3.88,918.20,0.45,441.00,999.00,15.23,1005.60,17.70,-0.07
2026-06-06T05:09:30,1,3.88,918.20,0.45,441.00,999.00,15.22,1006.00,17.69,-0.07
2026-06-06T05:09:30,1,3.89,918.20,0.45,441.00,999.00,15.20,1005.60,17.68,-0.07
2026-06-06T05:09:30,1,3.84,921.40,0.45,442.00,999.00,15.19,1005.50,17.68,-0.07
2026-06-06T05:09:31,1,3.88,921.40,0.45,442.00,999.00,15.17,1005.70,17.67,-0.07
2026-06-06T05:09:31,1,3.90,921.40,0.45,442.00,999.00,15.17,1006.00,17.67,-0.07
2026-06-06T05:09:31,1,3.89,921.40,0.45,442.00,999.00,15.14,1005.80,17.66,-0.07
2026-06-06T05:09:31,1,3.89,921.40,0.45,442.00,999.00,15.13,1005.80,17.66,-0.07
2026-06-06T05:09:31,1,3.88,922.70,0.45,443.00,999.00,15.11,1005.70,17.65,-0.07
2026-06-06T05:09:32,1,3.89,922.70,0.45,443.00,999.00,15.10,1006.00,17.64,-0.07
2026-06-06T05:09:32,1,3.88,922.70,0.45,443.00,999.00,15.08,1005.80,17.64,-0.07
2026-06-06T05:09:32,1,3.88,922.70,0.45,443.00,999.00,15.05,1006.10,17.63,-0.07
2026-06-06T05:09:32,1,3.86,922.70,0.45,443.00,999.00,15.02,1006.00,17.63,-0.07
2026-06-06T05:09:32,1,3.90,919.60,0.45,441.00,999.00,14.98,1005.20,17.62,-0.08
2026-06-06T05:09:33,1,3.85,919.60,0.45,441.00,999.00,14.94,1005.70,17.62,-0.07
2026-06-06T05:09:33,1,3.90,919.60,0.45,441.00,999.00,14.90,1005.90,17.60,-0.07
2026-06-06T05:09:33,1,3.88,919.60,0.45,441.00,999.00,14.87,1005.70,17.59,-0.07
2026-06-06T05:09:33,1,3.86,919.60,0.45,441.00,999.00,14.85,1005.40,17.59,-0.08
2026-06-06T05:09:33,1,3.88,917.90,0.45,441.00,999.00,14.81,1005.90,17.58,-0.07
2026-06-06T05:09:34,1,3.88,917.90,0.45,441.00,999.00,14.80,1005.70,17.58,-0.07
2026-06-06T05:09:34,1,3.89,917.90,0.45,441.00,999.00,14.78,1005.60,17.57,-0.07
2026-06-06T05:09:34,1,3.88,917.90,0.45,441.00,999.00,14.74,1005.90,17.56,-0.07
2026-06-06T05:09:34,1,3.88,930.70,0.46,447.00,999.00,14.72,1005.80,17.56,-0.07
2026-06-06T05:09:35,1,3.90,930.70,0.46,447.00,999.00,14.69,1006.10,17.55,-0.07
2026-06-06T05:09:35,1,3.88,930.70,0.46,447.00,999.00,14.66,1005.20,17.55,-0.08
2026-06-06T05:09:35,1,3.88,930.70,0.46,447.00,999.00,14.65,1005.90,17.54,-0.07
2026-06-06T05:09:35,1,3.88,930.70,0.46,447.00,999.00,14.63,1005.60,17.54,-0.07
2026-06-06T05:09:35,1,3.86,916.40,0.45,440.00,999.00,14.61,1005.90,17.53,-0.07
2026-06-06T05:09:36,1,3.91,916.40,0.45,440.00,999.00,14.59,1006.00,17.53,-0.07
2026-06-06T05:09:36,1,3.87,916.40,0.45,440.00,999.00,14.58,1005.70,17.52,-0.07
2026-06-06T05:09:36,1,3.87,916.40,0.45,440.00,999.00,14.56,1005.20,17.51,-0.08
2026-06-06T05:09:36,1,3.87,916.40,0.45,440.00,999.00,14.54,1005.30,17.51,-0.08
2026-06-06T05:09:36,1,3.88,1127.00,0.56,541.00,999.00,14.52,1005.10,17.50,-0.08
2026-06-06T05:09:37,1,3.87,1127.00,0.56,541.00,999.00,14.50,1005.10,17.50,-0.08
2026-06-06T05:09:37,1,3.87,1127.00,0.56,541.00,999.00,14.50,1005.10,17.47,-0.08
2026-06-06T05:09:37,1,3.86,1127.00,0.56,541.00,999.00,14.48,1005.30,17.47,-0.08
2026-06-06T05:09:37,1,3.88,1206.00,0.60,579.00,999.00,14.45,1005.40,17.47,-0.08
2026-06-06T05:09:37,1,3.90,1206.00,0.60,579.00,999.00,14.43,1004.80,17.46,-0.08
2026-06-06T05:09:38,1,3.91,1206.00,0.60,579.00,999.00,14.42,1005.20,17.46,-0.08
2026-06-06T05:09:38,1,3.86,1206.00,0.60,579.00,999.00,14.40,1005.10,17.45,-0.08
2026-06-06T05:09:38,1,3.89,1206.00,0.60,579.00,999.00,14.38,1005.20,17.44,-0.08
2026-06-06T05:09:38,1,3.85,1413.00,0.71,678.00,999.00,14.36,1005.40,17.44,-0.08
2026-06-06T05:09:38,1,3.90,1413.00,0.71,678.00,999.00,14.35,1005.10,17.43,-0.08
2026-06-06T05:09:39,1,3.87,1413.00,0.71,678.00,999.00,14.33,1005.90,17.43,-0.07
2026-06-06T05:09:39,1,3.86,1413.00,0.71,678.00,999.00,14.32,1005.10,17.42,-0.08
2026-06-06T05:09:39,1,3.86,1413.00,0.71,678.00,999.00,14.31,1005.60,17.41,-0.07
2026-06-06T05:09:39,1,3.90,1424.00,0.71,684.00,999.00,14.31,1005.60,17.41,-0.07
2026-06-06T05:09:39,1,3.90,1424.00,0.71,684.00,999.00,14.29,1005.60,17.40,-0.07
2026-06-06T05:09:40,1,3.90,1424.00,0.71,684.00,999.00,14.28,1005.70,17.40,-0.07
2026-06-06T05:09:40,1,3.88,1424.00,0.71,684.00,999.00,14.27,1005.50,17.39,-0.07
2026-06-06T05:09:40,1,3.86,1424.00,0.71,684.00,999.00,14.27,1004.90,17.38,-0.08
2026-06-06T05:09:40,1,3.88,1421.00,0.71,682.00,999.00,14.24,1005.20,17.38,-0.08
2026-06-06T05:09:41,1,3.88,1421.00,0.71,682.00,999.00,14.22,1005.40,17.37,-0.08
2026-06-06T05:09:41,1,3.90,1421.00,0.71,682.00,999.00,14.21,1005.70,17.36,-0.07
2026-06-06T05:09:41,1,3.86,1421.00,0.71,682.00,999.00,14.20,1005.40,17.36,-0.08
2026-06-06T05:09:41,1,3.88,1421.00,0.71,682.00,999.00,14.18,1005.30,17.35,-0.08
2026-06-06T05:09:41,1,3.86,1423.00,0.71,683.00,999.00,14.17,1005.80,17.35,-0.07
2026-06-06T05:09:42,1,3.88,1423.00,0.71,683.00,999.00,14.17,1005.70,17.34,-0.07
2026-06-06T05:09:42,1,3.90,1423.00,0.71,683.00,999.00,14.15,1005.10,17.34,-0.08
2026-06-06T05:09:42,1,3.88,1423.00,0.71,683.00,999.00,14.15,1005.50,17.33,-0.07
2026-06-06T05:09:42,1,3.86,1423.00,0.71,683.00,999.00,14.13,1005.30,17.32,-0.08
2026-06-06T05:09:42,1,3.91,1383.00,0.69,664.00,999.00,14.13,1005.10,17.32,-0.08
2026-06-06T05:09:43,1,3.90,1383.00,0.69,664.00,999.00,14.11,1005.30,17.31,-0.08
2026-06-06T05:09:43,1,3.91,1383.00,0.69,664.00,999.00,14.10,1005.40,17.31,-0.08
2026-06-06T05:09:43,1,3.87,1383.00,0.69,664.00,999.00,14.09,1005.20,17.30,-0.08
2026-06-06T05:09:43,1,3.87,1383.00,0.69,664.00,999.00,14.08,1005.40,17.29,-0.08
2026-06-06T05:09:43,1,3.90,1403.00,0.70,674.00,999.00,14.07,1005.20,17.29,-0.08
2026-06-06T05:09:44,1,3.86,1403.00,0.70,674.00,999.00,14.05,1005.40,17.28,-0.08
2026-06-06T05:09:44,1,3.88,1403.00,0.70,674.00,999.00,14.05,1005.30,17.28,-0.08
2026-06-06T05:09:44,1,3.87,1403.00,0.70,674.00,999.00,14.03,1005.20,17.27,-0.08
2026-06-06T05:09:44,1,3.86,1408.00,0.70,676.00,999.00,14.02,1005.40,17.27,-0.08
2026-06-06T05:09:44,1,3.88,1408.00,0.70,676.00,999.00,14.00,1004.80,17.26,-0.08
2026-06-06T05:09:45,1,3.90,1408.00,0.70,676.00,999.00,13.99,1005.30,17.26,-0.08
2026-06-06T05:09:45,1,3.85,1408.00,0.70,676.00,999.00,13.98,1005.10,17.25,-0.08
2026-06-06T05:09:45,1,3.88,1408.00,0.70,676.00,999.00,13.98,1005.30,17.25,-0.08
2026-06-06T05:09:45,1,3.90,1406.00,0.70,675.00,999.00,13.97,1005.40,17.24,-0.08
2026-06-06T05:09:45,1,3.90,1406.00,0.70,675.00,999.00,13.96,1005.00,17.23,-0.08
2026-06-06T05:09:46,1,3.89,1406.00,0.70,675.00,999.00,13.95,1005.30,17.23,-0.08
2026-06-06T05:09:46,1,3.87,1406.00,0.70,675.00,999.00,13.94,1005.60,17.23,-0.07
2026-06-06T05:09:46,1,3.89,1406.00,0.70,675.00,999.00,13.93,1005.10,17.22,-0.08
2026-06-06T05:09:46,1,3.87,1404.00,0.70,674.00,999.00,13.93,1005.20,17.21,-0.08
2026-06-06T05:09:46,1,3.90,1404.00,0.70,674.00,999.00,13.92,1005.10,17.21,-0.08
2026-06-06T05:09:47,1,3.90,1404.00,0.70,674.00,999.00,13.91,1005.20,17.20,-0.08
2026-06-06T05:09:47,1,3.88,1404.00,0.70,674.00,999.00,13.90,1005.30,17.20,-0.08
2026-06-06T05:09:47,1,3.86,1404.00,0.70,674.00,999.00,13.89,1005.40,17.19,-0.08
2026-06-06T05:09:47,1,3.90,1407.00,0.70,676.00,999.00,13.89,1004.90,17.19,-0.08
2026-06-06T05:09:47,1,3.86,1407.00,0.70,676.00,999.00,13.88,1005.20,17.18,-0.08
2026-06-06T05:09:48,1,3.90,1407.00,0.70,676.00,999.00,13.86,1005.40,17.18,-0.08
2026-06-06T05:09:48,1,3.86,1407.00,0.70,676.00,999.00,13.86,1005.30,17.18,-0.08
2026-06-06T05:09:48,1,3.89,1407.00,0.70,676.00,999.00,13.84,1005.30,17.17,-0.08
2026-06-06T05:09:48,1,3.86,1408.00,0.70,676.00,999.00,13.84,1005.40,17.17,-0.08
2026-06-06T05:09:49,1,3.88,1408.00,0.70,676.00,999.00,13.83,1005.00,17.17,-0.08
2026-06-06T05:09:49,1,3.88,1408.00,0.70,676.00,999.00,13.83,1005.20,17.16,-0.08
2026-06-06T05:09:49,1,3.90,1408.00,0.70,676.00,999.00,13.83,1004.80,17.15,-0.08
2026-06-06T05:09:49,1,3.88,1414.00,0.71,679.00,999.00,13.82,1005.20,17.15,-0.08
2026-06-06T05:09:49,1,3.90,1414.00,0.71,679.00,999.00,13.82,1005.30,17.13,-0.08
2026-06-06T05:09:50,1,3.86,1414.00,0.71,679.00,999.00,13.82,1005.20,17.14,-0.08
2026-06-06T05:09:50,1,3.85,1414.00,0.71,679.00,999.00,13.81,1005.20,17.14,-0.08
2026-06-06T05:09:50,1,3.85,1414.00,0.71,679.00,999.00,13.80,1005.00,17.13,-0.08
2026-06-06T05:09:50,1,3.90,1373.00,0.69,659.00,999.00,13.79,1005.30,17.13,-0.08
2026-06-06T05:09:50,1,3.89,1373.00,0.69,659.00,999.00,13.77,1004.50,17.12,-0.08
2026-06-06T05:09:51,1,3.86,1373.00,0.69,659.00,999.00,13.76,1004.90,17.12,-0.08
2026-06-06T05:09:51,1,3.86,1373.00,0.69,659.00,999.00,13.76,1005.20,17.12,-0.08
2026-06-06T05:09:51,1,3.86,1373.00,0.69,659.00,999.00,13.75,1005.50,17.12,-0.07
2026-06-06T05:09:51,1,3.90,1407.00,0.70,675.00,999.00,13.75,1004.80,17.11,-0.08
2026-06-06T05:09:51,1,3.86,1407.00,0.70,675.00,999.00,13.75,1005.10,17.11,-0.08
2026-06-06T05:09:52,1,3.90,1407.00,0.70,675.00,999.00,13.75,1005.50,17.10,-0.07
2026-06-06T05:09:52,1,3.86,1407.00,0.70,675.00,999.00,13.74,1005.20,17.10,-0.08
2026-06-06T05:09:52,1,3.88,1407.00,0.70,675.00,999.00,13.73,1005.50,17.09,-0.07
2026-06-06T05:09:52,1,3.87,1407.00,0.70,676.00,999.00,13.72,1005.20,17.09,-0.08
2026-06-06T05:09:52,1,3.89,1407.00,0.70,676.00,999.00,13.71,1005.00,17.09,-0.08
2026-06-06T05:09:53,1,3.87,1407.00,0.70,676.00,999.00,13.69,1004.90,17.08,-0.08
2026-06-06T05:09:53,1,3.86,1407.00,0.70,676.00,999.00,13.68,1004.80,17.08,-0.08
2026-06-06T05:09:53,1,3.86,1407.00,0.70,676.00,999.00,13.68,1005.60,17.07,-0.07
2026-06-06T05:09:53,1,3.89,1408.00,0.70,676.00,999.00,13.68,1004.90,17.07,-0.08
2026-06-06T05:09:53,1,3.88,1408.00,0.70,676.00,999.00,13.68,1005.30,17.07,-0.08
2026-06-06T05:09:54,1,3.89,1408.00,0.70,676.00,999.00,13.68,1004.90,17.05,-0.08
2026-06-06T05:09:54,1,3.88,1408.00,0.70,676.00,999.00,13.68,1004.80,17.05,-0.08
2026-06-06T05:09:54,1,3.88,1411.00,0.71,677.00,999.00,13.68,1005.10,17.05,-0.08
2026-06-06T05:09:54,1,3.86,1411.00,0.71,677.00,999.00,13.68,1005.40,17.04,-0.08
2026-06-06T05:09:54,1,3.90,1411.00,0.71,677.00,999.00,13.68,1004.70,17.04,-0.08
2026-06-06T05:09:55,1,3.88,1411.00,0.71,677.00,999.00,13.68,1005.20,17.03,-0.08
2026-06-06T05:09:55,1,3.86,1411.00,0.71,677.00,999.00,13.68,1005.10,17.03,-0.08
2026-06-06T05:09:55,1,3.88,1404.00,0.70,674.00,999.00,13.67,1005.10,17.03,-0.08
2026-06-06T05:09:55,1,3.89,1404.00,0.70,674.00,999.00,13.66,1004.80,17.02,-0.08
2026-06-06T05:09:55,1,3.89,1404.00,0.70,674.00,999.00,13.66,1005.30,17.02,-0.08
2026-06-06T05:09:56,1,3.88,1404.00,0.70,674.00,999.00,13.64,1005.20,17.02,-0.08
2026-06-06T05:09:56,1,3.86,1404.00,0.70,674.00,999.00,13.64,1005.10,17.01,-0.08
2026-06-06T05:09:56,1,3.89,1414.00,0.71,679.00,999.00,13.63,1005.30,17.01,-0.08
2026-06-06T05:09:56,1,3.85,1414.00,0.71,679.00,999.00,13.64,1004.60,17.01,-0.08
2026-06-06T05:09:56,1,3.88,1414.00,0.71,679.00,999.00,13.64,1005.20,17.01,-0.08
2026-06-06T05:09:57,1,3.88,1414.00,0.71,679.00,999.00,13.63,1005.50,17.00,-0.07
2026-06-06T05:09:57,1,3.85,1414.00,0.71,679.00,999.00,13.63,1004.80,17.00,-0.08
2026-06-06T05:09:57,1,3.86,1407.00,0.70,676.00,999.00,13.62,1004.90,17.00,-0.08
2026-06-06T05:09:57,1,3.87,1407.00,0.70,676.00,999.00,13.61,1005.00,16.99,-0.08
2026-06-06T05:09:58,1,3.89,1407.00,0.70,676.00,999.00,13.61,1005.30,16.99,-0.08
2026-06-06T05:09:58,1,3.86,1407.00,0.70,676.00,999.00,13.60,1005.10,16.99,-0.08
2026-06-06T05:09:58,1,3.86,1407.00,0.70,676.00,999.00,13.61,1005.00,16.99,-0.08
2026-06-06T05:09:58,1,3.87,1309.00,0.65,629.00,999.00,13.61,1005.10,16.98,-0.08
2026-06-06T05:09:58,1,3.90,1309.00,0.65,629.00,999.00,13.61,1005.20,16.98,-0.08
2026-06-06T05:09:59,1,3.87,1309.00,0.65,629.00,999.00,13.61,1004.80,16.98,-0.08
2026-06-06T05:09:59,1,3.88,1309.00,0.65,629.00,999.00,13.60,1005.40,16.97,-0.08
2026-06-06T05:09:59,1,3.86,1309.00,0.65,629.00,999.00,13.60,1004.90,16.97,-0.08
2026-06-06T05:09:59,1,3.89,1636.00,0.82,786.00,999.00,13.58,1004.90,16.97,-0.08
2026-06-06T05:09:59,1,3.86,1636.00,0.82,786.00,999.00,13.56,1004.80,16.96,-0.08
2026-06-06T05:10:00,1,3.90,1636.00,0.82,786.00,999.00,13.56,1004.80,16.96,-0.08
2026-06-06T05:10:00,1,3.87,1636.00,0.82,786.00,999.00,13.55,1004.40,16.96,-0.09
2026-06-06T05:10:00,1,3.87,1382.00,0.69,664.00,999.00,13.53,1004.60,16.94,-0.08
2026-06-06T05:10:00,1,3.89,1382.00,0.69,664.00,999.00,13.53,1004.50,16.95,-0.08
2026-06-06T05:10:00,1,3.89,1382.00,0.69,664.00,999.00,13.53,1004.50,16.94,-0.08
2026-06-06T05:10:01,1,3.86,1382.00,0.69,664.00,999.00,13.52,1004.60,16.94,-0.08
2026-06-06T05:10:01,1,3.86,1382.00,0.69,664.00,999.00,13.52,1004.70,16.94,-0.08
2026-06-06T05:10:01,1,3.88,1326.00,0.66,637.00,999.00,13.52,1004.00,16.93,-0.09
2026-06-06T05:10:01,1,3.90,1326.00,0.66,637.00,999.00,13.52,1004.30,16.92,-0.09
2026-06-06T05:10:01,1,3.89,1326.00,0.66,637.00,999.00,13.51,1004.30,16.92,-0.09
2026-06-06T05:10:02,1,3.86,1326.00,0.66,637.00,999.00,13.50,1004.90,16.91,-0.08
2026-06-06T05:10:02,1,3.89,1326.00,0.66,637.00,999.00,13.50,1004.50,16.91,-0.08
2026-06-06T05:10:02,1,3.87,1309.00,0.65,628.00,999.00,13.50,1004.60,16.91,-0.08
2026-06-06T05:10:02,1,3.88,1309.00,0.65,628.00,999.00,13.49,1004.30,16.91,-0.09
2026-06-06T05:10:03,1,3.86,1309.00,0.65,628.00,999.00,13.49,1004.30,16.91,-0.09
2026-06-06T05:10:03,1,3.86,1309.00,0.65,628.00,999.00,13.48,1004.50,16.90,-0.08
2026-06-06T05:10:03,1,3.88,1309.00,0.65,628.00,999.00,13.47,1004.50,16.90,-0.08
2026-06-06T05:10:03,1,3.87,1303.00,0.65,626.00,999.00,13.47,1004.20,16.89,-0.09
2026-06-06T05:10:03,1,3.89,1303.00,0.65,626.00,999.00,13.47,1004.20,16.88,-0.09
2026-06-06T05:10:04,1,3.87,1303.00,0.65,626.00,999.00,13.45,1004.00,16.88,-0.09
2026-06-06T05:10:04,1,3.88,1303.00,0.65,626.00,999.00,13.44,1004.00,16.88,-0.09
2026-06-06T05:10:04,1,3.87,1285.00,0.64,617.00,999.00,13.42,1004.10,16.88,-0.09
2026-06-06T05:10:04,1,3.90,1285.00,0.64,617.00,999.00,13.41,1004.00,16.88,-0.09
2026-06-06T05:10:04,1,3.86,1285.00,0.64,617.00,999.00,13.41,1003.80,16.87,-0.09
2026-06-06T05:10:05,1,3.87,1285.00,0.64,617.00,999.00,13.39,1003.80,16.87,-0.09
2026-06-06T05:10:05,1,3.89,1285.00,0.64,617.00,999.00,13.37,1003.90,16.86,-0.09
2026-06-06T05:10:05,1,3.89,794.20,0.39,381.00,999.00,13.35,1003.80,16.86,-0.09
2026-06-06T05:10:05,1,3.86,794.20,0.39,381.00,999.00,13.34,1004.00,16.85,-0.09
2026-06-06T05:10:05,1,3.91,794.20,0.39,381.00,999.00,13.32,1004.20,16.85,-0.09
2026-06-06T05:10:06,1,3.88,794.20,0.39,381.00,999.00,13.30,1004.20,16.84,-0.09
2026-06-06T05:10:06,1,3.85,794.20,0.39,381.00,999.00,13.30,1003.40,16.84,-0.10
2026-06-06T05:10:06,1,3.88,790.70,0.39,380.00,999.00,13.30,1004.30,16.83,-0.09
2026-06-06T05:10:06,1,3.86,790.70,0.39,380.00,999.00,13.28,1003.80,16.83,-0.09
2026-06-06T05:10:06,1,3.90,790.70,0.39,380.00,999.00,13.27,1004.40,16.82,-0.09
2026-06-06T05:10:07,1,3.88,790.70,0.39,380.00,999.00,13.26,1003.80,16.82,-0.09
2026-06-06T05:10:07,1,3.86,790.70,0.39,380.00,999.00,13.24,1004.10,16.81,-0.09
2026-06-06T05:10:07,1,3.89,795.60,0.39,382.00,999.00,13.23,1003.60,16.80,-0.09
2026-06-06T05:10:07,1,3.90,795.60,0.39,382.00,999.00,13.54,1009.10,16.79,-0.04
2026-06-06T05:10:07,1,3.90,795.60,0.39,382.00,999.00,14.26,1012.60,16.79,-0.00
2026-06-06T05:10:08,1,3.88,795.60,0.39,382.00,999.00,14.90,1014.80,16.79,0.02
2026-06-06T05:10:08,1,3.88,795.60,0.39,382.00,999.00,15.42,1020.00,16.79,0.07
2026-06-06T05:10:08,1,3.88,29480.00,18.22,14152.00,999.00,15.90,1023.30,16.80,0.10
2026-06-06T05:10:08,1,3.86,29480.00,18.22,14152.00,999.00,16.31,1023.80,16.82,0.11
2026-06-06T05:10:08,1,3.86,29480.00,18.22,14152.00,999.00,16.64,1023.80,16.83,0.11
2026-06-06T05:10:09,1,3.88,29480.00,18.22,14152.00,999.00,16.92,1024.50,16.86,0.11
2026-06-06T05:10:09,1,3.85,29480.00,18.22,14152.00,999.00,17.16,1025.20,16.88,0.12
2026-06-06T05:10:09,1,3.89,29480.00,18.22,14153.00,999.00,17.37,1025.50,16.91,0.12
2026-06-06T05:10:09,1,3.86,29480.00,18.22,14153.00,999.00,17.55,1025.50,16.94,0.12
2026-06-06T05:10:09,1,3.86,29480.00,18.22,14153.00,999.00,17.73,1026.30,16.96,0.13
2026-06-06T05:10:10,1,3.85,29480.00,18.22,14153.00,999.00,17.88,1028.30,16.99,0.15
2026-06-06T05:10:10,1,3.85,29550.00,18.27,14188.00,999.00,18.01,1027.30,17.02,0.14
2026-06-06T05:10:10,1,3.87,29550.00,18.27,14188.00,999.00,18.14,1028.40,17.05,0.15
2026-06-06T05:10:10,1,3.89,29550.00,18.27,14188.00,999.00,18.24,1028.80,17.09,0.16
2026-06-06T05:10:10,1,3.85,29550.00,18.27,14188.00,999.00,18.34,1028.60,17.12,0.15
2026-06-06T05:10:11,1,3.85,29550.00,18.27,14188.00,999.00,18.42,1028.30,17.15,0.15
2026-06-06T05:10:11,1,3.86,29590.00,18.29,14203.00,999.00,18.50,1028.50,17.18,0.15
2026-06-06T05:10:11,1,3.88,29590.00,18.29,14203.00,999.00,18.57,1028.60,17.22,0.15
2026-06-06T05:10:11,1,3.87,29590.00,18.29,14203.00,999.00,18.62,1028.50,17.26,0.15
2026-06-06T05:10:11,1,3.88,29590.00,18.29,14203.00,999.00,18.68,1027.60,17.28,0.14
2026-06-06T05:10:12,1,3.86,29590.00,18.29,14203.00,999.00,18.72,1027.80,17.32,0.15
2026-06-06T05:10:12,1,3.90,29590.00,18.30,14205.00,999.00,18.76,1028.50,17.35,0.15
2026-06-06T05:10:12,1,3.90,29590.00,18.30,14205.00,999.00,18.79,1028.50,17.38,0.15
2026-06-06T05:10:12,1,3.88,29590.00,18.30,14205.00,999.00,18.82,1027.80,17.41,0.15
2026-06-06T05:10:12,1,3.88,29590.00,18.30,14205.00,999.00,18.85,1027.80,17.44,0.15
2026-06-06T05:10:13,1,3.86,29590.00,18.30,14205.00,999.00,18.89,1027.50,17.46,0.14
2026-06-06T05:10:13,1,3.87,29610.00,18.31,14216.00,999.00,18.91,1028.00,17.50,0.15
2026-06-06T05:10:13,1,3.90,29610.00,18.31,14216.00,999.00,18.93,1026.10,17.53,0.13
2026-06-06T05:10:13,1,3.88,29610.00,18.31,14216.00,999.00,18.93,1022.50,17.56,0.09
2026-06-06T05:10:14,1,3.89,29610.00,18.31,14216.00,999.00,18.94,1021.70,17.58,0.09
2026-06-06T05:10:14,1,3.84,29610.00,18.31,14216.00,999.00,18.96,1020.10,17.62,0.07
2026-06-06T05:10:14,1,3.86,29600.00,18.30,14210.00,999.00,18.97,1018.20,17.65,0.05
2026-06-06T05:10:14,1,3.90,29600.00,18.30,14210.00,999.00,18.98,1017.50,17.66,0.04
2026-06-06T05:10:14,1,3.86,29600.00,18.30,14210.00,999.00,18.99,1016.30,17.70,0.03
2026-06-06T05:10:15,1,3.88,29600.00,18.30,14210.00,999.00,19.00,1017.70,17.73,0.05
2026-06-06T05:10:15,1,3.90,29610.00,18.31,14214.00,999.00,19.00,1018.30,17.75,0.05
2026-06-06T05:10:15,1,3.90,29610.00,18.31,14214.00,999.00,19.01,1017.70,17.78,0.05
2026-06-06T05:10:15,1,3.86,29610.00,18.31,14214.00,999.00,19.01,1016.10,17.80,0.03
2026-06-06T05:10:15,1,3.86,29610.00,18.31,14214.00,999.00,19.01,1015.20,17.82,0.02
2026-06-06T05:10:16,1,3.87,29610.00,18.31,14214.00,999.00,19.02,1015.10,17.84,0.02
2026-06-06T05:10:16,1,3.89,29600.00,18.30,14209.00,999.00,19.02,1015.50,17.86,0.02
2026-06-06T05:10:16,1,3.86,29600.00,18.30,14209.00,999.00,19.02,1015.30,17.88,0.02
2026-06-06T05:10:16,1,3.88,29600.00,18.30,14209.00,999.00,19.02,1016.40,17.90,0.03
2026-06-06T05:10:16,1,3.86,29600.00,18.30,14209.00,999.00,19.03,1016.20,17.92,0.03
2026-06-06T05:10:17,1,3.88,29600.00,18.30,14209.00,999.00,19.03,1015.40,17.94,0.02
2026-06-06T05:10:17,1,3.86,29580.00,18.29,14203.00,999.00,19.04,1015.20,17.96,0.02
2026-06-06T05:10:17,1,3.88,29580.00,18.29,14203.00,999.00,19.04,1016.00,17.98,0.03
2026-06-06T05:10:17,1,3.88,29580.00,18.29,14203.00,999.00,19.05,1016.70,18.00,0.04
2026-06-06T05:10:17,1,3.88,29580.00,18.29,14203.00,999.00,19.05,1016.40,18.01,0.03
2026-06-06T05:10:18,1,3.87,29580.00,18.29,14203.00,999.00,19.06,1013.70,18.03,0.01
2026-06-06T05:10:18,1,3.88,29630.00,18.33,14226.00,999.00,19.06,1012.60,18.05,-0.00
2026-06-06T05:10:18,1,3.87,29630.00,18.33,14226.00,999.00,19.06,1013.40,18.06,0.00
2026-06-06T05:10:18,1,3.90,29630.00,18.33,14226.00,999.00,19.06,1013.10,18.08,0.00
2026-06-06T05:10:19,1,3.85,29630.00,18.33,14226.00,999.00,19.06,1012.50,18.10,-0.00
2026-06-06T05:10:19,1,3.85,29630.00,18.33,14226.00,999.00,19.06,1011.90,18.11,-0.01
2026-06-06T05:10:19,1,3.88,29620.00,18.32,14221.00,999.00,19.06,1013.00,18.13,0.00
2026-06-06T05:10:19,1,3.90,29620.00,18.32,14221.00,999.00,19.06,1013.70,18.14,0.01
2026-06-06T05:10:19,1,3.86,29620.00,18.32,14221.00,999.00,19.06,1013.20,18.15,0.00
2026-06-06T05:10:20,1,3.87,29620.00,18.32,14221.00,999.00,19.05,1012.20,18.17,-0.01
2026-06-06T05:10:20,1,3.88,29610.00,18.31,14216.00,999.00,19.05,1012.90,18.19,-0.00
2026-06-06T05:10:20,1,3.90,29610.00,18.31,14216.00,999.00,19.05,1013.30,18.20,0.00
2026-06-06T05:10:20,1,3.88,29610.00,18.31,14216.00,999.00,19.04,1013.50,18.21,0.00
2026-06-06T05:10:20,1,3.87,29610.00,18.31,14216.00,999.00,19.04,1012.70,18.23,-0.00
2026-06-06T05:10:21,1,3.85,29610.00,18.31,14216.00,999.00,19.04,1012.10,18.24,-0.01
2026-06-06T05:10:21,1,3.89,29590.00,18.30,14205.00,999.00,19.04,1013.30,18.25,0.00
2026-06-06T05:10:21,1,3.86,29590.00,18.30,14205.00,999.00,19.03,1013.90,18.26,0.01
2026-06-06T05:10:21,1,3.88,29590.00,18.30,14205.00,999.00,19.03,1014.10,18.27,0.01
2026-06-06T05:10:21,1,3.85,29590.00,18.30,14205.00,999.00,19.03,1013.60,18.28,0.01
2026-06-06T05:10:22,1,3.88,29590.00,18.30,14205.00,999.00,19.02,1012.60,18.30,-0.00
2026-06-06T05:10:22,1,3.90,29600.00,18.30,14208.00,999.00,19.02,1010.80,18.31,-0.02
2026-06-06T05:10:22,1,3.90,29600.00,18.30,14208.00,999.00,19.02,1012.70,18.33,-0.00
2026-06-06T05:10:22,1,3.90,29600.00,18.30,14208.00,999.00,19.02,1013.90,18.34,0.01
2026-06-06T05:10:22,1,3.86,29600.00,18.30,14208.00,999.00,19.02,1013.90,18.35,0.01
2026-06-06T05:10:23,1,3.86,29600.00,18.30,14208.00,999.00,19.03,1012.20,18.36,-0.01
2026-06-06T05:10:23,1,3.86,29610.00,18.31,14217.00,999.00,19.02,1011.90,18.37,-0.01
2026-06-06T05:10:23,1,3.87,29610.00,18.31,14217.00,999.00,19.03,1012.60,18.38,-0.00
2026-06-06T05:10:23,1,3.90,29610.00,18.31,14217.00,999.00,19.03,1013.70,18.39,0.01
2026-06-06T05:10:23,1,3.88,29610.00,18.31,14217.00,999.00,19.04,1014.40,18.40,0.01
2026-06-06T05:10:24,1,3.88,29610.00,18.31,14217.00,999.00,19.03,1013.50,18.40,0.00
2026-06-06T05:10:24,1,3.89,29620.00,18.32,14222.00,999.00,19.03,1012.30,18.42,-0.01
2026-06-06T05:10:24,1,3.86,29620.00,18.32,14222.00,999.00,19.03,1012.20,18.42,-0.01
2026-06-06T05:10:24,1,3.88,29620.00,18.32,14222.00,999.00,19.03,1012.00,18.43,-0.01
2026-06-06T05:10:24,1,3.85,29620.00,18.32,14222.00,999.00,19.03,1012.50,18.44,-0.00
2026-06-06T05:10:25,1,3.88,29620.00,18.32,14222.00,999.00,19.03,1012.40,18.45,-0.01
2026-06-06T05:10:25,1,3.86,29630.00,18.32,14224.00,999.00,19.03,1012.40,18.46,-0.01
2026-06-06T05:10:25,1,3.86,29630.00,18.32,14224.00,999.00,19.03,1012.80,18.47,-0.00
2026-06-06T05:10:25,1,3.90,29630.00,18.32,14224.00,999.00,19.03,1013.10,18.48,0.00
2026-06-06T05:10:25,1,3.88,29630.00,18.32,14224.00,999.00,19.03,1011.70,18.48,-0.01
2026-06-06T05:10:26,1,3.90,29650.00,18.33,14232.00,999.00,19.03,1013.30,18.48,0.00
2026-06-06T05:10:26,1,3.89,29650.00,18.33,14232.00,999.00,19.04,1013.30,18.50,0.00
2026-06-06T05:10:26,1,3.88,29650.00,18.33,14232.00,999.00,19.04,1013.70,18.51,0.01
2026-06-06T05:10:26,1,3.86,29650.00,18.33,14232.00,999.00,19.03,1013.90,18.51,0.01
2026-06-06T05:10:27,1,3.88,29650.00,18.33,14232.00,999.00,19.03,1013.20,18.51,0.00
2026-06-06T05:10:27,1,3.88,29640.00,18.33,14230.00,999.00,19.03,1013.30,18.53,0.00
2026-06-06T05:10:27,1,3.90,29640.00,18.33,14230.00,999.00,19.04,1016.90,18.54,0.04
2026-06-06T05:10:27,1,3.90,29640.00,18.33,14230.00,999.00,19.04,1020.00,18.54,0.07
2026-06-06T05:10:27,1,3.86,29640.00,18.33,14230.00,999.00,19.04,1022.00,18.55,0.09
2026-06-06T05:10:28,1,3.88,29640.00,18.33,14230.00,999.00,19.05,1022.60,18.55,0.10
2026-06-06T05:10:28,1,3.90,29650.00,18.34,14236.00,999.00,19.05,1024.50,18.56,0.11
2026-06-06T05:10:28,1,3.90,29650.00,18.34,14236.00,999.00,19.06,1027.40,18.57,0.14
2026-06-06T05:10:28,1,3.88,29650.00,18.34,14236.00,999.00,19.06,1030.40,18.57,0.17
2026-06-06T05:10:28,1,3.85,29650.00,18.34,14236.00,999.00,19.06,1032.40,18.58,0.19
2026-06-06T05:10:29,1,3.86,29650.00,18.34,14236.00,999.00,19.06,1033.50,18.59,0.20
2026-06-06T05:10:29,1,3.89,29660.00,18.34,14239.00,999.00,19.06,1034.50,18.59,0.21
2026-06-06T05:10:29,1,3.86,29660.00,18.34,14239.00,999.00,19.07,1036.60,18.60,0.23
2026-06-06T05:10:29,1,3.86,29660.00,18.34,14239.00,999.00,19.07,1038.90,18.60,0.26
2026-06-06T05:10:29,1,3.88,29660.00,18.34,14239.00,999.00,19.07,1040.60,18.61,0.27
2026-06-06T05:10:30,1,3.88,29680.00,18.36,14251.00,999.00,19.08,1042.40,18.62,0.29
2026-06-06T05:10:30,1,3.87,29680.00,18.36,14251.00,999.00,19.08,1044.50,18.62,0.31
2026-06-06T05:10:30,1,3.87,29680.00,18.36,14251.00,999.00,19.08,1046.30,18.63,0.33
2026-06-06T05:10:30,1,3.86,29680.00,18.36,14251.00,999.00,19.08,1048.10,18.63,0.35
2026-06-06T05:10:30,1,3.88,29680.00,18.36,14251.00,999.00,19.09,1050.00,18.64,0.37
2026-06-06T05:10:31,1,3.87,29680.00,18.36,14249.00,999.00,19.09,1050.30,18.65,0.37
2026-06-06T05:10:31,1,3.89,29680.00,18.36,14249.00,999.00,19.09,1051.00,18.65,0.38
2026-06-06T05:10:31,1,3.88,29680.00,18.36,14249.00,999.00,19.09,1053.20,18.66,0.40
2026-06-06T05:10:31,1,3.89,29680.00,18.36,14249.00,999.00,19.09,1054.10,18.66,0.41
2026-06-06T05:10:31,1,3.88,29680.00,18.36,14249.00,999.00,19.09,1053.60,18.67,0.40
2026-06-06T05:10:32,1,3.90,29680.00,18.36,14249.00,999.00,19.09,1051.60,18.67,0.38
2026-06-06T05:10:32,1,3.86,29680.00,18.36,14249.00,999.00,19.09,1049.80,18.68,0.36
2026-06-06T05:10:32,1,3.90,29680.00,18.36,14249.00,999.00,19.09,1049.00,18.68,0.36
2026-06-06T05:10:32,1,3.85,29680.00,18.36,14249.00,999.00,19.09,1044.80,18.68,0.32
2026-06-06T05:10:32,1,3.86,29680.00,18.36,14249.00,999.00,19.09,1043.10,18.69,0.30
2026-06-06T05:10:33,1,3.88,29690.00,18.36,14253.00,999.00,19.08,1041.50,18.70,0.28
2026-06-06T05:10:33,1,3.88,29690.00,18.36,14253.00,999.00,19.08,1040.70,18.70,0.27
2026-06-06T05:10:33,1,3.89,29690.00,18.36,14253.00,999.00,19.08,1039.90,18.71,0.27
2026-06-06T05:10:33,1,3.88,29690.00,18.36,14253.00,999.00,19.08,1040.60,18.71,0.27
2026-06-06T05:10:33,1,3.86,29690.00,18.36,14253.00,999.00,19.08,1042.20,18.71,0.29
2026-06-06T05:10:34,1,3.89,29680.00,18.36,14247.00,999.00,19.08,1041.60,18.72,0.28
2026-06-06T05:10:34,1,3.90,29680.00,18.36,14247.00,999.00,19.08,1041.70,18.72,0.28
2026-06-06T05:10:34,1,3.86,29680.00,18.36,14247.00,999.00,19.08,1040.20,18.73,0.27
2026-06-06T05:10:34,1,3.85,29680.00,18.36,14247.00,999.00,19.07,1035.40,18.73,0.22
2026-06-06T05:10:35,1,3.86,29680.00,18.36,14247.00,999.00,19.07,1027.80,18.73,0.15
2026-06-06T05:10:35,1,3.86,29660.00,18.35,14240.00,999.00,19.07,1021.70,18.74,0.09
2026-06-06T05:10:35,1,3.86,29660.00,18.35,14240.00,999.00,19.07,1016.60,18.74,0.04
2026-06-06T05:10:35,1,3.88,29660.00,18.35,14240.00,999.00,19.07,1011.70,18.74,-0.01
2026-06-06T05:10:35,1,3.87,29660.00,18.35,14240.00,999.00,19.07,1004.70,18.75,-0.08
2026-06-06T05:10:36,1,3.88,28870.00,17.81,13862.00,999.00,19.07,1005.10,18.75,-0.08
2026-06-06T05:10:36,1,3.89,28870.00,17.81,13862.00,999.00,19.06,1005.40,18.76,-0.08
2026-06-06T05:10:36,1,3.89,28870.00,17.81,13862.00,999.00,19.04,1005.00,18.76,-0.08
2026-06-06T05:10:36,1,3.83,28870.00,17.81,13862.00,999.00,18.97,1005.50,18.76,-0.07
2026-06-06T05:10:36,1,3.88,28870.00,17.81,13862.00,999.00,18.91,1005.70,18.77,-0.07
2026-06-06T05:10:37,1,3.88,27450.00,16.85,13176.00,999.00,18.85,1005.10,18.77,-0.08
2026-06-06T05:10:37,1,3.87,27450.00,16.85,13176.00,999.00,18.79,1005.60,18.77,-0.07
2026-06-06T05:10:37,1,3.90,27450.00,16.85,13176.00,999.00,18.73,1005.00,18.77,-0.08
2026-06-06T05:10:37,1,3.88,27450.00,16.85,13176.00,999.00,18.69,1005.40,18.78,-0.08
2026-06-06T05:10:37,1,3.86,27450.00,16.85,13176.00,999.00,18.65,1005.40,18.78,-0.08
2026-06-06T05:10:38,1,3.87,27450.00,16.85,13176.00,999.00,18.61,1005.50,18.78,-0.07
2026-06-06T05:10:38,1,3.88,27450.00,16.85,13176.00,999.00,18.55,1005.60,18.78,-0.07
2026-06-06T05:10:38,1,3.89,27450.00,16.85,13176.00,999.00,18.47,1005.10,18.78,-0.08
2026-06-06T05:10:38,1,3.88,27450.00,16.85,13176.00,999.00,18.40,1005.00,18.78,-0.08
2026-06-06T05:10:38,1,3.86,27450.00,16.85,13176.00,999.00,18.30,1005.50,18.78,-0.07
2026-06-06T05:10:39,1,3.87,27380.00,16.80,13147.00,999.00,18.17,1005.40,18.77,-0.08
2026-06-06T05:10:39,1,3.88,27380.00,16.80,13147.00,999.00,18.10,1005.60,18.77,-0.07
2026-06-06T05:10:39,1,3.85,27380.00,16.80,13147.00,999.00,18.03,1005.70,18.76,-0.07
2026-06-06T05:10:39,1,3.86,27380.00,16.80,13147.00,999.00,17.96,1005.70,18.77,-0.07
2026-06-06T05:10:40,1,3.89,27410.00,16.82,13160.00,999.00,17.89,1005.00,18.78,-0.08
2026-06-06T05:10:40,1,3.90,27410.00,16.82,13160.00,999.00,17.83,1005.20,18.77,-0.08
2026-06-06T05:10:40,1,3.88,27410.00,16.82,13160.00,999.00,17.79,1005.00,18.77,-0.08
2026-06-06T05:10:40,1,3.88,27410.00,16.82,13160.00,999.00,17.75,1005.40,18.76,-0.08
2026-06-06T05:10:40,1,3.85,27410.00,16.82,13160.00,999.00,17.72,1005.20,18.76,-0.08
2026-06-06T05:10:41,1,3.90,27480.00,16.87,13192.00,999.00,17.68,1005.20,18.76,-0.08
2026-06-06T05:10:41,1,3.90,27480.00,16.87,13192.00,999.00,17.64,1005.20,18.76,-0.08
2026-06-06T05:10:41,1,3.89,27480.00,16.87,13192.00,999.00,17.59,1005.60,18.75,-0.07
2026-06-06T05:10:41,1,3.85,27480.00,16.87,13192.00,999.00,17.54,1005.10,18.75,-0.08
2026-06-06T05:10:41,1,3.86,27480.00,16.87,13192.00,999.00,17.48,1005.10,18.74,-0.08
2026-06-06T05:10:42,1,3.89,27420.00,16.83,13165.00,999.00,17.43,1004.90,18.74,-0.08
2026-06-06T05:10:42,1,3.89,27420.00,16.83,13165.00,999.00,17.38,1005.10,18.74,-0.08
2026-06-06T05:10:42,1,3.86,27420.00,16.83,13165.00,999.00,17.33,1005.20,18.73,-0.08
2026-06-06T05:10:42,1,3.88,27420.00,16.83,13165.00,999.00,17.26,1004.90,18.73,-0.08
2026-06-06T05:10:42,1,3.86,27420.00,16.83,13165.00,999.00,17.16,1005.00,18.72,-0.08
2026-06-06T05:10:43,1,3.89,27440.00,16.84,13173.00,999.00,17.05,1005.20,18.72,-0.08
2026-06-06T05:10:43,1,3.88,27440.00,16.84,13173.00,999.00,16.96,1005.40,18.71,-0.08
2026-06-06T05:10:43,1,3.90,27440.00,16.84,13173.00,999.00,16.87,1005.40,18.71,-0.08
2026-06-06T05:10:43,1,3.87,27440.00,16.84,13173.00,999.00,16.82,1005.20,18.70,-0.08
2026-06-06T05:10:43,1,3.89,27440.00,16.84,13173.00,999.00,16.79,1005.70,18.69,-0.07
2026-06-06T05:10:44,1,3.87,27420.00,16.83,13163.00,999.00,16.76,1005.20,18.69,-0.08
2026-06-06T05:10:44,1,3.90,27420.00,16.83,13163.00,999.00,16.71,1005.50,18.68,-0.07
2026-06-06T05:10:44,1,3.89,27420.00,16.83,13163.00,999.00,16.68,1005.30,18.68,-0.08
2026-06-06T05:10:44,1,3.88,27420.00,16.83,13163.00,999.00,16.64,1005.40,18.67,-0.08
2026-06-06T05:10:44,1,3.88,27420.00,16.83,13163.00,999.00,16.61,1005.20,18.66,-0.08
2026-06-06T05:10:45,1,3.87,27370.00,16.80,13141.00,999.00,16.56,1005.30,18.65,-0.08
2026-06-06T05:10:45,1,3.86,27370.00,16.80,13141.00,999.00,16.50,1005.00,18.65,-0.08
2026-06-06T05:10:45,1,3.88,27370.00,16.80,13141.00,999.00,16.43,1005.20,18.64,-0.08
2026-06-06T05:10:45,1,3.88,27370.00,16.80,13141.00,999.00,16.39,1004.90,18.63,-0.08
2026-06-06T05:10:45,1,3.87,27560.00,16.92,13231.00,999.00,16.36,1005.50,18.63,-0.07
2026-06-06T05:10:46,1,3.88,27560.00,16.92,13231.00,999.00,16.60,1008.60,18.62,-0.04
2026-06-06T05:10:46,1,3.90,27560.00,16.92,13231.00,999.00,16.95,1011.90,18.61,-0.01
2026-06-06T05:10:46,1,3.83,27560.00,16.92,13231.00,999.00,17.25,1015.30,18.61,0.02
2026-06-06T05:10:46,1,3.88,27560.00,16.92,13231.00,999.00,17.48,1016.70,18.60,0.04
2026-06-06T05:10:46,1,3.88,29690.00,18.36,14253.00,999.00,17.67,1016.90,18.60,0.04
2026-06-06T05:10:47,1,3.90,29690.00,18.36,14253.00,999.00,17.84,1017.40,18.59,0.04
2026-06-06T05:10:47,1,3.86,29690.00,18.36,14253.00,999.00,17.99,1016.90,18.59,0.04
2026-06-06T05:10:47,1,3.85,29690.00,18.36,14253.00,999.00,18.11,1017.30,18.59,0.04
2026-06-06T05:10:47,1,3.88,29690.00,18.36,14253.00,999.00,18.23,1017.80,18.59,0.05
2026-06-06T05:10:47,1,3.90,29690.00,18.37,14255.00,999.00,18.31,1018.40,18.59,0.05
2026-06-06T05:10:48,1,3.89,29690.00,18.37,14255.00,999.00,18.39,1017.20,18.59,0.04
2026-06-06T05:10:48,1,3.87,29690.00,18.37,14255.00,999.00,18.47,1016.30,18.59,0.03
2026-06-06T05:10:48,1,3.87,29690.00,18.37,14255.00,999.00,18.53,1015.90,18.59,0.03
2026-06-06T05:10:48,1,3.85,29690.00,18.37,14255.00,999.00,18.60,1015.70,18.59,0.03
2026-06-06T05:10:48,1,3.89,29700.00,18.37,14256.00,999.00,18.66,1013.40,18.60,0.00
2026-06-06T05:10:49,1,3.86,29700.00,18.37,14256.00,999.00,18.71,1012.30,18.60,-0.01
2026-06-06T05:10:49,1,3.87,29700.00,18.37,14256.00,999.00,18.76,1013.20,18.60,0.00
2026-06-06T05:10:49,1,3.88,29700.00,18.37,14256.00,999.00,18.79,1013.60,18.61,0.01
2026-06-06T05:10:49,1,3.85,29700.00,18.37,14256.00,999.00,18.83,1012.60,18.61,-0.00
2026-06-06T05:10:50,1,3.87,29720.00,18.38,14267.00,999.00,18.86,1011.50,18.61,-0.01
2026-06-06T05:10:50,1,3.90,29720.00,18.38,14267.00,999.00,18.88,1012.50,18.62,-0.00
2026-06-06T05:10:50,1,3.90,29720.00,18.38,14267.00,999.00,18.91,1014.30,18.63,0.01
2026-06-06T05:10:50,1,3.88,29720.00,18.38,14267.00,999.00,18.93,1014.80,18.64,0.02
2026-06-06T05:10:50,1,3.85,29720.00,18.38,14267.00,999.00,18.95,1014.40,18.64,0.01
2026-06-06T05:10:51,1,3.87,29710.00,18.38,14263.00,999.00,18.96,1014.30,18.65,0.01
2026-06-06T05:10:51,1,3.88,29710.00,18.38,14263.00,999.00,18.99,1013.80,18.65,0.01
2026-06-06T05:10:51,1,3.89,29710.00,18.38,14263.00,999.00,19.00,1014.20,18.66,0.01
2026-06-06T05:10:51,1,3.86,29710.00,18.38,14263.00,999.00,19.00,1014.50,18.66,0.01
2026-06-06T05:10:51,1,3.89,29720.00,18.39,14268.00,999.00,19.01,1015.30,18.66,0.02
2026-06-06T05:10:52,1,3.89,29720.00,18.39,14268.00,999.00,19.02,1013.60,18.68,0.01
2026-06-06T05:10:52,1,3.90,29720.00,18.39,14268.00,999.00,19.03,1012.60,18.68,-0.00
2026-06-06T05:10:52,1,3.88,29720.00,18.39,14268.00,999.00,19.04,1013.20,18.69,0.00
2026-06-06T05:10:52,1,3.85,29720.00,18.39,14268.00,999.00,19.04,1013.70,18.70,0.01
2026-06-06T05:10:52,1,3.90,29690.00,18.36,14253.00,999.00,19.05,1012.90,18.70,-0.00
2026-06-06T05:10:53,1,3.86,29690.00,18.36,14253.00,999.00,19.04,1013.00,18.71,0.00
2026-06-06T05:10:53,1,3.86,29690.00,18.36,14253.00,999.00,19.05,1014.70,18.71,0.02
2026-06-06T05:10:53,1,3.88,29690.00,18.36,14253.00,999.00,19.05,1015.90,18.72,0.03
2026-06-06T05:10:53,1,3.87,29690.00,18.36,14253.00,999.00,19.05,1017.40,18.72,0.04
2026-06-06T05:10:53,1,3.88,29710.00,18.38,14263.00,999.00,19.05,1020.70,18.73,0.08
2026-06-06T05:10:54,1,3.88,29710.00,18.38,14263.00,999.00,19.05,1024.40,18.74,0.11
2026-06-06T05:10:54,1,3.86,29710.00,18.38,14263.00,999.00,19.06,1027.70,18.74,0.15
2026-06-06T05:10:54,1,3.87,29710.00,18.38,14263.00,999.00,19.06,1031.10,18.75,0.18
2026-06-06T05:10:54,1,3.85,29710.00,18.38,14265.00,999.00,19.06,1035.80,18.75,0.23
2026-06-06T05:10:55,1,3.88,29710.00,18.38,14265.00,999.00,19.06,1038.80,18.76,0.26
2026-06-06T05:10:55,1,3.90,29710.00,18.38,14265.00,999.00,19.06,1041.50,18.76,0.28
2026-06-06T05:10:55,1,3.88,29710.00,18.38,14265.00,999.00,19.06,1044.10,18.76,0.31
2026-06-06T05:10:55,1,3.86,29710.00,18.38,14265.00,999.00,19.06,1046.40,18.77,0.33
2026-06-06T05:10:55,1,3.86,29720.00,18.39,14269.00,999.00,19.07,1049.10,18.77,0.36
2026-06-06T05:10:56,1,3.88,29720.00,18.39,14269.00,999.00,19.07,1052.70,18.78,0.39
2026-06-06T05:10:56,1,3.90,29720.00,18.39,14269.00,999.00,19.07,1055.90,18.78,0.43
2026-06-06T05:10:56,1,3.88,29720.00,18.39,14269.00,999.00,19.07,1057.50,18.78,0.44
2026-06-06T05:10:56,1,3.87,29720.00,18.39,14269.00,999.00,19.08,1057.90,18.79,0.44
2026-06-06T05:10:56,1,3.91,29720.00,18.39,14268.00,999.00,19.07,1059.10,18.79,0.46
2026-06-06T05:10:57,1,3.90,29720.00,18.39,14268.00,999.00,19.08,1060.50,18.80,0.47
2026-06-06T05:10:57,1,3.89,29720.00,18.39,14268.00,999.00,19.08,1062.90,18.80,0.49
2026-06-06T05:10:57,1,3.88,29720.00,18.39,14268.00,999.00,19.07,1066.60,18.80,0.53
2026-06-06T05:10:57,1,3.85,29720.00,18.39,14268.00,999.00,19.08,1070.30,18.81,0.57
2026-06-06T05:10:57,1,3.86,29720.00,18.38,14267.00,999.00,19.08,1074.00,18.81,0.60
2026-06-06T05:10:58,1,3.90,29720.00,18.38,14267.00,999.00,19.08,1076.40,18.81,0.63
2026-06-06T05:10:58,1,3.90,29720.00,18.38,14267.00,999.00,19.08,1078.60,18.81,0.65
2026-06-06T05:10:58,1,3.88,29720.00,18.38,14267.00,999.00,19.08,1080.80,18.82,0.67
2026-06-06T05:10:58,1,3.85,29720.00,18.38,14267.00,999.00,19.09,1083.10,18.82,0.69
2026-06-06T05:10:58,1,3.90,29740.00,18.40,14279.00,999.00,19.09,1085.00,18.82,0.71
2026-06-06T05:10:59,1,3.90,29740.00,18.40,14279.00,999.00,19.09,1087.40,18.83,0.74
2026-06-06T05:10:59,1,3.85,29740.00,18.40,14279.00,999.00,19.09,1088.40,18.83,0.75
2026-06-06T05:10:59,1,3.85,29740.00,18.40,14279.00,999.00,19.09,1088.90,18.84,0.75
2026-06-06T05:10:59,1,3.85,29740.00,18.40,14279.00,999.00,19.09,1089.80,18.84,0.76
2026-06-06T05:10:59,1,3.90,29720.00,18.39,14269.00,999.00,19.09,1090.70,18.84,0.77
2026-06-06T05:11:00,1,3.88,29720.00,18.39,14269.00,999.00,19.09,1091.90,18.84,0.78
2026-06-06T05:11:00,1,3.86,29720.00,18.39,14269.00,999.00,19.08,1090.30,18.85,0.77
2026-06-06T05:11:00,1,3.86,29720.00,18.39,14269.00,999.00,19.08,1084.00,18.85,0.70
2026-06-06T05:11:00,1,3.86,29720.00,18.38,14267.00,999.00,19.08,1079.00,18.85,0.65
2026-06-06T05:11:00,1,3.90,29720.00,18.38,14267.00,999.00,19.09,1078.00,18.85,0.64
2026-06-06T05:11:01,1,3.88,29720.00,18.38,14267.00,999.00,19.09,1076.80,18.85,0.63
2026-06-06T05:11:01,1,3.85,29720.00,18.38,14267.00,999.00,19.08,1073.80,18.86,0.60
2026-06-06T05:11:01,1,3.87,29720.00,18.38,14267.00,999.00,19.09,1068.80,18.86,0.55
2026-06-06T05:11:01,1,3.88,29730.00,18.40,14275.00,999.00,19.08,1061.00,18.86,0.48
2026-06-06T05:11:01,1,3.89,29730.00,18.40,14275.00,999.00,19.08,1054.40,18.86,0.41
2026-06-06T05:11:02,1,3.88,29730.00,18.40,14275.00,999.00,19.08,1049.00,18.86,0.36
2026-06-06T05:11:02,1,3.88,29730.00,18.40,14275.00,999.00,19.08,1046.00,18.87,0.33
2026-06-06T05:11:02,1,3.88,29730.00,18.40,14275.00,999.00,19.08,1042.30,18.87,0.29
2026-06-06T05:11:02,1,3.89,29730.00,18.39,14274.00,999.00,19.08,1039.60,18.87,0.26
2026-06-06T05:11:02,1,3.88,29730.00,18.39,14274.00,999.00,19.08,1034.70,18.87,0.22
2026-06-06T05:11:03,1,3.89,29730.00,18.39,14274.00,999.00,19.08,1030.60,18.87,0.17
2026-06-06T05:11:03,1,3.85,29730.00,18.39,14274.00,999.00,19.08,1031.00,18.87,0.18
2026-06-06T05:11:03,1,3.88,29730.00,18.39,14274.00,999.00,19.08,1034.50,18.88,0.21
2026-06-06T05:11:03,1,3.85,29700.00,18.37,14259.00,999.00,19.07,1037.70,18.88,0.24
2026-06-06T05:11:03,1,3.87,29700.00,18.37,14259.00,999.00,19.07,1037.40,18.88,0.24
2026-06-06T05:11:04,1,3.89,29700.00,18.37,14259.00,999.00,19.07,1036.00,18.88,0.23
2026-06-06T05:11:04,1,3.85,29700.00,18.37,14259.00,999.00,19.08,1031.60,18.88,0.18
2026-06-06T05:11:04,1,3.88,29700.00,18.37,14259.00,999.00,19.07,1027.10,18.88,0.14
2026-06-06T05:11:04,1,3.86,29720.00,18.38,14266.00,999.00,19.07,1022.80,18.88,0.10
2026-06-06T05:11:05,1,3.90,29720.00,18.38,14266.00,999.00,19.07,1023.20,18.89,0.10
2026-06-06T05:11:05,1,3.85,29720.00,18.38,14266.00,999.00,19.07,1023.00,18.89,0.10
2026-06-06T05:11:05,1,3.88,29720.00,18.38,14266.00,999.00,19.07,1022.30,18.89,0.09
2026-06-06T05:11:05,1,3.89,29710.00,18.38,14263.00,999.00,19.06,1021.70,18.90,0.09
2026-06-06T05:11:05,1,3.89,29710.00,18.38,14263.00,999.00,19.06,1018.80,18.90,0.06
2026-06-06T05:11:06,1,3.87,29710.00,18.38,14263.00,999.00,19.07,1018.30,18.90,0.05
2026-06-06T05:11:06,1,3.88,29710.00,18.38,14263.00,999.00,19.06,1016.90,18.90,0.04
2026-06-06T05:11:06,1,3.85,29710.00,18.38,14263.00,999.00,19.06,1016.30,18.90,0.03
2026-06-06T05:11:06,1,3.90,29710.00,18.38,14262.00,999.00,19.06,1012.60,18.90,-0.00
2026-06-06T05:11:06,1,3.89,29710.00,18.38,14262.00,999.00,19.06,1006.70,18.90,-0.06
2026-06-06T05:11:07,1,3.87,29710.00,18.38,14262.00,999.00,19.06,1004.80,18.90,-0.08
2026-06-06T05:11:07,1,3.87,29710.00,18.38,14262.00,999.00,19.05,1005.10,18.90,-0.08
2026-06-06T05:11:07,1,3.88,29710.00,18.38,14262.00,999.00,19.00,1005.20,18.91,-0.08
2026-06-06T05:11:07,1,3.87,20530.00,12.27,9858.00,999.00,18.95,1005.20,18.91,-0.08
2026-06-06T05:11:07,1,3.86,20530.00,12.27,9858.00,999.00,18.89,1005.20,18.91,-0.08
2026-06-06T05:11:08,1,3.86,20530.00,12.27,9858.00,999.00,18.79,1005.30,18.91,-0.08
2026-06-06T05:11:08,1,3.87,20530.00,12.27,9858.00,999.00,18.70,1005.10,18.91,-0.08
2026-06-06T05:11:08,1,3.88,20530.00,12.27,9858.00,999.00,18.58,1005.30,18.91,-0.08
2026-06-06T05:11:08,1,3.86,19870.00,11.83,9538.00,999.00,18.46,1004.90,18.91,-0.08
2026-06-06T05:11:08,1,3.86,19870.00,11.83,9538.00,999.00,18.34,1005.00,18.90,-0.08
2026-06-06T05:11:09,1,3.86,19870.00,11.83,9538.00,999.00,18.21,1004.80,18.90,-0.08
2026-06-06T05:11:09,1,3.88,19870.00,11.83,9538.00,999.00,18.04,1005.10,18.90,-0.08
2026-06-06T05:11:09,1,3.89,19870.00,11.83,9538.00,999.00,17.90,1004.90,18.90,-0.08
2026-06-06T05:11:09,1,3.87,20310.00,12.12,9751.00,999.00,17.79,1005.20,18.90,-0.08
2026-06-06T05:11:09,1,3.89,20310.00,12.12,9751.00,999.00,17.67,1004.90,18.90,-0.08
2026-06-06T05:11:10,1,3.89,20310.00,12.12,9751.00,999.00,17.56,1004.10,18.89,-0.09
2026-06-06T05:11:10,1,3.85,20310.00,12.12,9751.00,999.00,17.46,1004.90,18.89,-0.08
2026-06-06T05:11:10,1,3.84,20210.00,12.06,9703.00,999.00,17.34,1004.70,18.89,-0.08
2026-06-06T05:11:10,1,3.90,20210.00,12.06,9703.00,999.00,17.24,1004.80,18.88,-0.08
2026-06-06T05:11:11,1,3.90,20210.00,12.06,9703.00,999.00,17.12,1005.20,18.88,-0.08
2026-06-06T05:11:11,1,3.85,20210.00,12.06,9703.00,999.00,17.02,1005.20,18.87,-0.08
2026-06-06T05:11:11,1,3.89,20210.00,12.06,9703.00,999.00,16.93,1005.30,18.87,-0.08
2026-06-06T05:11:11,1,3.89,19580.00,11.65,9401.00,999.00,16.85,1005.80,18.86,-0.07
2026-06-06T05:11:11,1,3.88,19580.00,11.65,9401.00,999.00,16.78,1005.00,18.85,-0.08
2026-06-06T05:11:12,1,3.89,19580.00,11.65,9401.00,999.00,16.71,1005.60,18.85,-0.07
2026-06-06T05:11:12,1,3.85,19580.00,11.65,9401.00,999.00,16.65,1005.00,18.84,-0.08
2026-06-06T05:11:12,1,3.86,19580.00,11.65,9401.00,999.00,16.59,1005.00,18.83,-0.08
2026-06-06T05:11:12,1,3.90,20170.00,12.03,9685.00,999.00,16.53,1005.30,18.83,-0.08
2026-06-06T05:11:12,1,3.89,20170.00,12.03,9685.00,999.00,16.46,1005.00,18.82,-0.08
2026-06-06T05:11:13,1,3.86,20170.00,12.03,9685.00,999.00,16.37,1004.90,18.81,-0.08
2026-06-06T05:11:13,1,3.86,20170.00,12.03,9685.00,999.00,16.27,1005.10,18.80,-0.08
2026-06-06T05:11:13,1,3.85,20170.00,12.03,9685.00,999.00,16.17,1004.60,18.79,-0.08
2026-06-06T05:11:13,1,3.88,20210.00,12.06,9703.00,999.00,16.08,1004.80,18.78,-0.08
2026-06-06T05:11:13,1,3.88,20210.00,12.06,9703.00,999.00,16.00,1005.10,18.77,-0.08
2026-06-06T05:11:14,1,3.88,20210.00,12.06,9703.00,999.00,15.93,1004.90,18.77,-0.08
2026-06-06T05:11:14,1,3.88,20210.00,12.06,9703.00,999.00,15.87,1004.80,18.76,-0.08
2026-06-06T05:11:14,1,3.85,20210.00,12.06,9703.00,999.00,15.82,1005.10,18.75,-0.08
2026-06-06T05:11:14,1,3.87,20130.00,12.00,9663.00,999.00,15.76,1004.80,18.74,-0.08
2026-06-06T05:11:14,1,3.87,20130.00,12.00,9663.00,999.00,15.71,1004.60,18.73,-0.08
2026-06-06T05:11:15,1,3.89,20130.00,12.00,9663.00,999.00,15.67,1004.50,18.72,-0.08
2026-06-06T05:11:15,1,3.85,20130.00,12.00,9663.00,999.00,15.60,1004.60,18.71,-0.08
2026-06-06T05:11:15,1,3.87,20130.00,12.00,9663.00,999.00,15.52,1004.90,18.70,-0.08
2026-06-06T05:11:15,1,3.84,19580.00,11.65,9401.00,999.00,15.44,1005.00,18.69,-0.08
2026-06-06T05:11:15,1,3.90,19580.00,11.65,9401.00,999.00,15.37,1004.90,18.68,-0.08
2026-06-06T05:11:16,1,3.86,19580.00,11.65,9401.00,999.00,15.33,1004.50,18.67,-0.08
2026-06-06T05:11:16,1,3.86,19580.00,11.65,9401.00,999.00,15.31,1004.80,18.66,-0.08
2026-06-06T05:11:16,1,3.83,19770.00,11.77,9492.00,999.00,15.28,1004.70,18.65,-0.08
2026-06-06T05:11:16,1,3.90,19770.00,11.77,9492.00,999.00,15.25,1004.80,18.63,-0.08
2026-06-06T05:11:16,1,3.88,19770.00,11.77,9492.00,999.00,15.23,1005.20,18.63,-0.08
2026-06-06T05:11:17,1,3.86,19770.00,11.77,9492.00,999.00,15.20,1004.60,18.62,-0.08
2026-06-06T05:11:17,1,3.86,19770.00,11.77,9492.00,999.00,15.17,1005.00,18.61,-0.08
2026-06-06T05:11:17,1,3.89,19980.00,11.90,9590.00,999.00,15.14,1004.80,18.60,-0.08
2026-06-06T05:11:17,1,3.90,19980.00,11.90,9590.00,999.00,15.09,1004.60,18.58,-0.08
2026-06-06T05:11:18,1,3.87,19980.00,11.90,9590.00,999.00,15.04,1004.60,18.58,-0.08
2026-06-06T05:11:18,1,3.87,19980.00,11.90,9590.00,999.00,15.01,1004.60,18.58,-0.08
2026-06-06T05:11:18,1,3.86,19980.00,11.90,9590.00,999.00,14.97,1005.10,18.56,-0.08
2026-06-06T05:11:18,1,3.90,13860.00,8.01,6657.00,999.00,14.94,1004.80,18.55,-0.08
2026-06-06T05:11:18,1,3.87,13860.00,8.01,6657.00,999.00,14.90,1004.90,18.55,-0.08
2026-06-06T05:11:19,1,3.89,13860.00,8.01,6657.00,999.00,14.88,1004.60,18.54,-0.08
2026-06-06T05:11:19,1,3.88,13860.00,8.01,6657.00,999.00,14.87,1005.00,18.53,-0.08
2026-06-06T05:11:19,1,3.85,13860.00,8.01,6657.00,999.00,14.86,1004.50,18.52,-0.08
2026-06-06T05:11:19,1,3.88,7593.00,4.19,3645.00,999.00,14.86,1005.00,18.51,-0.08
2026-06-06T05:11:19,1,3.90,7593.00,4.19,3645.00,999.00,14.84,1004.80,18.51,-0.08
2026-06-06T05:11:20,1,3.89,7593.00,4.19,3645.00,999.00,14.82,1005.30,18.50,-0.08
2026-06-06T05:11:20,1,3.88,7593.00,4.19,3645.00,999.00,14.80,1004.70,18.49,-0.08
2026-06-06T05:11:20,1,3.85,7116.00,3.91,3416.00,999.00,14.80,1004.90,18.48,-0.08
2026-06-06T05:11:20,1,3.87,7116.00,3.91,3416.00,999.00,14.79,1004.80,18.47,-0.08
2026-06-06T05:11:20,1,3.90,7116.00,3.91,3416.00,999.00,14.78,1004.80,18.47,-0.08
2026-06-06T05:11:21,1,3.88,7116.00,3.91,3416.00,999.00,14.76,1004.90,18.46,-0.08
2026-06-06T05:11:21,1,3.89,7116.00,3.91,3416.00,999.00,14.75,1004.90,18.45,-0.08
2026-06-06T05:11:21,1,3.89,7625.00,4.21,3660.00,999.00,14.74,1004.50,18.45,-0.08
2026-06-06T05:11:21,1,3.88,7625.00,4.21,3660.00,999.00,14.73,1004.70,18.43,-0.08
2026-06-06T05:11:21,1,3.87,7625.00,4.21,3660.00,999.00,14.73,1004.50,18.43,-0.08
2026-06-06T05:11:22,1,3.85,7625.00,4.21,3660.00,999.00,14.72,1004.70,18.42,-0.08
2026-06-06T05:11:22,1,3.86,7625.00,4.21,3660.00,999.00,14.71,1004.80,18.42,-0.08
2026-06-06T05:11:22,1,3.87,6960.00,3.81,3341.00,999.00,14.70,1004.90,18.41,-0.08
2026-06-06T05:11:22,1,3.88,6960.00,3.81,3341.00,999.00,14.68,1005.10,18.40,-0.08
2026-06-06T05:11:22,1,3.86,6960.00,3.81,3341.00,999.00,14.65,1004.40,18.40,-0.09
2026-06-06T05:11:23,1,3.86,6960.00,3.81,3341.00,999.00,14.62,1004.70,18.39,-0.08
2026-06-06T05:11:23,1,3.88,6960.00,3.81,3341.00,999.00,14.60,1004.70,18.38,-0.08
2026-06-06T05:11:23,1,3.90,7445.00,4.10,3574.00,999.00,14.58,1005.00,18.38,-0.08
2026-06-06T05:11:23,1,3.86,7445.00,4.10,3574.00,999.00,14.57,1004.80,18.37,-0.08
2026-06-06T05:11:23,1,3.87,7445.00,4.10,3574.00,999.00,14.55,1005.00,18.37,-0.08
2026-06-06T05:11:24,1,3.88,7445.00,4.10,3574.00,999.00,14.52,1004.60,18.36,-0.08
2026-06-06T05:11:24,1,3.88,7445.00,4.10,3574.00,999.00,14.49,1004.90,18.35,-0.08
2026-06-06T05:11:24,1,3.90,7061.00,3.87,3390.00,999.00,14.46,1004.70,18.34,-0.08
2026-06-06T05:11:24,1,3.90,7061.00,3.87,3390.00,999.00,14.44,1004.20,18.34,-0.09
2026-06-06T05:11:24,1,3.88,7061.00,3.87,3390.00,999.00,14.43,1004.70,18.33,-0.08
2026-06-06T05:11:25,1,3.88,7061.00,3.87,3390.00,999.00,14.42,1004.50,18.33,-0.08
2026-06-06T05:11:25,1,3.88,7061.00,3.87,3390.00,999.00,14.40,1005.00,18.32,-0.08
2026-06-06T05:11:25,1,3.86,7332.00,4.03,3520.00,999.00,14.39,1004.70,18.30,-0.08
2026-06-06T05:11:25,1,3.88,7332.00,4.03,3520.00,999.00,14.36,1004.90,18.30,-0.08
2026-06-06T05:11:25,1,3.90,7332.00,4.03,3520.00,999.00,14.35,1004.60,18.29,-0.08
2026-06-06T05:11:26,1,3.87,7332.00,4.03,3520.00,999.00,14.33,1004.30,18.29,-0.09
2026-06-06T05:11:26,1,3.86,7076.00,3.88,3397.00,999.00,14.32,1004.50,18.28,-0.08
2026-06-06T05:11:26,1,3.86,7076.00,3.88,3397.00,999.00,14.30,1004.60,18.28,-0.08
2026-06-06T05:11:26,1,3.90,7076.00,3.88,3397.00,999.00,14.28,1004.50,18.27,-0.08
2026-06-06T05:11:27,1,3.86,7076.00,3.88,3397.00,999.00,14.25,1004.30,18.26,-0.09
2026-06-06T05:11:27,1,3.87,7076.00,3.88,3397.00,999.00,14.23,1004.00,18.26,-0.09
2026-06-06T05:11:27,1,3.88,7077.00,3.88,3397.00,999.00,14.21,1004.10,18.25,-0.09
2026-06-06T05:11:27,1,3.88,7077.00,3.88,3397.00,999.00,14.18,1005.00,18.25,-0.08
2026-06-06T05:11:27,1,3.89,7077.00,3.88,3397.00,999.00,14.14,1005.00,18.24,-0.08
2026-06-06T05:11:28,1,3.85,7077.00,3.88,3397.00,999.00,14.11,1005.00,18.23,-0.08
2026-06-06T05:11:28,1,3.88,7077.00,3.88,3397.00,999.00,14.10,1004.60,18.23,-0.08
2026-06-06T05:11:28,1,3.86,7468.00,4.11,3585.00,999.00,14.08,1005.00,18.22,-0.08
2026-06-06T05:11:28,1,3.89,7468.00,4.11,3585.00,999.00,14.06,1005.10,18.21,-0.08
2026-06-06T05:11:28,1,3.88,7468.00,4.11,3585.00,999.00,14.05,1005.10,18.20,-0.08
2026-06-06T05:11:29,1,3.88,7468.00,4.11,3585.00,999.00,14.04,1004.90,18.20,-0.08
2026-06-06T05:11:29,1,3.88,7468.00,4.11,3585.00,999.00,14.02,1005.00,18.18,-0.08
2026-06-06T05:11:29,1,3.86,7331.00,4.03,3519.00,999.00,14.01,1005.00,18.18,-0.08
2026-06-06T05:11:29,1,3.90,7331.00,4.03,3519.00,999.00,13.98,1004.90,18.17,-0.08
2026-06-06T05:11:29,1,3.89,7331.00,4.03,3519.00,999.00,13.96,1005.20,18.17,-0.08
2026-06-06T05:11:30,1,3.85,7331.00,4.03,3519.00,999.00,13.92,1005.30,18.15,-0.08
2026-06-06T05:11:30,1,3.85,7331.00,4.03,3519.00,999.00,13.90,1005.10,18.15,-0.08
2026-06-06T05:11:30,1,3.86,6934.00,3.80,3328.00,999.00,13.87,1004.90,18.13,-0.08
2026-06-06T05:11:30,1,3.89,6934.00,3.80,3328.00,999.00,13.85,1004.90,18.13,-0.08
2026-06-06T05:11:30,1,3.86,6934.00,3.80,3328.00,999.00,13.86,1013.00,18.12,0.00
2026-06-06T05:11:31,1,3.86,6934.00,3.80,3328.00,999.00,14.43,1020.00,18.12,0.07
2026-06-06T05:11:31,1,3.88,24200.00,14.67,11617.00,999.00,15.09,1021.60,18.11,0.09
2026-06-06T05:11:31,1,3.89,24200.00,14.67,11617.00,999.00,15.67,1019.50,18.10,0.06
2026-06-06T05:11:31,1,3.86,24200.00,14.67,11617.00,999.00,16.11,1020.80,18.11,0.08
2026-06-06T05:11:32,1,3.88,24200.00,14.67,11617.00,999.00,16.47,1020.80,18.11,0.08
2026-06-06T05:11:32,1,3.88,24200.00,14.67,11617.00,999.00,16.78,1022.10,18.11,0.09
2026-06-06T05:11:32,1,3.88,29730.00,18.39,14272.00,999.00,17.05,1021.50,18.12,0.08
2026-06-06T05:11:32,1,3.88,29730.00,18.39,14272.00,999.00,17.30,1020.90,18.13,0.08
2026-06-06T05:11:32,1,3.86,29730.00,18.39,14272.00,999.00,17.51,1020.00,18.14,0.07
2026-06-06T05:11:33,1,3.85,29730.00,18.39,14272.00,999.00,17.70,1020.20,18.15,0.07
2026-06-06T05:11:33,1,3.88,29730.00,18.39,14272.00,999.00,17.88,1021.10,18.16,0.08
2026-06-06T05:11:33,1,3.87,29760.00,18.41,14288.00,999.00,18.03,1020.70,18.18,0.08
2026-06-06T05:11:33,1,3.86,29760.00,18.41,14288.00,999.00,18.15,1018.90,18.19,0.06
2026-06-06T05:11:33,1,3.89,29760.00,18.41,14288.00,999.00,18.27,1016.10,18.20,0.03
2026-06-06T05:11:34,1,3.87,29760.00,18.41,14288.00,999.00,18.37,1014.60,18.21,0.02
2026-06-06T05:11:34,1,3.86,29760.00,18.41,14288.00,999.00,18.44,1015.20,18.22,0.02
2026-06-06T05:11:34,1,3.88,29760.00,18.41,14286.00,999.00,18.52,1017.20,18.23,0.04
2026-06-06T05:11:34,1,3.90,29760.00,18.41,14286.00,999.00,18.58,1017.30,18.25,0.04
2026-06-06T05:11:34,1,3.90,29760.00,18.41,14286.00,999.00,18.63,1016.50,18.26,0.03
2026-06-06T05:11:35,1,3.86,29760.00,18.41,14286.00,999.00,18.67,1016.10,18.27,0.03
2026-06-06T05:11:35,1,3.88,29760.00,18.41,14286.00,999.00,18.71,1016.60,18.28,0.04
2026-06-06T05:11:35,1,3.86,29750.00,18.40,14281.00,999.00,18.74,1016.50,18.30,0.03
2026-06-06T05:11:35,1,3.88,29750.00,18.40,14281.00,999.00,18.78,1015.30,18.32,0.02
2026-06-06T05:11:35,1,3.89,29750.00,18.40,14281.00,999.00,18.81,1015.80,18.33,0.03
2026-06-06T05:11:36,1,3.87,29750.00,18.40,14281.00,999.00,18.84,1016.40,18.35,0.03
2026-06-06T05:11:36,1,3.84,29730.00,18.39,14272.00,999.00,18.86,1016.30,18.36,0.03
2026-06-06T05:11:36,1,3.87,29730.00,18.39,14272.00,999.00,18.88,1015.80,18.37,0.03
2026-06-06T05:11:36,1,3.89,29730.00,18.39,14272.00,999.00,18.91,1015.20,18.38,0.02
2026-06-06T05:11:36,1,3.85,29730.00,18.39,14272.00,999.00,18.92,1016.20,18.39,0.03
2026-06-06T05:11:37,1,3.88,29730.00,18.39,14272.00,999.00,18.93,1015.80,18.41,0.03
2026-06-06T05:11:37,1,3.86,29760.00,18.41,14289.00,999.00,18.95,1016.50,18.42,0.03
2026-06-06T05:11:37,1,3.90,29760.00,18.41,14289.00,999.00,18.97,1016.40,18.43,0.03
2026-06-06T05:11:37,1,3.89,29760.00,18.41,14289.00,999.00,18.98,1016.60,18.44,0.04
2026-06-06T05:11:37,1,3.86,29760.00,18.41,14289.00,999.00,18.98,1015.80,18.45,0.03
2026-06-06T05:11:38,1,3.88,29760.00,18.41,14289.00,999.00,19.00,1016.10,18.46,0.03
2026-06-06T05:11:38,1,3.87,29750.00,18.41,14284.00,999.00,19.00,1016.50,18.47,0.03
2026-06-06T05:11:38,1,3.90,29750.00,18.41,14284.00,999.00,19.00,1016.70,18.49,0.04
2026-06-06T05:11:38,1,3.90,29750.00,18.41,14284.00,999.00,19.01,1016.90,18.49,0.04
2026-06-06T05:11:38,1,3.85,29750.00,18.41,14284.00,999.00,19.01,1019.70,18.51,0.07
2026-06-06T05:11:39,1,3.86,29750.00,18.41,14284.00,999.00,19.02,1021.40,18.51,0.08
2026-06-06T05:11:39,1,3.90,29740.00,18.40,14279.00,999.00,19.02,1022.80,18.52,0.10
2026-06-06T05:11:39,1,3.90,29740.00,18.40,14279.00,999.00,19.02,1023.50,18.53,0.10
2026-06-06T05:11:39,1,3.90,29740.00,18.40,14279.00,999.00,19.02,1024.10,18.54,0.11
2026-06-06T05:11:39,1,3.86,29740.00,18.40,14279.00,999.00,19.02,1025.80,18.55,0.13
2026-06-06T05:11:40,1,3.86,29740.00,18.40,14279.00,999.00,19.02,1025.90,18.56,0.13
2026-06-06T05:11:40,1,3.89,29750.00,18.40,14282.00,999.00,19.03,1026.40,18.57,0.13
2026-06-06T05:11:40,1,3.86,29750.00,18.40,14282.00,999.00,19.02,1027.20,18.57,0.14
2026-06-06T05:11:40,1,3.90,29750.00,18.40,14282.00,999.00,19.03,1027.70,18.58,0.15
2026-06-06T05:11:40,1,3.88,29750.00,18.40,14282.00,999.00,19.03,1028.40,18.59,0.15
2026-06-06T05:11:41,1,3.88,29750.00,18.40,14282.00,999.00,19.03,1029.20,18.60,0.16
2026-06-06T05:11:41,1,3.86,29780.00,18.43,14299.00,999.00,19.04,1030.70,18.60,0.18
2026-06-06T05:11:41,1,3.86,29780.00,18.43,14299.00,999.00,19.05,1031.50,18.61,0.18
2026-06-06T05:11:41,1,3.88,29780.00,18.43,14299.00,999.00,19.05,1032.80,18.61,0.20
2026-06-06T05:11:42,1,3.87,29780.00,18.43,14299.00,999.00,19.05,1033.90,18.62,0.21
2026-06-06T05:11:42,1,3.87,29770.00,18.42,14294.00,999.00,19.05,1033.80,18.63,0.21
2026-06-06T05:11:42,1,3.88,29770.00,18.42,14294.00,999.00,19.05,1034.00,18.64,0.21
2026-06-06T05:11:42,1,3.88,29770.00,18.42,14294.00,999.00,19.06,1035.00,18.65,0.22
2026-06-06T05:11:42,1,3.86,29770.00,18.42,14294.00,999.00,19.06,1035.50,18.65,0.22
2026-06-06T05:11:43,1,3.86,29770.00,18.42,14294.00,999.00,19.06,1036.10,18.66,0.23
2026-06-06T05:11:43,1,3.90,29780.00,18.42,14295.00,999.00,19.06,1036.30,18.66,0.23
2026-06-06T05:11:43,1,3.89,29780.00,18.42,14295.00,999.00,19.06,1037.10,18.66,0.24
2026-06-06T05:11:43,1,3.87,29780.00,18.42,14295.00,999.00,19.06,1036.50,18.67,0.23
2026-06-06T05:11:43,1,3.88,29780.00,18.42,14295.00,999.00,19.06,1037.30,18.68,0.24
2026-06-06T05:11:44,1,3.88,29780.00,18.42,14295.00,999.00,19.06,1037.10,18.69,0.24
2026-06-06T05:11:44,1,3.89,29790.00,18.43,14302.00,999.00,19.06,1039.10,18.69,0.26
2026-06-06T05:11:44,1,3.89,29790.00,18.43,14302.00,999.00,19.06,1039.10,18.70,0.26
2026-06-06T05:11:44,1,3.89,29790.00,18.43,14302.00,999.00,19.06,1039.70,18.70,0.26
2026-06-06T05:11:44,1,3.85,29790.00,18.43,14302.00,999.00,19.06,1039.90,18.71,0.27
2026-06-06T05:11:45,1,3.88,29790.00,18.43,14302.00,999.00,19.07,1041.90,18.72,0.29
2026-06-06T05:11:45,1,3.90,29810.00,18.45,14311.00,999.00,19.06,1044.20,18.72,0.31
2026-06-06T05:11:45,1,3.88,29810.00,18.45,14311.00,999.00,19.07,1045.40,18.73,0.32
2026-06-06T05:11:45,1,3.86,29810.00,18.45,14311.00,999.00,19.07,1046.60,18.73,0.33
2026-06-06T05:11:45,1,3.87,29810.00,18.45,14311.00,999.00,19.06,1047.70,18.74,0.34
2026-06-06T05:11:46,1,3.87,29790.00,18.44,14304.00,999.00,19.06,1049.00,18.74,0.36
2026-06-06T05:11:46,1,3.89,29790.00,18.44,14304.00,999.00,19.06,1048.80,18.74,0.35
2026-06-06T05:11:46,1,3.86,29790.00,18.44,14304.00,999.00,19.07,1048.10,18.75,0.35
2026-06-06T05:11:46,1,3.85,29790.00,18.44,14304.00,999.00,19.06,1048.60,18.76,0.35
2026-06-06T05:11:46,1,3.85,29790.00,18.44,14304.00,999.00,19.07,1050.70,18.76,0.37
2026-06-06T05:11:47,1,3.89,29780.00,18.43,14297.00,999.00,19.06,1052.60,18.76,0.39
2026-06-06T05:11:47,1,3.88,29780.00,18.43,14297.00,999.00,19.06,1054.60,18.77,0.41
2026-06-06T05:11:47,1,3.91,29780.00,18.43,14297.00,999.00,19.06,1056.80,18.78,0.43
2026-06-06T05:11:47,1,3.86,29780.00,18.43,14297.00,999.00,19.06,1057.30,18.78,0.44
2026-06-06T05:11:48,1,3.88,29780.00,18.43,14297.00,999.00,19.06,1058.90,18.79,0.45
2026-06-06T05:11:48,1,3.90,29790.00,18.43,14302.00,999.00,19.06,1060.50,18.78,0.47
2026-06-06T05:11:48,1,3.88,29790.00,18.43,14302.00,999.00,19.06,1062.70,18.79,0.49
2026-06-06T05:11:48,1,3.88,29790.00,18.43,14302.00,999.00,19.06,1063.70,18.79,0.50
2026-06-06T05:11:48,1,3.86,29790.00,18.43,14302.00,999.00,19.06,1064.50,18.80,0.51
2026-06-06T05:11:49,1,3.87,29790.00,18.43,14302.00,999.00,19.06,1065.50,18.80,0.52
2026-06-06T05:11:49,1,3.87,29790.00,18.43,14300.00,999.00,19.06,1067.30,18.80,0.54
2026-06-06T05:11:49,1,3.88,29790.00,18.43,14300.00,999.00,19.06,1067.90,18.81,0.54
2026-06-06T05:11:49,1,3.88,29790.00,18.43,14300.00,999.00,19.06,1070.00,18.81,0.56
2026-06-06T05:11:49,1,3.85,29790.00,18.43,14300.00,999.00,19.06,1071.00,18.81,0.57
2026-06-06T05:11:50,1,3.87,29790.00,18.43,14300.00,999.00,19.06,1071.80,18.81,0.58
2026-06-06T05:11:50,1,3.88,29780.00,18.43,14299.00,999.00,19.06,1071.40,18.82,0.58
2026-06-06T05:11:50,1,3.86,29780.00,18.43,14299.00,999.00,19.06,1072.50,18.82,0.59
2026-06-06T05:11:50,1,3.86,29780.00,18.43,14299.00,999.00,19.06,1073.10,18.83,0.60
2026-06-06T05:11:50,1,3.87,29780.00,18.43,14299.00,999.00,19.06,1074.50,18.83,0.61
2026-06-06T05:11:51,1,3.88,29780.00,18.43,14299.00,999.00,19.06,1075.90,18.83,0.62
2026-06-06T05:11:51,1,3.86,29810.00,18.44,14310.00,999.00,19.06,1076.50,18.83,0.63
2026-06-06T05:11:51,1,3.88,29810.00,18.44,14310.00,999.00,19.07,1077.20,18.83,0.64
2026-06-06T05:11:51,1,3.88,29810.00,18.44,14310.00,999.00,19.07,1078.10,18.84,0.65
2026-06-06T05:11:51,1,3.88,29810.00,18.44,14310.00,999.00,19.07,1078.90,18.84,0.65
2026-06-06T05:11:52,1,3.87,29810.00,18.45,14312.00,999.00,19.07,1080.70,18.84,0.67
2026-06-06T05:11:52,1,3.86,29810.00,18.45,14312.00,999.00,19.07,1082.00,18.85,0.68
2026-06-06T05:11:52,1,3.89,29810.00,18.45,14312.00,999.00,19.07,1083.70,18.85,0.70
2026-06-06T05:11:52,1,3.86,29810.00,18.45,14312.00,999.00,19.07,1084.90,18.85,0.71
2026-06-06T05:11:52,1,3.85,29810.00,18.45,14312.00,999.00,19.07,1086.40,18.86,0.73
2026-06-06T05:11:53,1,3.88,29840.00,18.47,14325.00,999.00,19.08,1087.80,18.86,0.74
2026-06-06T05:11:53,1,3.86,29840.00,18.47,14325.00,999.00,19.08,1089.80,18.86,0.76
2026-06-06T05:11:53,1,3.89,29840.00,18.47,14325.00,999.00,19.08,1091.80,18.86,0.78
2026-06-06T05:11:53,1,3.83,29840.00,18.47,14325.00,999.00,19.08,1094.30,18.87,0.81
2026-06-06T05:11:53,1,3.85,29840.00,18.47,14325.00,999.00,19.08,1096.90,18.87,0.83
2026-06-06T05:11:54,1,3.88,29810.00,18.45,14310.00,999.00,19.08,1098.80,18.87,0.85
2026-06-06T05:11:54,1,3.89,29810.00,18.45,14310.00,999.00,19.07,1100.20,18.86,0.86
2026-06-06T05:11:54,1,3.88,29810.00,18.45,14310.00,999.00,19.07,1100.60,18.87,0.87
2026-06-06T05:11:54,1,3.86,29810.00,18.45,14310.00,999.00,19.07,1100.90,18.87,0.87
2026-06-06T05:11:54,1,3.86,29810.00,18.45,14310.00,999.00,19.07,1100.40,18.88,0.87
2026-06-06T05:11:55,1,3.90,29800.00,18.44,14308.00,999.00,19.07,1099.70,18.88,0.86
2026-06-06T05:11:55,1,3.88,29800.00,18.44,14308.00,999.00,19.07,1100.90,18.88,0.87
2026-06-06T05:11:55,1,3.88,29800.00,18.44,14308.00,999.00,19.07,1101.00,18.88,0.87
2026-06-06T05:11:55,1,3.85,29800.00,18.44,14308.00,999.00,19.07,1103.40,18.89,0.90
2026-06-06T05:11:56,1,3.88,29800.00,18.44,14308.00,999.00,19.07,1104.00,18.89,0.90
2026-06-06T05:11:56,1,3.89,29810.00,18.45,14310.00,999.00,19.07,1104.80,18.89,0.91
2026-06-06T05:11:56,1,3.88,29810.00,18.45,14310.00,999.00,19.07,1105.80,18.88,0.92
2026-06-06T05:11:56,1,3.86,29810.00,18.45,14310.00,999.00,19.07,1106.80,18.89,0.93
2026-06-06T05:11:56,1,3.87,29810.00,18.45,14310.00,999.00,19.07,1107.50,18.90,0.94
2026-06-06T05:11:57,1,3.86,29800.00,18.44,14308.00,999.00,19.07,1109.00,18.90,0.95
2026-06-06T05:11:57,1,3.90,29800.00,18.44,14308.00,999.00,19.07,1110.50,18.90,0.97
2026-06-06T05:11:57,1,3.89,29800.00,18.44,14308.00,999.00,19.07,1111.10,18.90,0.97
2026-06-06T05:11:57,1,3.86,29800.00,18.44,14308.00,999.00,19.07,1112.20,18.91,0.98
2026-06-06T05:11:57,1,3.88,29800.00,18.44,14308.00,999.00,19.07,1113.80,18.91,1.00
2026-06-06T05:11:58,1,3.85,29830.00,18.46,14320.00,999.00,19.07,1113.60,18.91,1.00
2026-06-06T05:11:58,1,3.88,29830.00,18.46,14320.00,999.00,19.08,1114.90,18.91,1.01
2026-06-06T05:11:58,1,3.88,29830.00,18.46,14320.00,999.00,19.07,1114.30,18.91,1.00
2026-06-06T05:11:58,1,3.88,29830.00,18.46,14320.00,999.00,19.08,1113.70,18.91,1.00
2026-06-06T05:11:58,1,3.85,29830.00,18.46,14320.00,999.00,19.07,1113.00,18.92,0.99
2026-06-06T05:11:59,1,3.88,29820.00,18.45,14316.00,999.00,19.07,1114.20,18.92,1.00
2026-06-06T05:11:59,1,3.88,29820.00,18.45,14316.00,999.00,19.07,1115.80,18.92,1.02
2026-06-06T05:11:59,1,3.88,29820.00,18.45,14316.00,999.00,19.07,1118.70,18.92,1.05
2026-06-06T05:11:59,1,3.85,29820.00,18.45,14316.00,999.00,19.07,1120.20,18.92,1.06
2026-06-06T05:11:59,1,3.85,29820.00,18.45,14316.00,999.00,19.07,1119.00,18.92,1.05
2026-06-06T05:12:00,1,3.89,29830.00,18.46,14319.00,999.00,19.07,1117.30,18.93,1.03
2026-06-06T05:12:00,1,3.86,29830.00,18.46,14319.00,999.00,19.07,1117.60,18.93,1.04
2026-06-06T05:12:00,1,3.88,29830.00,18.46,14319.00,999.00,19.07,1118.40,18.93,1.04
2026-06-06T05:12:00,1,3.85,29830.00,18.46,14319.00,999.00,19.07,1120.90,18.93,1.07
2026-06-06T05:12:00,1,3.87,29860.00,18.48,14334.00,999.00,19.07,1122.50,18.93,1.09
2026-06-06T05:12:01,1,3.86,29860.00,18.48,14334.00,999.00,19.07,1123.80,18.93,1.10
2026-06-06T05:12:01,1,3.86,29860.00,18.48,14334.00,999.00,19.07,1125.10,18.93,1.11
2026-06-06T05:12:01,1,3.86,29860.00,18.48,14334.00,999.00,19.07,1128.00,18.94,1.14
2026-06-06T05:12:01,1,3.87,29860.00,18.48,14334.00,999.00,19.08,1129.40,18.94,1.15
2026-06-06T05:12:01,1,3.85,29890.00,18.50,14350.00,999.00,19.08,1132.10,18.94,1.18
2026-06-06T05:12:02,1,3.88,29890.00,18.50,14350.00,999.00,19.08,1136.40,18.94,1.22
2026-06-06T05:12:02,1,3.90,29890.00,18.50,14350.00,999.00,19.08,1138.70,18.94,1.25
2026-06-06T05:12:02,1,3.88,29890.00,18.50,14350.00,999.00,19.09,1140.40,18.94,1.26
2026-06-06T05:12:02,1,3.85,29890.00,18.50,14350.00,999.00,19.09,1140.90,18.94,1.27
2026-06-06T05:12:03,1,3.89,30000.00,18.58,14403.00,999.00,19.10,1140.10,18.95,1.26
2026-06-06T05:12:03,1,3.86,30000.00,18.58,14403.00,999.00,19.10,1141.10,18.95,1.27
2026-06-06T05:12:03,1,3.89,30000.00,18.58,14403.00,999.00,19.10,1141.90,18.95,1.28
2026-06-06T05:12:03,1,3.86,30000.00,18.58,14403.00,999.00,19.11,1141.70,18.95,1.28
2026-06-06T05:12:03,1,3.86,30000.00,18.58,14403.00,999.00,19.11,1144.10,18.95,1.30
2026-06-06T05:12:04,1,3.88,30000.00,18.57,14401.00,999.00,19.11,1143.70,18.95,1.30
2026-06-06T05:12:04,1,3.88,30000.00,18.57,14401.00,999.00,19.11,1144.70,18.96,1.31
2026-06-06T05:12:04,1,3.88,30000.00,18.57,14401.00,999.00,19.12,1145.20,18.95,1.31
2026-06-06T05:12:04,1,3.88,30000.00,18.57,14401.00,999.00,19.12,1146.00,18.96,1.32
2026-06-06T05:12:04,1,3.87,30000.00,18.57,14401.00,999.00,19.12,1146.30,18.96,1.32
2026-06-06T05:12:05,1,3.87,30040.00,18.60,14420.00,999.00,19.12,1147.20,18.96,1.33
2026-06-06T05:12:05,1,3.89,30040.00,18.60,14420.00,999.00,19.12,1146.90,18.96,1.33
2026-06-06T05:12:05,1,3.86,30040.00,18.60,14420.00,999.00,19.13,1146.60,18.97,1.32
2026-06-06T05:12:05,1,3.87,30040.00,18.60,14420.00,999.00,19.13,1147.90,18.97,1.34
2026-06-06T05:12:05,1,3.85,30040.00,18.60,14420.00,999.00,19.13,1150.20,18.97,1.36
2026-06-06T05:12:06,1,3.87,30050.00,18.61,14426.00,999.00,19.13,1152.10,18.97,1.38
2026-06-06T05:12:06,1,3.91,30050.00,18.61,14426.00,999.00,19.13,1153.60,18.97,1.39
2026-06-06T05:12:06,1,3.88,30050.00,18.61,14426.00,999.00,19.13,1155.60,18.98,1.41
2026-06-06T05:12:06,1,3.88,30050.00,18.61,14426.00,999.00,19.13,1156.40,18.98,1.42
2026-06-06T05:12:06,1,3.89,30030.00,18.60,14418.00,999.00,19.13,1157.00,18.97,1.43
2026-06-06T05:12:07,1,3.89,30030.00,18.60,14418.00,999.00,19.13,1157.70,18.97,1.43
2026-06-06T05:12:07,1,3.89,30030.00,18.60,14418.00,999.00,19.13,1159.60,18.98,1.45
2026-06-06T05:12:07,1,3.88,30030.00,18.60,14418.00,999.00,19.13,1160.20,18.98,1.46
2026-06-06T05:12:07,1,3.88,30030.00,18.60,14418.00,999.00,19.13,1160.90,18.98,1.47
2026-06-06T05:12:07,1,3.87,30060.00,18.62,14433.00,999.00,19.13,1161.70,18.99,1.47
2026-06-06T05:12:08,1,3.90,30060.00,18.62,14433.00,999.00,19.13,1163.30,18.99,1.49
2026-06-06T05:12:08,1,3.87,30060.00,18.62,14433.00,999.00,19.13,1162.20,18.99,1.48
2026-06-06T05:12:08,1,3.88,30060.00,18.62,14433.00,999.00,19.13,1164.40,18.99,1.50
2026-06-06T05:12:08,1,3.86,30060.00,18.62,14433.00,999.00,19.13,1166.00,18.99,1.52
2026-06-06T05:12:08,1,3.88,30120.00,18.66,14459.00,999.00,19.13,1167.30,18.99,1.53
2026-06-06T05:12:09,1,3.90,30120.00,18.66,14459.00,999.00,19.13,1170.50,18.98,1.56
2026-06-06T05:12:09,1,3.88,30120.00,18.66,14459.00,999.00,19.13,1172.40,19.00,1.58
2026-06-06T05:12:09,1,3.85,30120.00,18.66,14459.00,999.00,19.13,1173.50,19.00,1.59
2026-06-06T05:12:09,1,3.85,30120.00,18.66,14459.00,999.00,19.13,1173.50,19.00,1.59
2026-06-06T05:12:10,1,3.86,30140.00,18.67,14467.00,999.00,19.13,1174.50,19.00,1.60
2026-06-06T05:12:10,1,3.89,30140.00,18.67,14467.00,999.00,19.13,1175.90,19.00,1.61
2026-06-06T05:12:10,1,3.89,30140.00,18.67,14467.00,999.00,19.14,1178.20,19.00,1.64
2026-06-06T05:12:10,1,3.85,30140.00,18.67,14467.00,999.00,19.13,1180.30,19.01,1.66
2026-06-06T05:12:10,1,3.86,30030.00,18.59,14414.00,999.00,19.14,1182.90,19.01,1.68
2026-06-06T05:12:11,1,3.88,30030.00,18.59,14414.00,999.00,19.13,1184.80,19.01,1.70
2026-06-06T05:12:11,1,3.89,30030.00,18.59,14414.00,999.00,19.13,1185.60,19.01,1.71
2026-06-06T05:12:11,1,3.87,30030.00,18.59,14414.00,999.00,19.13,1186.70,19.01,1.72
2026-06-06T05:12:11,1,3.88,30030.00,18.59,14414.00,999.00,19.13,1187.70,19.01,1.73
2026-06-06T05:12:11,1,3.87,29990.00,18.57,14400.00,999.00,19.13,1188.70,19.01,1.74
2026-06-06T05:12:12,1,3.90,29990.00,18.57,14400.00,999.00,19.13,1190.30,19.02,1.76
2026-06-06T05:12:12,1,3.90,29990.00,18.57,14400.00,999.00,19.13,1192.30,19.02,1.78
2026-06-06T05:12:12,1,3.87,29990.00,18.57,14400.00,999.00,19.13,1195.30,19.02,1.81
2026-06-06T05:12:12,1,3.86,29990.00,18.57,14400.00,999.00,19.13,1198.90,19.02,1.84
2026-06-06T05:12:12,1,3.88,30180.00,18.70,14488.00,999.00,19.13,1201.20,19.02,1.87
2026-06-06T05:12:13,1,3.90,30180.00,18.70,14488.00,999.00,19.13,1202.30,19.02,1.88
2026-06-06T05:12:13,1,3.85,30180.00,18.70,14488.00,999.00,19.14,1204.10,19.02,1.89
2026-06-06T05:12:13,1,3.85,30180.00,18.70,14488.00,999.00,19.13,1205.40,19.02,1.91
2026-06-06T05:12:13,1,3.85,30180.00,18.70,14488.00,999.00,19.13,1207.10,19.03,1.92
2026-06-06T05:12:13,1,3.90,30210.00,18.72,14505.00,999.00,19.14,1208.40,19.03,1.94
2026-06-06T05:12:14,1,3.89,30210.00,18.72,14505.00,999.00,19.14,1209.70,19.03,1.95
2026-06-06T05:12:14,1,3.88,30210.00,18.72,14505.00,999.00,19.14,1210.70,19.03,1.96
2026-06-06T05:12:14,1,3.88,30210.00,18.72,14505.00,999.00,19.14,1211.90,19.03,1.97
2026-06-06T05:12:14,1,3.88,30210.00,18.72,14505.00,999.00,19.14,1213.50,19.03,1.99
2026-06-06T05:12:14,1,3.89,30220.00,18.73,14508.00,999.00,19.14,1214.80,19.03,2.00
2026-06-06T05:12:15,1,3.88,30220.00,18.73,14508.00,999.00,19.14,1216.20,19.03,2.01
2026-06-06T05:12:15,1,3.87,30220.00,18.73,14508.00,999.00,19.14,1216.70,19.04,2.02
2026-06-06T05:12:15,1,3.85,30220.00,18.73,14508.00,999.00,19.14,1219.10,19.03,2.04
2026-06-06T05:12:15,1,3.87,30220.00,18.73,14508.00,999.00,19.14,1220.30,19.03,2.05
2026-06-06T05:12:15,1,3.88,30250.00,18.75,14524.00,999.00,19.14,1222.50,19.04,2.08
2026-06-06T05:12:16,1,3.84,30250.00,18.75,14524.00,999.00,19.13,1223.50,19.04,2.09
2026-06-06T05:12:16,1,3.87,30250.00,18.75,14524.00,999.00,19.14,1225.00,19.04,2.10
2026-06-06T05:12:16,1,3.85,30250.00,18.75,14524.00,999.00,19.14,1224.10,19.04,2.09
2026-06-06T05:12:16,1,3.88,30240.00,18.74,14516.00,999.00,19.14,1226.10,19.04,2.11
2026-06-06T05:12:16,1,3.88,30240.00,18.74,14516.00,999.00,19.14,1227.50,19.04,2.13
2026-06-06T05:12:17,1,3.88,30240.00,18.74,14516.00,999.00,19.14,1230.10,19.04,2.15
2026-06-06T05:12:17,1,3.86,30240.00,18.74,14516.00,999.00,19.15,1233.00,19.04,2.18
2026-06-06T05:12:17,1,3.88,30240.00,18.74,14516.00,999.00,19.15,1235.50,19.04,2.20
2026-06-06T05:12:17,1,3.86,30220.00,18.73,14508.00,999.00,19.14,1237.80,19.04,2.23
2026-06-06T05:12:17,1,3.85,30220.00,18.73,14508.00,999.00,19.14,1240.10,19.05,2.25
2026-06-06T05:12:18,1,3.88,30220.00,18.73,14508.00,999.00,19.14,1242.40,19.05,2.27
2026-06-06T05:12:18,1,3.85,30220.00,18.73,14508.00,999.00,19.14,1244.80,19.05,2.30
2026-06-06T05:12:18,1,3.86,30220.00,18.73,14508.00,999.00,19.14,1247.10,19.05,2.32
2026-06-06T05:12:18,1,3.86,30200.00,18.71,14499.00,999.00,19.14,1247.80,19.05,2.33
2026-06-06T05:12:19,1,3.90,30200.00,18.71,14499.00,999.00,19.14,1248.60,19.05,2.33
2026-06-06T05:12:19,1,3.87,30200.00,18.71,14499.00,999.00,19.14,1250.50,19.05,2.35
2026-06-06T05:12:19,1,3.87,30200.00,18.71,14499.00,999.00,19.14,1252.00,19.04,2.37
2026-06-06T05:12:19,1,3.85,30200.00,18.71,14499.00,999.00,19.14,1254.10,19.05,2.39
2026-06-06T05:12:19,1,3.88,30270.00,18.76,14533.00,999.00,19.15,1256.90,19.05,2.42
2026-06-06T05:12:20,1,3.88,30270.00,18.76,14533.00,999.00,19.15,1258.00,19.05,2.43
2026-06-06T05:12:20,1,3.90,30270.00,18.76,14533.00,999.00,19.15,1261.20,19.05,2.46
2026-06-06T05:12:20,1,3.85,30270.00,18.76,14533.00,999.00,19.15,1263.70,19.05,2.48
2026-06-06T05:12:20,1,3.85,30270.00,18.76,14533.00,999.00,19.15,1266.60,19.06,2.51
2026-06-06T05:12:20,1,3.88,30240.00,18.74,14519.00,999.00,19.15,1269.70,19.06,2.54
2026-06-06T05:12:21,1,3.90,30240.00,18.74,14519.00,999.00,19.15,1272.10,19.06,2.57
2026-06-06T05:12:21,1,3.88,30240.00,18.74,14519.00,999.00,19.15,1273.30,19.06,2.58
2026-06-06T05:12:21,1,3.86,30240.00,18.74,14519.00,999.00,19.15,1274.40,19.06,2.59
2026-06-06T05:12:21,1,3.85,30300.00,18.78,14549.00,999.00,19.15,1274.20,19.06,2.59
2026-06-06T05:12:21,1,3.90,30300.00,18.78,14549.00,999.00,19.15,1275.70,19.06,2.60
2026-06-06T05:12:22,1,3.89,30300.00,18.78,14549.00,999.00,19.15,1278.00,19.05,2.63
2026-06-06T05:12:22,1,3.85,30300.00,18.78,14549.00,999.00,19.15,1280.40,19.06,2.65
2026-06-06T05:12:22,1,3.87,30300.00,18.78,14549.00,999.00,19.15,1282.30,19.06,2.67
2026-06-06T05:12:22,1,3.89,30300.00,18.78,14544.00,999.00,19.15,1284.30,19.06,2.69
2026-06-06T05:12:22,1,3.89,30300.00,18.78,14544.00,999.00,19.15,1285.00,19.06,2.70
2026-06-06T05:12:23,1,3.88,30300.00,18.78,14544.00,999.00,19.15,1284.40,19.06,2.69
2026-06-06T05:12:23,1,3.85,30300.00,18.78,14544.00,999.00,19.15,1286.20,19.07,2.71
2026-06-06T05:12:23,1,3.88,30300.00,18.78,14544.00,999.00,19.15,1288.20,19.07,2.73
2026-06-06T05:12:23,1,3.88,30370.00,18.82,14578.00,999.00,19.16,1290.60,19.07,2.75
2026-06-06T05:12:24,1,3.89,30370.00,18.82,14578.00,999.00,19.15,1292.80,19.07,2.77
2026-06-06T05:12:24,1,3.88,30370.00,18.82,14578.00,999.00,19.16,1294.70,19.07,2.79
2026-06-06T05:12:24,1,3.84,30370.00,18.82,14578.00,999.00,19.16,1296.00,19.07,2.80
2026-06-06T05:12:24,1,3.86,30370.00,18.82,14578.00,999.00,19.16,1297.00,19.07,2.81
2026-06-06T05:12:24,1,3.88,30390.00,18.84,14588.00,999.00,19.16,1298.60,19.07,2.83
2026-06-06T05:12:25,1,3.86,30390.00,18.84,14588.00,999.00,19.16,1300.60,19.07,2.85
2026-06-06T05:12:25,1,3.88,30390.00,18.84,14588.00,999.00,19.16,1302.20,19.07,2.87
2026-06-06T05:12:25,1,3.85,30390.00,18.84,14588.00,999.00,19.16,1303.60,19.07,2.88
2026-06-06T05:12:25,1,3.86,30390.00,18.84,14588.00,999.00,19.16,1305.20,19.08,2.90
2026-06-06T05:12:25,1,3.88,30390.00,18.84,14590.00,999.00,19.16,1307.20,19.08,2.92
2026-06-06T05:12:26,1,3.87,30390.00,18.84,14590.00,999.00,19.16,1310.90,19.08,2.95
2026-06-06T05:12:26,1,3.85,30390.00,18.84,14590.00,999.00,19.16,1314.30,19.08,2.99
2026-06-06T05:12:26,1,3.86,30390.00,18.84,14590.00,999.00,19.16,1317.70,19.08,3.02
2026-06-06T05:12:26,1,3.85,30450.00,18.89,14620.00,999.00,19.16,1320.30,19.08,3.05
2026-06-06T05:12:26,1,3.90,30450.00,18.89,14620.00,999.00,19.16,1322.70,19.08,3.07
2026-06-06T05:12:27,1,3.87,30450.00,18.89,14620.00,999.00,19.15,1324.30,19.08,3.08
2026-06-06T05:12:27,1,3.88,30450.00,18.89,14620.00,999.00,19.16,1326.40,19.08,3.11
2026-06-06T05:12:27,1,3.86,30450.00,18.89,14620.00,999.00,19.16,1327.40,19.08,3.12
2026-06-06T05:12:27,1,3.90,30510.00,18.92,14647.00,999.00,19.16,1328.80,19.08,3.13
2026-06-06T05:12:27,1,3.89,30510.00,18.92,14647.00,999.00,19.16,1330.80,19.08,3.15
2026-06-06T05:12:28,1,3.88,30510.00,18.92,14647.00,999.00,19.15,1333.30,19.08,3.17
2026-06-06T05:12:28,1,3.88,30510.00,18.92,14647.00,999.00,19.16,1336.70,19.08,3.21
2026-06-06T05:12:28,1,3.88,30510.00,18.92,14647.00,999.00,19.16,1339.50,19.08,3.24
2026-06-06T05:12:28,1,3.88,30530.00,18.94,14659.00,999.00,19.16,1341.60,19.08,3.26
2026-06-06T05:12:28,1,3.86,30530.00,18.94,14659.00,999.00,19.15,1343.20,19.08,3.27
2026-06-06T05:12:29,1,3.86,30530.00,18.94,14659.00,999.00,19.15,1344.70,19.09,3.29
2026-06-06T05:12:29,1,3.86,30530.00,18.94,14659.00,999.00,19.16,1347.00,19.09,3.31
2026-06-06T05:12:29,1,3.88,30530.00,18.94,14659.00,999.00,19.15,1350.60,19.08,3.35
2026-06-06T05:12:29,1,3.89,30550.00,18.95,14668.00,999.00,19.16,1354.50,19.09,3.38
2026-06-06T05:12:29,1,3.86,30550.00,18.95,14668.00,999.00,19.16,1357.10,19.09,3.41
2026-06-06T05:12:30,1,3.88,30550.00,18.95,14668.00,999.00,19.16,1359.70,19.09,3.44
2026-06-06T05:12:30,1,3.88,30550.00,18.95,14668.00,999.00,19.16,1362.10,19.09,3.46
2026-06-06T05:12:30,1,3.88,30550.00,18.95,14668.00,999.00,19.16,1364.80,19.09,3.49
2026-06-06T05:12:30,1,3.86,30580.00,18.97,14679.00,999.00,19.16,1367.60,19.09,3.51
2026-06-06T05:12:30,1,3.86,30580.00,18.97,14679.00,999.00,19.15,1370.60,19.09,3.54
2026-06-06T05:12:31,1,3.88,30580.00,18.97,14679.00,999.00,19.15,1372.30,19.09,3.56
2026-06-06T05:12:31,1,3.88,30580.00,18.97,14679.00,999.00,19.15,1373.40,19.09,3.57
2026-06-06T05:12:31,1,3.88,30580.00,18.97,14679.00,999.00,19.15,1373.90,19.09,3.58
2026-06-06T05:12:31,1,3.89,30570.00,18.97,14678.00,999.00,19.16,1375.50,19.09,3.59
2026-06-06T05:12:32,1,3.88,30570.00,18.97,14678.00,999.00,19.15,1379.20,19.09,3.63
2026-06-06T05:12:32,1,3.87,30570.00,18.97,14678.00,999.00,19.16,1382.70,19.09,3.66
2026-06-06T05:12:32,1,3.87,30570.00,18.97,14678.00,999.00,19.16,1385.20,19.09,3.69
2026-06-06T05:12:32,1,3.88,30600.00,18.99,14692.00,999.00,19.15,1388.90,19.09,3.73
2026-06-06T05:12:32,1,3.89,30600.00,18.99,14692.00,999.00,19.15,1390.90,19.10,3.74
2026-06-06T05:12:33,1,3.89,30600.00,18.99,14692.00,999.00,19.15,1392.90,19.10,3.76
2026-06-06T05:12:33,1,3.88,30600.00,18.99,14692.00,999.00,19.15,1395.60,19.10,3.79
2026-06-06T05:12:33,1,3.85,30600.00,18.99,14692.00,999.00,19.15,1399.60,19.09,3.83
2026-06-06T05:12:33,1,3.87,30680.00,19.04,14727.00,999.00,19.15,1405.00,19.10,3.88
2026-06-06T05:12:33,1,3.90,30680.00,19.04,14727.00,999.00,19.15,1408.60,19.10,3.92
2026-06-06T05:12:34,1,3.88,30680.00,19.04,14727.00,999.00,19.15,1411.70,19.10,3.95
2026-06-06T05:12:34,1,3.87,30680.00,19.04,14727.00,999.00,19.15,1415.70,19.10,3.99
2026-06-06T05:12:34,1,3.85,30680.00,19.04,14727.00,999.00,19.15,1418.20,19.10,4.02
2026-06-06T05:12:34,1,3.87,30870.00,19.17,14822.00,999.00,19.15,1419.60,19.10,4.03
2026-06-06T05:12:34,1,3.88,30870.00,19.17,14822.00,999.00,19.15,1419.30,19.10,4.03
2026-06-06T05:12:35,1,3.89,30870.00,19.17,14822.00,999.00,19.15,1420.00,19.09,4.03
2026-06-06T05:12:35,1,3.86,30870.00,19.17,14822.00,999.00,19.15,1420.40,19.10,4.04
2026-06-06T05:12:35,1,3.86,30950.00,19.23,14859.00,999.00,19.15,1421.90,19.10,4.05
2026-06-06T05:12:35,1,3.86,30950.00,19.23,14859.00,999.00,19.15,1425.00,19.10,4.08
2026-06-06T05:12:35,1,3.89,30950.00,19.23,14859.00,999.00,19.15,1428.80,19.10,4.12
2026-06-06T05:12:36,1,3.85,30950.00,19.23,14859.00,999.00,19.14,1432.30,19.10,4.16
2026-06-06T05:12:36,1,3.85,30950.00,19.23,14859.00,999.00,19.15,1434.40,19.10,4.18
2026-06-06T05:12:36,1,3.87,31260.00,19.44,15007.00,999.00,19.14,1437.40,19.10,4.21
2026-06-06T05:12:36,1,3.89,31260.00,19.44,15007.00,999.00,19.14,1441.20,19.10,4.24
2026-06-06T05:12:36,1,3.89,31260.00,19.44,15007.00,999.00,19.14,1444.10,19.10,4.27
2026-06-06T05:12:37,1,3.88,31260.00,19.44,15007.00,999.00,19.14,1445.30,19.10,4.28
2026-06-06T05:12:37,1,3.88,31260.00,19.44,15007.00,999.00,19.13,1446.40,19.10,4.29
2026-06-06T05:12:37,1,3.89,31490.00,19.60,15120.00,999.00,19.13,1447.40,19.10,4.30
2026-06-06T05:12:37,1,3.88,31490.00,19.60,15120.00,999.00,19.13,1449.30,19.10,4.32
2026-06-06T05:12:37,1,3.89,31490.00,19.60,15120.00,999.00,19.13,1450.80,19.10,4.34
2026-06-06T05:12:38,1,3.86,31490.00,19.60,15120.00,999.00,19.13,1453.60,19.10,4.37
2026-06-06T05:12:38,1,3.83,31490.00,19.60,15120.00,999.00,19.13,1456.40,19.10,4.39
2026-06-06T05:12:38,1,3.90,31530.00,19.62,15139.00,999.00,19.13,1459.50,19.11,4.42
2026-06-06T05:12:38,1,3.89,31530.00,19.62,15139.00,999.00,19.13,1461.90,19.10,4.45
2026-06-06T05:12:38,1,3.86,31530.00,19.62,15139.00,999.00,19.13,1463.50,19.10,4.46
2026-06-06T05:12:39,1,3.88,31530.00,19.62,15139.00,999.00,19.13,1464.90,19.10,4.48
2026-06-06T05:12:39,1,3.86,31530.00,19.62,15139.00,999.00,19.13,1466.90,19.10,4.50
2026-06-06T05:12:39,1,3.90,31720.00,19.75,15228.00,999.00,19.13,1469.50,19.10,4.52
2026-06-06T05:12:39,1,3.89,31720.00,19.75,15228.00,999.00,19.13,1472.30,19.10,4.55
2026-06-06T05:12:40,1,3.86,31720.00,19.75,15228.00,999.00,19.12,1474.60,19.10,4.57
2026-06-06T05:12:40,1,3.86,31720.00,19.75,15228.00,999.00,19.12,1476.10,19.10,4.59
2026-06-06T05:12:40,1,3.88,31720.00,19.75,15228.00,999.00,19.11,1475.60,19.10,4.58
2026-06-06T05:12:40,1,3.89,31870.00,19.85,15300.00,999.00,19.11,1477.40,19.10,4.60
2026-06-06T05:12:40,1,3.88,31870.00,19.85,15300.00,999.00,19.11,1478.90,19.10,4.62
2026-06-06T05:12:41,1,3.90,31870.00,19.85,15300.00,999.00,19.11,1482.50,19.10,4.65
2026-06-06T05:12:41,1,3.87,31870.00,19.85,15300.00,999.00,19.11,1486.60,19.10,4.69
2026-06-06T05:12:41,1,3.88,32060.00,19.99,15392.00,999.00,19.10,1489.40,19.10,4.72
2026-06-06T05:12:41,1,3.90,32060.00,19.99,15392.00,999.00,19.10,1488.80,19.10,4.72
2026-06-06T05:12:41,1,3.86,32060.00,19.99,15392.00,999.00,19.09,1490.60,19.09,4.73
2026-06-06T05:12:42,1,3.85,32060.00,19.99,15392.00,999.00,19.10,1491.50,19.09,4.74
2026-06-06T05:12:42,1,3.88,32060.00,19.99,15392.00,999.00,19.09,1495.20,19.10,4.78
2026-06-06T05:12:42,1,3.90,32190.00,20.08,15455.00,999.00,19.10,1497.90,19.09,4.81
2026-06-06T05:12:42,1,3.89,32190.00,20.08,15455.00,999.00,19.09,1500.70,19.10,4.83
2026-06-06T05:12:42,1,3.87,32190.00,20.08,15455.00,999.00,19.09,1503.90,19.09,4.86
2026-06-06T05:12:43,1,3.85,32190.00,20.08,15455.00,999.00,19.09,1506.70,19.09,4.89
2026-06-06T05:12:43,1,3.86,32190.00,20.08,15455.00,999.00,19.09,1507.50,19.09,4.90
2026-06-06T05:12:43,1,3.86,32210.00,20.09,15465.00,999.00,19.08,1508.30,19.09,4.91
2026-06-06T05:12:43,1,3.90,32210.00,20.09,15465.00,999.00,19.08,1509.60,19.09,4.92
2026-06-06T05:12:43,1,3.90,32210.00,20.09,15465.00,999.00,19.08,1511.60,19.09,4.94
2026-06-06T05:12:44,1,3.85,32210.00,20.09,15465.00,999.00,19.08,1514.70,19.09,4.97
2026-06-06T05:12:44,1,3.88,32210.00,20.09,15465.00,999.00,19.08,1517.30,19.09,5.00
2026-06-06T05:12:44,1,3.90,32260.00,20.12,15488.00,999.00,19.08,1520.40,19.09,5.03
2026-06-06T05:12:44,1,3.90,32260.00,20.12,15488.00,999.00,19.07,1523.00,19.09,5.05
2026-06-06T05:12:44,1,3.86,32260.00,20.12,15488.00,999.00,19.08,1524.40,19.08,5.07
2026-06-06T05:12:45,1,3.86,32260.00,20.12,15488.00,999.00,19.08,1526.10,19.09,5.08
2026-06-06T05:12:45,1,3.85,32260.00,20.12,15488.00,999.00,19.07,1528.90,19.08,5.11
2026-06-06T05:12:45,1,3.88,32240.00,20.11,15478.00,999.00,19.07,1532.10,19.09,5.14
2026-06-06T05:12:45,1,3.88,32240.00,20.11,15478.00,999.00,19.07,1535.50,19.08,5.18
2026-06-06T05:12:45,1,3.90,32240.00,20.11,15478.00,999.00,19.07,1539.20,19.08,5.21
2026-06-06T05:12:46,1,3.83,32240.00,20.11,15478.00,999.00,19.07,1540.80,19.08,5.23
2026-06-06T05:12:46,1,3.86,32240.00,20.11,15479.00,999.00,19.07,1541.40,19.09,5.24
2026-06-06T05:12:46,1,3.90,32240.00,20.11,15479.00,999.00,19.07,1542.40,19.08,5.25
2026-06-06T05:12:46,1,3.90,32240.00,20.11,15479.00,999.00,19.06,1543.20,19.08,5.25
2026-06-06T05:12:47,1,3.87,32240.00,20.11,15479.00,999.00,19.06,1545.80,19.08,5.28
2026-06-06T05:12:47,1,3.86,32240.00,20.11,15479.00,999.00,19.07,1548.40,19.08,5.31
2026-06-06T05:12:47,1,3.88,32260.00,20.12,15488.00,999.00,19.06,1551.30,19.08,5.33
2026-06-06T05:12:47,1,3.90,32260.00,20.12,15488.00,999.00,19.07,1553.90,19.08,5.36
2026-06-06T05:12:47,1,3.87,32260.00,20.12,15488.00,999.00,19.06,1557.50,19.07,5.40
2026-06-06T05:12:48,1,3.87,32260.00,20.12,15488.00,999.00,19.06,1560.30,19.07,5.42
2026-06-06T05:12:48,1,3.85,32260.00,20.12,15488.00,999.00,19.06,1563.20,19.07,5.45
2026-06-06T05:12:48,1,3.90,32310.00,20.15,15509.00,999.00,19.06,1565.70,19.08,5.48
2026-06-06T05:12:48,1,3.88,32310.00,20.15,15509.00,999.00,19.06,1567.20,19.08,5.49
2026-06-06T05:12:48,1,3.89,32310.00,20.15,15509.00,999.00,19.06,1567.30,19.08,5.49
2026-06-06T05:12:49,1,3.86,32310.00,20.15,15509.00,999.00,19.06,1567.70,19.08,5.50
2026-06-06T05:12:49,1,3.88,32310.00,20.15,15509.00,999.00,19.06,1567.90,19.07,5.50
2026-06-06T05:12:49,1,3.88,32310.00,20.16,15512.00,999.00,19.06,1569.60,19.07,5.52
2026-06-06T05:12:49,1,3.88,32310.00,20.16,15512.00,999.00,19.06,1571.60,19.07,5.54
2026-06-06T05:12:49,1,3.89,32310.00,20.16,15512.00,999.00,19.06,1571.60,19.07,5.54
2026-06-06T05:12:50,1,3.86,32310.00,20.16,15512.00,999.00,19.06,1571.50,19.07,5.53
2026-06-06T05:12:50,1,3.85,32310.00,20.16,15512.00,999.00,19.06,1571.10,19.07,5.53
2026-06-06T05:12:50,1,3.89,32380.00,20.20,15542.00,999.00,19.06,1571.90,19.07,5.54
2026-06-06T05:12:50,1,3.86,32380.00,20.20,15542.00,999.00,19.06,1572.60,19.07,5.55
2026-06-06T05:12:50,1,3.85,32380.00,20.20,15542.00,999.00,19.06,1572.30,19.07,5.54
2026-06-06T05:12:51,1,3.86,32380.00,20.20,15542.00,999.00,19.06,1568.40,19.07,5.50
2026-06-06T05:12:51,1,3.88,32330.00,20.17,15523.00,999.00,19.06,1558.90,19.07,5.41
2026-06-06T05:12:51,1,3.89,32330.00,20.17,15523.00,999.00,19.06,1548.90,19.07,5.31
2026-06-06T05:12:51,1,3.86,32330.00,20.17,15523.00,999.00,19.06,1538.70,19.07,5.21
2026-06-06T05:12:51,1,3.85,32330.00,20.17,15523.00,999.00,19.06,1531.20,19.06,5.14
2026-06-06T05:12:52,1,3.85,32330.00,20.17,15523.00,999.00,19.06,1527.00,19.06,5.09
2026-06-06T05:12:52,1,3.89,32280.00,20.14,15499.00,999.00,19.06,1526.40,19.06,5.09
2026-06-06T05:12:52,1,3.90,32280.00,20.14,15499.00,999.00,19.06,1527.60,19.06,5.10
2026-06-06T05:12:52,1,3.90,32280.00,20.14,15499.00,999.00,19.06,1529.30,19.06,5.12
2026-06-06T05:12:52,1,3.85,32280.00,20.14,15499.00,999.00,19.06,1529.00,19.06,5.11
2026-06-06T05:12:53,1,3.85,32280.00,20.14,15499.00,999.00,19.06,1532.10,19.06,5.14
2026-06-06T05:12:53,1,3.90,32140.00,20.04,15427.00,999.00,19.07,1532.10,19.06,5.14
2026-06-06T05:12:53,1,3.87,32140.00,20.04,15427.00,999.00,19.07,1523.40,19.06,5.06
2026-06-06T05:12:53,1,3.88,32140.00,20.04,15427.00,999.00,19.07,1506.60,19.06,4.89
2026-06-06T05:12:53,1,3.85,32140.00,20.04,15427.00,999.00,19.07,1486.40,19.06,4.69
2026-06-06T05:12:54,1,3.87,32140.00,20.04,15427.00,999.00,19.06,1470.30,19.05,4.53
2026-06-06T05:12:54,1,3.90,31980.00,19.93,15351.00,999.00,19.08,1459.10,19.05,4.42
2026-06-06T05:12:54,1,3.89,31980.00,19.93,15351.00,999.00,19.09,1458.20,19.05,4.41
2026-06-06T05:12:54,1,3.88,31980.00,19.93,15351.00,999.00,19.09,1458.50,19.05,4.41
2026-06-06T05:12:55,1,3.88,31980.00,19.93,15351.00,999.00,19.10,1457.30,19.05,4.40
2026-06-06T05:12:55,1,3.88,31980.00,19.93,15351.00,999.00,19.10,1455.60,19.05,4.39
2026-06-06T05:12:55,1,3.90,31310.00,19.47,15033.00,999.00,19.11,1452.50,19.05,4.36
2026-06-06T05:12:55,1,3.89,31310.00,19.47,15033.00,999.00,19.11,1442.00,19.05,4.25
2026-06-06T05:12:55,1,3.86,31310.00,19.47,15033.00,999.00,19.12,1424.20,19.05,4.07
2026-06-06T05:12:56,1,3.85,31310.00,19.47,15033.00,999.00,19.12,1406.40,19.05,3.90
2026-06-06T05:12:56,1,3.85,30920.00,19.20,14843.00,999.00,19.13,1393.30,19.05,3.77
2026-06-06T05:12:56,1,3.86,30920.00,19.20,14843.00,999.00,19.13,1387.80,19.05,3.71
2026-06-06T05:12:56,1,3.88,30920.00,19.20,14843.00,999.00,19.13,1389.90,19.06,3.73
2026-06-06T05:12:56,1,3.87,30920.00,19.20,14843.00,999.00,19.13,1394.30,19.05,3.78
2026-06-06T05:12:57,1,3.86,30920.00,19.20,14843.00,999.00,19.13,1395.80,19.06,3.79
2026-06-06T05:12:57,1,3.89,30730.00,19.07,14752.00,999.00,19.13,1395.60,19.06,3.79
2026-06-06T05:12:57,1,3.89,30730.00,19.07,14752.00,999.00,19.13,1388.70,19.06,3.72
2026-06-06T05:12:57,1,3.88,30730.00,19.07,14752.00,999.00,19.14,1372.20,19.05,3.56
2026-06-06T05:12:57,1,3.85,30730.00,19.07,14752.00,999.00,19.14,1349.40,19.06,3.33
2026-06-06T05:12:58,1,3.85,30730.00,19.07,14752.00,999.00,19.14,1332.00,19.06,3.16
2026-06-06T05:12:58,1,3.89,30660.00,19.02,14717.00,999.00,19.14,1325.70,19.06,3.10
2026-06-06T05:12:58,1,3.90,30660.00,19.02,14717.00,999.00,19.14,1328.90,19.06,3.13
2026-06-06T05:12:58,1,3.86,30660.00,19.02,14717.00,999.00,19.14,1336.50,19.06,3.21
2026-06-06T05:12:58,1,3.88,30660.00,19.02,14717.00,999.00,19.15,1340.20,19.06,3.24
2026-06-06T05:12:59,1,3.87,30660.00,19.02,14717.00,999.00,19.14,1335.70,19.06,3.20
2026-06-06T05:12:59,1,3.89,30620.00,19.00,14702.00,999.00,19.15,1324.70,19.07,3.09
2026-06-06T05:12:59,1,3.89,30620.00,19.00,14702.00,999.00,19.15,1307.80,19.06,2.92
2026-06-06T05:12:59,1,3.86,30620.00,19.00,14702.00,999.00,19.15,1291.20,19.06,2.76
2026-06-06T05:12:59,1,3.86,30620.00,19.00,14702.00,999.00,19.15,1279.20,19.06,2.64
2026-06-06T05:13:00,1,3.87,30620.00,19.00,14702.00,999.00,19.15,1278.70,19.06,2.63
2026-06-06T05:13:00,1,3.90,30500.00,18.92,14644.00,999.00,19.15,1287.60,19.06,2.72
2026-06-06T05:13:00,1,3.88,30500.00,18.92,14644.00,999.00,19.15,1290.10,19.07,2.75
2026-06-06T05:13:00,1,3.85,30500.00,18.92,14644.00,999.00,19.15,1289.80,19.06,2.74
2026-06-06T05:13:01,1,3.88,30500.00,18.92,14644.00,999.00,19.16,1283.10,19.06,2.68
2026-06-06T05:13:01,1,3.87,30440.00,18.87,14612.00,999.00,19.15,1269.50,19.06,2.54
2026-06-06T05:13:01,1,3.88,30440.00,18.87,14612.00,999.00,19.15,1252.40,19.06,2.37
2026-06-06T05:13:01,1,3.88,30440.00,18.87,14612.00,999.00,19.15,1234.50,19.07,2.20
2026-06-06T05:13:01,1,3.87,30440.00,18.87,14612.00,999.00,19.16,1217.90,19.06,2.03
2026-06-06T05:13:02,1,3.87,30440.00,18.87,14612.00,999.00,19.16,1210.00,19.07,1.95
2026-06-06T05:13:02,1,3.90,30390.00,18.84,14590.00,999.00,19.15,1211.90,19.07,1.97
2026-06-06T05:13:02,1,3.89,30390.00,18.84,14590.00,999.00,19.15,1220.40,19.07,2.06
2026-06-06T05:13:02,1,3.88,30390.00,18.84,14590.00,999.00,19.15,1226.60,19.07,2.12
2026-06-06T05:13:02,1,3.88,30390.00,18.84,14590.00,999.00,19.15,1228.60,19.07,2.14
2026-06-06T05:13:03,1,3.86,30390.00,18.84,14590.00,999.00,19.15,1221.50,19.07,2.07
2026-06-06T05:13:03,1,3.86,30330.00,18.80,14562.00,999.00,19.15,1210.40,19.07,1.96
2026-06-06T05:13:03,1,3.88,30330.00,18.80,14562.00,999.00,19.14,1190.70,19.07,1.76
2026-06-06T05:13:03,1,3.89,30330.00,18.80,14562.00,999.00,19.15,1171.70,19.07,1.57
2026-06-06T05:13:03,1,3.86,30330.00,18.80,14562.00,999.00,19.15,1156.70,19.07,1.42
2026-06-06T05:13:04,1,3.85,30330.00,18.80,14562.00,999.00,19.14,1149.70,19.07,1.35
2026-06-06T05:13:04,1,3.89,30320.00,18.79,14554.00,999.00,19.15,1152.80,19.07,1.39
2026-06-06T05:13:04,1,3.88,30320.00,18.79,14554.00,999.00,19.14,1160.20,19.07,1.46
2026-06-06T05:13:04,1,3.86,30320.00,18.79,14554.00,999.00,19.15,1161.60,19.07,1.47
2026-06-06T05:13:04,1,3.88,30320.00,18.79,14554.00,999.00,19.14,1159.70,19.07,1.45
2026-06-06T05:13:05,1,3.85,30320.00,18.79,14554.00,999.00,19.14,1153.40,19.07,1.39
2026-06-06T05:13:05,1,3.89,30270.00,18.76,14534.00,999.00,19.14,1140.80,19.07,1.27
2026-06-06T05:13:05,1,3.86,30270.00,18.76,14534.00,999.00,19.14,1121.10,19.07,1.07
2026-06-06T05:13:05,1,3.89,30270.00,18.76,14534.00,999.00,19.14,1100.60,19.06,0.87
2026-06-06T05:13:05,1,3.86,30270.00,18.76,14534.00,999.00,19.14,1080.70,19.07,0.67
2026-06-06T05:13:06,1,3.87,30270.00,18.76,14534.00,999.00,19.13,1071.70,19.07,0.58
2026-06-06T05:13:06,1,3.88,30000.00,18.58,14404.00,999.00,19.13,1075.90,19.07,0.62
2026-06-06T05:13:06,1,3.86,30000.00,18.58,14404.00,999.00,19.13,1085.40,19.07,0.72
2026-06-06T05:13:06,1,3.87,30000.00,18.58,14404.00,999.00,19.13,1091.10,19.07,0.77
2026-06-06T05:13:06,1,3.87,30000.00,18.58,14404.00,999.00,19.12,1091.60,19.06,0.78
2026-06-06T05:13:07,1,3.86,29920.00,18.52,14364.00,999.00,19.12,1088.50,19.06,0.75
2026-06-06T05:13:07,1,3.86,29920.00,18.52,14364.00,999.00,19.12,1077.30,19.07,0.64
2026-06-06T05:13:07,1,3.88,29920.00,18.52,14364.00,999.00,19.12,1062.90,19.07,0.49
2026-06-06T05:13:07,1,3.85,29920.00,18.52,14364.00,999.00,19.12,1045.30,19.06,0.32
2026-06-06T05:13:08,1,3.88,29920.00,18.52,14364.00,999.00,19.12,1028.70,19.06,0.16
2026-06-06T05:13:08,1,3.86,29940.00,18.54,14375.00,999.00,19.11,1020.70,19.06,0.08
2026-06-06T05:13:08,1,3.84,29940.00,18.54,14375.00,999.00,19.11,1021.10,19.06,0.08
2026-06-06T05:13:08,1,3.89,29940.00,18.54,14375.00,999.00,19.11,1038.10,19.06,0.25
2026-06-06T05:13:08,1,3.85,29940.00,18.54,14375.00,999.00,19.10,1046.90,19.06,0.34
2026-06-06T05:13:09,1,3.88,29940.00,18.54,14375.00,999.00,19.09,1047.00,19.06,0.34
2026-06-06T05:13:09,1,3.86,29890.00,18.50,14352.00,999.00,19.08,1042.70,19.06,0.29
2026-06-06T05:13:09,1,3.89,29890.00,18.50,14352.00,999.00,19.08,1030.10,19.06,0.17
2026-06-06T05:13:09,1,3.86,29890.00,18.50,14352.00,999.00,19.08,1015.30,19.05,0.02
2026-06-06T05:13:09,1,3.85,29890.00,18.50,14352.00,999.00,19.08,1004.80,19.05,-0.08
2026-06-06T05:13:10,1,3.88,29890.00,18.50,14352.00,999.00,19.07,1006.00,19.05,-0.07
2026-06-06T05:13:10,1,3.89,13830.00,7.99,6643.00,999.00,19.06,1006.20,19.05,-0.07
2026-06-06T05:13:10,1,3.89,13830.00,7.99,6643.00,999.00,19.06,1011.90,19.05,-0.01
2026-06-06T05:13:10,1,3.90,13830.00,7.99,6643.00,999.00,19.05,1012.90,19.05,-0.00
2026-06-06T05:13:10,1,3.87,13830.00,7.99,6643.00,999.00,19.05,1008.70,19.04,-0.04
2026-06-06T05:13:11,1,3.85,29860.00,18.48,14335.00,999.00,19.05,1003.90,19.04,-0.09
2026-06-06T05:13:11,1,3.86,29860.00,18.48,14335.00,999.00,19.04,1005.50,19.04,-0.07
2026-06-06T05:13:11,1,3.87,29860.00,18.48,14335.00,999.00,19.03,1005.90,19.04,-0.07
2026-06-06T05:13:11,1,3.87,29860.00,18.48,14335.00,999.00,19.03,1005.30,19.04,-0.08
2026-06-06T05:13:11,1,3.87,29860.00,18.48,14335.00,999.00,19.00,1005.20,19.03,-0.08
2026-06-06T05:13:12,1,3.87,14430.00,8.36,6927.00,999.00,18.90,1006.20,19.03,-0.07
2026-06-06T05:13:12,1,3.88,14430.00,8.36,6927.00,999.00,18.75,1005.40,19.03,-0.08
2026-06-06T05:13:12,1,3.88,14430.00,8.36,6927.00,999.00,18.64,1006.00,19.03,-0.07
2026-06-06T05:13:12,1,3.88,14430.00,8.36,6927.00,999.00,18.56,1005.50,19.03,-0.07
2026-06-06T05:13:12,1,3.88,14430.00,8.36,6927.00,999.00,18.48,1005.60,19.03,-0.07
2026-06-06T05:13:13,1,3.90,14340.00,8.31,6886.00,999.00,18.38,1005.60,19.02,-0.07
2026-06-06T05:13:13,1,3.89,14340.00,8.31,6886.00,999.00,18.27,1005.20,19.02,-0.08
2026-06-06T05:13:13,1,3.90,14340.00,8.31,6886.00,999.00,18.18,1005.40,19.01,-0.08
2026-06-06T05:13:13,1,3.87,14340.00,8.31,6886.00,999.00,18.10,1005.90,19.00,-0.07
2026-06-06T05:13:13,1,3.88,14340.00,8.31,6886.00,999.00,18.01,1005.50,19.01,-0.07
2026-06-06T05:13:14,1,3.87,14300.00,8.28,6868.00,999.00,17.90,1005.60,19.00,-0.07
2026-06-06T05:13:14,1,3.86,14300.00,8.28,6868.00,999.00,17.82,1005.40,19.00,-0.08
2026-06-06T05:13:14,1,3.88,14300.00,8.28,6868.00,999.00,17.75,1005.10,19.00,-0.08
2026-06-06T05:13:14,1,3.87,14300.00,8.28,6868.00,999.00,17.68,1005.30,18.99,-0.08
2026-06-06T05:13:14,1,3.85,14300.00,8.28,6868.00,999.00,17.61,1005.40,18.99,-0.08
2026-06-06T05:13:15,1,3.90,14070.00,8.14,6757.00,999.00,17.55,1005.40,18.99,-0.08
2026-06-06T05:13:15,1,3.89,14070.00,8.14,6757.00,999.00,17.48,1005.20,18.98,-0.08
2026-06-06T05:13:15,1,3.88,14070.00,8.14,6757.00,999.00,17.43,1005.30,18.97,-0.08
2026-06-06T05:13:15,1,3.88,14070.00,8.14,6757.00,999.00,17.37,1005.40,18.97,-0.08
2026-06-06T05:13:16,1,3.86,14010.00,8.10,6729.00,999.00,17.32,1005.60,18.96,-0.07
2026-06-06T05:13:16,1,3.89,14010.00,8.10,6729.00,999.00,17.26,1005.20,18.96,-0.08
2026-06-06T05:13:16,1,3.86,14010.00,8.10,6729.00,999.00,17.21,1005.30,18.95,-0.08
2026-06-06T05:13:16,1,3.88,14010.00,8.10,6729.00,999.00,17.16,1005.20,18.95,-0.08
2026-06-06T05:13:16,1,3.85,14010.00,8.10,6729.00,999.00,17.07,1005.50,18.94,-0.07
2026-06-06T05:13:17,1,3.87,14610.00,8.48,7015.00,999.00,16.98,1005.50,18.93,-0.07
2026-06-06T05:13:17,1,3.89,14610.00,8.48,7015.00,999.00,16.90,1005.30,18.93,-0.08
2026-06-06T05:13:17,1,3.88,14610.00,8.48,7015.00,999.00,16.83,1005.50,18.92,-0.07
2026-06-06T05:13:17,1,3.88,14610.00,8.48,7015.00,999.00,16.76,1005.40,18.92,-0.08
2026-06-06T05:13:17,1,3.88,14610.00,8.48,7015.00,999.00,16.72,1005.50,18.91,-0.07
2026-06-06T05:13:18,1,3.90,14840.00,8.62,7126.00,999.00,16.68,1005.50,18.90,-0.07
2026-06-06T05:13:18,1,3.86,14840.00,8.62,7126.00,999.00,16.63,1005.30,18.90,-0.08
2026-06-06T05:13:18,1,3.89,14840.00,8.62,7126.00,999.00,16.58,1005.50,18.89,-0.07
2026-06-06T05:13:18,1,3.86,14840.00,8.62,7126.00,999.00,16.51,1005.30,18.88,-0.08
2026-06-06T05:13:18,1,3.86,14840.00,8.62,7126.00,999.00,16.43,1005.50,18.88,-0.07
2026-06-06T05:13:19,1,3.89,14240.00,8.24,6838.00,999.00,16.37,1005.40,18.87,-0.08
2026-06-06T05:13:19,1,3.89,14240.00,8.24,6838.00,999.00,16.31,1005.10,18.85,-0.08
2026-06-06T05:13:19,1,3.89,14240.00,8.24,6838.00,999.00,16.27,1005.30,18.85,-0.08
2026-06-06T05:13:19,1,3.85,14240.00,8.24,6838.00,999.00,16.25,1005.30,18.85,-0.08
2026-06-06T05:13:19,1,3.85,14240.00,8.24,6838.00,999.00,16.22,1005.10,18.84,-0.08
2026-06-06T05:13:20,1,3.86,14560.00,8.45,6993.00,999.00,16.19,1004.70,18.83,-0.08
2026-06-06T05:13:20,1,3.86,14560.00,8.45,6993.00,999.00,16.18,1005.10,18.83,-0.08
2026-06-06T05:13:20,1,3.90,14560.00,8.45,6993.00,999.00,16.15,1005.00,18.82,-0.08
2026-06-06T05:13:20,1,3.87,14560.00,8.45,6993.00,999.00,16.11,1004.80,18.81,-0.08
2026-06-06T05:13:20,1,3.88,14380.00,8.33,6904.00,999.00,16.09,1005.30,18.81,-0.08
2026-06-06T05:13:21,1,3.86,14380.00,8.33,6904.00,999.00,16.05,1005.00,18.80,-0.08
2026-06-06T05:13:21,1,3.89,14380.00,8.33,6904.00,999.00,16.02,1005.00,18.80,-0.08
2026-06-06T05:13:21,1,3.83,14380.00,8.33,6904.00,999.00,15.98,1005.00,18.79,-0.08
2026-06-06T05:13:21,1,3.87,14380.00,8.33,6904.00,999.00,15.94,1005.30,18.78,-0.08
2026-06-06T05:13:21,1,3.88,14290.00,8.28,6863.00,999.00,15.90,1004.80,18.78,-0.08
2026-06-06T05:13:22,1,3.86,14290.00,8.28,6863.00,999.00,15.85,1005.10,18.77,-0.08
2026-06-06T05:13:22,1,3.87,14290.00,8.28,6863.00,999.00,15.82,1005.50,18.76,-0.07
2026-06-06T05:13:22,1,3.88,14290.00,8.28,6863.00,999.00,15.79,1005.10,18.76,-0.08
2026-06-06T05:13:22,1,3.87,14290.00,8.28,6863.00,999.00,15.75,1005.00,18.75,-0.08
2026-06-06T05:13:22,1,3.88,14390.00,8.34,6911.00,999.00,15.72,1005.00,18.75,-0.08
2026-06-06T05:13:23,1,3.86,14390.00,8.34,6911.00,999.00,15.66,1004.90,18.74,-0.08
2026-06-06T05:13:23,1,3.89,14390.00,8.34,6911.00,999.00,15.60,1004.90,18.73,-0.08
2026-06-06T05:13:23,1,3.88,14390.00,8.34,6911.00,999.00,15.53,1005.40,18.72,-0.08
2026-06-06T05:13:23,1,3.87,14390.00,8.34,6911.00,999.00,15.47,1004.90,18.72,-0.08
2026-06-06T05:13:24,1,3.86,14690.00,8.53,7055.00,999.00,15.41,1004.50,18.71,-0.08
2026-06-06T05:13:24,1,3.90,14690.00,8.53,7055.00,999.00,15.37,1005.10,18.71,-0.08
2026-06-06T05:13:24,1,3.87,14690.00,8.53,7055.00,999.00,15.34,1005.00,18.70,-0.08
2026-06-06T05:13:24,1,3.87,14690.00,8.53,7055.00,999.00,15.31,1005.70,18.69,-0.07
2026-06-06T05:13:24,1,3.85,14690.00,8.53,7055.00,999.00,15.28,1005.20,18.68,-0.08
2026-06-06T05:13:25,1,3.88,13660.00,7.88,6559.00,999.00,15.25,1005.10,18.68,-0.08
2026-06-06T05:13:25,1,3.87,13660.00,7.88,6559.00,999.00,15.22,1005.00,18.67,-0.08
2026-06-06T05:13:25,1,3.89,13660.00,7.88,6559.00,999.00,15.19,1005.30,18.67,-0.08
2026-06-06T05:13:25,1,3.87,13660.00,7.88,6559.00,999.00,15.17,1005.30,18.65,-0.08
2026-06-06T05:13:25,1,3.88,13660.00,7.88,6559.00,999.00,15.16,1005.30,18.65,-0.08
2026-06-06T05:13:26,1,3.86,13940.00,8.06,6695.00,999.00,15.13,1005.20,18.65,-0.08
2026-06-06T05:13:26,1,3.89,13940.00,8.06,6695.00,999.00,15.10,1005.30,18.64,-0.08
2026-06-06T05:13:26,1,3.87,13940.00,8.06,6695.00,999.00,15.06,1004.80,18.62,-0.08
2026-06-06T05:13:26,1,3.86,13940.00,8.06,6695.00,999.00,15.04,1005.20,18.62,-0.08
2026-06-06T05:13:26,1,3.88,1688.00,0.85,810.00,999.00,15.02,1005.20,18.62,-0.08
2026-06-06T05:13:27,1,3.89,1688.00,0.85,810.00,999.00,14.99,1005.20,18.61,-0.08
2026-06-06T05:13:27,1,3.89,1688.00,0.85,810.00,999.00,14.97,1005.50,18.60,-0.07
2026-06-06T05:13:27,1,3.88,1688.00,0.85,810.00,999.00,14.95,1005.30,18.60,-0.08
2026-06-06T05:13:27,1,3.86,1688.00,0.85,810.00,999.00,14.92,1004.80,18.59,-0.08
2026-06-06T05:13:27,1,3.89,1900.00,0.96,912.00,999.00,14.90,1005.10,18.58,-0.08
2026-06-06T05:13:28,1,3.89,1900.00,0.96,912.00,999.00,14.87,1005.60,18.57,-0.07
2026-06-06T05:13:28,1,3.89,1900.00,0.96,912.00,999.00,14.84,1005.40,18.57,-0.08
2026-06-06T05:13:28,1,3.88,1900.00,0.96,912.00,999.00,14.81,1005.20,18.56,-0.08
2026-06-06T05:13:28,1,3.85,1900.00,0.96,912.00,999.00,14.79,1005.90,18.56,-0.07
2026-06-06T05:13:28,1,3.90,3838.00,2.02,1843.00,999.00,14.77,1005.10,18.55,-0.08
2026-06-06T05:13:29,1,3.89,3838.00,2.02,1843.00,999.00,14.74,1005.80,18.54,-0.07
2026-06-06T05:13:29,1,3.88,3838.00,2.02,1843.00,999.00,14.73,1005.50,18.54,-0.07
2026-06-06T05:13:29,1,3.88,3838.00,2.02,1843.00,999.00,14.71,1005.70,18.53,-0.07
2026-06-06T05:13:29,1,3.88,3838.00,2.02,1843.00,999.00,14.69,1005.30,18.52,-0.08
2026-06-06T05:13:29,1,3.89,7682.00,4.24,3688.00,999.00,14.68,1005.10,18.52,-0.08
2026-06-06T05:13:30,1,3.87,7682.00,4.24,3688.00,999.00,14.66,1005.40,18.51,-0.08
2026-06-06T05:13:30,1,3.86,7682.00,4.24,3688.00,999.00,14.65,1005.40,18.50,-0.08
2026-06-06T05:13:30,1,3.88,7682.00,4.24,3688.00,999.00,14.64,1005.70,18.49,-0.07
2026-06-06T05:13:30,1,3.86,7682.00,4.24,3688.00,999.00,14.62,1005.20,18.49,-0.08
2026-06-06T05:13:30,1,3.89,7710.00,4.26,3701.00,999.00,14.61,1005.30,18.48,-0.08
2026-06-06T05:13:31,1,3.89,7710.00,4.26,3701.00,999.00,14.59,1005.50,18.47,-0.07
2026-06-06T05:13:31,1,3.88,7710.00,4.26,3701.00,999.00,14.58,1005.40,18.47,-0.08
2026-06-06T05:13:31,1,3.88,7710.00,4.26,3701.00,999.00,14.57,1005.40,18.46,-0.08
2026-06-06T05:13:31,1,3.89,7660.00,4.23,3677.00,999.00,14.56,1005.40,18.44,-0.08
2026-06-06T05:13:32,1,3.89,7660.00,4.23,3677.00,999.00,14.55,1005.60,18.44,-0.07
2026-06-06T05:13:32,1,3.86,7660.00,4.23,3677.00,999.00,14.54,1005.20,18.44,-0.08
2026-06-06T05:13:32,1,3.88,7660.00,4.23,3677.00,999.00,14.53,1005.70,18.43,-0.07
2026-06-06T05:13:32,1,3.87,7660.00,4.23,3677.00,999.00,14.52,1005.30,18.43,-0.08
2026-06-06T05:13:32,1,3.89,7750.00,4.28,3720.00,999.00,14.51,1005.60,18.42,-0.07
2026-06-06T05:13:33,1,3.84,7750.00,4.28,3720.00,999.00,14.51,1005.10,18.42,-0.08
2026-06-06T05:13:33,1,3.86,7750.00,4.28,3720.00,999.00,14.50,1005.60,18.41,-0.07
2026-06-06T05:13:33,1,3.87,7750.00,4.28,3720.00,999.00,14.50,1005.30,18.40,-0.08
2026-06-06T05:13:33,1,3.87,7750.00,4.28,3720.00,999.00,14.49,1005.40,18.40,-0.08
2026-06-06T05:13:33,1,3.88,7652.00,4.22,3673.00,999.00,14.49,1005.30,18.40,-0.08
2026-06-06T05:13:34,1,3.88,7652.00,4.22,3673.00,999.00,14.48,1005.10,18.39,-0.08
2026-06-06T05:13:34,1,3.86,7652.00,4.22,3673.00,999.00,14.47,1005.30,18.38,-0.08
2026-06-06T05:13:34,1,3.88,7652.00,4.22,3673.00,999.00,14.46,1005.60,18.38,-0.07
2026-06-06T05:13:34,1,3.87,7652.00,4.22,3673.00,999.00,14.46,1005.30,18.37,-0.08
2026-06-06T05:13:34,1,3.88,7509.00,4.14,3605.00,999.00,14.45,1005.60,18.37,-0.07
2026-06-06T05:13:35,1,3.88,7509.00,4.14,3605.00,999.00,14.45,1005.50,18.36,-0.07
2026-06-06T05:13:35,1,3.86,7509.00,4.14,3605.00,999.00,14.45,1005.30,18.36,-0.08
2026-06-06T05:13:35,1,3.85,7509.00,4.14,3605.00,999.00,14.45,1005.20,18.35,-0.08
2026-06-06T05:13:35,1,3.88,7509.00,4.14,3605.00,999.00,14.45,1005.60,18.34,-0.07
2026-06-06T05:13:35,1,3.88,7449.00,4.10,3576.00,999.00,14.45,1005.30,18.34,-0.08
2026-06-06T05:13:36,1,3.90,7449.00,4.10,3576.00,999.00,14.45,1005.50,18.33,-0.07
2026-06-06T05:13:36,1,3.88,7449.00,4.10,3576.00,999.00,14.45,1005.30,18.32,-0.08
2026-06-06T05:13:36,1,3.87,7449.00,4.10,3576.00,999.00,14.45,1005.30,18.32,-0.08
2026-06-06T05:13:36,1,3.88,7638.00,4.21,3666.00,999.00,14.46,1005.10,18.32,-0.08
2026-06-06T05:13:36,1,3.88,7638.00,4.21,3666.00,999.00,14.46,1005.10,18.30,-0.08
2026-06-06T05:13:37,1,3.88,7638.00,4.21,3666.00,999.00,14.47,1005.00,18.30,-0.08
2026-06-06T05:13:37,1,3.85,7638.00,4.21,3666.00,999.00,14.47,1005.30,18.30,-0.08
2026-06-06T05:13:37,1,3.86,7638.00,4.21,3666.00,999.00,14.48,1005.40,18.29,-0.08
2026-06-06T05:13:37,1,3.89,7199.00,3.95,3456.00,999.00,14.48,1005.40,18.29,-0.08
2026-06-06T05:13:37,1,3.90,7199.00,3.95,3456.00,999.00,14.48,1004.90,18.29,-0.08
2026-06-06T05:13:38,1,3.86,7199.00,3.95,3456.00,999.00,14.48,1005.40,18.28,-0.08
2026-06-06T05:13:38,1,3.86,7199.00,3.95,3456.00,999.00,14.49,1005.00,18.28,-0.08
2026-06-06T05:13:38,1,3.85,7199.00,3.95,3456.00,999.00,14.49,1005.40,18.27,-0.08
2026-06-06T05:13:38,1,3.87,6290.00,3.42,3020.00,999.00,14.48,1005.10,18.27,-0.08
2026-06-06T05:13:38,1,3.86,6290.00,3.42,3020.00,999.00,14.48,1005.00,18.27,-0.08
2026-06-06T05:13:39,1,3.86,6290.00,3.42,3020.00,999.00,14.49,1005.30,18.26,-0.08
2026-06-06T05:13:39,1,3.87,6290.00,3.42,3020.00,999.00,14.48,1004.90,18.25,-0.08
2026-06-06T05:13:39,1,3.87,6290.00,3.42,3020.00,999.00,14.48,1005.20,18.25,-0.08
2026-06-06T05:13:39,1,3.87,7389.00,4.07,3547.00,999.00,14.48,1005.80,18.25,-0.07
2026-06-06T05:13:40,1,3.87,7389.00,4.07,3547.00,999.00,14.48,1005.20,18.25,-0.08
2026-06-06T05:13:40,1,3.88,7389.00,4.07,3547.00,999.00,14.47,1005.30,18.25,-0.08
2026-06-06T05:13:40,1,3.85,7389.00,4.07,3547.00,999.00,14.47,1005.20,18.24,-0.08
2026-06-06T05:13:40,1,3.87,7389.00,4.07,3547.00,999.00,14.46,1005.20,18.24,-0.08
2026-06-06T05:13:40,1,3.89,7355.00,4.05,3531.00,999.00,14.46,1005.20,18.23,-0.08
2026-06-06T05:13:41,1,3.86,7355.00,4.05,3531.00,999.00,14.46,1005.10,18.23,-0.08
2026-06-06T05:13:41,1,3.87,7355.00,4.05,3531.00,999.00,14.45,1005.10,18.22,-0.08
2026-06-06T05:13:41,1,3.88,7355.00,4.05,3531.00,999.00,14.45,1005.60,18.22,-0.07
2026-06-06T05:13:41,1,3.85,7569.00,4.17,3633.00,999.00,14.45,1005.00,18.22,-0.08
2026-06-06T05:13:41,1,3.88,7569.00,4.17,3633.00,999.00,14.46,1005.00,18.21,-0.08
2026-06-06T05:13:42,1,3.89,7569.00,4.17,3633.00,999.00,14.45,1005.40,18.21,-0.08
2026-06-06T05:13:42,1,3.86,7569.00,4.17,3633.00,999.00,14.45,1005.30,18.21,-0.08
2026-06-06T05:13:42,1,3.88,7569.00,4.17,3633.00,999.00,14.44,1005.00,18.20,-0.08
2026-06-06T05:13:42,1,3.86,7638.00,4.21,3666.00,999.00,14.44,1005.30,18.20,-0.08
2026-06-06T05:13:42,1,3.88,7638.00,4.21,3666.00,999.00,14.44,1005.10,18.19,-0.08
2026-06-06T05:13:43,1,3.88,7638.00,4.21,3666.00,999.00,14.44,1005.00,18.19,-0.08
2026-06-06T05:13:43,1,3.88,7638.00,4.21,3666.00,999.00,14.44,1005.40,18.18,-0.08
2026-06-06T05:13:43,1,3.87,7638.00,4.21,3666.00,999.00,14.44,1005.40,18.18,-0.08
2026-06-06T05:13:43,1,3.89,7640.00,4.22,3667.00,999.00,14.44,1005.40,18.17,-0.08
2026-06-06T05:13:43,1,3.88,7640.00,4.22,3667.00,999.00,14.44,1005.30,18.17,-0.08
2026-06-06T05:13:44,1,3.88,7640.00,4.22,3667.00,999.00,14.44,1005.30,18.15,-0.08
2026-06-06T05:13:44,1,3.88,7640.00,4.22,3667.00,999.00,14.44,1005.10,18.16,-0.08
2026-06-06T05:13:44,1,3.86,7640.00,4.22,3667.00,999.00,14.44,1005.50,18.16,-0.07
2026-06-06T05:13:44,1,3.86,7762.00,4.29,3726.00,999.00,14.44,1005.10,18.15,-0.08
2026-06-06T05:13:44,1,3.87,7762.00,4.29,3726.00,999.00,14.44,1005.10,18.15,-0.08
2026-06-06T05:13:45,1,3.86,7762.00,4.29,3726.00,999.00,14.43,1005.10,18.14,-0.08
2026-06-06T05:13:45,1,3.85,7762.00,4.29,3726.00,999.00,14.43,1005.00,18.14,-0.08
2026-06-06T05:13:45,1,3.85,7762.00,4.29,3726.00,999.00,14.43,1005.30,18.13,-0.08
2026-06-06T05:13:45,1,3.89,7775.00,4.29,3732.00,999.00,14.43,1005.80,18.12,-0.07
2026-06-06T05:13:46,1,3.86,7775.00,4.29,3732.00,999.00,14.43,1005.90,18.11,-0.07
2026-06-06T05:13:46,1,3.88,7775.00,4.29,3732.00,999.00,14.43,1006.70,18.09,-0.06
2026-06-06T05:13:46,1,3.85,7775.00,4.29,3732.00,999.00,14.43,1006.00,18.10,-0.07
2026-06-06T05:13:46,1,3.86,7797.00,4.31,3743.00,999.00,14.42,1005.90,18.09,-0.07
2026-06-06T05:13:46,1,3.88,7797.00,4.31,3743.00,999.00,14.42,1005.60,18.09,-0.07
2026-06-06T05:13:47,1,3.87,7797.00,4.31,3743.00,999.00,14.41,1005.70,18.08,-0.07
2026-06-06T05:13:47,1,3.88,7797.00,4.31,3743.00,999.00,14.41,1005.70,18.08,-0.07
2026-06-06T05:13:47,1,3.85,7797.00,4.31,3743.00,999.00,14.40,1005.80,18.07,-0.07
2026-06-06T05:13:47,1,3.86,7633.00,4.21,3664.00,999.00,14.39,1005.70,18.07,-0.07
2026-06-06T05:13:47,1,3.88,7633.00,4.21,3664.00,999.00,14.39,1006.10,18.04,-0.07
2026-06-06T05:13:48,1,3.88,7633.00,4.21,3664.00,999.00,14.37,1006.00,18.04,-0.07
2026-06-06T05:13:48,1,3.88,7633.00,4.21,3664.00,999.00,14.35,1005.80,18.03,-0.07
2026-06-06T05:13:48,1,3.85,7633.00,4.21,3664.00,999.00,14.34,1006.40,18.02,-0.07
2026-06-06T05:13:48,1,3.86,8439.00,4.69,4051.00,999.00,14.31,1006.60,18.02,-0.06
