time,deviceMode,vBat,ec,sal,tds,slowDallasTemp,fastBRTemp,slowBRPres,slowBRTemp,slowBRDepth
2026-06-07T06:05:45,1,3.85,999.00,999.00,999.00,999.00,14.57,1018.30,14.61,0.05
2026-06-07T06:05:47,1,3.83,999.00,999.00,999.00,999.00,14.57,1018.30,14.64,0.05
2026-06-07T06:05:48,1,3.82,0.00,0.00,0.00,999.00,14.57,1018.60,14.65,0.06
2026-06-07T06:05:48,1,3.87,0.00,0.00,0.00,999.00,14.57,1018.20,14.66,0.05
2026-06-07T06:05:48,1,3.85,0.00,0.00,0.00,999.00,14.57,1017.80,14.66,0.05
2026-06-07T06:05:48,1,3.88,0.00,0.00,0.00,999.00,14.57,1017.90,14.66,0.05
2026-06-07T06:05:48,1,3.88,0.00,0.00,0.00,999.00,14.57,1018.20,14.66,0.05
2026-06-07T06:05:49,1,3.86,0.00,0.00,0.00,999.00,14.57,1018.50,14.67,0.05
2026-06-07T06:05:49,1,3.88,0.00,0.00,0.00,999.00,14.58,1018.20,14.66,0.05
2026-06-07T06:05:49,1,3.88,0.00,0.00,0.00,999.00,14.57,1018.20,14.67,0.05
2026-06-07T06:05:49,1,3.88,0.00,0.00,0.00,999.00,14.57,1018.20,14.67,0.05
2026-06-07T06:05:49,1,3.86,0.00,0.00,0.00,999.00,14.58,1018.00,14.67,0.05
2026-06-07T06:05:50,1,3.89,0.00,0.00,0.00,999.00,14.58,1018.00,14.67,0.05
2026-06-07T06:05:50,1,3.88,0.00,0.00,0.00,999.00,14.58,1018.60,14.67,0.06
2026-06-07T06:05:50,1,3.88,0.00,0.00,0.00,999.00,14.57,1018.30,14.67,0.05
2026-06-07T06:05:50,1,3.88,0.00,0.00,0.00,999.00,14.57,1018.40,14.67,0.05
2026-06-07T06:05:51,1,3.88,0.00,0.00,0.00,999.00,14.57,1018.00,14.67,0.05
2026-06-07T06:05:51,1,3.86,0.00,0.00,0.00,999.00,14.57,1018.40,14.67,0.05
2026-06-07T06:05:51,1,3.86,0.00,0.00,0.00,999.00,14.58,1018.10,14.67,0.05
2026-06-07T06:05:51,1,3.88,0.00,0.00,0.00,999.00,14.58,1017.90,14.67,0.05
2026-06-07T06:05:51,1,3.88,0.00,0.00,0.00,999.00,14.58,1018.30,14.67,0.05
2026-06-07T06:05:52,1,3.85,0.00,0.00,0.00,999.00,14.58,1018.00,14.67,0.05
2026-06-07T06:05:52,1,3.86,0.00,0.00,0.00,999.00,14.58,1018.40,14.67,0.05
2026-06-07T06:05:52,1,3.87,0.00,0.00,0.00,999.00,14.58,1018.20,14.67,0.05
2026-06-07T06:05:52,1,3.89,0.00,0.00,0.00,999.00,14.58,1018.10,14.68,0.05
2026-06-07T06:05:52,1,3.87,0.00,0.00,0.00,999.00,14.58,1018.20,14.67,0.05
2026-06-07T06:05:53,1,3.86,0.00,0.00,0.00,999.00,14.58,1017.80,14.68,0.05
2026-06-07T06:05:53,1,3.88,0.00,0.00,0.00,999.00,14.58,1018.20,14.66,0.05
2026-06-07T06:05:53,1,3.89,0.00,0.00,0.00,999.00,14.58,1018.10,14.67,0.05
2026-06-07T06:05:53,1,3.88,0.00,0.00,0.00,999.00,14.58,1018.00,14.67,0.05
2026-06-07T06:05:53,1,3.88,0.00,0.00,0.00,999.00,14.58,1018.60,14.67,0.06
2026-06-07T06:05:54,1,3.85,0.00,0.00,0.00,999.00,14.58,1018.10,14.67,0.05
2026-06-07T06:05:54,1,3.87,0.00,0.00,0.00,999.00,14.58,1017.60,14.68,0.05
2026-06-07T06:05:54,1,3.86,0.00,0.00,0.00,999.00,14.59,1018.40,14.68,0.05
2026-06-07T06:05:54,1,3.88,0.00,0.00,0.00,999.00,14.58,1018.10,14.68,0.05
2026-06-07T06:05:54,1,3.86,0.00,0.00,0.00,999.00,14.58,1018.10,14.68,0.05
2026-06-07T06:05:55,1,3.88,0.00,0.00,0.00,999.00,14.59,1018.80,14.67,0.06
2026-06-07T06:05:55,1,3.87,0.00,0.00,0.00,999.00,14.59,1018.00,14.68,0.05
2026-06-07T06:05:55,1,3.89,0.00,0.00,0.00,999.00,14.59,1018.20,14.68,0.05
2026-06-07T06:05:55,1,3.83,0.00,0.00,0.00,999.00,14.59,1018.60,14.68,0.06
2026-06-07T06:05:56,1,3.89,0.00,0.00,0.00,999.00,14.59,1018.50,14.68,0.05
2026-06-07T06:05:56,1,3.86,0.00,0.00,0.00,999.00,14.59,1018.10,14.68,0.05
2026-06-07T06:05:56,1,3.88,0.00,0.00,0.00,999.00,14.59,1018.00,14.68,0.05
2026-06-07T06:05:56,1,3.86,0.00,0.00,0.00,999.00,14.59,1018.50,14.68,0.05
2026-06-07T06:05:56,1,3.86,0.00,0.00,0.00,999.00,14.59,1018.00,14.68,0.05
2026-06-07T06:05:57,1,3.88,0.00,0.00,0.00,999.00,14.59,1017.90,14.68,0.05
2026-06-07T06:05:57,1,3.88,0.00,0.00,0.00,999.00,14.59,1017.70,14.68,0.05
2026-06-07T06:05:57,1,3.88,0.00,0.00,0.00,999.00,14.60,1018.20,14.68,0.05
2026-06-07T06:05:57,1,3.88,0.00,0.00,0.00,999.00,14.60,1017.70,14.68,0.05
2026-06-07T06:05:57,1,3.88,0.00,0.00,0.00,999.00,14.59,1018.10,14.68,0.05
2026-06-07T06:05:58,1,3.87,0.00,0.00,0.00,999.00,14.59,1018.10,14.68,0.05
2026-06-07T06:05:58,1,3.83,0.00,0.00,0.00,999.00,14.59,1017.70,14.68,0.05
2026-06-07T06:05:58,1,3.88,0.00,0.00,0.00,999.00,14.59,1018.10,14.68,0.05
2026-06-07T06:05:58,1,3.89,0.23,0.00,0.00,999.00,14.59,1017.80,14.68,0.05
2026-06-07T06:05:58,1,3.86,0.23,0.00,0.00,999.00,14.60,1018.20,14.68,0.05
2026-06-07T06:05:59,1,3.88,0.23,0.00,0.00,999.00,14.60,1017.80,14.68,0.05
2026-06-07T06:05:59,1,3.86,0.23,0.00,0.00,999.00,14.60,1018.00,14.68,0.05
2026-06-07T06:05:59,1,3.86,0.00,0.00,0.00,999.00,14.60,1018.00,14.68,0.05
2026-06-07T06:05:59,1,3.88,0.00,0.00,0.00,999.00,14.60,1017.80,14.68,0.05
2026-06-07T06:05:59,1,3.88,0.00,0.00,0.00,999.00,14.60,1018.00,14.68,0.05
2026-06-07T06:06:00,1,3.87,0.00,0.00,0.00,999.00,14.60,1018.00,14.68,0.05
2026-06-07T06:06:00,1,3.86,0.00,0.00,0.00,999.00,14.60,1018.20,14.68,0.05
2026-06-07T06:06:00,1,3.89,0.00,0.00,0.00,999.00,14.60,1018.30,14.68,0.05
2026-06-07T06:06:00,1,3.86,0.00,0.00,0.00,999.00,14.60,1018.10,14.68,0.05
2026-06-07T06:06:00,1,3.87,0.00,0.00,0.00,999.00,14.60,1018.30,14.68,0.05
2026-06-07T06:06:01,1,3.86,0.00,0.00,0.00,999.00,14.61,1018.20,14.68,0.05
2026-06-07T06:06:01,1,3.86,0.00,0.00,0.00,999.00,14.61,1018.20,14.68,0.05
2026-06-07T06:06:01,1,3.89,0.00,0.00,0.00,999.00,14.61,1018.20,14.68,0.05
2026-06-07T06:06:01,1,3.88,0.00,0.00,0.00,999.00,14.61,1018.50,14.68,0.05
2026-06-07T06:06:01,1,3.88,0.00,0.00,0.00,999.00,14.61,1017.80,14.69,0.05
2026-06-07T06:06:02,1,3.88,0.00,0.00,0.00,999.00,14.61,1017.60,14.69,0.05
2026-06-07T06:06:02,1,3.88,0.00,0.00,0.00,999.00,14.62,1017.80,14.68,0.05
2026-06-07T06:06:02,1,3.89,0.00,0.00,0.00,999.00,14.62,1018.50,14.69,0.05
2026-06-07T06:06:02,1,3.89,0.00,0.00,0.00,999.00,14.62,1018.10,14.68,0.05
2026-06-07T06:06:02,1,3.86,0.00,0.00,0.00,999.00,14.62,1018.00,14.69,0.05
2026-06-07T06:06:03,1,3.88,0.00,0.00,0.00,999.00,14.62,1017.80,14.68,0.05
2026-06-07T06:06:03,1,3.89,0.00,0.00,0.00,999.00,14.62,1018.10,14.68,0.05
2026-06-07T06:06:03,1,3.86,0.00,0.00,0.00,999.00,14.62,1018.00,14.68,0.05
2026-06-07T06:06:03,1,3.88,0.00,0.00,0.00,999.00,14.62,1017.90,14.68,0.05
2026-06-07T06:06:04,1,3.89,0.00,0.00,0.00,999.00,14.62,1017.90,14.68,0.05
2026-06-07T06:06:04,1,3.87,0.00,0.00,0.00,999.00,14.62,1018.00,14.69,0.05
2026-06-07T06:06:04,1,3.88,0.00,0.00,0.00,999.00,14.62,1017.70,14.69,0.05
2026-06-07T06:06:04,1,3.86,0.00,0.00,0.00,999.00,14.61,1018.10,14.68,0.05
2026-06-07T06:06:04,1,3.88,0.00,0.00,0.00,999.00,14.62,1018.30,14.68,0.05
2026-06-07T06:06:05,1,3.86,0.00,0.00,0.00,999.00,14.61,1017.50,14.68,0.04
2026-06-07T06:06:05,1,3.86,0.00,0.00,0.00,999.00,14.62,1017.70,14.69,0.05
2026-06-07T06:06:05,1,3.87,0.00,0.00,0.00,999.00,14.61,1017.90,14.69,0.05
2026-06-07T06:06:05,1,3.90,0.00,0.00,0.00,999.00,14.61,1018.00,14.68,0.05
2026-06-07T06:06:05,1,3.85,0.00,0.00,0.00,999.00,14.62,1017.90,14.68,0.05
2026-06-07T06:06:06,1,3.86,0.00,0.00,0.00,999.00,14.62,1018.20,14.68,0.05
2026-06-07T06:06:06,1,3.86,0.00,0.00,0.00,999.00,14.62,1018.40,14.67,0.05
2026-06-07T06:06:06,1,3.90,0.00,0.00,0.00,999.00,14.62,1017.70,14.68,0.05
2026-06-07T06:06:06,1,3.86,0.00,0.00,0.00,999.00,14.62,1018.10,14.68,0.05
2026-06-07T06:06:06,1,3.88,0.00,0.00,0.00,999.00,14.62,1018.10,14.69,0.05
2026-06-07T06:06:07,1,3.87,0.00,0.00,0.00,999.00,14.62,1017.80,14.69,0.05
2026-06-07T06:06:07,1,3.89,0.00,0.00,0.00,999.00,14.62,1017.70,14.68,0.05
2026-06-07T06:06:07,1,3.87,0.00,0.00,0.00,999.00,14.61,1018.00,14.69,0.05
2026-06-07T06:06:07,1,3.86,0.00,0.00,0.00,999.00,14.62,1017.90,14.68,0.05
2026-06-07T06:06:08,1,3.86,0.00,0.00,0.00,999.00,14.62,1018.10,14.68,0.05
2026-06-07T06:06:08,1,3.88,0.00,0.00,0.00,999.00,14.61,1017.90,14.69,0.05
2026-06-07T06:06:08,1,3.86,0.00,0.00,0.00,999.00,14.61,1017.60,14.69,0.05
2026-06-07T06:06:08,1,3.86,0.00,0.00,0.00,999.00,14.60,1018.40,14.69,0.05
2026-06-07T06:06:08,1,3.87,0.00,0.00,0.00,999.00,14.60,1018.00,14.69,0.05
2026-06-07T06:06:09,1,3.88,0.00,0.00,0.00,999.00,14.60,1017.60,14.69,0.05
2026-06-07T06:06:09,1,3.86,0.00,0.00,0.00,999.00,14.60,1017.70,14.68,0.05
2026-06-07T06:06:09,1,3.87,0.00,0.00,0.00,999.00,14.59,1018.10,14.69,0.05
2026-06-07T06:06:09,1,3.86,0.00,0.00,0.00,999.00,14.59,1018.10,14.69,0.05
2026-06-07T06:06:09,1,3.88,0.00,0.00,0.00,999.00,14.59,1018.00,14.69,0.05
2026-06-07T06:06:10,1,3.86,0.00,0.00,0.00,999.00,14.59,1018.00,14.69,0.05
2026-06-07T06:06:10,1,3.86,0.00,0.00,0.00,999.00,14.59,1018.10,14.69,0.05
2026-06-07T06:06:10,1,3.86,0.00,0.00,0.00,999.00,14.59,1017.70,14.69,0.05
2026-06-07T06:06:10,1,3.87,0.00,0.00,0.00,999.00,14.59,1017.60,14.68,0.05
2026-06-07T06:06:10,1,3.89,0.00,0.00,0.00,999.00,14.59,1018.20,14.68,0.05
2026-06-07T06:06:11,1,3.88,0.00,0.00,0.00,999.00,14.59,1017.70,14.69,0.05
2026-06-07T06:06:11,1,3.88,0.00,0.00,0.00,999.00,14.59,1018.20,14.68,0.05
2026-06-07T06:06:11,1,3.86,0.00,0.00,0.00,999.00,14.59,1017.90,14.69,0.05
2026-06-07T06:06:11,1,3.89,0.00,0.00,0.00,999.00,14.59,1018.00,14.68,0.05
2026-06-07T06:06:11,1,3.89,0.00,0.00,0.00,999.00,14.59,1017.70,14.69,0.05
2026-06-07T06:06:12,1,3.87,0.00,0.00,0.00,999.00,14.59,1018.10,14.69,0.05
2026-06-07T06:06:12,1,3.87,0.00,0.00,0.00,999.00,14.59,1017.90,14.68,0.05
2026-06-07T06:06:12,1,3.89,0.00,0.00,0.00,999.00,14.59,1017.70,14.69,0.05
2026-06-07T06:06:12,1,3.88,0.00,0.00,0.00,999.00,14.59,1018.00,14.69,0.05
2026-06-07T06:06:12,1,3.89,0.00,0.00,0.00,999.00,14.59,1017.40,14.69,0.04
2026-06-07T06:06:13,1,3.89,0.00,0.00,0.00,999.00,14.59,1018.10,14.69,0.05
2026-06-07T06:06:13,1,3.88,0.00,0.00,0.00,999.00,14.58,1017.70,14.69,0.05
2026-06-07T06:06:13,1,3.89,0.00,0.00,0.00,999.00,14.59,1017.90,14.69,0.05
2026-06-07T06:06:13,1,3.88,0.00,0.00,0.00,999.00,14.59,1017.50,14.69,0.04
2026-06-07T06:06:13,1,3.87,0.00,0.00,0.00,999.00,14.59,1017.40,14.69,0.04
2026-06-07T06:06:14,1,3.86,0.00,0.00,0.00,999.00,14.59,1017.30,14.69,0.04
2026-06-07T06:06:14,1,3.88,0.00,0.00,0.00,999.00,14.58,1017.70,14.69,0.05
2026-06-07T06:06:14,1,3.88,0.00,0.00,0.00,999.00,14.58,1018.00,14.69,0.05
2026-06-07T06:06:14,1,3.88,0.00,0.00,0.00,999.00,14.58,1017.70,14.69,0.05
2026-06-07T06:06:14,1,3.88,0.00,0.00,0.00,999.00,14.58,1018.00,14.69,0.05
2026-06-07T06:06:15,1,3.88,0.00,0.00,0.00,999.00,14.58,1017.80,14.69,0.05
2026-06-07T06:06:15,1,3.87,0.00,0.00,0.00,999.00,14.58,1017.60,14.69,0.05
2026-06-07T06:06:15,1,3.87,0.00,0.00,0.00,999.00,14.58,1017.80,14.69,0.05
2026-06-07T06:06:15,1,3.86,0.00,0.00,0.00,999.00,14.58,1018.10,14.69,0.05
2026-06-07T06:06:16,1,3.88,0.00,0.00,0.00,999.00,14.57,1017.80,14.68,0.05
2026-06-07T06:06:16,1,3.87,0.00,0.00,0.00,999.00,14.57,1017.00,14.69,0.04
2026-06-07T06:06:16,1,3.88,0.00,0.00,0.00,999.00,14.56,1017.60,14.69,0.05
2026-06-07T06:06:16,1,3.86,0.00,0.00,0.00,999.00,14.55,1017.70,14.69,0.05
2026-06-07T06:06:16,1,3.89,0.00,0.00,0.00,999.00,14.54,1017.80,14.69,0.05
2026-06-07T06:06:17,1,3.88,0.00,0.00,0.00,999.00,14.53,1017.70,14.69,0.05
2026-06-07T06:06:17,1,3.88,0.00,0.00,0.00,999.00,14.53,1017.50,14.69,0.04
2026-06-07T06:06:17,1,3.88,0.00,0.00,0.00,999.00,14.53,1017.40,14.69,0.04
2026-06-07T06:06:17,1,3.87,0.00,0.00,0.00,999.00,14.53,1017.60,14.69,0.05
2026-06-07T06:06:17,1,3.88,0.00,0.00,0.00,999.00,14.52,1017.70,14.69,0.05
2026-06-07T06:06:18,1,3.87,0.00,0.00,0.00,999.00,14.52,1017.70,14.69,0.05
2026-06-07T06:06:18,1,3.88,0.00,0.00,0.00,999.00,14.52,1017.80,14.69,0.05
2026-06-07T06:06:18,1,3.86,0.00,0.00,0.00,999.00,14.52,1017.70,14.68,0.05
2026-06-07T06:06:18,1,3.87,0.00,0.00,0.00,999.00,14.52,1017.80,14.68,0.05
2026-06-07T06:06:18,1,3.88,0.00,0.00,0.00,999.00,14.52,1017.40,14.69,0.04
2026-06-07T06:06:19,1,3.86,0.00,0.00,0.00,999.00,14.52,1018.00,14.69,0.05
2026-06-07T06:06:19,1,3.88,0.00,0.00,0.00,999.00,14.52,1017.70,14.68,0.05
2026-06-07T06:06:19,1,3.89,0.00,0.00,0.00,999.00,14.52,1017.50,14.68,0.04
2026-06-07T06:06:19,1,3.88,0.00,0.00,0.00,999.00,14.52,1017.50,14.68,0.04
2026-06-07T06:06:19,1,3.88,0.00,0.00,0.00,999.00,14.52,1018.00,14.68,0.05
2026-06-07T06:06:20,1,3.88,0.00,0.00,0.00,999.00,14.52,1017.50,14.68,0.04
2026-06-07T06:06:20,1,3.89,0.00,0.00,0.00,999.00,14.52,1017.90,14.68,0.05
2026-06-07T06:06:20,1,3.90,0.00,0.00,0.00,999.00,14.52,1017.80,14.68,0.05
2026-06-07T06:06:20,1,3.89,0.00,0.00,0.00,999.00,14.52,1017.30,14.68,0.04
2026-06-07T06:06:21,1,3.87,0.00,0.00,0.00,999.00,14.52,1017.60,14.68,0.05
2026-06-07T06:06:21,1,3.87,0.00,0.00,0.00,999.00,14.52,1017.70,14.68,0.05
2026-06-07T06:06:21,1,3.89,0.00,0.00,0.00,999.00,14.51,1017.70,14.69,0.05
2026-06-07T06:06:21,1,3.86,0.00,0.00,0.00,999.00,14.51,1017.40,14.68,0.04
2026-06-07T06:06:21,1,3.88,0.00,0.00,0.00,999.00,14.51,1017.30,14.68,0.04
2026-06-07T06:06:22,1,3.87,0.00,0.00,0.00,999.00,14.51,1017.70,14.68,0.05
2026-06-07T06:06:22,1,3.88,0.00,0.00,0.00,999.00,14.51,1017.70,14.68,0.05
2026-06-07T06:06:22,1,3.89,0.00,0.00,0.00,999.00,14.51,1017.80,14.68,0.05
2026-06-07T06:06:22,1,3.87,0.00,0.00,0.00,999.00,14.50,1017.90,14.68,0.05
2026-06-07T06:06:22,1,3.87,0.00,0.00,0.00,999.00,14.50,1017.70,14.68,0.05
2026-06-07T06:06:23,1,3.88,0.00,0.00,0.00,999.00,14.50,1017.50,14.68,0.04
2026-06-07T06:06:23,1,3.89,0.00,0.00,0.00,999.00,14.50,1017.50,14.69,0.04
2026-06-07T06:06:23,1,3.88,0.00,0.00,0.00,999.00,14.50,1017.10,14.69,0.04
2026-06-07T06:06:23,1,3.88,0.00,0.00,0.00,999.00,14.50,1017.50,14.69,0.04
2026-06-07T06:06:23,1,3.86,0.00,0.00,0.00,999.00,14.50,1016.70,14.69,0.04
2026-06-07T06:06:24,1,3.88,0.00,0.00,0.00,999.00,14.50,1017.30,14.69,0.04
2026-06-07T06:06:24,1,3.88,0.00,0.00,0.00,999.00,14.50,1017.40,14.69,0.04
2026-06-07T06:06:24,1,3.88,0.00,0.00,0.00,999.00,14.49,1017.30,14.69,0.04
2026-06-07T06:06:24,1,3.88,0.00,0.00,0.00,999.00,14.49,1017.00,14.69,0.04
2026-06-07T06:06:24,1,3.87,0.00,0.00,0.00,999.00,14.48,1017.30,14.69,0.04
2026-06-07T06:06:25,1,3.88,0.00,0.00,0.00,999.00,14.49,1017.50,14.69,0.04
2026-06-07T06:06:25,1,3.86,0.00,0.00,0.00,999.00,14.49,1017.00,14.69,0.04
2026-06-07T06:06:25,1,3.86,0.00,0.00,0.00,999.00,14.48,1017.30,14.69,0.04
2026-06-07T06:06:25,1,3.87,0.00,0.00,0.00,999.00,14.48,1017.30,14.69,0.04
2026-06-07T06:06:25,1,3.87,0.00,0.00,0.00,999.00,14.47,1017.30,14.69,0.04
2026-06-07T06:06:26,1,3.89,0.00,0.00,0.00,999.00,14.47,1017.60,14.69,0.05
2026-06-07T06:06:26,1,3.88,0.00,0.00,0.00,999.00,14.47,1017.80,14.70,0.05
2026-06-07T06:06:26,1,3.88,0.00,0.00,0.00,999.00,14.47,1017.50,14.69,0.04
2026-06-07T06:06:26,1,3.87,0.00,0.00,0.00,999.00,14.47,1017.10,14.70,0.04
2026-06-07T06:06:26,1,3.88,0.00,0.00,0.00,999.00,14.46,1016.90,14.69,0.04
2026-06-07T06:06:27,1,3.85,0.00,0.00,0.00,999.00,14.46,1017.80,14.69,0.05
2026-06-07T06:06:27,1,3.88,0.00,0.00,0.00,999.00,14.46,1017.40,14.70,0.04
2026-06-07T06:06:27,1,3.85,0.00,0.00,0.00,999.00,14.46,1017.40,14.70,0.04
2026-06-07T06:06:27,1,3.88,0.00,0.00,0.00,999.00,14.46,1017.40,14.69,0.04
2026-06-07T06:06:27,1,3.85,0.00,0.00,0.00,999.00,14.46,1016.90,14.69,0.04
2026-06-07T06:06:28,1,3.88,0.00,0.00,0.00,999.00,14.45,1017.10,14.70,0.04
2026-06-07T06:06:28,1,3.88,0.00,0.00,0.00,999.00,14.45,1017.10,14.70,0.04
2026-06-07T06:06:28,1,3.89,0.00,0.00,0.00,999.00,14.45,1017.10,14.70,0.04
2026-06-07T06:06:28,1,3.86,0.00,0.00,0.00,999.00,14.45,1017.10,14.69,0.04
2026-06-07T06:06:29,1,3.85,0.00,0.00,0.00,999.00,14.45,1017.20,14.70,0.04
2026-06-07T06:06:29,1,3.86,0.00,0.00,0.00,999.00,14.45,1017.20,14.70,0.04
2026-06-07T06:06:29,1,3.88,0.00,0.00,0.00,999.00,14.55,1020.40,14.69,0.07
2026-06-07T06:06:29,1,3.88,0.00,0.00,0.00,999.00,15.09,1027.40,14.69,0.14
2026-06-07T06:06:29,1,3.87,0.00,0.00,0.00,999.00,15.62,1028.90,14.69,0.16
2026-06-07T06:06:30,1,3.83,0.00,0.00,0.00,999.00,16.05,1028.00,14.69,0.15
2026-06-07T06:06:30,1,3.88,29710.00,18.38,14262.00,999.00,16.38,1028.30,14.70,0.15
2026-06-07T06:06:30,1,3.88,29710.00,18.38,14262.00,999.00,16.65,1028.40,14.71,0.15
2026-06-07T06:06:30,1,3.89,29710.00,18.38,14262.00,999.00,16.90,1029.20,14.73,0.16
2026-06-07T06:06:30,1,3.86,29710.00,18.38,14262.00,999.00,17.13,1028.80,14.75,0.16
2026-06-07T06:06:31,1,3.85,29710.00,18.38,14262.00,999.00,17.40,1029.10,14.77,0.16
2026-06-07T06:06:31,1,3.87,29900.00,18.51,14354.00,999.00,17.58,1028.90,14.81,0.16
2026-06-07T06:06:31,1,3.88,29900.00,18.51,14354.00,999.00,17.73,1028.70,14.85,0.16
2026-06-07T06:06:31,1,3.88,29900.00,18.51,14354.00,999.00,17.86,1028.10,14.89,0.15
2026-06-07T06:06:31,1,3.85,29900.00,18.51,14354.00,999.00,17.99,1027.00,14.93,0.14
2026-06-07T06:06:32,1,3.85,29760.00,18.41,14287.00,999.00,18.10,1027.00,14.97,0.14
2026-06-07T06:06:32,1,3.89,29760.00,18.41,14287.00,999.00,18.22,1028.10,15.02,0.15
2026-06-07T06:06:32,1,3.86,29760.00,18.41,14287.00,999.00,18.30,1028.30,15.07,0.15
2026-06-07T06:06:32,1,3.85,29760.00,18.41,14287.00,999.00,18.38,1027.70,15.12,0.15
2026-06-07T06:06:33,1,3.85,29760.00,18.41,14287.00,999.00,18.45,1030.10,15.18,0.17
2026-06-07T06:06:33,1,3.88,29720.00,18.39,14269.00,999.00,18.53,1034.50,15.22,0.21
2026-06-07T06:06:33,1,3.86,29720.00,18.39,14269.00,999.00,18.58,1035.00,15.28,0.22
2026-06-07T06:06:33,1,3.89,29720.00,18.39,14269.00,999.00,18.64,1034.50,15.33,0.21
2026-06-07T06:06:33,1,3.85,29720.00,18.39,14269.00,999.00,18.68,1033.60,15.39,0.20
2026-06-07T06:06:34,1,3.86,29720.00,18.39,14269.00,999.00,18.72,1031.90,15.44,0.19
2026-06-07T06:06:34,1,3.89,29760.00,18.42,14289.00,999.00,18.75,1031.10,15.51,0.18
2026-06-07T06:06:34,1,3.89,29760.00,18.42,14289.00,999.00,18.78,1030.80,15.56,0.18
2026-06-07T06:06:34,1,3.87,29760.00,18.42,14289.00,999.00,18.79,1029.20,15.62,0.16
2026-06-07T06:06:34,1,3.87,29760.00,18.42,14289.00,999.00,18.82,1028.40,15.67,0.15
2026-06-07T06:06:35,1,3.86,29760.00,18.42,14289.00,999.00,18.84,1028.60,15.73,0.15
2026-06-07T06:06:35,1,3.88,29780.00,18.43,14298.00,999.00,18.86,1029.00,15.77,0.16
2026-06-07T06:06:35,1,3.87,29780.00,18.43,14298.00,999.00,18.87,1029.00,15.84,0.16
2026-06-07T06:06:35,1,3.88,29780.00,18.43,14298.00,999.00,18.88,1029.60,15.89,0.16
2026-06-07T06:06:35,1,3.87,29780.00,18.43,14298.00,999.00,18.88,1029.20,15.94,0.16
2026-06-07T06:06:36,1,3.87,29730.00,18.39,14275.00,999.00,18.90,1029.60,16.00,0.16
2026-06-07T06:06:36,1,3.87,29730.00,18.39,14275.00,999.00,18.91,1030.30,16.05,0.17
2026-06-07T06:06:36,1,3.89,29730.00,18.39,14275.00,999.00,18.91,1030.60,16.09,0.17
2026-06-07T06:06:36,1,3.86,29730.00,18.39,14275.00,999.00,18.92,1029.10,16.14,0.16
2026-06-07T06:06:36,1,3.86,29730.00,18.39,14275.00,999.00,18.93,1026.30,16.20,0.13
2026-06-07T06:06:37,1,3.87,29720.00,18.38,14267.00,999.00,18.93,1026.50,16.25,0.13
2026-06-07T06:06:37,1,3.88,29720.00,18.38,14267.00,999.00,18.93,1026.30,16.29,0.13
2026-06-07T06:06:37,1,3.87,29720.00,18.38,14267.00,999.00,18.93,1027.10,16.33,0.14
2026-06-07T06:06:37,1,3.85,29720.00,18.38,14267.00,999.00,18.94,1027.50,16.38,0.14
2026-06-07T06:06:37,1,3.86,29720.00,18.38,14267.00,999.00,18.95,1027.00,16.42,0.14
2026-06-07T06:06:38,1,3.87,29740.00,18.40,14278.00,999.00,18.95,1027.10,16.46,0.14
2026-06-07T06:06:38,1,3.85,29740.00,18.40,14278.00,999.00,18.97,1026.70,16.51,0.14
2026-06-07T06:06:38,1,3.88,29740.00,18.40,14278.00,999.00,18.97,1026.90,16.54,0.14
2026-06-07T06:06:38,1,3.88,29740.00,18.40,14278.00,999.00,18.96,1026.50,16.58,0.13
2026-06-07T06:06:38,1,3.87,29740.00,18.40,14278.00,999.00,18.97,1027.50,16.63,0.14
2026-06-07T06:06:39,1,3.86,29730.00,18.39,14274.00,999.00,18.96,1027.10,16.67,0.14
2026-06-07T06:06:39,1,3.88,29730.00,18.39,14274.00,999.00,18.96,1027.20,16.71,0.14
2026-06-07T06:06:39,1,3.89,29730.00,18.39,14274.00,999.00,18.96,1026.80,16.74,0.14
2026-06-07T06:06:39,1,3.88,29730.00,18.39,14274.00,999.00,18.97,1026.90,16.78,0.14
2026-06-07T06:06:40,1,3.85,29730.00,18.39,14274.00,999.00,18.96,1026.80,16.81,0.14
2026-06-07T06:06:40,1,3.88,29710.00,18.38,14262.00,999.00,18.97,1027.00,16.84,0.14
2026-06-07T06:06:40,1,3.88,29710.00,18.38,14262.00,999.00,18.97,1026.70,16.88,0.14
2026-06-07T06:06:40,1,3.88,29710.00,18.38,14262.00,999.00,18.97,1027.80,16.91,0.15
2026-06-07T06:06:40,1,3.85,29710.00,18.38,14262.00,999.00,18.98,1027.70,16.94,0.15
2026-06-07T06:06:41,1,3.86,29740.00,18.40,14277.00,999.00,18.99,1027.00,16.97,0.14
2026-06-07T06:06:41,1,3.89,29740.00,18.40,14277.00,999.00,19.00,1026.60,17.00,0.13
2026-06-07T06:06:41,1,3.86,29740.00,18.40,14277.00,999.00,19.00,1026.50,17.03,0.13
2026-06-07T06:06:41,1,3.86,29740.00,18.40,14277.00,999.00,19.00,1026.80,17.07,0.14
2026-06-07T06:06:41,1,3.86,29740.00,18.40,14277.00,999.00,19.00,1028.50,17.10,0.15
2026-06-07T06:06:42,1,3.88,29830.00,18.46,14323.00,999.00,19.01,1027.30,17.13,0.14
2026-06-07T06:06:42,1,3.89,29830.00,18.46,14323.00,999.00,19.01,1025.20,17.15,0.12
2026-06-07T06:06:42,1,3.85,29830.00,18.46,14323.00,999.00,19.01,1025.30,17.18,0.12
2026-06-07T06:06:42,1,3.87,29830.00,18.46,14323.00,999.00,19.01,1028.70,17.21,0.16
2026-06-07T06:06:42,1,3.83,29830.00,18.46,14323.00,999.00,19.02,1026.60,17.23,0.13
2026-06-07T06:06:43,1,3.90,29800.00,18.44,14306.00,999.00,19.01,1022.40,17.25,0.09
2026-06-07T06:06:43,1,3.87,29800.00,18.44,14306.00,999.00,19.00,1021.20,17.28,0.08
2026-06-07T06:06:43,1,3.88,29800.00,18.44,14306.00,999.00,19.00,1021.50,17.30,0.08
2026-06-07T06:06:43,1,3.87,29800.00,18.44,14306.00,999.00,19.00,1020.80,17.33,0.08
2026-06-07T06:06:43,1,3.86,29800.00,18.44,14306.00,999.00,19.00,1020.70,17.36,0.08
2026-06-07T06:06:44,1,3.85,29830.00,18.46,14319.00,999.00,19.00,1020.30,17.38,0.07
2026-06-07T06:06:44,1,3.86,29830.00,18.46,14319.00,999.00,19.00,1020.40,17.40,0.07
2026-06-07T06:06:44,1,3.89,29830.00,18.46,14319.00,999.00,19.00,1021.40,17.43,0.08
2026-06-07T06:06:44,1,3.84,29830.00,18.46,14319.00,999.00,19.00,1020.90,17.45,0.08
2026-06-07T06:06:44,1,3.86,29820.00,18.46,14318.00,999.00,19.00,1020.90,17.47,0.08
2026-06-07T06:06:45,1,3.86,29820.00,18.46,14318.00,999.00,19.00,1021.60,17.49,0.09
2026-06-07T06:06:45,1,3.86,29820.00,18.46,14318.00,999.00,19.00,1023.20,17.51,0.10
2026-06-07T06:06:45,1,3.85,29820.00,18.46,14318.00,999.00,19.00,1025.50,17.53,0.12
2026-06-07T06:06:45,1,3.85,29820.00,18.46,14318.00,999.00,19.01,1027.20,17.56,0.14
2026-06-07T06:06:46,1,3.86,29870.00,18.49,14341.00,999.00,19.01,1027.10,17.57,0.14
2026-06-07T06:06:46,1,3.88,29870.00,18.49,14341.00,999.00,19.01,1027.60,17.59,0.14
2026-06-07T06:06:46,1,3.88,29870.00,18.49,14341.00,999.00,19.02,1029.90,17.62,0.17
2026-06-07T06:06:46,1,3.85,29870.00,18.49,14341.00,999.00,19.02,1032.00,17.64,0.19
2026-06-07T06:06:46,1,3.87,29870.00,18.49,14341.00,999.00,19.02,1033.20,17.66,0.20
2026-06-07T06:06:47,1,3.87,29890.00,18.50,14349.00,999.00,19.02,1033.90,17.67,0.21
2026-06-07T06:06:47,1,3.90,29890.00,18.50,14349.00,999.00,19.02,1035.20,17.69,0.22
2026-06-07T06:06:47,1,3.89,29890.00,18.50,14349.00,999.00,19.02,1036.40,17.71,0.23
2026-06-07T06:06:47,1,3.87,29890.00,18.50,14349.00,999.00,19.03,1037.50,17.72,0.24
2026-06-07T06:06:47,1,3.86,29890.00,18.50,14349.00,999.00,19.03,1039.80,17.74,0.27
2026-06-07T06:06:48,1,3.87,29890.00,18.50,14347.00,999.00,19.03,1040.70,17.76,0.27
2026-06-07T06:06:48,1,3.85,29890.00,18.50,14347.00,999.00,19.03,1042.20,17.77,0.29
2026-06-07T06:06:48,1,3.86,29890.00,18.50,14347.00,999.00,19.04,1044.40,17.78,0.31
2026-06-07T06:06:48,1,3.85,29890.00,18.50,14347.00,999.00,19.04,1046.40,17.80,0.33
2026-06-07T06:06:48,1,3.87,29940.00,18.53,14373.00,999.00,19.04,1049.30,17.81,0.36
2026-06-07T06:06:49,1,3.86,29940.00,18.53,14373.00,999.00,19.05,1052.30,17.83,0.39
2026-06-07T06:06:49,1,3.86,29940.00,18.53,14373.00,999.00,19.05,1055.30,17.84,0.42
2026-06-07T06:06:49,1,3.86,29940.00,18.53,14373.00,999.00,19.05,1058.10,17.86,0.45
2026-06-07T06:06:49,1,3.88,29940.00,18.53,14373.00,999.00,19.05,1060.10,17.87,0.47
2026-06-07T06:06:49,1,3.87,29930.00,18.53,14370.00,999.00,19.06,1061.50,17.88,0.48
2026-06-07T06:06:50,1,3.88,29930.00,18.53,14370.00,999.00,19.06,1063.40,17.90,0.50
2026-06-07T06:06:50,1,3.88,29930.00,18.53,14370.00,999.00,19.06,1064.70,17.91,0.51
2026-06-07T06:06:50,1,3.86,29930.00,18.53,14370.00,999.00,19.06,1065.90,17.93,0.52
2026-06-07T06:06:50,1,3.87,29930.00,18.53,14370.00,999.00,19.06,1066.80,17.94,0.53
2026-06-07T06:06:50,1,3.88,29910.00,18.51,14357.00,999.00,19.06,1067.80,17.95,0.54
2026-06-07T06:06:51,1,3.89,29910.00,18.51,14357.00,999.00,19.06,1069.10,17.96,0.56
2026-06-07T06:06:51,1,3.86,29910.00,18.51,14357.00,999.00,19.05,1069.60,17.98,0.56
2026-06-07T06:06:51,1,3.88,29910.00,18.51,14357.00,999.00,19.06,1071.30,17.99,0.58
2026-06-07T06:06:51,1,3.83,29910.00,18.51,14357.00,999.00,19.06,1072.80,18.00,0.59
2026-06-07T06:06:52,1,3.86,29900.00,18.51,14355.00,999.00,19.05,1074.30,18.01,0.61
2026-06-07T06:06:52,1,3.85,29900.00,18.51,14355.00,999.00,19.06,1075.90,18.02,0.62
2026-06-07T06:06:52,1,3.88,29900.00,18.51,14355.00,999.00,19.05,1077.30,18.03,0.64
2026-06-07T06:06:52,1,3.86,29900.00,18.51,14355.00,999.00,19.05,1079.20,18.05,0.66
2026-06-07T06:06:52,1,3.87,29900.00,18.51,14355.00,999.00,19.05,1081.50,18.06,0.68
2026-06-07T06:06:53,1,3.87,29960.00,18.55,14382.00,999.00,19.05,1083.30,18.07,0.70
2026-06-07T06:06:53,1,3.89,29960.00,18.55,14382.00,999.00,19.06,1085.50,18.08,0.72
2026-06-07T06:06:53,1,3.87,29960.00,18.55,14382.00,999.00,19.06,1088.20,18.09,0.75
2026-06-07T06:06:53,1,3.87,29960.00,18.55,14382.00,999.00,19.06,1090.70,18.10,0.77
2026-06-07T06:06:53,1,3.86,29960.00,18.55,14382.00,999.00,19.05,1092.10,18.11,0.78
2026-06-07T06:06:54,1,3.90,29970.00,18.55,14387.00,999.00,19.05,1094.30,18.12,0.81
2026-06-07T06:06:54,1,3.88,29970.00,18.55,14387.00,999.00,19.06,1097.20,18.12,0.83
2026-06-07T06:06:54,1,3.85,29970.00,18.55,14387.00,999.00,19.06,1097.50,18.14,0.84
2026-06-07T06:06:54,1,3.87,29970.00,18.55,14387.00,999.00,19.06,1098.20,18.15,0.84
2026-06-07T06:06:54,1,3.84,30060.00,18.61,14430.00,999.00,19.06,1098.70,18.16,0.85
2026-06-07T06:06:55,1,3.86,30060.00,18.61,14430.00,999.00,19.06,1100.10,18.17,0.86
2026-06-07T06:06:55,1,3.87,30060.00,18.61,14430.00,999.00,19.06,1101.30,18.17,0.88
2026-06-07T06:06:55,1,3.87,30060.00,18.61,14430.00,999.00,19.06,1103.40,18.18,0.90
2026-06-07T06:06:55,1,3.88,30060.00,18.61,14430.00,999.00,19.06,1105.30,18.19,0.91
2026-06-07T06:06:55,1,3.88,30000.00,18.57,14401.00,999.00,19.06,1107.30,18.20,0.93
2026-06-07T06:06:56,1,3.89,30000.00,18.57,14401.00,999.00,19.06,1110.70,18.20,0.97
2026-06-07T06:06:56,1,3.87,30000.00,18.57,14401.00,999.00,19.06,1113.30,18.22,0.99
2026-06-07T06:06:56,1,3.87,30000.00,18.57,14401.00,999.00,19.06,1115.40,18.23,1.01
2026-06-07T06:06:56,1,3.88,30000.00,18.57,14401.00,999.00,19.06,1117.70,18.24,1.04
2026-06-07T06:06:56,1,3.88,30080.00,18.63,14442.00,999.00,19.06,1119.00,18.24,1.05
2026-06-07T06:06:57,1,3.87,30080.00,18.63,14442.00,999.00,19.06,1120.60,18.25,1.07
2026-06-07T06:06:57,1,3.89,30080.00,18.63,14442.00,999.00,19.06,1123.00,18.26,1.09
2026-06-07T06:06:57,1,3.87,30080.00,18.63,14442.00,999.00,19.07,1125.40,18.27,1.11
2026-06-07T06:06:57,1,3.85,30080.00,18.63,14442.00,999.00,19.07,1128.30,18.28,1.14
2026-06-07T06:06:58,1,3.87,30100.00,18.65,14453.00,999.00,19.07,1130.40,18.28,1.16
2026-06-07T06:06:58,1,3.88,30100.00,18.65,14453.00,999.00,19.07,1132.70,18.28,1.19
2026-06-07T06:06:58,1,3.87,30100.00,18.65,14453.00,999.00,19.07,1135.00,18.30,1.21
2026-06-07T06:06:58,1,3.85,30100.00,18.65,14453.00,999.00,19.07,1136.00,18.31,1.22
2026-06-07T06:06:58,1,3.89,30160.00,18.68,14479.00,999.00,19.07,1137.10,18.33,1.23
2026-06-07T06:06:59,1,3.86,30160.00,18.68,14479.00,999.00,19.08,1139.50,18.33,1.25
2026-06-07T06:06:59,1,3.88,30160.00,18.68,14479.00,999.00,19.07,1140.90,18.34,1.27
2026-06-07T06:06:59,1,3.86,30160.00,18.68,14479.00,999.00,19.08,1143.20,18.35,1.29
2026-06-07T06:06:59,1,3.85,30160.00,18.68,14479.00,999.00,19.08,1143.80,18.35,1.30
2026-06-07T06:06:59,1,3.87,30120.00,18.65,14458.00,999.00,19.08,1144.90,18.36,1.31
2026-06-07T06:07:00,1,3.85,30120.00,18.65,14458.00,999.00,19.07,1146.20,18.37,1.32
2026-06-07T06:07:00,1,3.88,30120.00,18.65,14458.00,999.00,19.07,1148.90,18.38,1.35
2026-06-07T06:07:00,1,3.85,30120.00,18.65,14458.00,999.00,19.08,1151.20,18.38,1.37
2026-06-07T06:07:00,1,3.87,30120.00,18.65,14458.00,999.00,19.08,1153.90,18.39,1.40
2026-06-07T06:07:00,1,3.88,30100.00,18.64,14450.00,999.00,19.07,1156.20,18.39,1.42
2026-06-07T06:07:01,1,3.88,30100.00,18.64,14450.00,999.00,19.07,1157.20,18.40,1.43
2026-06-07T06:07:01,1,3.86,30100.00,18.64,14450.00,999.00,19.07,1157.60,18.40,1.43
2026-06-07T06:07:01,1,3.85,30100.00,18.64,14450.00,999.00,19.07,1158.70,18.41,1.44
2026-06-07T06:07:01,1,3.86,30100.00,18.64,14450.00,999.00,19.07,1159.80,18.42,1.45
2026-06-07T06:07:01,1,3.87,30070.00,18.63,14437.00,999.00,19.07,1161.30,18.42,1.47
2026-06-07T06:07:02,1,3.89,30070.00,18.63,14437.00,999.00,19.07,1162.40,18.43,1.48
2026-06-07T06:07:02,1,3.86,30070.00,18.63,14437.00,999.00,19.07,1163.90,18.44,1.50
2026-06-07T06:07:02,1,3.85,30070.00,18.63,14437.00,999.00,19.07,1166.20,18.44,1.52
2026-06-07T06:07:02,1,3.86,30050.00,18.61,14426.00,999.00,19.07,1168.60,18.45,1.54
2026-06-07T06:07:03,1,3.86,30050.00,18.61,14426.00,999.00,19.07,1170.60,18.45,1.56
2026-06-07T06:07:03,1,3.88,30050.00,18.61,14426.00,999.00,19.07,1173.00,18.46,1.59
2026-06-07T06:07:03,1,3.88,30050.00,18.61,14426.00,999.00,19.07,1175.30,18.46,1.61
2026-06-07T06:07:03,1,3.88,30050.00,18.61,14426.00,999.00,19.08,1178.20,18.47,1.64
2026-06-07T06:07:03,1,3.86,30070.00,18.62,14435.00,999.00,19.07,1180.00,18.48,1.65
2026-06-07T06:07:04,1,3.88,30070.00,18.62,14435.00,999.00,19.07,1182.30,18.48,1.68
2026-06-07T06:07:04,1,3.89,30070.00,18.62,14435.00,999.00,19.07,1185.00,18.49,1.70
2026-06-07T06:07:04,1,3.85,30070.00,18.62,14435.00,999.00,19.07,1185.70,18.49,1.71
2026-06-07T06:07:04,1,3.85,30070.00,18.62,14435.00,999.00,19.07,1186.00,18.49,1.71
2026-06-07T06:07:04,1,3.88,30110.00,18.65,14457.00,999.00,19.07,1186.20,18.50,1.72
2026-06-07T06:07:05,1,3.86,30110.00,18.65,14457.00,999.00,19.07,1186.50,18.50,1.72
2026-06-07T06:07:05,1,3.86,30110.00,18.65,14457.00,999.00,19.07,1187.30,18.51,1.73
2026-06-07T06:07:05,1,3.83,30110.00,18.65,14457.00,999.00,19.07,1187.60,18.51,1.73
2026-06-07T06:07:05,1,3.85,30110.00,18.65,14457.00,999.00,19.07,1189.20,18.52,1.75
2026-06-07T06:07:05,1,3.86,30170.00,18.69,14483.00,999.00,19.07,1189.70,18.52,1.75
2026-06-07T06:07:06,1,3.88,30170.00,18.69,14483.00,999.00,19.07,1190.70,18.53,1.76
2026-06-07T06:07:06,1,3.88,30170.00,18.69,14483.00,999.00,19.07,1192.30,18.53,1.78
2026-06-07T06:07:06,1,3.88,30170.00,18.69,14483.00,999.00,19.08,1194.60,18.53,1.80
2026-06-07T06:07:06,1,3.86,30170.00,18.69,14483.00,999.00,19.08,1197.40,18.54,1.83
2026-06-07T06:07:06,1,3.86,30160.00,18.68,14478.00,999.00,19.08,1199.00,18.54,1.84
2026-06-07T06:07:07,1,3.89,30160.00,18.68,14478.00,999.00,19.08,1201.00,18.55,1.86
2026-06-07T06:07:07,1,3.88,30160.00,18.68,14478.00,999.00,19.07,1202.00,18.55,1.87
2026-06-07T06:07:07,1,3.87,30160.00,18.68,14478.00,999.00,19.08,1204.10,18.56,1.89
2026-06-07T06:07:07,1,3.85,30180.00,18.70,14491.00,999.00,19.08,1205.20,18.56,1.90
2026-06-07T06:07:07,1,3.88,30180.00,18.70,14491.00,999.00,19.08,1207.10,18.57,1.92
2026-06-07T06:07:08,1,3.88,30180.00,18.70,14491.00,999.00,19.07,1208.00,18.57,1.93
2026-06-07T06:07:08,1,3.85,30180.00,18.70,14491.00,999.00,19.08,1209.90,18.57,1.95
2026-06-07T06:07:08,1,3.87,30180.00,18.70,14491.00,999.00,19.08,1212.50,18.56,1.98
2026-06-07T06:07:08,1,3.88,30160.00,18.69,14480.00,999.00,19.08,1213.70,18.58,1.99
2026-06-07T06:07:09,1,3.86,30160.00,18.69,14480.00,999.00,19.07,1214.70,18.58,2.00
2026-06-07T06:07:09,1,3.83,30160.00,18.69,14480.00,999.00,19.08,1215.80,18.58,2.01
2026-06-07T06:07:09,1,3.86,30160.00,18.69,14480.00,999.00,19.08,1216.90,18.59,2.02
2026-06-07T06:07:09,1,3.86,30160.00,18.69,14480.00,999.00,19.08,1218.40,18.60,2.04
2026-06-07T06:07:09,1,3.87,30160.00,18.68,14479.00,999.00,19.08,1219.10,18.60,2.04
2026-06-07T06:07:10,1,3.88,30160.00,18.68,14479.00,999.00,19.08,1220.30,18.60,2.05
2026-06-07T06:07:10,1,3.88,30160.00,18.68,14479.00,999.00,19.08,1221.30,18.61,2.06
2026-06-07T06:07:10,1,3.87,30160.00,18.68,14479.00,999.00,19.08,1224.10,18.61,2.09
2026-06-07T06:07:10,1,3.86,30160.00,18.68,14479.00,999.00,19.08,1227.70,18.61,2.13
2026-06-07T06:07:10,1,3.86,30180.00,18.70,14488.00,999.00,19.07,1229.00,18.62,2.14
2026-06-07T06:07:11,1,3.86,30180.00,18.70,14488.00,999.00,19.08,1230.50,18.62,2.16
2026-06-07T06:07:11,1,3.86,30180.00,18.70,14488.00,999.00,19.08,1232.00,18.61,2.17
2026-06-07T06:07:11,1,3.85,30180.00,18.70,14488.00,999.00,19.08,1233.10,18.62,2.18
2026-06-07T06:07:11,1,3.87,30200.00,18.71,14497.00,999.00,19.08,1235.10,18.63,2.20
2026-06-07T06:07:11,1,3.86,30200.00,18.71,14497.00,999.00,19.08,1237.10,18.63,2.22
2026-06-07T06:07:12,1,3.89,30200.00,18.71,14497.00,999.00,19.08,1238.60,18.64,2.24
2026-06-07T06:07:12,1,3.87,30200.00,18.71,14497.00,999.00,19.09,1240.20,18.64,2.25
2026-06-07T06:07:12,1,3.88,30200.00,18.71,14497.00,999.00,19.08,1241.70,18.64,2.27
2026-06-07T06:07:12,1,3.87,30300.00,18.78,14544.00,999.00,19.08,1242.00,18.64,2.27
2026-06-07T06:07:12,1,3.87,30300.00,18.78,14544.00,999.00,19.08,1242.20,18.64,2.27
2026-06-07T06:07:13,1,3.88,30300.00,18.78,14544.00,999.00,19.08,1243.00,18.65,2.28
2026-06-07T06:07:13,1,3.85,30300.00,18.78,14544.00,999.00,19.08,1243.80,18.65,2.29
2026-06-07T06:07:13,1,3.85,30300.00,18.78,14544.00,999.00,19.08,1244.50,18.66,2.29
2026-06-07T06:07:13,1,3.87,30270.00,18.76,14531.00,999.00,19.08,1245.50,18.66,2.30
2026-06-07T06:07:13,1,3.88,30270.00,18.76,14531.00,999.00,19.08,1245.80,18.66,2.31
2026-06-07T06:07:14,1,3.86,30270.00,18.76,14531.00,999.00,19.09,1246.80,18.66,2.32
2026-06-07T06:07:14,1,3.85,30270.00,18.76,14531.00,999.00,19.08,1247.30,18.66,2.32
2026-06-07T06:07:14,1,3.86,30270.00,18.76,14531.00,999.00,19.09,1248.90,18.66,2.34
2026-06-07T06:07:14,1,3.86,30240.00,18.74,14516.00,999.00,19.09,1250.30,18.67,2.35
2026-06-07T06:07:15,1,3.90,30240.00,18.74,14516.00,999.00,19.08,1251.40,18.67,2.36
2026-06-07T06:07:15,1,3.87,30240.00,18.74,14516.00,999.00,19.08,1252.40,18.67,2.37
2026-06-07T06:07:15,1,3.85,30240.00,18.74,14516.00,999.00,19.08,1253.60,18.67,2.38
2026-06-07T06:07:15,1,3.87,30310.00,18.79,14552.00,999.00,19.08,1256.00,18.68,2.41
2026-06-07T06:07:15,1,3.90,30310.00,18.79,14552.00,999.00,19.08,1257.00,18.68,2.42
2026-06-07T06:07:16,1,3.88,30310.00,18.79,14552.00,999.00,19.09,1259.80,18.68,2.45
2026-06-07T06:07:16,1,3.87,30310.00,18.79,14552.00,999.00,19.09,1261.10,18.68,2.46
2026-06-07T06:07:16,1,3.88,30310.00,18.79,14552.00,999.00,19.09,1262.40,18.69,2.47
2026-06-07T06:07:16,1,3.86,30390.00,18.84,14587.00,999.00,19.09,1264.10,18.69,2.49
2026-06-07T06:07:16,1,3.86,30390.00,18.84,14587.00,999.00,19.09,1265.60,18.69,2.50
2026-06-07T06:07:17,1,3.88,30390.00,18.84,14587.00,999.00,19.09,1267.00,18.69,2.52
2026-06-07T06:07:17,1,3.86,30390.00,18.84,14587.00,999.00,19.09,1267.70,18.70,2.52
2026-06-07T06:07:17,1,3.87,30390.00,18.84,14587.00,999.00,19.09,1269.70,18.70,2.54
2026-06-07T06:07:17,1,3.86,30390.00,18.84,14590.00,999.00,19.09,1270.60,18.70,2.55
2026-06-07T06:07:17,1,3.86,30390.00,18.84,14590.00,999.00,19.09,1272.10,18.71,2.57
2026-06-07T06:07:18,1,3.88,30390.00,18.84,14590.00,999.00,19.09,1273.10,18.71,2.58
2026-06-07T06:07:18,1,3.85,30390.00,18.84,14590.00,999.00,19.09,1273.90,18.71,2.59
2026-06-07T06:07:18,1,3.88,30390.00,18.84,14590.00,999.00,19.09,1274.30,18.71,2.59
2026-06-07T06:07:18,1,3.88,30400.00,18.85,14593.00,999.00,19.09,1275.10,18.71,2.60
2026-06-07T06:07:18,1,3.86,30400.00,18.85,14593.00,999.00,19.09,1275.10,18.71,2.60
2026-06-07T06:07:19,1,3.87,30400.00,18.85,14593.00,999.00,19.09,1275.60,18.72,2.60
2026-06-07T06:07:19,1,3.85,30400.00,18.85,14593.00,999.00,19.09,1276.10,18.72,2.61
2026-06-07T06:07:19,1,3.86,30400.00,18.85,14593.00,999.00,19.09,1277.00,18.72,2.62
2026-06-07T06:07:19,1,3.89,30400.00,18.85,14595.00,999.00,19.10,1278.90,18.72,2.64
2026-06-07T06:07:19,1,3.88,30400.00,18.85,14595.00,999.00,19.09,1279.40,18.72,2.64
2026-06-07T06:07:20,1,3.89,30400.00,18.85,14595.00,999.00,19.09,1281.40,18.73,2.66
2026-06-07T06:07:20,1,3.86,30400.00,18.85,14595.00,999.00,19.09,1283.20,18.73,2.68
2026-06-07T06:07:20,1,3.82,30470.00,18.90,14628.00,999.00,19.09,1285.30,18.73,2.70
2026-06-07T06:07:20,1,3.86,30470.00,18.90,14628.00,999.00,19.10,1286.90,18.73,2.71
2026-06-07T06:07:20,1,3.89,30470.00,18.90,14628.00,999.00,19.10,1287.50,18.74,2.72
2026-06-07T06:07:21,1,3.87,30470.00,18.90,14628.00,999.00,19.09,1288.50,18.73,2.73
2026-06-07T06:07:21,1,3.85,30470.00,18.90,14628.00,999.00,19.10,1289.40,18.73,2.74
2026-06-07T06:07:21,1,3.88,30410.00,18.86,14600.00,999.00,19.09,1290.30,18.74,2.75
2026-06-07T06:07:21,1,3.86,30410.00,18.86,14600.00,999.00,19.10,1292.40,18.74,2.77
2026-06-07T06:07:22,1,3.86,30410.00,18.86,14600.00,999.00,19.09,1295.20,18.74,2.80
2026-06-07T06:07:22,1,3.87,30410.00,18.86,14600.00,999.00,19.09,1296.50,18.75,2.81
2026-06-07T06:07:22,1,3.88,30410.00,18.86,14600.00,999.00,19.09,1298.10,18.75,2.83
2026-06-07T06:07:22,1,3.89,30450.00,18.88,14616.00,999.00,19.09,1300.70,18.75,2.85
2026-06-07T06:07:22,1,3.89,30450.00,18.88,14616.00,999.00,19.10,1304.00,18.75,2.88
2026-06-07T06:07:23,1,3.89,30450.00,18.88,14616.00,999.00,19.10,1305.70,18.75,2.90
2026-06-07T06:07:23,1,3.88,30450.00,18.88,14616.00,999.00,19.09,1308.60,18.75,2.93
2026-06-07T06:07:23,1,3.85,30450.00,18.88,14616.00,999.00,19.09,1311.30,18.76,2.96
2026-06-07T06:07:23,1,3.88,30390.00,18.84,14587.00,999.00,19.09,1313.40,18.76,2.98
2026-06-07T06:07:23,1,3.87,30390.00,18.84,14587.00,999.00,19.09,1315.30,18.76,3.00
2026-06-07T06:07:24,1,3.87,30390.00,18.84,14587.00,999.00,19.09,1318.80,18.75,3.03
2026-06-07T06:07:24,1,3.85,30390.00,18.84,14587.00,999.00,19.10,1320.60,18.76,3.05
2026-06-07T06:07:24,1,3.86,30390.00,18.84,14590.00,999.00,19.09,1322.00,18.77,3.06
2026-06-07T06:07:24,1,3.88,30390.00,18.84,14590.00,999.00,19.10,1321.90,18.77,3.06
2026-06-07T06:07:24,1,3.88,30390.00,18.84,14590.00,999.00,19.09,1322.50,18.77,3.07
2026-06-07T06:07:25,1,3.85,30390.00,18.84,14590.00,999.00,19.10,1323.50,18.77,3.08
2026-06-07T06:07:25,1,3.86,30390.00,18.84,14590.00,999.00,19.09,1325.10,18.77,3.09
2026-06-07T06:07:25,1,3.88,30400.00,18.85,14592.00,999.00,19.09,1325.90,18.77,3.10
2026-06-07T06:07:25,1,3.89,30400.00,18.85,14592.00,999.00,19.09,1327.30,18.77,3.11
2026-06-07T06:07:26,1,3.87,30400.00,18.85,14592.00,999.00,19.09,1328.90,18.77,3.13
2026-06-07T06:07:26,1,3.86,30400.00,18.85,14592.00,999.00,19.10,1330.40,18.78,3.15
2026-06-07T06:07:26,1,3.86,30400.00,18.85,14592.00,999.00,19.10,1333.00,18.78,3.17
2026-06-07T06:07:26,1,3.87,30470.00,18.90,14627.00,999.00,19.10,1335.60,18.78,3.20
2026-06-07T06:07:26,1,3.86,30470.00,18.90,14627.00,999.00,19.10,1337.00,18.78,3.21
2026-06-07T06:07:27,1,3.88,30470.00,18.90,14627.00,999.00,19.09,1338.00,18.79,3.22
2026-06-07T06:07:27,1,3.86,30470.00,18.90,14627.00,999.00,19.10,1338.90,18.78,3.23
2026-06-07T06:07:27,1,3.87,30470.00,18.90,14627.00,999.00,19.10,1340.50,18.79,3.25
2026-06-07T06:07:27,1,3.86,30590.00,18.98,14686.00,999.00,19.10,1343.20,18.79,3.27
2026-06-07T06:07:27,1,3.88,30590.00,18.98,14686.00,999.00,19.10,1345.40,18.79,3.29
2026-06-07T06:07:28,1,3.89,30590.00,18.98,14686.00,999.00,19.10,1347.60,18.79,3.32
2026-06-07T06:07:28,1,3.86,30590.00,18.98,14686.00,999.00,19.10,1349.00,18.79,3.33
2026-06-07T06:07:28,1,3.88,30640.00,19.01,14708.00,999.00,19.09,1350.60,18.79,3.35
2026-06-07T06:07:28,1,3.88,30640.00,19.01,14708.00,999.00,19.10,1352.00,18.80,3.36
2026-06-07T06:07:28,1,3.86,30640.00,19.01,14708.00,999.00,19.10,1353.70,18.80,3.38
2026-06-07T06:07:29,1,3.86,30640.00,19.01,14708.00,999.00,19.10,1355.50,18.80,3.39
2026-06-07T06:07:29,1,3.87,30640.00,19.01,14708.00,999.00,19.10,1357.50,18.80,3.41
2026-06-07T06:07:29,1,3.88,30620.00,19.00,14700.00,999.00,19.10,1358.60,18.80,3.42
2026-06-07T06:07:29,1,3.86,30620.00,19.00,14700.00,999.00,19.10,1359.00,18.80,3.43
2026-06-07T06:07:29,1,3.86,30620.00,19.00,14700.00,999.00,19.10,1359.30,18.80,3.43
2026-06-07T06:07:30,1,3.85,30620.00,19.00,14700.00,999.00,19.10,1361.10,18.81,3.45
2026-06-07T06:07:30,1,3.86,30620.00,19.00,14700.00,999.00,19.10,1362.20,18.81,3.46
2026-06-07T06:07:30,1,3.86,30610.00,18.99,14694.00,999.00,19.10,1363.30,18.81,3.47
2026-06-07T06:07:30,1,3.86,30610.00,18.99,14694.00,999.00,19.10,1364.80,18.81,3.49
2026-06-07T06:07:30,1,3.87,30610.00,18.99,14694.00,999.00,19.10,1365.50,18.81,3.49
2026-06-07T06:07:31,1,3.86,30610.00,18.99,14694.00,999.00,19.10,1365.70,18.81,3.50
2026-06-07T06:07:31,1,3.87,30610.00,18.99,14694.00,999.00,19.10,1366.50,18.81,3.50
2026-06-07T06:07:31,1,3.88,30590.00,18.98,14686.00,999.00,19.10,1367.50,18.81,3.51
2026-06-07T06:07:31,1,3.87,30590.00,18.98,14686.00,999.00,19.10,1368.70,18.81,3.52
2026-06-07T06:07:31,1,3.86,30590.00,18.98,14686.00,999.00,19.09,1370.80,18.82,3.55
2026-06-07T06:07:32,1,3.86,30590.00,18.98,14686.00,999.00,19.10,1371.80,18.82,3.56
2026-06-07T06:07:32,1,3.85,30590.00,18.98,14686.00,999.00,19.10,1374.30,18.82,3.58
2026-06-07T06:07:32,1,3.86,30590.00,18.98,14684.00,999.00,19.10,1376.40,18.82,3.60
2026-06-07T06:07:32,1,3.88,30590.00,18.98,14684.00,999.00,19.11,1379.20,18.82,3.63
2026-06-07T06:07:32,1,3.88,30590.00,18.98,14684.00,999.00,19.10,1381.60,18.82,3.65
2026-06-07T06:07:33,1,3.85,30590.00,18.98,14684.00,999.00,19.10,1385.70,18.82,3.69
2026-06-07T06:07:33,1,3.85,30590.00,18.98,14684.00,999.00,19.10,1389.20,18.82,3.73
2026-06-07T06:07:33,1,3.89,30580.00,18.97,14683.00,999.00,19.10,1392.00,18.82,3.76
2026-06-07T06:07:33,1,3.85,30580.00,18.97,14683.00,999.00,19.10,1393.40,18.82,3.77
2026-06-07T06:07:34,1,3.87,30580.00,18.97,14683.00,999.00,19.10,1395.00,18.83,3.79
2026-06-07T06:07:34,1,3.87,30580.00,18.97,14683.00,999.00,19.10,1397.00,18.83,3.81
2026-06-07T06:07:34,1,3.85,30610.00,18.99,14694.00,999.00,19.10,1399.60,18.83,3.83
2026-06-07T06:07:34,1,3.88,30610.00,18.99,14694.00,999.00,19.10,1401.30,18.83,3.85
2026-06-07T06:07:34,1,3.88,30610.00,18.99,14694.00,999.00,19.10,1403.10,18.83,3.87
2026-06-07T06:07:35,1,3.86,30610.00,18.99,14694.00,999.00,19.10,1405.10,18.84,3.89
2026-06-07T06:07:35,1,3.85,30610.00,18.99,14694.00,999.00,19.10,1407.50,18.83,3.91
2026-06-07T06:07:35,1,3.88,30610.00,18.99,14696.00,999.00,19.10,1409.10,18.84,3.93
2026-06-07T06:07:35,1,3.88,30610.00,18.99,14696.00,999.00,19.11,1410.40,18.84,3.94
2026-06-07T06:07:35,1,3.87,30610.00,18.99,14696.00,999.00,19.11,1411.00,18.84,3.94
2026-06-07T06:07:36,1,3.86,30610.00,18.99,14696.00,999.00,19.10,1411.70,18.84,3.95
2026-06-07T06:07:36,1,3.87,30610.00,18.99,14696.00,999.00,19.10,1412.10,18.84,3.95
2026-06-07T06:07:36,1,3.87,30620.00,19.00,14702.00,999.00,19.10,1412.70,18.84,3.96
2026-06-07T06:07:36,1,3.86,30620.00,19.00,14702.00,999.00,19.10,1413.80,18.84,3.97
2026-06-07T06:07:36,1,3.88,30620.00,19.00,14702.00,999.00,19.10,1415.20,18.85,3.99
2026-06-07T06:07:37,1,3.86,30620.00,19.00,14702.00,999.00,19.10,1416.50,18.83,4.00
2026-06-07T06:07:37,1,3.88,30610.00,19.00,14698.00,999.00,19.11,1417.80,18.85,4.01
2026-06-07T06:07:37,1,3.86,30610.00,19.00,14698.00,999.00,19.10,1418.30,18.84,4.02
2026-06-07T06:07:37,1,3.87,30610.00,19.00,14698.00,999.00,19.10,1419.00,18.84,4.02
2026-06-07T06:07:38,1,3.86,30610.00,19.00,14698.00,999.00,19.11,1419.90,18.85,4.03
2026-06-07T06:07:38,1,3.87,30610.00,19.00,14698.00,999.00,19.10,1421.80,18.85,4.05
2026-06-07T06:07:38,1,3.88,30720.00,19.06,14746.00,999.00,19.10,1422.70,18.85,4.06
2026-06-07T06:07:38,1,3.88,30720.00,19.06,14746.00,999.00,19.10,1425.50,18.85,4.09
2026-06-07T06:07:38,1,3.88,30720.00,19.06,14746.00,999.00,19.10,1427.90,18.85,4.11
2026-06-07T06:07:39,1,3.87,30720.00,19.06,14746.00,999.00,19.10,1430.00,18.86,4.13
2026-06-07T06:07:39,1,3.83,30720.00,19.06,14746.00,999.00,19.10,1431.60,18.85,4.15
2026-06-07T06:07:39,1,3.86,30880.00,19.18,14827.00,999.00,19.10,1433.80,18.86,4.17
2026-06-07T06:07:39,1,3.86,30880.00,19.18,14827.00,999.00,19.10,1435.70,18.85,4.19
2026-06-07T06:07:39,1,3.90,30880.00,19.18,14827.00,999.00,19.10,1438.10,18.86,4.21
2026-06-07T06:07:40,1,3.88,30880.00,19.18,14827.00,999.00,19.10,1440.40,18.86,4.24
2026-06-07T06:07:40,1,3.86,30880.00,19.18,14827.00,999.00,19.10,1443.70,18.86,4.27
2026-06-07T06:07:40,1,3.89,30950.00,19.22,14857.00,999.00,19.09,1445.80,18.86,4.29
2026-06-07T06:07:40,1,3.87,30950.00,19.22,14857.00,999.00,19.10,1447.90,18.86,4.31
2026-06-07T06:07:40,1,3.88,30950.00,19.22,14857.00,999.00,19.09,1450.40,18.86,4.33
2026-06-07T06:07:41,1,3.86,30950.00,19.22,14857.00,999.00,19.10,1452.40,18.86,4.35
2026-06-07T06:07:41,1,3.85,30950.00,19.22,14857.00,999.00,19.09,1455.60,18.86,4.39
2026-06-07T06:07:41,1,3.88,30920.00,19.20,14842.00,999.00,19.10,1457.90,18.86,4.41
2026-06-07T06:07:41,1,3.88,30920.00,19.20,14842.00,999.00,19.10,1460.00,18.86,4.43
2026-06-07T06:07:41,1,3.85,30920.00,19.20,14842.00,999.00,19.10,1461.80,18.86,4.45
2026-06-07T06:07:42,1,3.86,30920.00,19.20,14842.00,999.00,19.10,1463.60,18.86,4.47
2026-06-07T06:07:42,1,3.85,31010.00,19.27,14887.00,999.00,19.10,1465.80,18.87,4.49
2026-06-07T06:07:42,1,3.88,31010.00,19.27,14887.00,999.00,19.09,1467.70,18.87,4.51
2026-06-07T06:07:42,1,3.86,31010.00,19.27,14887.00,999.00,19.09,1469.30,18.87,4.52
2026-06-07T06:07:42,1,3.87,31010.00,19.27,14887.00,999.00,19.10,1470.10,18.87,4.53
2026-06-07T06:07:43,1,3.85,31010.00,19.27,14887.00,999.00,19.10,1471.30,18.87,4.54
2026-06-07T06:07:43,1,3.86,31080.00,19.31,14919.00,999.00,19.10,1472.20,18.87,4.55
2026-06-07T06:07:43,1,3.88,31080.00,19.31,14919.00,999.00,19.09,1473.30,18.87,4.56
2026-06-07T06:07:43,1,3.88,31080.00,19.31,14919.00,999.00,19.10,1475.80,18.87,4.59
2026-06-07T06:07:43,1,3.86,31080.00,19.31,14919.00,999.00,19.09,1477.40,18.87,4.60
2026-06-07T06:07:44,1,3.86,31080.00,19.31,14919.00,999.00,19.09,1477.60,18.87,4.60
2026-06-07T06:07:44,1,3.88,31090.00,19.32,14927.00,999.00,19.09,1477.60,18.87,4.60
2026-06-07T06:07:44,1,3.89,31090.00,19.32,14927.00,999.00,19.09,1478.30,18.87,4.61
2026-06-07T06:07:44,1,3.88,31090.00,19.32,14927.00,999.00,19.10,1479.40,18.87,4.62
2026-06-07T06:07:45,1,3.87,31090.00,19.32,14927.00,999.00,19.09,1481.10,18.87,4.64
2026-06-07T06:07:45,1,3.85,31090.00,19.32,14927.00,999.00,19.09,1483.30,18.88,4.66
2026-06-07T06:07:45,1,3.87,31080.00,19.31,14920.00,999.00,19.09,1485.30,18.87,4.68
2026-06-07T06:07:45,1,3.86,31080.00,19.31,14920.00,999.00,19.09,1487.00,18.87,4.70
2026-06-07T06:07:45,1,3.88,31080.00,19.31,14920.00,999.00,19.09,1488.30,18.87,4.71
2026-06-07T06:07:46,1,3.86,31080.00,19.31,14920.00,999.00,19.09,1490.00,18.87,4.73
2026-06-07T06:07:46,1,3.86,31080.00,19.32,14922.00,999.00,19.09,1491.30,18.87,4.74
2026-06-07T06:07:46,1,3.89,31080.00,19.32,14922.00,999.00,19.08,1493.10,18.88,4.76
2026-06-07T06:07:46,1,3.87,31080.00,19.32,14922.00,999.00,19.09,1495.20,18.88,4.78
2026-06-07T06:07:46,1,3.85,31080.00,19.32,14922.00,999.00,19.09,1497.80,18.88,4.80
2026-06-07T06:07:47,1,3.86,31080.00,19.32,14922.00,999.00,19.09,1499.30,18.88,4.82
2026-06-07T06:07:47,1,3.88,31090.00,19.32,14927.00,999.00,19.09,1501.20,18.88,4.84
2026-06-07T06:07:47,1,3.86,31090.00,19.32,14927.00,999.00,19.09,1503.20,18.88,4.86
2026-06-07T06:07:47,1,3.86,31090.00,19.32,14927.00,999.00,19.09,1507.20,18.88,4.90
2026-06-07T06:07:47,1,3.85,31090.00,19.32,14927.00,999.00,19.09,1511.00,18.88,4.94
2026-06-07T06:07:48,1,3.86,31090.00,19.32,14927.00,999.00,19.09,1514.50,18.88,4.97
2026-06-07T06:07:48,1,3.90,31120.00,19.34,14940.00,999.00,19.09,1515.50,18.88,4.98
2026-06-07T06:07:48,1,3.86,31120.00,19.34,14940.00,999.00,19.09,1517.00,18.88,4.99
2026-06-07T06:07:48,1,3.89,31120.00,19.34,14940.00,999.00,19.09,1517.40,18.88,5.00
2026-06-07T06:07:48,1,3.87,31120.00,19.34,14940.00,999.00,19.09,1518.60,18.89,5.01
2026-06-07T06:07:49,1,3.85,31120.00,19.34,14940.00,999.00,19.09,1518.60,18.88,5.01
2026-06-07T06:07:49,1,3.86,31140.00,19.35,14948.00,999.00,19.08,1517.10,18.88,5.00
2026-06-07T06:07:49,1,3.88,31140.00,19.35,14948.00,999.00,19.09,1515.70,18.88,4.98
2026-06-07T06:07:49,1,3.88,31140.00,19.35,14948.00,999.00,19.08,1516.40,18.89,4.99
2026-06-07T06:07:49,1,3.87,31140.00,19.35,14948.00,999.00,19.09,1519.40,18.89,5.02
2026-06-07T06:07:50,1,3.86,31160.00,19.36,14957.00,999.00,19.09,1524.20,18.88,5.07
2026-06-07T06:07:50,1,3.88,31160.00,19.36,14957.00,999.00,19.09,1527.70,18.88,5.10
2026-06-07T06:07:50,1,3.88,31160.00,19.36,14957.00,999.00,19.09,1531.10,18.89,5.13
2026-06-07T06:07:50,1,3.86,31160.00,19.36,14957.00,999.00,19.08,1533.70,18.89,5.16
2026-06-07T06:07:51,1,3.85,31160.00,19.36,14957.00,999.00,19.09,1536.00,18.89,5.18
2026-06-07T06:07:51,1,3.88,31270.00,19.44,15013.00,999.00,19.09,1537.90,18.89,5.20
2026-06-07T06:07:51,1,3.85,31270.00,19.44,15013.00,999.00,19.09,1540.90,18.89,5.23
2026-06-07T06:07:51,1,3.88,31270.00,19.44,15013.00,999.00,19.08,1543.80,18.89,5.26
2026-06-07T06:07:51,1,3.87,31270.00,19.44,15013.00,999.00,19.08,1547.40,18.89,5.30
2026-06-07T06:07:52,1,3.88,31270.00,19.44,15013.00,999.00,19.08,1549.20,18.89,5.31
2026-06-07T06:07:52,1,3.86,31400.00,19.53,15072.00,999.00,19.08,1550.70,18.89,5.33
2026-06-07T06:07:52,1,3.86,31400.00,19.53,15072.00,999.00,19.08,1553.20,18.89,5.35
2026-06-07T06:07:52,1,3.87,31400.00,19.53,15072.00,999.00,19.08,1556.80,18.89,5.39
2026-06-07T06:07:52,1,3.86,31400.00,19.53,15072.00,999.00,19.08,1559.00,18.89,5.41
2026-06-07T06:07:53,1,3.85,31400.00,19.53,15072.00,999.00,19.08,1561.70,18.89,5.44
2026-06-07T06:07:53,1,3.89,31470.00,19.58,15109.00,999.00,19.08,1562.60,18.89,5.45
2026-06-07T06:07:53,1,3.88,31470.00,19.58,15109.00,999.00,19.07,1564.00,18.89,5.46
2026-06-07T06:07:53,1,3.88,31470.00,19.58,15109.00,999.00,19.07,1565.00,18.89,5.47
2026-06-07T06:07:53,1,3.87,31470.00,19.58,15109.00,999.00,19.08,1564.90,18.90,5.47
2026-06-07T06:07:54,1,3.86,31470.00,19.58,15109.00,999.00,19.08,1565.20,18.90,5.47
2026-06-07T06:07:54,1,3.86,31490.00,19.59,15118.00,999.00,19.08,1563.40,18.89,5.45
2026-06-07T06:07:54,1,3.86,31490.00,19.59,15118.00,999.00,19.08,1558.50,18.89,5.41
2026-06-07T06:07:54,1,3.86,31490.00,19.59,15118.00,999.00,19.08,1554.50,18.89,5.37
2026-06-07T06:07:54,1,3.86,31490.00,19.59,15118.00,999.00,19.07,1553.40,18.90,5.36
2026-06-07T06:07:55,1,3.86,31400.00,19.53,15075.00,999.00,19.07,1554.40,18.90,5.37
2026-06-07T06:07:55,1,3.88,31400.00,19.53,15075.00,999.00,19.08,1557.80,18.90,5.40
2026-06-07T06:07:55,1,3.88,31400.00,19.53,15075.00,999.00,19.07,1561.30,18.89,5.43
2026-06-07T06:07:55,1,3.86,31400.00,19.53,15075.00,999.00,19.08,1562.40,18.90,5.44
2026-06-07T06:07:55,1,3.85,31400.00,19.53,15075.00,999.00,19.08,1563.30,18.90,5.45
2026-06-07T06:07:56,1,3.86,31460.00,19.57,15102.00,999.00,19.08,1564.80,18.90,5.47
2026-06-07T06:07:56,1,3.88,31460.00,19.57,15102.00,999.00,19.07,1565.90,18.89,5.48
2026-06-07T06:07:56,1,3.87,31460.00,19.57,15102.00,999.00,19.07,1565.90,18.90,5.48
2026-06-07T06:07:56,1,3.88,31460.00,19.57,15102.00,999.00,19.07,1562.60,18.90,5.45
2026-06-07T06:07:57,1,3.87,31460.00,19.57,15102.00,999.00,19.08,1556.70,18.89,5.39
2026-06-07T06:07:57,1,3.89,31480.00,19.59,15114.00,999.00,19.08,1547.50,18.90,5.30
2026-06-07T06:07:57,1,3.88,31480.00,19.59,15114.00,999.00,19.08,1541.40,18.90,5.24
2026-06-07T06:07:57,1,3.86,31480.00,19.59,15114.00,999.00,19.07,1538.80,18.89,5.21
2026-06-07T06:07:57,1,3.84,31480.00,19.59,15114.00,999.00,19.07,1531.20,18.90,5.14
2026-06-07T06:07:58,1,3.85,31480.00,19.59,15114.00,999.00,19.07,1521.20,18.90,5.04
2026-06-07T06:07:58,1,3.86,31300.00,19.46,15027.00,999.00,19.08,1515.20,18.89,4.98
2026-06-07T06:07:58,1,3.88,31300.00,19.46,15027.00,999.00,19.08,1514.50,18.89,4.97
2026-06-07T06:07:58,1,3.87,31300.00,19.46,15027.00,999.00,19.08,1518.00,18.88,5.00
2026-06-07T06:07:58,1,3.86,31300.00,19.46,15027.00,999.00,19.08,1509.20,18.89,4.92
2026-06-07T06:07:59,1,3.84,31180.00,19.38,14969.00,999.00,19.08,1494.20,18.89,4.77
2026-06-07T06:07:59,1,3.87,31180.00,19.38,14969.00,999.00,19.08,1481.00,18.89,4.64
2026-06-07T06:07:59,1,3.87,31180.00,19.38,14969.00,999.00,19.09,1468.00,18.89,4.51
2026-06-07T06:07:59,1,3.85,31180.00,19.38,14969.00,999.00,19.08,1453.60,18.89,4.37
2026-06-07T06:07:59,1,3.85,31180.00,19.38,14969.00,999.00,19.09,1443.10,18.89,4.26
2026-06-07T06:08:00,1,3.89,31040.00,19.28,14900.00,999.00,19.08,1431.90,18.89,4.15
2026-06-07T06:08:00,1,3.88,31040.00,19.28,14900.00,999.00,19.09,1423.90,18.89,4.07
2026-06-07T06:08:00,1,3.89,31040.00,19.28,14900.00,999.00,19.08,1421.60,18.89,4.05
2026-06-07T06:08:00,1,3.85,31040.00,19.28,14900.00,999.00,19.09,1421.60,18.89,4.05
2026-06-07T06:08:00,1,3.86,31040.00,19.28,14900.00,999.00,19.09,1415.20,18.89,3.99
2026-06-07T06:08:01,1,3.87,30760.00,19.09,14767.00,999.00,19.09,1401.60,18.89,3.85
2026-06-07T06:08:01,1,3.88,30760.00,19.09,14767.00,999.00,19.09,1388.30,18.88,3.72
2026-06-07T06:08:01,1,3.86,30760.00,19.09,14767.00,999.00,19.09,1377.20,18.89,3.61
2026-06-07T06:08:01,1,3.88,30760.00,19.09,14767.00,999.00,19.09,1364.20,18.89,3.48
2026-06-07T06:08:02,1,3.85,30760.00,19.09,14767.00,999.00,19.09,1354.70,18.89,3.39
2026-06-07T06:08:02,1,3.89,30640.00,19.01,14710.00,999.00,19.10,1351.00,18.89,3.35
2026-06-07T06:08:02,1,3.86,30640.00,19.01,14710.00,999.00,19.09,1351.20,18.89,3.35
2026-06-07T06:08:02,1,3.88,30640.00,19.01,14710.00,999.00,19.10,1345.30,18.89,3.29
2026-06-07T06:08:02,1,3.86,30640.00,19.01,14710.00,999.00,19.10,1330.10,18.89,3.14
2026-06-07T06:08:03,1,3.87,30600.00,18.99,14692.00,999.00,19.09,1310.50,18.88,2.95
2026-06-07T06:08:03,1,3.88,30600.00,18.99,14692.00,999.00,19.09,1299.40,18.88,2.84
2026-06-07T06:08:03,1,3.88,30600.00,18.99,14692.00,999.00,19.10,1287.70,18.88,2.72
2026-06-07T06:08:03,1,3.87,30600.00,18.99,14692.00,999.00,19.10,1272.90,18.88,2.58
2026-06-07T06:08:03,1,3.85,30600.00,18.99,14692.00,999.00,19.10,1261.50,18.88,2.46
2026-06-07T06:08:04,1,3.86,30490.00,18.91,14636.00,999.00,19.10,1259.00,18.89,2.44
2026-06-07T06:08:04,1,3.88,30490.00,18.91,14636.00,999.00,19.10,1256.00,18.88,2.41
2026-06-07T06:08:04,1,3.86,30490.00,18.91,14636.00,999.00,19.09,1246.10,18.88,2.31
2026-06-07T06:08:04,1,3.85,30490.00,18.91,14636.00,999.00,19.10,1230.90,18.88,2.16
2026-06-07T06:08:04,1,3.85,30490.00,18.91,14636.00,999.00,19.09,1217.10,18.88,2.02
2026-06-07T06:08:05,1,3.87,30330.00,18.80,14561.00,999.00,19.09,1203.50,18.88,1.89
2026-06-07T06:08:05,1,3.88,30330.00,18.80,14561.00,999.00,19.09,1188.50,18.88,1.74
2026-06-07T06:08:05,1,3.88,30330.00,18.80,14561.00,999.00,19.09,1179.30,18.88,1.65
2026-06-07T06:08:05,1,3.85,30330.00,18.80,14561.00,999.00,19.09,1178.10,18.88,1.64
2026-06-07T06:08:05,1,3.86,30330.00,18.80,14561.00,999.00,19.09,1173.40,18.88,1.59
2026-06-07T06:08:06,1,3.88,30330.00,18.80,14561.00,999.00,19.09,1160.80,18.88,1.46
2026-06-07T06:08:06,1,3.88,30330.00,18.80,14561.00,999.00,19.09,1149.00,18.88,1.35
2026-06-07T06:08:06,1,3.86,30330.00,18.80,14561.00,999.00,19.09,1135.30,18.88,1.21
2026-06-07T06:08:06,1,3.85,30330.00,18.80,14561.00,999.00,19.09,1121.30,18.88,1.07
2026-06-07T06:08:06,1,3.87,30330.00,18.80,14561.00,999.00,19.09,1112.60,18.88,0.99
2026-06-07T06:08:07,1,3.88,30250.00,18.74,14520.00,999.00,19.09,1099.00,18.88,0.85
2026-06-07T06:08:07,1,3.85,30250.00,18.74,14520.00,999.00,19.08,1084.60,18.88,0.71
2026-06-07T06:08:07,1,3.86,30250.00,18.74,14520.00,999.00,19.07,1076.00,18.88,0.62
2026-06-07T06:08:07,1,3.83,30250.00,18.74,14520.00,999.00,19.07,1070.60,18.88,0.57
2026-06-07T06:08:08,1,3.85,29970.00,18.56,14389.00,999.00,19.06,1062.50,18.88,0.49
2026-06-07T06:08:08,1,3.89,29970.00,18.56,14389.00,999.00,19.06,1046.50,18.88,0.33
2026-06-07T06:08:08,1,3.86,29970.00,18.56,14389.00,999.00,19.06,1030.90,18.87,0.18
2026-06-07T06:08:08,1,3.87,29970.00,18.56,14389.00,999.00,19.07,1020.80,18.88,0.08
2026-06-07T06:08:08,1,3.85,29970.00,18.56,14389.00,999.00,19.05,1017.90,18.87,0.05
2026-06-07T06:08:09,1,3.86,29310.00,18.10,14069.00,999.00,19.05,1018.00,18.87,0.05
2026-06-07T06:08:09,1,3.86,29310.00,18.10,14069.00,999.00,19.04,1017.70,18.87,0.05
2026-06-07T06:08:09,1,3.88,29310.00,18.10,14069.00,999.00,19.01,1017.90,18.88,0.05
2026-06-07T06:08:09,1,3.88,29310.00,18.10,14069.00,999.00,18.99,1017.60,18.87,0.05
2026-06-07T06:08:09,1,3.84,29310.00,18.10,14069.00,999.00,18.97,1018.60,18.87,0.06
2026-06-07T06:08:10,1,3.87,24920.00,15.15,11962.00,999.00,18.94,1018.00,18.87,0.05
2026-06-07T06:08:10,1,3.86,24920.00,15.15,11962.00,999.00,18.93,1017.80,18.87,0.05
2026-06-07T06:08:10,1,3.88,24920.00,15.15,11962.00,999.00,18.90,1018.00,18.87,0.05
2026-06-07T06:08:10,1,3.86,24920.00,15.15,11962.00,999.00,18.86,1017.30,18.87,0.04
2026-06-07T06:08:10,1,3.87,24920.00,15.15,11962.00,999.00,18.80,1017.70,18.87,0.05
2026-06-07T06:08:11,1,3.89,24290.00,14.73,11660.00,999.00,18.75,1017.60,18.87,0.05
2026-06-07T06:08:11,1,3.87,24290.00,14.73,11660.00,999.00,18.69,1017.80,18.86,0.05
2026-06-07T06:08:11,1,3.86,24290.00,14.73,11660.00,999.00,18.65,1018.10,18.86,0.05
2026-06-07T06:08:11,1,3.85,24290.00,14.73,11660.00,999.00,18.63,1017.70,18.86,0.05
2026-06-07T06:08:11,1,3.87,24610.00,14.95,11813.00,999.00,18.58,1017.60,18.86,0.05
2026-06-07T06:08:12,1,3.86,24610.00,14.95,11813.00,999.00,18.56,1017.80,18.85,0.05
2026-06-07T06:08:12,1,3.86,24610.00,14.95,11813.00,999.00,18.52,1018.00,18.86,0.05
2026-06-07T06:08:12,1,3.86,24610.00,14.95,11813.00,999.00,18.50,1018.00,18.85,0.05
2026-06-07T06:08:12,1,3.86,24610.00,14.95,11813.00,999.00,18.45,1018.20,18.85,0.05
2026-06-07T06:08:12,1,3.87,24840.00,15.10,11928.00,999.00,18.43,1018.00,18.85,0.05
2026-06-07T06:08:13,1,3.86,24840.00,15.10,11928.00,999.00,18.40,1017.60,18.85,0.05
2026-06-07T06:08:13,1,3.88,24840.00,15.10,11928.00,999.00,18.37,1017.80,18.85,0.05
2026-06-07T06:08:13,1,3.87,24840.00,15.10,11928.00,999.00,18.34,1017.70,18.85,0.05
2026-06-07T06:08:13,1,3.86,24840.00,15.10,11928.00,999.00,18.31,1017.50,18.84,0.04
2026-06-07T06:08:14,1,3.87,19380.00,11.52,9305.00,999.00,18.29,1017.50,18.84,0.04
2026-06-07T06:08:14,1,3.87,19380.00,11.52,9305.00,999.00,18.26,1018.10,18.84,0.05
2026-06-07T06:08:14,1,3.87,19380.00,11.52,9305.00,999.00,18.23,1017.50,18.84,0.04
2026-06-07T06:08:14,1,3.85,19380.00,11.52,9305.00,999.00,18.20,1018.40,18.83,0.05
2026-06-07T06:08:14,1,3.88,19380.00,11.52,9305.00,999.00,18.18,1017.70,18.83,0.05
2026-06-07T06:08:15,1,3.88,19060.00,11.31,9153.00,999.00,18.14,1018.00,18.83,0.05
2026-06-07T06:08:15,1,3.88,19060.00,11.31,9153.00,999.00,18.11,1017.60,18.83,0.05
2026-06-07T06:08:15,1,3.88,19060.00,11.31,9153.00,999.00,18.09,1017.70,18.82,0.05
2026-06-07T06:08:15,1,3.86,19060.00,11.31,9153.00,999.00,18.06,1017.40,18.82,0.04
2026-06-07T06:08:15,1,3.87,19060.00,11.31,9153.00,999.00,18.03,1017.80,18.82,0.05
2026-06-07T06:08:16,1,3.86,19090.00,11.33,9168.00,999.00,18.01,1017.50,18.80,0.04
2026-06-07T06:08:16,1,3.88,19090.00,11.33,9168.00,999.00,17.99,1017.60,18.80,0.05
2026-06-07T06:08:16,1,3.87,19090.00,11.33,9168.00,999.00,17.95,1017.40,18.80,0.04
2026-06-07T06:08:16,1,3.87,19090.00,11.33,9168.00,999.00,17.89,1017.60,18.80,0.05
2026-06-07T06:08:16,1,3.88,19190.00,11.39,9213.00,999.00,17.86,1017.80,18.80,0.05
2026-06-07T06:08:17,1,3.86,19190.00,11.39,9213.00,999.00,17.82,1018.00,18.79,0.05
2026-06-07T06:08:17,1,3.86,19190.00,11.39,9213.00,999.00,17.78,1017.20,18.79,0.04
2026-06-07T06:08:17,1,3.86,19190.00,11.39,9213.00,999.00,17.74,1017.30,18.79,0.04
2026-06-07T06:08:17,1,3.87,19190.00,11.39,9213.00,999.00,17.68,1017.20,18.79,0.04
2026-06-07T06:08:17,1,3.88,19160.00,11.38,9199.00,999.00,17.61,1017.20,18.78,0.04
2026-06-07T06:08:18,1,3.89,19160.00,11.38,9199.00,999.00,17.56,1017.30,18.78,0.04
2026-06-07T06:08:18,1,3.86,19160.00,11.38,9199.00,999.00,17.52,1017.30,18.78,0.04
2026-06-07T06:08:18,1,3.86,19160.00,11.38,9199.00,999.00,17.48,1017.70,18.77,0.05
2026-06-07T06:08:18,1,3.87,19160.00,11.38,9199.00,999.00,17.44,1017.20,18.77,0.04
2026-06-07T06:08:18,1,3.88,19190.00,11.39,9212.00,999.00,17.39,1017.20,18.77,0.04
2026-06-07T06:08:19,1,3.89,19190.00,11.39,9212.00,999.00,17.32,1017.50,18.76,0.04
2026-06-07T06:08:19,1,3.88,19190.00,11.39,9212.00,999.00,17.24,1017.40,18.76,0.04
2026-06-07T06:08:19,1,3.87,19190.00,11.39,9212.00,999.00,17.17,1017.10,18.75,0.04
2026-06-07T06:08:19,1,3.85,19190.00,11.39,9212.00,999.00,17.11,1017.40,18.75,0.04
2026-06-07T06:08:20,1,3.86,18150.00,10.73,8715.00,999.00,17.05,1017.60,18.75,0.05
2026-06-07T06:08:20,1,3.88,18150.00,10.73,8715.00,999.00,17.02,1017.50,18.74,0.04
2026-06-07T06:08:20,1,3.87,18150.00,10.73,8715.00,999.00,16.99,1017.20,18.74,0.04
2026-06-07T06:08:20,1,3.85,18150.00,10.73,8715.00,999.00,16.97,1017.40,18.73,0.04
2026-06-07T06:08:20,1,3.87,17760.00,10.47,8525.00,999.00,16.95,1016.80,18.73,0.04
2026-06-07T06:08:21,1,3.86,17760.00,10.47,8525.00,999.00,16.92,1017.30,18.72,0.04
2026-06-07T06:08:21,1,3.88,17760.00,10.47,8525.00,999.00,16.90,1017.00,18.72,0.04
2026-06-07T06:08:21,1,3.86,17760.00,10.47,8525.00,999.00,16.87,1016.90,18.71,0.04
2026-06-07T06:08:21,1,3.86,17760.00,10.47,8525.00,999.00,16.84,1017.00,18.71,0.04
2026-06-07T06:08:21,1,3.86,13740.00,7.93,6600.00,999.00,16.82,1017.20,18.71,0.04
2026-06-07T06:08:22,1,3.87,13740.00,7.93,6600.00,999.00,16.79,1017.30,18.70,0.04
2026-06-07T06:08:22,1,3.88,13740.00,7.93,6600.00,999.00,16.76,1017.10,18.70,0.04
2026-06-07T06:08:22,1,3.86,13740.00,7.93,6600.00,999.00,16.76,1017.10,18.69,0.04
2026-06-07T06:08:22,1,3.87,13740.00,7.93,6600.00,999.00,16.73,1017.40,18.69,0.04
2026-06-07T06:08:22,1,3.88,14180.00,8.21,6810.00,999.00,16.70,1017.10,18.68,0.04
2026-06-07T06:08:23,1,3.87,14180.00,8.21,6810.00,999.00,16.69,1017.00,18.68,0.04
2026-06-07T06:08:23,1,3.88,14180.00,8.21,6810.00,999.00,16.66,1017.20,18.67,0.04
2026-06-07T06:08:23,1,3.86,14180.00,8.21,6810.00,999.00,16.62,1016.80,18.67,0.04
2026-06-07T06:08:23,1,3.86,14180.00,8.21,6810.00,999.00,16.56,1017.40,18.65,0.04
2026-06-07T06:08:23,1,3.86,13960.00,8.07,6702.00,999.00,16.54,1017.20,18.65,0.04
2026-06-07T06:08:24,1,3.86,13960.00,8.07,6702.00,999.00,16.52,1017.20,18.65,0.04
2026-06-07T06:08:24,1,3.88,13960.00,8.07,6702.00,999.00,16.49,1017.10,18.65,0.04
2026-06-07T06:08:24,1,3.87,13960.00,8.07,6702.00,999.00,16.48,1017.10,18.65,0.04
2026-06-07T06:08:24,1,3.86,13940.00,8.06,6695.00,999.00,16.47,1017.10,18.64,0.04
2026-06-07T06:08:25,1,3.86,13940.00,8.06,6695.00,999.00,16.47,1017.00,18.64,0.04
2026-06-07T06:08:25,1,3.88,13940.00,8.06,6695.00,999.00,16.46,1017.40,18.63,0.04
2026-06-07T06:08:25,1,3.88,13940.00,8.06,6695.00,999.00,16.46,1017.40,18.63,0.04
2026-06-07T06:08:25,1,3.87,13940.00,8.06,6695.00,999.00,16.44,1017.40,18.62,0.04
2026-06-07T06:08:25,1,3.89,10430.00,5.89,5008.00,999.00,16.41,1017.50,18.62,0.04
2026-06-07T06:08:26,1,3.88,10430.00,5.89,5008.00,999.00,16.40,1017.70,18.61,0.05
2026-06-07T06:08:26,1,3.86,10430.00,5.89,5008.00,999.00,16.38,1017.20,18.61,0.04
2026-06-07T06:08:26,1,3.85,10430.00,5.89,5008.00,999.00,16.36,1017.50,18.61,0.04
2026-06-07T06:08:26,1,3.85,10430.00,5.89,5008.00,999.00,16.35,1017.80,18.60,0.05
2026-06-07T06:08:26,1,3.88,8095.00,4.48,3886.00,999.00,16.34,1017.80,18.60,0.05
2026-06-07T06:08:27,1,3.86,8095.00,4.48,3886.00,999.00,16.33,1017.50,18.59,0.04
2026-06-07T06:08:27,1,3.88,8095.00,4.48,3886.00,999.00,16.32,1017.20,18.59,0.04
2026-06-07T06:08:27,1,3.88,8095.00,4.48,3886.00,999.00,16.30,1017.40,18.58,0.04
2026-06-07T06:08:27,1,3.87,8095.00,4.48,3886.00,999.00,16.28,1017.20,18.58,0.04
2026-06-07T06:08:27,1,3.88,8732.00,4.86,4192.00,999.00,16.27,1017.50,18.58,0.04
2026-06-07T06:08:28,1,3.86,8732.00,4.86,4192.00,999.00,16.26,1017.90,18.57,0.05
2026-06-07T06:08:28,1,3.86,8732.00,4.86,4192.00,999.00,16.24,1017.50,18.57,0.04
2026-06-07T06:08:28,1,3.88,8732.00,4.86,4192.00,999.00,16.22,1017.40,18.57,0.04
2026-06-07T06:08:28,1,3.85,8732.00,4.86,4192.00,999.00,16.20,1017.20,18.56,0.04
2026-06-07T06:08:28,1,3.88,8750.00,4.88,4200.00,999.00,16.19,1017.80,18.56,0.05
2026-06-07T06:08:29,1,3.88,8750.00,4.88,4200.00,999.00,16.18,1017.50,18.54,0.04
2026-06-07T06:08:29,1,3.85,8750.00,4.88,4200.00,999.00,16.16,1017.40,18.54,0.04
2026-06-07T06:08:29,1,3.85,8750.00,4.88,4200.00,999.00,16.14,1017.00,18.54,0.04
2026-06-07T06:08:29,1,3.86,8753.00,4.88,4202.00,999.00,16.12,1017.50,18.54,0.04
2026-06-07T06:08:29,1,3.88,8753.00,4.88,4202.00,999.00,16.11,1017.40,18.54,0.04
2026-06-07T06:08:30,1,3.88,8753.00,4.88,4202.00,999.00,16.10,1017.80,18.53,0.05
2026-06-07T06:08:30,1,3.85,8753.00,4.88,4202.00,999.00,16.09,1017.40,18.53,0.04
2026-06-07T06:08:30,1,3.86,8753.00,4.88,4202.00,999.00,16.08,1017.30,18.53,0.04
2026-06-07T06:08:30,1,3.88,8754.00,4.88,4202.00,999.00,16.08,1017.20,18.52,0.04
2026-06-07T06:08:31,1,3.87,8754.00,4.88,4202.00,999.00,16.06,1017.50,18.52,0.04
2026-06-07T06:08:31,1,3.86,8754.00,4.88,4202.00,999.00,16.05,1017.40,18.51,0.04
2026-06-07T06:08:31,1,3.85,8754.00,4.88,4202.00,999.00,16.04,1017.40,18.51,0.04
2026-06-07T06:08:31,1,3.86,8754.00,4.88,4202.00,999.00,16.03,1017.50,18.51,0.04
2026-06-07T06:08:31,1,3.88,8756.00,4.88,4203.00,999.00,16.01,1016.70,18.51,0.04
2026-06-07T06:08:32,1,3.86,8756.00,4.88,4203.00,999.00,15.99,1017.70,18.50,0.05
2026-06-07T06:08:32,1,3.89,8756.00,4.88,4203.00,999.00,15.98,1017.50,18.50,0.04
2026-06-07T06:08:32,1,3.87,8756.00,4.88,4203.00,999.00,15.97,1017.50,18.50,0.04
2026-06-07T06:08:32,1,3.87,8756.00,4.88,4203.00,999.00,15.97,1017.70,18.49,0.05
2026-06-07T06:08:32,1,3.89,8750.00,4.88,4200.00,999.00,15.97,1017.30,18.49,0.04
2026-06-07T06:08:33,1,3.86,8750.00,4.88,4200.00,999.00,15.95,1017.80,18.48,0.05
2026-06-07T06:08:33,1,3.89,8750.00,4.88,4200.00,999.00,15.94,1017.40,18.48,0.04
2026-06-07T06:08:33,1,3.85,8750.00,4.88,4200.00,999.00,15.93,1017.70,18.48,0.05
2026-06-07T06:08:33,1,3.87,8754.00,4.88,4202.00,999.00,15.93,1017.40,18.47,0.04
2026-06-07T06:08:33,1,3.88,8754.00,4.88,4202.00,999.00,15.92,1017.50,18.47,0.04
2026-06-07T06:08:34,1,3.87,8754.00,4.88,4202.00,999.00,15.91,1017.40,18.45,0.04
2026-06-07T06:08:34,1,3.87,8754.00,4.88,4202.00,999.00,15.92,1017.40,18.45,0.04
2026-06-07T06:08:34,1,3.85,8754.00,4.88,4202.00,999.00,15.92,1017.60,18.46,0.05
2026-06-07T06:08:34,1,3.88,8748.00,4.87,4199.00,999.00,15.91,1017.50,18.45,0.04
2026-06-07T06:08:34,1,3.86,8748.00,4.87,4199.00,999.00,15.91,1017.10,18.45,0.04
2026-06-07T06:08:35,1,3.88,8748.00,4.87,4199.00,999.00,15.90,1017.60,18.44,0.05
2026-06-07T06:08:35,1,3.86,8748.00,4.87,4199.00,999.00,15.90,1017.50,18.44,0.04
2026-06-07T06:08:35,1,3.87,8748.00,4.87,4199.00,999.00,15.90,1017.80,18.44,0.05
2026-06-07T06:08:35,1,3.86,8747.00,4.87,4199.00,999.00,15.90,1017.80,18.44,0.05
2026-06-07T06:08:35,1,3.88,8747.00,4.87,4199.00,999.00,15.90,1017.60,18.43,0.05
2026-06-07T06:08:36,1,3.88,8747.00,4.87,4199.00,999.00,15.90,1017.50,18.43,0.04
2026-06-07T06:08:36,1,3.86,8747.00,4.87,4199.00,999.00,15.90,1017.40,18.43,0.04
2026-06-07T06:08:36,1,3.87,8747.00,4.87,4199.00,999.00,15.91,1017.40,18.42,0.04
2026-06-07T06:08:36,1,3.87,8740.00,4.87,4195.00,999.00,15.91,1017.20,18.42,0.04
2026-06-07T06:08:37,1,3.87,8740.00,4.87,4195.00,999.00,15.92,1017.80,18.41,0.05
2026-06-07T06:08:37,1,3.87,8740.00,4.87,4195.00,999.00,15.92,1017.80,18.41,0.05
2026-06-07T06:08:37,1,3.86,8740.00,4.87,4195.00,999.00,15.93,1017.50,18.41,0.04
2026-06-07T06:08:37,1,3.87,8735.00,4.87,4193.00,999.00,15.93,1017.30,18.41,0.04
2026-06-07T06:08:37,1,3.86,8735.00,4.87,4193.00,999.00,15.94,1017.60,18.41,0.05
2026-06-07T06:08:38,1,3.88,8735.00,4.87,4193.00,999.00,15.94,1017.90,18.40,0.05
2026-06-07T06:08:38,1,3.86,8735.00,4.87,4193.00,999.00,15.94,1017.50,18.40,0.04
2026-06-07T06:08:38,1,3.87,8735.00,4.87,4193.00,999.00,15.93,1017.50,18.40,0.04
2026-06-07T06:08:38,1,3.86,8732.00,4.86,4192.00,999.00,15.93,1017.20,18.39,0.04
2026-06-07T06:08:38,1,3.87,8732.00,4.86,4192.00,999.00,15.93,1017.40,18.39,0.04
2026-06-07T06:08:39,1,3.88,8732.00,4.86,4192.00,999.00,15.92,1017.50,18.39,0.04
2026-06-07T06:08:39,1,3.87,8732.00,4.86,4192.00,999.00,15.91,1017.20,18.39,0.04
2026-06-07T06:08:39,1,3.86,8732.00,4.86,4192.00,999.00,15.90,1017.80,18.38,0.05
2026-06-07T06:08:39,1,3.88,8729.00,4.86,4190.00,999.00,15.90,1018.10,18.38,0.05
2026-06-07T06:08:39,1,3.86,8729.00,4.86,4190.00,999.00,15.90,1017.40,18.38,0.04
2026-06-07T06:08:40,1,3.89,8729.00,4.86,4190.00,999.00,15.90,1017.30,18.38,0.04
2026-06-07T06:08:40,1,3.88,8729.00,4.86,4190.00,999.00,15.90,1017.40,18.38,0.04
2026-06-07T06:08:40,1,3.85,8729.00,4.86,4190.00,999.00,15.90,1017.40,18.37,0.04
2026-06-07T06:08:40,1,3.88,8725.00,4.86,4188.00,999.00,15.90,1017.50,18.37,0.04
2026-06-07T06:08:40,1,3.87,8725.00,4.86,4188.00,999.00,15.89,1017.40,18.37,0.04
2026-06-07T06:08:41,1,3.87,8725.00,4.86,4188.00,999.00,15.89,1017.80,18.37,0.05
2026-06-07T06:08:41,1,3.86,8725.00,4.86,4188.00,999.00,15.88,1017.60,18.37,0.05
2026-06-07T06:08:41,1,3.86,8725.00,4.86,4188.00,999.00,15.87,1017.70,18.36,0.05
2026-06-07T06:08:41,1,3.87,8721.00,4.86,4186.00,999.00,15.86,1017.50,18.36,0.04
2026-06-07T06:08:41,1,3.88,8721.00,4.86,4186.00,999.00,15.86,1017.10,18.35,0.04
2026-06-07T06:08:42,1,3.88,8721.00,4.86,4186.00,999.00,15.87,1017.70,18.35,0.05
2026-06-07T06:08:42,1,3.88,8721.00,4.86,4186.00,999.00,15.87,1017.80,18.35,0.05
2026-06-07T06:08:42,1,3.84,8717.00,4.86,4185.00,999.00,15.87,1017.80,18.35,0.05
2026-06-07T06:08:42,1,3.88,8717.00,4.86,4185.00,999.00,15.88,1017.10,18.34,0.04
2026-06-07T06:08:43,1,3.88,8717.00,4.86,4185.00,999.00,15.88,1017.70,18.34,0.05
2026-06-07T06:08:43,1,3.85,8717.00,4.86,4185.00,999.00,15.88,1017.90,18.34,0.05
2026-06-07T06:08:43,1,3.85,8717.00,4.86,4185.00,999.00,15.88,1017.20,18.34,0.04
2026-06-07T06:08:43,1,3.88,8716.00,4.85,4184.00,999.00,15.88,1017.10,18.34,0.04
2026-06-07T06:08:43,1,3.88,8716.00,4.85,4184.00,999.00,15.88,1017.30,18.33,0.04
2026-06-07T06:08:44,1,3.88,8716.00,4.85,4184.00,999.00,15.86,1017.40,18.33,0.04
2026-06-07T06:08:44,1,3.85,8716.00,4.85,4184.00,999.00,15.85,1017.10,18.33,0.04
2026-06-07T06:08:44,1,3.85,8716.00,4.85,4184.00,999.00,15.85,1017.10,18.32,0.04
2026-06-07T06:08:44,1,3.87,8712.00,4.85,4182.00,999.00,15.84,1017.10,18.32,0.04
2026-06-07T06:08:44,1,3.88,8712.00,4.85,4182.00,999.00,15.83,1017.50,18.31,0.04
2026-06-07T06:08:45,1,3.88,8712.00,4.85,4182.00,999.00,15.83,1017.20,18.31,0.04
2026-06-07T06:08:45,1,3.88,8712.00,4.85,4182.00,999.00,15.83,1016.90,18.30,0.04
2026-06-07T06:08:45,1,3.87,8712.00,4.85,4182.00,999.00,15.83,1017.40,18.30,0.04
2026-06-07T06:08:45,1,3.86,8709.00,4.85,4181.00,999.00,15.83,1017.50,18.30,0.04
2026-06-07T06:08:45,1,3.89,8709.00,4.85,4181.00,999.00,15.82,1017.30,18.30,0.04
2026-06-07T06:08:46,1,3.88,8709.00,4.85,4181.00,999.00,15.82,1017.70,18.30,0.05
2026-06-07T06:08:46,1,3.87,8709.00,4.85,4181.00,999.00,15.82,1017.40,18.29,0.04
2026-06-07T06:08:46,1,3.85,8709.00,4.85,4181.00,999.00,15.81,1017.60,18.29,0.05
2026-06-07T06:08:46,1,3.87,8701.00,4.85,4177.00,999.00,15.81,1017.40,18.28,0.04
2026-06-07T06:08:46,1,3.88,8701.00,4.85,4177.00,999.00,15.82,1017.10,18.29,0.04
2026-06-07T06:08:47,1,3.86,8701.00,4.85,4177.00,999.00,15.82,1017.20,18.28,0.04
2026-06-07T06:08:47,1,3.85,8701.00,4.85,4177.00,999.00,15.83,1017.30,18.28,0.04
2026-06-07T06:08:47,1,3.86,8697.00,4.84,4175.00,999.00,15.83,1017.10,18.28,0.04
2026-06-07T06:08:47,1,3.88,8697.00,4.84,4175.00,999.00,15.83,1017.40,18.27,0.04
2026-06-07T06:08:47,1,3.88,8697.00,4.84,4175.00,999.00,15.83,1017.30,18.27,0.04
2026-06-07T06:08:48,1,3.85,8697.00,4.84,4175.00,999.00,15.83,1017.20,18.27,0.04
2026-06-07T06:08:48,1,3.85,8697.00,4.84,4175.00,999.00,15.82,1017.70,18.27,0.05
2026-06-07T06:08:48,1,3.88,8696.00,4.84,4174.00,999.00,15.80,1017.30,18.27,0.04
2026-06-07T06:08:48,1,3.86,8696.00,4.84,4174.00,999.00,15.79,1017.80,18.27,0.05
2026-06-07T06:08:49,1,3.87,8696.00,4.84,4174.00,999.00,15.79,1017.40,18.26,0.04
2026-06-07T06:08:49,1,3.87,8696.00,4.84,4174.00,999.00,15.77,1017.70,18.26,0.05
2026-06-07T06:08:49,1,3.85,8696.00,4.84,4174.00,999.00,15.76,1017.40,18.26,0.04
2026-06-07T06:08:49,1,3.85,8692.00,4.84,4172.00,999.00,15.76,1017.20,18.26,0.04
2026-06-07T06:08:49,1,3.86,8692.00,4.84,4172.00,999.00,15.75,1017.30,18.26,0.04
2026-06-07T06:08:50,1,3.87,8692.00,4.84,4172.00,999.00,15.74,1017.40,18.25,0.04
2026-06-07T06:08:50,1,3.87,8692.00,4.84,4172.00,999.00,15.73,1017.10,18.25,0.04
2026-06-07T06:08:50,1,3.87,8692.00,4.84,4172.00,999.00,15.71,1017.30,18.25,0.04
2026-06-07T06:08:50,1,3.88,8694.00,4.84,4174.00,999.00,15.69,1017.20,18.25,0.04
2026-06-07T06:08:50,1,3.88,8694.00,4.84,4174.00,999.00,15.68,1017.30,18.25,0.04
2026-06-07T06:08:51,1,3.86,8694.00,4.84,4174.00,999.00,15.66,1017.80,18.24,0.05
2026-06-07T06:08:51,1,3.87,8694.00,4.84,4174.00,999.00,15.65,1017.50,18.24,0.04
2026-06-07T06:08:51,1,3.87,8682.00,4.83,4167.00,999.00,15.64,1017.10,18.24,0.04
2026-06-07T06:08:51,1,3.86,8682.00,4.83,4167.00,999.00,15.63,1017.40,18.23,0.04
2026-06-07T06:08:51,1,3.88,8682.00,4.83,4167.00,999.00,15.62,1017.00,18.23,0.04
2026-06-07T06:08:52,1,3.88,8682.00,4.83,4167.00,999.00,15.61,1017.30,18.22,0.04
2026-06-07T06:08:52,1,3.86,8682.00,4.83,4167.00,999.00,15.61,1017.50,18.22,0.04
2026-06-07T06:08:52,1,3.86,8677.00,4.83,4165.00,999.00,15.61,1017.30,18.22,0.04
2026-06-07T06:08:52,1,3.86,8677.00,4.83,4165.00,999.00,15.59,1017.30,18.22,0.04
2026-06-07T06:08:52,1,3.88,8677.00,4.83,4165.00,999.00,15.58,1017.40,18.21,0.04
2026-06-07T06:08:53,1,3.85,8677.00,4.83,4165.00,999.00,15.58,1017.30,18.21,0.04
2026-06-07T06:08:53,1,3.88,8677.00,4.83,4165.00,999.00,15.57,1017.00,18.21,0.04
2026-06-07T06:08:53,1,3.88,8673.00,4.83,4163.00,999.00,15.57,1017.40,18.21,0.04
2026-06-07T06:08:53,1,3.88,8673.00,4.83,4163.00,999.00,15.57,1017.60,18.20,0.05
2026-06-07T06:08:53,1,3.87,8673.00,4.83,4163.00,999.00,15.57,1017.50,18.20,0.04
2026-06-07T06:08:54,1,3.84,8673.00,4.83,4163.00,999.00,15.56,1017.60,18.20,0.05
2026-06-07T06:08:54,1,3.85,8673.00,4.83,4163.00,999.00,15.56,1017.10,18.20,0.04
2026-06-07T06:08:54,1,3.88,8673.00,4.83,4163.00,999.00,15.54,1017.60,18.19,0.05
2026-06-07T06:08:54,1,3.85,8673.00,4.83,4163.00,999.00,15.54,1017.10,18.19,0.04
2026-06-07T06:08:55,1,3.88,8673.00,4.83,4163.00,999.00,15.53,1017.40,18.17,0.04
2026-06-07T06:08:55,1,3.85,8673.00,4.83,4163.00,999.00,15.52,1017.30,18.18,0.04
2026-06-07T06:08:55,1,3.86,8661.00,4.82,4158.00,999.00,15.52,1017.30,18.18,0.04
2026-06-07T06:08:55,1,3.85,8661.00,4.82,4158.00,999.00,15.52,1017.40,18.17,0.04
2026-06-07T06:08:55,1,3.86,8661.00,4.82,4158.00,999.00,15.51,1017.80,18.17,0.05
2026-06-07T06:08:56,1,3.85,8661.00,4.82,4158.00,999.00,15.51,1017.60,18.17,0.05
2026-06-07T06:08:56,1,3.86,8661.00,4.82,4158.00,999.00,15.50,1017.50,18.17,0.04
2026-06-07T06:08:56,1,3.86,8656.00,4.82,4155.00,999.00,15.49,1017.20,18.17,0.04
2026-06-07T06:08:56,1,3.88,8656.00,4.82,4155.00,999.00,15.48,1017.30,18.16,0.04
2026-06-07T06:08:56,1,3.87,8656.00,4.82,4155.00,999.00,15.46,1017.10,18.16,0.04
2026-06-07T06:08:57,1,3.85,8656.00,4.82,4155.00,999.00,15.46,1017.40,18.15,0.04
2026-06-07T06:08:57,1,3.86,8656.00,4.82,4155.00,999.00,15.44,1017.10,18.15,0.04
2026-06-07T06:08:57,1,3.86,8650.00,4.82,4152.00,999.00,15.42,1017.20,18.15,0.04
2026-06-07T06:08:57,1,3.86,8650.00,4.82,4152.00,999.00,15.42,1017.30,18.15,0.04
2026-06-07T06:08:57,1,3.88,8650.00,4.82,4152.00,999.00,15.40,1017.50,18.14,0.04
2026-06-07T06:08:58,1,3.87,8650.00,4.82,4152.00,999.00,15.39,1017.50,18.14,0.04
2026-06-07T06:08:58,1,3.88,8650.00,4.82,4152.00,999.00,15.39,1017.50,18.13,0.04
2026-06-07T06:08:58,1,3.87,8642.00,4.81,4148.00,999.00,15.39,1017.60,18.13,0.05
2026-06-07T06:08:58,1,3.88,8642.00,4.81,4148.00,999.00,15.39,1016.50,18.13,0.03
2026-06-07T06:08:58,1,3.89,8642.00,4.81,4148.00,999.00,15.38,1017.90,18.13,0.05
2026-06-07T06:08:59,1,3.85,8642.00,4.81,4148.00,999.00,15.38,1017.50,18.12,0.04
2026-06-07T06:08:59,1,3.86,8636.00,4.81,4146.00,999.00,15.36,1017.00,18.11,0.04
2026-06-07T06:08:59,1,3.87,8636.00,4.81,4146.00,999.00,15.35,1017.00,18.11,0.04
2026-06-07T06:08:59,1,3.87,8636.00,4.81,4146.00,999.00,15.34,1017.30,18.11,0.04
2026-06-07T06:08:59,1,3.86,8636.00,4.81,4146.00,999.00,15.34,1017.40,18.11,0.04
2026-06-07T06:09:00,1,3.87,8636.00,4.81,4146.00,999.00,15.34,1017.10,18.11,0.04
2026-06-07T06:09:00,1,3.86,8631.00,4.80,4143.00,999.00,15.34,1017.50,18.10,0.04
2026-06-07T06:09:00,1,3.86,8631.00,4.80,4143.00,999.00,15.34,1017.30,18.10,0.04
2026-06-07T06:09:00,1,3.87,8631.00,4.80,4143.00,999.00,15.33,1017.20,18.10,0.04
2026-06-07T06:09:01,1,3.87,8631.00,4.80,4143.00,999.00,15.34,1016.80,18.09,0.04
2026-06-07T06:09:01,1,3.86,8631.00,4.80,4143.00,999.00,15.34,1017.40,18.09,0.04
2026-06-07T06:09:01,1,3.86,8626.00,4.80,4141.00,999.00,15.34,1016.80,18.09,0.04
2026-06-07T06:09:01,1,3.86,8626.00,4.80,4141.00,999.00,15.34,1017.10,18.09,0.04
2026-06-07T06:09:01,1,3.85,8626.00,4.80,4141.00,999.00,15.35,1017.40,18.09,0.04
2026-06-07T06:09:02,1,3.85,8626.00,4.80,4141.00,999.00,15.35,1017.10,18.08,0.04
2026-06-07T06:09:02,1,3.85,8626.00,4.80,4141.00,999.00,15.36,1017.20,18.08,0.04
2026-06-07T06:09:02,1,3.89,8624.00,4.80,4140.00,999.00,15.37,1016.80,18.08,0.04
2026-06-07T06:09:02,1,3.86,8624.00,4.80,4140.00,999.00,15.37,1017.10,18.08,0.04
2026-06-07T06:09:02,1,3.88,8624.00,4.80,4140.00,999.00,15.37,1017.00,18.07,0.04
2026-06-07T06:09:03,1,3.87,8624.00,4.80,4140.00,999.00,15.38,1017.20,18.07,0.04
2026-06-07T06:09:03,1,3.87,8624.00,4.80,4140.00,999.00,15.38,1017.20,18.07,0.04
2026-06-07T06:09:03,1,3.86,8617.00,4.80,4136.00,999.00,15.38,1017.20,18.07,0.04
2026-06-07T06:09:03,1,3.86,8617.00,4.80,4136.00,999.00,15.38,1017.20,18.07,0.04
2026-06-07T06:09:03,1,3.87,8617.00,4.80,4136.00,999.00,15.38,1017.20,18.07,0.04
2026-06-07T06:09:04,1,3.88,8617.00,4.80,4136.00,999.00,15.38,1017.30,18.06,0.04
2026-06-07T06:09:04,1,3.85,8614.00,4.79,4135.00,999.00,15.37,1017.00,18.06,0.04
2026-06-07T06:09:04,1,3.87,8614.00,4.79,4135.00,999.00,15.37,1017.50,18.06,0.04
2026-06-07T06:09:04,1,3.88,8614.00,4.79,4135.00,999.00,15.36,1017.30,18.06,0.04
2026-06-07T06:09:04,1,3.88,8614.00,4.79,4135.00,999.00,15.35,1017.10,18.05,0.04
2026-06-07T06:09:05,1,3.85,8614.00,4.79,4135.00,999.00,15.35,1017.70,18.05,0.05
2026-06-07T06:09:05,1,3.85,8612.00,4.79,4134.00,999.00,15.35,1017.10,18.05,0.04
2026-06-07T06:09:05,1,3.85,8612.00,4.79,4134.00,999.00,15.33,1017.20,18.05,0.04
2026-06-07T06:09:05,1,3.85,8612.00,4.79,4134.00,999.00,15.32,1017.00,18.05,0.04
2026-06-07T06:09:05,1,3.88,8612.00,4.79,4134.00,999.00,15.31,1017.40,18.04,0.04
2026-06-07T06:09:06,1,3.86,8612.00,4.79,4134.00,999.00,15.31,1017.40,18.04,0.04
2026-06-07T06:09:06,1,3.87,8605.00,4.79,4131.00,999.00,15.30,1017.00,18.04,0.04
2026-06-07T06:09:06,1,3.86,8605.00,4.79,4131.00,999.00,15.30,1017.30,18.04,0.04
2026-06-07T06:09:06,1,3.88,8605.00,4.79,4131.00,999.00,15.28,1016.70,18.03,0.04
2026-06-07T06:09:06,1,3.87,8605.00,4.79,4131.00,999.00,15.27,1017.40,18.03,0.04
2026-06-07T06:09:07,1,3.86,8605.00,4.79,4131.00,999.00,15.25,1017.20,18.03,0.04
2026-06-07T06:09:07,1,3.88,8605.00,4.79,4130.00,999.00,15.24,1017.30,18.03,0.04
2026-06-07T06:09:07,1,3.88,8605.00,4.79,4130.00,999.00,15.22,1016.80,18.02,0.04
2026-06-07T06:09:07,1,3.88,8605.00,4.79,4130.00,999.00,15.20,1016.80,18.02,0.04
2026-06-07T06:09:08,1,3.88,8605.00,4.79,4130.00,999.00,15.18,1016.90,18.01,0.04
2026-06-07T06:09:08,1,3.87,8599.00,4.78,4128.00,999.00,15.17,1017.30,18.01,0.04
2026-06-07T06:09:08,1,3.88,8599.00,4.78,4128.00,999.00,15.16,1017.40,18.01,0.04
2026-06-07T06:09:08,1,3.87,8599.00,4.78,4128.00,999.00,15.15,1017.30,18.01,0.04
2026-06-07T06:09:08,1,3.86,8599.00,4.78,4128.00,999.00,15.14,1017.10,18.01,0.04
2026-06-07T06:09:09,1,3.85,8599.00,4.78,4128.00,999.00,15.12,1017.20,18.01,0.04
2026-06-07T06:09:09,1,3.85,8595.00,4.78,4126.00,999.00,15.12,1016.80,18.01,0.04
2026-06-07T06:09:09,1,3.88,8595.00,4.78,4126.00,999.00,15.11,1017.50,18.00,0.04
2026-06-07T06:09:09,1,3.86,8595.00,4.78,4126.00,999.00,15.11,1017.20,18.00,0.04
2026-06-07T06:09:09,1,3.87,8595.00,4.78,4126.00,999.00,15.12,1017.00,18.00,0.04
2026-06-07T06:09:10,1,3.87,8595.00,4.78,4126.00,999.00,15.12,1017.00,18.00,0.04
2026-06-07T06:09:10,1,3.85,8590.00,4.78,4124.00,999.00,15.12,1016.90,18.00,0.04
2026-06-07T06:09:10,1,3.86,8590.00,4.78,4124.00,999.00,15.12,1016.80,18.00,0.04
2026-06-07T06:09:10,1,3.86,8590.00,4.78,4124.00,999.00,15.12,1017.10,17.99,0.04
2026-06-07T06:09:10,1,3.85,8590.00,4.78,4124.00,999.00,15.12,1016.70,17.99,0.04
2026-06-07T06:09:11,1,3.86,8590.00,4.78,4124.00,999.00,15.12,1016.90,17.99,0.04
2026-06-07T06:09:11,1,3.90,8587.00,4.78,4122.00,999.00,15.13,1017.10,17.99,0.04
2026-06-07T06:09:11,1,3.88,8587.00,4.78,4122.00,999.00,15.13,1017.10,17.98,0.04
2026-06-07T06:09:11,1,3.86,8587.00,4.78,4122.00,999.00,15.12,1016.80,17.97,0.04
2026-06-07T06:09:11,1,3.87,8587.00,4.78,4122.00,999.00,15.12,1017.10,17.98,0.04
2026-06-07T06:09:12,1,3.88,8585.00,4.78,4121.00,999.00,15.11,1016.90,17.98,0.04
2026-06-07T06:09:12,1,3.88,8585.00,4.78,4121.00,999.00,15.10,1017.10,17.98,0.04
2026-06-07T06:09:12,1,3.88,8585.00,4.78,4121.00,999.00,15.09,1016.80,17.97,0.04
2026-06-07T06:09:12,1,3.85,8585.00,4.78,4121.00,999.00,15.09,1017.20,17.97,0.04
2026-06-07T06:09:13,1,3.87,8585.00,4.78,4121.00,999.00,15.09,1016.90,17.97,0.04
2026-06-07T06:09:13,1,3.87,8581.00,4.77,4119.00,999.00,15.09,1017.40,17.97,0.04
2026-06-07T06:09:13,1,3.87,8581.00,4.77,4119.00,999.00,15.08,1017.30,17.97,0.04
2026-06-07T06:09:13,1,3.88,8581.00,4.77,4119.00,999.00,15.08,1016.90,17.97,0.04
2026-06-07T06:09:13,1,3.84,8581.00,4.77,4119.00,999.00,15.07,1017.40,17.97,0.04
2026-06-07T06:09:14,1,3.85,8581.00,4.77,4119.00,999.00,15.06,1017.20,17.96,0.04
2026-06-07T06:09:14,1,3.88,8579.00,4.77,4118.00,999.00,15.05,1017.20,17.96,0.04
2026-06-07T06:09:14,1,3.85,8579.00,4.77,4118.00,999.00,15.04,1016.60,17.96,0.04
2026-06-07T06:09:14,1,3.88,8579.00,4.77,4118.00,999.00,15.02,1017.10,17.96,0.04
2026-06-07T06:09:14,1,3.87,8579.00,4.77,4118.00,999.00,15.02,1016.70,17.96,0.04
2026-06-07T06:09:15,1,3.87,8579.00,4.77,4118.00,999.00,15.02,1017.50,17.95,0.04
2026-06-07T06:09:15,1,3.88,8575.00,4.77,4116.00,999.00,15.00,1017.20,17.95,0.04
2026-06-07T06:09:15,1,3.86,8575.00,4.77,4116.00,999.00,14.99,1017.10,17.95,0.04
2026-06-07T06:09:15,1,3.87,8575.00,4.77,4116.00,999.00,14.98,1017.30,17.95,0.04
2026-06-07T06:09:15,1,3.87,8575.00,4.77,4116.00,999.00,14.96,1017.20,17.95,0.04
2026-06-07T06:09:16,1,3.87,8575.00,4.77,4116.00,999.00,14.95,1017.00,17.95,0.04
2026-06-07T06:09:16,1,3.88,8573.00,4.77,4115.00,999.00,14.95,1017.30,17.94,0.04
2026-06-07T06:09:16,1,3.87,8573.00,4.77,4115.00,999.00,14.95,1017.00,17.94,0.04
2026-06-07T06:09:16,1,3.88,8573.00,4.77,4115.00,999.00,14.94,1017.10,17.94,0.04
2026-06-07T06:09:16,1,3.87,8573.00,4.77,4115.00,999.00,14.94,1016.80,17.94,0.04
2026-06-07T06:09:17,1,3.88,8573.00,4.77,4115.00,999.00,14.94,1017.20,17.94,0.04
2026-06-07T06:09:17,1,3.88,8565.00,4.76,4111.00,999.00,14.94,1016.50,17.94,0.03
2026-06-07T06:09:17,1,3.89,8565.00,4.76,4111.00,999.00,14.95,1016.50,17.94,0.03
2026-06-07T06:09:17,1,3.88,8565.00,4.76,4111.00,999.00,14.95,1017.10,17.94,0.04
2026-06-07T06:09:17,1,3.86,8565.00,4.76,4111.00,999.00,14.95,1017.30,17.93,0.04
2026-06-07T06:09:18,1,3.87,8562.00,4.76,4110.00,999.00,14.95,1017.20,17.93,0.04
2026-06-07T06:09:18,1,3.87,8562.00,4.76,4110.00,999.00,14.95,1016.70,17.93,0.04
2026-06-07T06:09:18,1,3.88,8562.00,4.76,4110.00,999.00,14.95,1017.00,17.92,0.04
2026-06-07T06:09:18,1,3.85,8562.00,4.76,4110.00,999.00,14.95,1016.90,17.92,0.04
2026-06-07T06:09:18,1,3.84,8562.00,4.76,4110.00,999.00,14.95,1017.10,17.92,0.04
2026-06-07T06:09:19,1,3.87,8559.00,4.76,4109.00,999.00,14.95,1017.50,17.92,0.04
2026-06-07T06:09:19,1,3.86,8559.00,4.76,4109.00,999.00,14.95,1017.30,17.92,0.04
2026-06-07T06:09:19,1,3.88,8559.00,4.76,4109.00,999.00,14.95,1016.90,17.92,0.04
2026-06-07T06:09:19,1,3.88,8559.00,4.76,4109.00,999.00,14.95,1016.90,17.92,0.04
2026-06-07T06:09:20,1,3.85,8559.00,4.76,4109.00,999.00,14.94,1017.00,17.92,0.04
2026-06-07T06:09:20,1,3.88,8556.00,4.76,4107.00,999.00,14.94,1017.00,17.91,0.04
2026-06-07T06:09:20,1,3.88,8556.00,4.76,4107.00,999.00,14.95,1017.30,17.91,0.04
2026-06-07T06:09:20,1,3.88,8556.00,4.76,4107.00,999.00,14.94,1017.00,17.91,0.04
2026-06-07T06:09:20,1,3.86,8556.00,4.76,4107.00,999.00,14.94,1016.80,17.90,0.04
2026-06-07T06:09:21,1,3.86,8556.00,4.76,4107.00,999.00,14.94,1017.30,17.90,0.04
2026-06-07T06:09:21,1,3.86,8552.00,4.76,4105.00,999.00,14.94,1016.90,17.90,0.04
2026-06-07T06:09:21,1,3.86,8552.00,4.76,4105.00,999.00,14.94,1016.90,17.91,0.04
2026-06-07T06:09:21,1,3.85,8552.00,4.76,4105.00,999.00,14.95,1017.00,17.90,0.04
2026-06-07T06:09:21,1,3.87,8552.00,4.76,4105.00,999.00,14.95,1017.50,17.90,0.04
2026-06-07T06:09:22,1,3.87,8549.00,4.76,4104.00,999.00,14.95,1017.40,17.90,0.04
2026-06-07T06:09:22,1,3.86,8549.00,4.76,4104.00,999.00,14.95,1017.20,17.90,0.04
2026-06-07T06:09:22,1,3.88,8549.00,4.76,4104.00,999.00,14.96,1016.70,17.90,0.04
2026-06-07T06:09:22,1,3.87,8549.00,4.76,4104.00,999.00,14.96,1016.90,17.90,0.04
2026-06-07T06:09:22,1,3.86,8549.00,4.76,4104.00,999.00,14.96,1016.80,17.90,0.04
2026-06-07T06:09:23,1,3.88,8546.00,4.75,4103.00,999.00,14.97,1017.10,17.90,0.04
2026-06-07T06:09:23,1,3.88,8546.00,4.75,4103.00,999.00,14.97,1017.00,17.89,0.04
2026-06-07T06:09:23,1,3.88,8546.00,4.75,4103.00,999.00,14.97,1016.90,17.89,0.04
2026-06-07T06:09:23,1,3.87,8546.00,4.75,4103.00,999.00,14.97,1017.00,17.89,0.04
2026-06-07T06:09:23,1,3.85,8546.00,4.75,4103.00,999.00,14.97,1017.30,17.89,0.04
2026-06-07T06:09:24,1,3.85,8545.00,4.75,4102.00,999.00,14.97,1017.20,17.89,0.04
2026-06-07T06:09:24,1,3.87,8545.00,4.75,4102.00,999.00,14.97,1017.00,17.88,0.04
2026-06-07T06:09:24,1,3.87,8545.00,4.75,4102.00,999.00,14.97,1017.00,17.88,0.04
2026-06-07T06:09:24,1,3.87,8545.00,4.75,4102.00,999.00,14.97,1016.70,17.88,0.04
2026-06-07T06:09:25,1,3.87,8545.00,4.75,4102.00,999.00,14.96,1016.60,17.88,0.04
2026-06-07T06:09:25,1,3.88,8541.00,4.75,4100.00,999.00,14.96,1016.90,17.88,0.04
2026-06-07T06:09:25,1,3.88,8541.00,4.75,4100.00,999.00,14.96,1016.90,17.88,0.04
2026-06-07T06:09:25,1,3.88,8541.00,4.75,4100.00,999.00,14.96,1016.90,17.88,0.04
2026-06-07T06:09:25,1,3.86,8541.00,4.75,4100.00,999.00,14.96,1017.00,17.88,0.04
2026-06-07T06:09:26,1,3.85,8540.00,4.75,4099.00,999.00,14.96,1017.00,17.88,0.04
2026-06-07T06:09:26,1,3.89,8540.00,4.75,4099.00,999.00,14.96,1017.30,17.88,0.04
2026-06-07T06:09:26,1,3.89,8540.00,4.75,4099.00,999.00,14.96,1016.50,17.87,0.03
2026-06-07T06:09:26,1,3.86,8540.00,4.75,4099.00,999.00,14.96,1017.10,17.87,0.04
2026-06-07T06:09:26,1,3.86,8540.00,4.75,4099.00,999.00,14.97,1017.30,17.87,0.04
2026-06-07T06:09:27,1,3.88,8534.00,4.75,4096.00,999.00,14.97,1017.00,17.87,0.04
2026-06-07T06:09:27,1,3.87,8534.00,4.75,4096.00,999.00,14.98,1017.20,17.87,0.04
2026-06-07T06:09:27,1,3.88,8534.00,4.75,4096.00,999.00,14.98,1017.10,17.87,0.04
2026-06-07T06:09:27,1,3.85,8534.00,4.75,4096.00,999.00,14.99,1017.10,17.87,0.04
2026-06-07T06:09:27,1,3.86,8534.00,4.75,4096.00,999.00,14.99,1017.10,17.87,0.04
2026-06-07T06:09:28,1,3.86,8532.00,4.74,4095.00,999.00,15.00,1016.80,17.86,0.04
2026-06-07T06:09:28,1,3.88,8532.00,4.74,4095.00,999.00,15.01,1017.00,17.86,0.04
2026-06-07T06:09:28,1,3.88,8532.00,4.74,4095.00,999.00,15.01,1017.00,17.86,0.04
2026-06-07T06:09:28,1,3.88,8532.00,4.74,4095.00,999.00,15.01,1017.20,17.86,0.04
2026-06-07T06:09:28,1,3.87,8532.00,4.74,4095.00,999.00,15.02,1016.70,17.86,0.04
2026-06-07T06:09:29,1,3.88,8527.00,4.74,4093.00,999.00,15.02,1016.80,17.86,0.04
2026-06-07T06:09:29,1,3.87,8527.00,4.74,4093.00,999.00,15.02,1016.60,17.85,0.04
2026-06-07T06:09:29,1,3.87,8527.00,4.74,4093.00,999.00,15.03,1017.30,17.86,0.04
2026-06-07T06:09:29,1,3.88,8527.00,4.74,4093.00,999.00,15.03,1016.80,17.86,0.04
2026-06-07T06:09:29,1,3.85,8527.00,4.74,4093.00,999.00,15.03,1016.90,17.85,0.04
2026-06-07T06:09:30,1,3.85,8525.00,4.74,4092.00,999.00,15.03,1016.60,17.85,0.04
2026-06-07T06:09:30,1,3.88,8525.00,4.74,4092.00,999.00,15.03,1017.30,17.85,0.04
2026-06-07T06:09:30,1,3.89,8525.00,4.74,4092.00,999.00,15.03,1016.90,17.85,0.04
2026-06-07T06:09:30,1,3.86,8525.00,4.74,4092.00,999.00,15.03,1016.90,17.85,0.04
2026-06-07T06:09:30,1,3.85,8527.00,4.74,4093.00,999.00,15.03,1016.90,17.85,0.04
2026-06-07T06:09:31,1,3.86,8527.00,4.74,4093.00,999.00,15.03,1016.60,17.85,0.04
2026-06-07T06:09:31,1,3.86,8527.00,4.74,4093.00,999.00,15.02,1016.80,17.85,0.04
2026-06-07T06:09:31,1,3.85,8527.00,4.74,4093.00,999.00,15.02,1016.30,17.84,0.03
2026-06-07T06:09:31,1,3.86,8527.00,4.74,4093.00,999.00,15.02,1016.50,17.84,0.03
2026-06-07T06:09:32,1,3.88,8523.00,4.74,4091.00,999.00,15.02,1016.50,17.84,0.03
2026-06-07T06:09:32,1,3.86,8523.00,4.74,4091.00,999.00,15.02,1017.10,17.84,0.04
2026-06-07T06:09:32,1,3.88,8523.00,4.74,4091.00,999.00,15.02,1016.80,17.84,0.04
2026-06-07T06:09:32,1,3.88,8523.00,4.74,4091.00,999.00,15.02,1017.00,17.83,0.04
2026-06-07T06:09:32,1,3.86,8523.00,4.74,4091.00,999.00,15.02,1016.90,17.83,0.04
2026-06-07T06:09:33,1,3.86,8514.00,4.73,4087.00,999.00,15.02,1017.30,17.83,0.04
2026-06-07T06:09:33,1,3.88,8514.00,4.73,4087.00,999.00,15.02,1016.90,17.83,0.04
2026-06-07T06:09:33,1,3.85,8514.00,4.73,4087.00,999.00,15.02,1016.80,17.83,0.04
2026-06-07T06:09:33,1,3.87,8514.00,4.73,4087.00,999.00,15.02,1016.70,17.83,0.04
2026-06-07T06:09:33,1,3.86,8514.00,4.73,4087.00,999.00,15.02,1017.00,17.82,0.04
2026-06-07T06:09:34,1,3.88,8513.00,4.73,4087.00,999.00,15.02,1017.10,17.82,0.04
2026-06-07T06:09:34,1,3.88,8513.00,4.73,4087.00,999.00,15.02,1016.70,17.82,0.04
2026-06-07T06:09:34,1,3.89,8513.00,4.73,4087.00,999.00,15.02,1016.80,17.82,0.04
2026-06-07T06:09:34,1,3.83,8513.00,4.73,4087.00,999.00,15.02,1017.20,17.82,0.04
2026-06-07T06:09:34,1,3.86,8511.00,4.73,4086.00,999.00,15.02,1017.00,17.82,0.04
2026-06-07T06:09:35,1,3.86,8511.00,4.73,4086.00,999.00,15.02,1017.50,17.82,0.04
2026-06-07T06:09:35,1,3.86,8511.00,4.73,4086.00,999.00,15.03,1016.80,17.82,0.04
2026-06-07T06:09:35,1,3.85,8511.00,4.73,4086.00,999.00,15.03,1017.00,17.82,0.04
2026-06-07T06:09:35,1,3.86,8511.00,4.73,4086.00,999.00,15.03,1016.80,17.81,0.04
2026-06-07T06:09:35,1,3.88,8508.00,4.73,4084.00,999.00,15.04,1017.20,17.82,0.04
2026-06-07T06:09:36,1,3.88,8508.00,4.73,4084.00,999.00,15.04,1017.10,17.81,0.04
2026-06-07T06:09:36,1,3.88,8508.00,4.73,4084.00,999.00,15.04,1017.20,17.81,0.04
2026-06-07T06:09:36,1,3.84,8508.00,4.73,4084.00,999.00,15.05,1016.70,17.81,0.04
2026-06-07T06:09:36,1,3.88,8508.00,4.73,4084.00,999.00,15.05,1017.10,17.81,0.04
2026-06-07T06:09:37,1,3.88,8506.00,4.73,4083.00,999.00,15.06,1017.10,17.80,0.04
2026-06-07T06:09:37,1,3.88,8506.00,4.73,4083.00,999.00,15.05,1016.90,17.80,0.04
2026-06-07T06:09:37,1,3.86,8506.00,4.73,4083.00,999.00,15.05,1016.60,17.80,0.04
2026-06-07T06:09:37,1,3.87,8506.00,4.73,4083.00,999.00,15.05,1016.50,17.80,0.03
2026-06-07T06:09:37,1,3.85,8506.00,4.73,4083.00,999.00,15.05,1016.60,17.80,0.04
2026-06-07T06:09:38,1,3.87,8502.00,4.73,4081.00,999.00,15.04,1016.90,17.80,0.04
2026-06-07T06:09:38,1,3.86,8502.00,4.73,4081.00,999.00,15.05,1016.90,17.80,0.04
2026-06-07T06:09:38,1,3.88,8502.00,4.73,4081.00,999.00,15.05,1016.70,17.80,0.04
2026-06-07T06:09:38,1,3.86,8502.00,4.73,4081.00,999.00,15.05,1016.80,17.80,0.04
2026-06-07T06:09:38,1,3.85,8498.00,4.72,4079.00,999.00,15.06,1017.00,17.79,0.04
2026-06-07T06:09:39,1,3.88,8498.00,4.72,4079.00,999.00,15.06,1016.90,17.80,0.04
2026-06-07T06:09:39,1,3.88,8498.00,4.72,4079.00,999.00,15.07,1017.10,17.79,0.04
2026-06-07T06:09:39,1,3.85,8498.00,4.72,4079.00,999.00,15.08,1016.50,17.79,0.03
2026-06-07T06:09:39,1,3.87,8498.00,4.72,4079.00,999.00,15.08,1016.90,17.79,0.04
2026-06-07T06:09:39,1,3.86,8495.00,4.72,4078.00,999.00,15.09,1016.70,17.79,0.04
2026-06-07T06:09:40,1,3.86,8495.00,4.72,4078.00,999.00,15.09,1017.30,17.79,0.04
2026-06-07T06:09:40,1,3.87,8495.00,4.72,4078.00,999.00,15.09,1016.90,17.79,0.04
2026-06-07T06:09:40,1,3.85,8495.00,4.72,4078.00,999.00,15.10,1016.60,17.79,0.04
2026-06-07T06:09:40,1,3.85,8495.00,4.72,4078.00,999.00,15.10,1016.80,17.79,0.04
2026-06-07T06:09:40,1,3.88,8493.00,4.72,4077.00,999.00,15.11,1016.70,17.79,0.04
2026-06-07T06:09:41,1,3.89,8493.00,4.72,4077.00,999.00,15.12,1016.70,17.78,0.04
2026-06-07T06:09:41,1,3.88,8493.00,4.72,4077.00,999.00,15.13,1016.50,17.78,0.03
2026-06-07T06:09:41,1,3.86,8493.00,4.72,4077.00,999.00,15.13,1016.50,17.78,0.03
2026-06-07T06:09:41,1,3.86,8493.00,4.72,4077.00,999.00,15.13,1016.80,17.78,0.04
2026-06-07T06:09:41,1,3.88,8491.00,4.72,4076.00,999.00,15.14,1016.90,17.78,0.04
2026-06-07T06:09:42,1,3.88,8491.00,4.72,4076.00,999.00,15.15,1016.70,17.78,0.04
2026-06-07T06:09:42,1,3.87,8491.00,4.72,4076.00,999.00,15.15,1016.80,17.78,0.04
2026-06-07T06:09:42,1,3.86,8491.00,4.72,4076.00,999.00,15.15,1016.70,17.78,0.04
2026-06-07T06:09:42,1,3.87,8491.00,4.72,4076.00,999.00,15.15,1017.00,17.78,0.04
2026-06-07T06:09:42,1,3.87,8488.00,4.72,4074.00,999.00,15.14,1016.90,17.78,0.04
2026-06-07T06:09:43,1,3.88,8488.00,4.72,4074.00,999.00,15.14,1017.10,17.77,0.04
2026-06-07T06:09:43,1,3.87,8488.00,4.72,4074.00,999.00,15.14,1016.90,17.77,0.04
2026-06-07T06:09:43,1,3.85,8488.00,4.72,4074.00,999.00,15.13,1016.30,17.77,0.03
2026-06-07T06:09:43,1,3.85,8488.00,4.72,4074.00,999.00,15.13,1017.00,17.77,0.04
2026-06-07T06:09:44,1,3.86,8481.00,4.71,4071.00,999.00,15.13,1017.10,17.77,0.04
2026-06-07T06:09:44,1,3.86,8481.00,4.71,4071.00,999.00,15.12,1017.10,17.77,0.04
2026-06-07T06:09:44,1,3.87,8481.00,4.71,4071.00,999.00,15.12,1016.80,17.77,0.04
2026-06-07T06:09:44,1,3.87,8481.00,4.71,4071.00,999.00,15.12,1017.00,17.77,0.04
2026-06-07T06:09:44,1,3.86,8479.00,4.71,4070.00,999.00,15.11,1017.00,17.76,0.04
2026-06-07T06:09:45,1,3.89,8479.00,4.71,4070.00,999.00,15.11,1016.60,17.76,0.04
2026-06-07T06:09:45,1,3.88,8479.00,4.71,4070.00,999.00,15.10,1016.90,17.76,0.04
2026-06-07T06:09:45,1,3.85,8479.00,4.71,4070.00,999.00,15.10,1017.10,17.76,0.04
2026-06-07T06:09:45,1,3.85,8479.00,4.71,4070.00,999.00,15.09,1017.00,17.76,0.04
2026-06-07T06:09:45,1,3.87,8475.00,4.71,4068.00,999.00,15.09,1017.00,17.76,0.04
2026-06-07T06:09:46,1,3.88,8475.00,4.71,4068.00,999.00,15.09,1016.80,17.76,0.04
2026-06-07T06:09:46,1,3.88,8475.00,4.71,4068.00,999.00,15.07,1016.80,17.76,0.04
2026-06-07T06:09:46,1,3.86,8475.00,4.71,4068.00,999.00,15.06,1016.80,17.75,0.04
2026-06-07T06:09:46,1,3.87,8475.00,4.71,4068.00,999.00,15.06,1016.90,17.76,0.04
2026-06-07T06:09:46,1,3.88,8473.00,4.71,4067.00,999.00,15.05,1016.30,17.74,0.03
2026-06-07T06:09:47,1,3.87,8473.00,4.71,4067.00,999.00,15.05,1016.50,17.75,0.03
2026-06-07T06:09:47,1,3.85,8473.00,4.71,4067.00,999.00,15.04,1016.90,17.75,0.04
2026-06-07T06:09:47,1,3.88,8473.00,4.71,4067.00,999.00,15.05,1016.30,17.75,0.03
2026-06-07T06:09:47,1,3.86,8473.00,4.71,4067.00,999.00,15.04,1016.40,17.75,0.03
2026-06-07T06:09:47,1,3.86,8467.00,4.71,4065.00,999.00,15.04,1016.70,17.75,0.04
2026-06-07T06:09:48,1,3.88,8467.00,4.71,4065.00,999.00,15.04,1016.80,17.75,0.04
2026-06-07T06:09:48,1,3.87,8467.00,4.71,4065.00,999.00,15.04,1016.90,17.74,0.04
2026-06-07T06:09:48,1,3.86,8467.00,4.71,4065.00,999.00,15.04,1016.60,17.75,0.04
2026-06-07T06:09:48,1,3.86,8468.00,4.71,4065.00,999.00,15.04,1016.50,17.75,0.03
2026-06-07T06:09:48,1,3.86,8468.00,4.71,4065.00,999.00,15.03,1016.70,17.74,0.04
2026-06-07T06:09:49,1,3.88,8468.00,4.71,4065.00,999.00,15.02,1016.60,17.74,0.04
2026-06-07T06:09:49,1,3.88,8468.00,4.71,4065.00,999.00,15.02,1016.90,17.74,0.04
2026-06-07T06:09:49,1,3.85,8468.00,4.71,4065.00,999.00,15.01,1016.60,17.72,0.04
2026-06-07T06:09:49,1,3.87,8462.00,4.70,4062.00,999.00,15.01,1017.00,17.73,0.04
2026-06-07T06:09:50,1,3.88,8462.00,4.70,4062.00,999.00,15.00,1017.00,17.73,0.04
2026-06-07T06:09:50,1,3.88,8462.00,4.70,4062.00,999.00,15.00,1016.50,17.73,0.03
2026-06-07T06:09:50,1,3.87,8462.00,4.70,4062.00,999.00,14.99,1016.90,17.74,0.04
2026-06-07T06:09:50,1,3.87,8462.00,4.70,4062.00,999.00,14.98,1016.30,17.73,0.03
2026-06-07T06:09:50,1,3.86,8460.00,4.70,4061.00,999.00,14.97,1017.00,17.73,0.04
2026-06-07T06:09:51,1,3.86,8460.00,4.70,4061.00,999.00,14.95,1016.50,17.73,0.03
2026-06-07T06:09:51,1,3.86,8460.00,4.70,4061.00,999.00,14.94,1016.80,17.73,0.04
2026-06-07T06:09:51,1,3.87,8460.00,4.70,4061.00,999.00,14.93,1017.00,17.73,0.04
2026-06-07T06:09:51,1,3.86,8460.00,4.70,4061.00,999.00,14.92,1016.40,17.72,0.03
2026-06-07T06:09:51,1,3.88,8450.00,4.70,4056.00,999.00,14.91,1016.30,17.72,0.03
2026-06-07T06:09:52,1,3.88,8450.00,4.70,4056.00,999.00,14.91,1016.60,17.72,0.04
2026-06-07T06:09:52,1,3.87,8450.00,4.70,4056.00,999.00,14.90,1017.00,17.72,0.04
2026-06-07T06:09:52,1,3.85,8450.00,4.70,4056.00,999.00,14.91,1016.60,17.72,0.04
2026-06-07T06:09:52,1,3.86,8448.00,4.69,4055.00,999.00,14.91,1016.60,17.72,0.04
2026-06-07T06:09:52,1,3.89,8448.00,4.69,4055.00,999.00,14.91,1016.70,17.72,0.04
2026-06-07T06:09:53,1,3.88,8448.00,4.69,4055.00,999.00,14.91,1016.80,17.72,0.04
2026-06-07T06:09:53,1,3.85,8448.00,4.69,4055.00,999.00,14.90,1016.90,17.71,0.04
2026-06-07T06:09:53,1,3.87,8448.00,4.69,4055.00,999.00,14.90,1017.00,17.71,0.04
2026-06-07T06:09:53,1,3.89,8446.00,4.69,4054.00,999.00,14.89,1016.80,17.71,0.04
2026-06-07T06:09:53,1,3.88,8446.00,4.69,4054.00,999.00,14.88,1016.90,17.71,0.04
2026-06-07T06:09:54,1,3.88,8446.00,4.69,4054.00,999.00,14.87,1016.60,17.71,0.04
2026-06-07T06:09:54,1,3.85,8446.00,4.69,4054.00,999.00,14.87,1016.70,17.71,0.04
2026-06-07T06:09:54,1,3.86,8446.00,4.69,4054.00,999.00,14.87,1016.70,17.71,0.04
2026-06-07T06:09:54,1,3.86,8441.00,4.69,4052.00,999.00,14.87,1016.80,17.70,0.04
2026-06-07T06:09:54,1,3.88,8441.00,4.69,4052.00,999.00,14.86,1016.70,17.70,0.04
2026-06-07T06:09:55,1,3.88,8441.00,4.69,4052.00,999.00,14.85,1016.60,17.70,0.04
2026-06-07T06:09:55,1,3.87,8441.00,4.69,4052.00,999.00,14.83,1016.90,17.70,0.04
2026-06-07T06:09:55,1,3.86,8441.00,4.69,4052.00,999.00,14.83,1016.60,17.70,0.04
2026-06-07T06:09:55,1,3.88,8437.00,4.69,4050.00,999.00,14.82,1017.00,17.70,0.04
2026-06-07T06:09:56,1,3.88,8437.00,4.69,4050.00,999.00,14.82,1016.90,17.70,0.04
2026-06-07T06:09:56,1,3.86,8437.00,4.69,4050.00,999.00,14.81,1016.90,17.69,0.04
2026-06-07T06:09:56,1,3.88,8437.00,4.69,4050.00,999.00,14.82,1017.00,17.69,0.04
2026-06-07T06:09:56,1,3.85,8437.00,4.69,4050.00,999.00,14.82,1016.70,17.69,0.04
2026-06-07T06:09:56,1,3.88,8430.00,4.68,4047.00,999.00,14.82,1016.60,17.69,0.04
2026-06-07T06:09:57,1,3.88,8430.00,4.68,4047.00,999.00,14.81,1016.90,17.69,0.04
2026-06-07T06:09:57,1,3.86,8430.00,4.68,4047.00,999.00,14.80,1016.80,17.69,0.04
2026-06-07T06:09:57,1,3.85,8430.00,4.68,4047.00,999.00,14.80,1017.10,17.68,0.04
2026-06-07T06:09:57,1,3.85,8425.00,4.68,4044.00,999.00,14.79,1016.40,17.68,0.03
2026-06-07T06:09:57,1,3.88,8425.00,4.68,4044.00,999.00,14.79,1017.10,17.68,0.04
2026-06-07T06:09:58,1,3.88,8425.00,4.68,4044.00,999.00,14.78,1016.90,17.68,0.04
2026-06-07T06:09:58,1,3.85,8425.00,4.68,4044.00,999.00,14.78,1016.60,17.68,0.04
2026-06-07T06:09:58,1,3.84,8425.00,4.68,4044.00,999.00,14.77,1016.70,17.68,0.04
2026-06-07T06:09:58,1,3.86,8424.00,4.68,4044.00,999.00,14.76,1016.70,17.67,0.04
2026-06-07T06:09:58,1,3.89,8424.00,4.68,4044.00,999.00,14.74,1016.60,17.67,0.04
2026-06-07T06:09:59,1,3.87,8424.00,4.68,4044.00,999.00,14.73,1016.80,17.67,0.04
2026-06-07T06:09:59,1,3.85,8424.00,4.68,4044.00,999.00,14.73,1016.40,17.67,0.03
2026-06-07T06:09:59,1,3.85,8424.00,4.68,4044.00,999.00,14.71,1016.90,17.67,0.04
2026-06-07T06:09:59,1,3.88,8414.00,4.67,4039.00,999.00,14.70,1017.00,17.65,0.04
2026-06-07T06:09:59,1,3.88,8414.00,4.67,4039.00,999.00,14.69,1016.60,17.66,0.04
2026-06-07T06:10:00,1,3.86,8414.00,4.67,4039.00,999.00,14.68,1016.90,17.66,0.04
2026-06-07T06:10:00,1,3.82,8414.00,4.67,4039.00,999.00,14.68,1016.60,17.66,0.04
2026-06-07T06:10:00,1,3.83,8414.00,4.67,4039.00,999.00,14.68,1016.80,17.65,0.04
2026-06-07T06:10:00,1,3.88,8412.00,4.67,4038.00,999.00,14.67,1016.60,17.65,0.04
2026-06-07T06:10:00,1,3.89,8412.00,4.67,4038.00,999.00,14.65,1016.70,17.65,0.04
2026-06-07T06:10:01,1,3.88,8412.00,4.67,4038.00,999.00,14.65,1016.70,17.65,0.04
2026-06-07T06:10:01,1,3.85,8412.00,4.67,4038.00,999.00,14.64,1016.60,17.65,0.04
2026-06-07T06:10:01,1,3.87,8412.00,4.67,4038.00,999.00,14.63,1016.90,17.65,0.04
2026-06-07T06:10:01,1,3.88,8412.00,4.67,4038.00,999.00,14.61,1016.70,17.64,0.04
2026-06-07T06:10:02,1,3.86,8412.00,4.67,4038.00,999.00,14.60,1016.50,17.64,0.03
2026-06-07T06:10:02,1,3.86,8412.00,4.67,4038.00,999.00,14.58,1016.90,17.63,0.04
2026-06-07T06:10:02,1,3.85,8412.00,4.67,4038.00,999.00,14.58,1016.60,17.63,0.04
2026-06-07T06:10:02,1,3.86,8401.00,4.67,4033.00,999.00,14.57,1016.50,17.63,0.03
2026-06-07T06:10:02,1,3.89,8401.00,4.67,4033.00,999.00,14.56,1016.60,17.63,0.04
2026-06-07T06:10:03,1,3.88,8401.00,4.67,4033.00,999.00,14.55,1016.60,17.62,0.04
2026-06-07T06:10:03,1,3.87,8401.00,4.67,4033.00,999.00,14.54,1016.50,17.62,0.03
2026-06-07T06:10:03,1,3.87,8401.00,4.67,4033.00,999.00,14.53,1016.90,17.62,0.04
2026-06-07T06:10:03,1,3.85,8395.00,4.66,4030.00,999.00,14.53,1016.60,17.62,0.04
2026-06-07T06:10:03,1,3.86,8395.00,4.66,4030.00,999.00,14.52,1016.30,17.62,0.03
2026-06-07T06:10:04,1,3.88,8395.00,4.66,4030.00,999.00,14.52,1016.70,17.61,0.04
2026-06-07T06:10:04,1,3.85,8395.00,4.66,4030.00,999.00,14.52,1016.10,17.61,0.03
2026-06-07T06:10:04,1,3.86,8395.00,4.66,4030.00,999.00,14.52,1016.80,17.61,0.04
2026-06-07T06:10:04,1,3.87,8390.00,4.66,4028.00,999.00,14.52,1016.80,17.60,0.04
2026-06-07T06:10:04,1,3.86,8390.00,4.66,4028.00,999.00,14.51,1016.80,17.60,0.04
2026-06-07T06:10:05,1,3.86,8390.00,4.66,4028.00,999.00,14.50,1016.70,17.59,0.04
2026-06-07T06:10:05,1,3.88,8390.00,4.66,4028.00,999.00,14.50,1016.90,17.59,0.04
2026-06-07T06:10:05,1,3.85,8385.00,4.66,4025.00,999.00,14.49,1016.30,17.59,0.03
2026-06-07T06:10:05,1,3.86,8385.00,4.66,4025.00,999.00,14.49,1016.40,17.59,0.03
2026-06-07T06:10:05,1,3.87,8385.00,4.66,4025.00,999.00,14.49,1016.60,17.59,0.04
2026-06-07T06:10:06,1,3.88,8385.00,4.66,4025.00,999.00,14.49,1016.40,17.58,0.03
2026-06-07T06:10:06,1,3.85,8385.00,4.66,4025.00,999.00,14.49,1016.90,17.58,0.04
2026-06-07T06:10:06,1,3.89,8378.00,4.65,4022.00,999.00,14.49,1017.00,17.58,0.04
2026-06-07T06:10:06,1,3.87,8378.00,4.65,4022.00,999.00,14.49,1016.30,17.58,0.03
2026-06-07T06:10:06,1,3.87,8378.00,4.65,4022.00,999.00,14.50,1016.60,17.58,0.04
2026-06-07T06:10:07,1,3.85,8378.00,4.65,4022.00,999.00,14.50,1016.80,17.57,0.04
2026-06-07T06:10:07,1,3.87,8378.00,4.65,4022.00,999.00,14.50,1016.80,17.57,0.04
2026-06-07T06:10:07,1,3.89,8376.00,4.65,4021.00,999.00,14.50,1016.50,17.57,0.03
2026-06-07T06:10:07,1,3.88,8376.00,4.65,4021.00,999.00,14.50,1016.50,17.57,0.03
2026-06-07T06:10:08,1,3.88,8376.00,4.65,4021.00,999.00,14.50,1016.20,17.57,0.03
2026-06-07T06:10:08,1,3.85,8376.00,4.65,4021.00,999.00,14.50,1016.70,17.56,0.04
2026-06-07T06:10:08,1,3.87,8376.00,4.65,4021.00,999.00,14.51,1017.40,17.56,0.04
2026-06-07T06:10:08,1,3.88,8373.00,4.65,4019.00,999.00,14.51,1016.90,17.56,0.04
2026-06-07T06:10:08,1,3.88,8373.00,4.65,4019.00,999.00,14.50,1017.20,17.56,0.04
2026-06-07T06:10:09,1,3.89,8373.00,4.65,4019.00,999.00,14.51,1017.10,17.56,0.04
2026-06-07T06:10:09,1,3.86,8373.00,4.65,4019.00,999.00,14.51,1016.60,17.55,0.04
2026-06-07T06:10:09,1,3.85,8373.00,4.65,4019.00,999.00,14.50,1016.30,17.56,0.03
2026-06-07T06:10:09,1,3.86,8367.00,4.65,4016.00,999.00,14.50,1016.90,17.55,0.04
2026-06-07T06:10:09,1,3.85,8367.00,4.65,4016.00,999.00,14.50,1016.80,17.55,0.04
2026-06-07T06:10:10,1,3.86,8367.00,4.65,4016.00,999.00,14.50,1016.70,17.55,0.04
2026-06-07T06:10:10,1,3.85,8367.00,4.65,4016.00,999.00,14.50,1016.50,17.55,0.03
2026-06-07T06:10:10,1,3.86,8363.00,4.64,4015.00,999.00,14.50,1017.00,17.54,0.04
2026-06-07T06:10:10,1,3.86,8363.00,4.64,4015.00,999.00,14.50,1016.80,17.54,0.04
2026-06-07T06:10:10,1,3.89,8363.00,4.64,4015.00,999.00,14.50,1017.30,17.54,0.04
2026-06-07T06:10:11,1,3.87,8363.00,4.64,4015.00,999.00,14.50,1016.30,17.54,0.03
2026-06-07T06:10:11,1,3.86,8363.00,4.64,4015.00,999.00,14.50,1016.40,17.53,0.03
2026-06-07T06:10:11,1,3.87,8359.00,4.64,4012.00,999.00,14.50,1016.70,17.53,0.04
2026-06-07T06:10:11,1,3.84,8359.00,4.64,4012.00,999.00,14.50,1016.60,17.53,0.04
2026-06-07T06:10:11,1,3.88,8359.00,4.64,4012.00,999.00,14.50,1016.20,17.53,0.03
2026-06-07T06:10:12,1,3.86,8359.00,4.64,4012.00,999.00,14.50,1016.50,17.53,0.03
2026-06-07T06:10:12,1,3.86,8359.00,4.64,4012.00,999.00,14.50,1016.50,17.53,0.03
2026-06-07T06:10:12,1,3.87,8359.00,4.64,4012.00,999.00,14.50,1016.70,17.52,0.04
2026-06-07T06:10:12,1,3.88,8359.00,4.64,4012.00,999.00,14.52,1016.70,17.51,0.04
2026-06-07T06:10:13,1,3.88,8359.00,4.64,4012.00,999.00,14.53,1016.50,17.52,0.03
2026-06-07T06:10:13,1,3.87,8359.00,4.64,4012.00,999.00,14.53,1016.40,17.52,0.03
2026-06-07T06:10:13,1,3.84,8359.00,4.64,4012.00,999.00,14.54,1016.60,17.52,0.04
2026-06-07T06:10:13,1,3.87,8353.00,4.64,4009.00,999.00,14.54,1016.60,17.52,0.04
2026-06-07T06:10:13,1,3.89,8353.00,4.64,4009.00,999.00,14.55,1016.80,17.51,0.04
2026-06-07T06:10:14,1,3.87,8353.00,4.64,4009.00,999.00,14.56,1016.50,17.51,0.03
2026-06-07T06:10:14,1,3.85,8353.00,4.64,4009.00,999.00,14.57,1016.10,17.51,0.03
2026-06-07T06:10:14,1,3.85,8348.00,4.64,4007.00,999.00,14.56,1016.60,17.51,0.04
2026-06-07T06:10:14,1,3.88,8348.00,4.64,4007.00,999.00,14.57,1016.90,17.50,0.04
2026-06-07T06:10:14,1,3.88,8348.00,4.64,4007.00,999.00,14.58,1017.10,17.50,0.04
2026-06-07T06:10:15,1,3.85,8348.00,4.64,4007.00,999.00,14.58,1016.80,17.51,0.04
2026-06-07T06:10:15,1,3.85,8348.00,4.64,4007.00,999.00,14.58,1016.60,17.50,0.04
2026-06-07T06:10:15,1,3.86,8346.00,4.63,4007.00,999.00,14.58,1016.40,17.50,0.03
2026-06-07T06:10:15,1,3.86,8346.00,4.63,4007.00,999.00,14.58,1016.60,17.50,0.04
2026-06-07T06:10:15,1,3.88,8346.00,4.63,4007.00,999.00,14.58,1016.50,17.50,0.03
2026-06-07T06:10:16,1,3.85,8346.00,4.63,4007.00,999.00,14.58,1016.70,17.50,0.04
2026-06-07T06:10:16,1,3.87,8346.00,4.63,4007.00,999.00,14.57,1016.40,17.50,0.03
2026-06-07T06:10:16,1,3.88,8346.00,4.63,4006.00,999.00,14.57,1016.40,17.50,0.03
2026-06-07T06:10:16,1,3.88,8346.00,4.63,4006.00,999.00,14.57,1016.60,17.49,0.04
2026-06-07T06:10:16,1,3.88,8346.00,4.63,4006.00,999.00,14.57,1016.70,17.49,0.04
2026-06-07T06:10:17,1,3.86,8346.00,4.63,4006.00,999.00,14.56,1016.70,17.49,0.04
2026-06-07T06:10:17,1,3.84,8346.00,4.63,4006.00,999.00,14.56,1016.50,17.49,0.03
2026-06-07T06:10:17,1,3.86,8338.00,4.63,4003.00,999.00,14.56,1016.90,17.49,0.04
2026-06-07T06:10:17,1,3.89,8338.00,4.63,4003.00,999.00,14.56,1016.60,17.49,0.04
2026-06-07T06:10:17,1,3.88,8338.00,4.63,4003.00,999.00,14.56,1016.80,17.48,0.04
2026-06-07T06:10:18,1,3.87,8338.00,4.63,4003.00,999.00,14.55,1016.60,17.48,0.04
2026-06-07T06:10:18,1,3.87,8337.00,4.63,4002.00,999.00,14.55,1016.30,17.48,0.03
2026-06-07T06:10:18,1,3.88,8337.00,4.63,4002.00,999.00,14.55,1016.60,17.48,0.04
2026-06-07T06:10:18,1,3.86,8337.00,4.63,4002.00,999.00,14.55,1016.70,17.48,0.04
2026-06-07T06:10:19,1,3.87,8337.00,4.63,4002.00,999.00,14.54,1016.80,17.48,0.04
2026-06-07T06:10:19,1,3.87,8337.00,4.63,4002.00,999.00,14.53,1016.40,17.48,0.03
2026-06-07T06:10:19,1,3.86,8333.00,4.63,4000.00,999.00,14.53,1016.40,17.47,0.03
2026-06-07T06:10:19,1,3.88,8333.00,4.63,4000.00,999.00,14.51,1016.70,17.47,0.04
2026-06-07T06:10:19,1,3.86,8333.00,4.63,4000.00,999.00,14.51,1016.40,17.47,0.03
2026-06-07T06:10:20,1,3.85,8333.00,4.63,4000.00,999.00,14.50,1016.50,17.47,0.03
2026-06-07T06:10:20,1,3.86,8333.00,4.63,4000.00,999.00,14.50,1016.70,17.46,0.04
2026-06-07T06:10:20,1,3.88,8330.00,4.62,3998.00,999.00,14.49,1016.80,17.46,0.04
2026-06-07T06:10:20,1,3.88,8330.00,4.62,3998.00,999.00,14.49,1016.90,17.46,0.04
2026-06-07T06:10:20,1,3.88,8330.00,4.62,3998.00,999.00,14.49,1016.60,17.46,0.04
2026-06-07T06:10:21,1,3.86,8330.00,4.62,3998.00,999.00,14.48,1016.20,17.46,0.03
2026-06-07T06:10:21,1,3.85,8330.00,4.62,3998.00,999.00,14.48,1016.60,17.45,0.04
2026-06-07T06:10:21,1,3.88,8323.00,4.62,3995.00,999.00,14.47,1016.80,17.45,0.04
2026-06-07T06:10:21,1,3.85,8323.00,4.62,3995.00,999.00,14.47,1016.40,17.45,0.03
2026-06-07T06:10:21,1,3.88,8323.00,4.62,3995.00,999.00,14.47,1016.60,17.44,0.04
2026-06-07T06:10:22,1,3.85,8323.00,4.62,3995.00,999.00,14.46,1016.50,17.44,0.03
2026-06-07T06:10:22,1,3.85,8323.00,4.62,3995.00,999.00,14.46,1016.80,17.44,0.04
2026-06-07T06:10:22,1,3.88,8321.00,4.62,3994.00,999.00,14.46,1016.60,17.44,0.04
2026-06-07T06:10:22,1,3.88,8321.00,4.62,3994.00,999.00,14.46,1016.50,17.44,0.03
2026-06-07T06:10:22,1,3.88,8321.00,4.62,3994.00,999.00,14.46,1016.80,17.44,0.04
2026-06-07T06:10:23,1,3.86,8321.00,4.62,3994.00,999.00,14.45,1016.10,17.43,0.03
2026-06-07T06:10:23,1,3.86,8321.00,4.62,3994.00,999.00,14.45,1016.60,17.43,0.04
2026-06-07T06:10:23,1,3.85,8316.00,4.62,3992.00,999.00,14.46,1016.70,17.43,0.04
2026-06-07T06:10:23,1,3.87,8316.00,4.62,3992.00,999.00,14.46,1016.60,17.43,0.04
2026-06-07T06:10:23,1,3.86,8316.00,4.62,3992.00,999.00,14.46,1016.30,17.43,0.03
2026-06-07T06:10:24,1,3.88,8316.00,4.62,3992.00,999.00,14.46,1016.30,17.42,0.03
2026-06-07T06:10:24,1,3.86,8316.00,4.62,3992.00,999.00,14.47,1016.70,17.42,0.04
2026-06-07T06:10:24,1,3.88,8316.00,4.62,3992.00,999.00,14.47,1016.10,17.42,0.03
2026-06-07T06:10:24,1,3.88,8316.00,4.62,3992.00,999.00,14.48,1016.20,17.42,0.03
2026-06-07T06:10:24,1,3.87,8316.00,4.62,3992.00,999.00,14.47,1016.50,17.41,0.03
2026-06-07T06:10:25,1,3.87,8316.00,4.62,3992.00,999.00,14.47,1016.40,17.41,0.03
2026-06-07T06:10:25,1,3.88,8307.00,4.61,3988.00,999.00,14.48,1016.80,17.41,0.04
2026-06-07T06:10:25,1,3.89,8307.00,4.61,3988.00,999.00,14.47,1016.60,17.41,0.04
2026-06-07T06:10:25,1,3.86,8307.00,4.61,3988.00,999.00,14.47,1016.60,17.40,0.04
2026-06-07T06:10:26,1,3.87,8307.00,4.61,3988.00,999.00,14.46,1016.70,17.40,0.04
2026-06-07T06:10:26,1,3.86,8307.00,4.61,3988.00,999.00,14.46,1016.60,17.40,0.04
2026-06-07T06:10:26,1,3.88,8306.00,4.61,3987.00,999.00,14.45,1016.80,17.40,0.04
2026-06-07T06:10:26,1,3.86,8306.00,4.61,3987.00,999.00,14.44,1016.30,17.40,0.03
2026-06-07T06:10:26,1,3.88,8306.00,4.61,3987.00,999.00,14.43,1016.50,17.40,0.03
2026-06-07T06:10:27,1,3.87,8306.00,4.61,3987.00,999.00,14.43,1016.50,17.40,0.03
2026-06-07T06:10:27,1,3.89,8304.00,4.61,3986.00,999.00,14.43,1016.60,17.38,0.04
2026-06-07T06:10:27,1,3.88,8304.00,4.61,3986.00,999.00,14.42,1017.00,17.39,0.04
2026-06-07T06:10:27,1,3.86,8304.00,4.61,3986.00,999.00,14.41,1016.20,17.39,0.03
2026-06-07T06:10:27,1,3.86,8304.00,4.61,3986.00,999.00,14.40,1016.50,17.39,0.03
2026-06-07T06:10:28,1,3.87,8304.00,4.61,3986.00,999.00,14.40,1016.90,17.38,0.04
2026-06-07T06:10:28,1,3.88,8300.00,4.61,3984.00,999.00,14.40,1016.50,17.38,0.03
2026-06-07T06:10:28,1,3.88,8300.00,4.61,3984.00,999.00,14.39,1016.80,17.38,0.04
2026-06-07T06:10:28,1,3.86,8300.00,4.61,3984.00,999.00,14.38,1016.40,17.38,0.03
2026-06-07T06:10:28,1,3.85,8300.00,4.61,3984.00,999.00,14.38,1016.50,17.38,0.03
2026-06-07T06:10:29,1,3.86,8300.00,4.61,3984.00,999.00,14.38,1016.50,17.38,0.03
2026-06-07T06:10:29,1,3.88,8295.00,4.60,3982.00,999.00,14.38,1016.10,17.38,0.03
2026-06-07T06:10:29,1,3.86,8295.00,4.60,3982.00,999.00,14.37,1016.60,17.37,0.04
2026-06-07T06:10:29,1,3.86,8295.00,4.60,3982.00,999.00,14.37,1016.80,17.37,0.04
2026-06-07T06:10:29,1,3.88,8295.00,4.60,3982.00,999.00,14.37,1016.80,17.37,0.04
2026-06-07T06:10:30,1,3.87,8295.00,4.60,3982.00,999.00,14.37,1016.50,17.37,0.03
2026-06-07T06:10:30,1,3.88,8295.00,4.60,3982.00,999.00,14.37,1016.50,17.37,0.03
2026-06-07T06:10:30,1,3.88,8295.00,4.60,3982.00,999.00,14.37,1016.80,17.36,0.04
2026-06-07T06:10:30,1,3.85,8295.00,4.60,3982.00,999.00,14.37,1016.60,17.36,0.04
2026-06-07T06:10:31,1,3.84,8295.00,4.60,3982.00,999.00,14.36,1016.70,17.36,0.04
2026-06-07T06:10:31,1,3.86,8295.00,4.60,3982.00,999.00,14.37,1016.50,17.36,0.03
2026-06-07T06:10:31,1,3.88,8288.00,4.60,3979.00,999.00,14.36,1016.60,17.36,0.04
2026-06-07T06:10:31,1,3.86,8288.00,4.60,3979.00,999.00,14.36,1016.60,17.36,0.04
2026-06-07T06:10:31,1,3.84,8288.00,4.60,3979.00,999.00,14.37,1016.30,17.35,0.03
2026-06-07T06:10:32,1,3.88,8288.00,4.60,3979.00,999.00,14.37,1016.50,17.35,0.03
2026-06-07T06:10:32,1,3.86,8286.00,4.60,3978.00,999.00,14.37,1016.60,17.35,0.04
2026-06-07T06:10:32,1,3.88,8286.00,4.60,3978.00,999.00,14.36,1016.50,17.34,0.03
2026-06-07T06:10:32,1,3.88,8286.00,4.60,3978.00,999.00,14.36,1016.70,17.34,0.04
2026-06-07T06:10:32,1,3.85,8286.00,4.60,3978.00,999.00,14.36,1016.80,17.34,0.04
2026-06-07T06:10:33,1,3.85,8286.00,4.60,3978.00,999.00,14.35,1016.90,17.34,0.04
2026-06-07T06:10:33,1,3.86,8285.00,4.60,3977.00,999.00,14.35,1016.70,17.34,0.04
2026-06-07T06:10:33,1,3.87,8285.00,4.60,3977.00,999.00,14.35,1016.40,17.34,0.03
2026-06-07T06:10:33,1,3.83,8285.00,4.60,3977.00,999.00,14.35,1016.60,17.33,0.04
2026-06-07T06:10:33,1,3.88,8285.00,4.60,3977.00,999.00,14.35,1016.30,17.33,0.03
2026-06-07T06:10:34,1,3.87,8285.00,4.60,3977.00,999.00,14.35,1016.40,17.33,0.03
2026-06-07T06:10:34,1,3.86,8276.00,4.59,3973.00,999.00,14.35,1016.30,17.33,0.03
2026-06-07T06:10:34,1,3.88,8276.00,4.59,3973.00,999.00,14.34,1016.30,17.33,0.03
2026-06-07T06:10:34,1,3.83,8276.00,4.59,3973.00,999.00,14.33,1016.20,17.33,0.03
2026-06-07T06:10:34,1,3.86,8276.00,4.59,3973.00,999.00,14.34,1016.70,17.32,0.04
2026-06-07T06:10:35,1,3.86,8276.00,4.59,3973.00,999.00,14.33,1016.80,17.32,0.04
2026-06-07T06:10:35,1,3.87,8277.00,4.59,3973.00,999.00,14.33,1016.20,17.32,0.03
2026-06-07T06:10:35,1,3.86,8277.00,4.59,3973.00,999.00,14.32,1016.90,17.32,0.04
2026-06-07T06:10:35,1,3.88,8277.00,4.59,3973.00,999.00,14.32,1016.30,17.31,0.03
2026-06-07T06:10:35,1,3.85,8277.00,4.59,3973.00,999.00,14.32,1016.50,17.31,0.03
2026-06-07T06:10:36,1,3.87,8277.00,4.59,3973.00,999.00,14.31,1016.40,17.31,0.03
2026-06-07T06:10:36,1,3.88,8272.00,4.59,3971.00,999.00,14.30,1016.30,17.31,0.03
2026-06-07T06:10:36,1,3.88,8272.00,4.59,3971.00,999.00,14.29,1016.50,17.31,0.03
2026-06-07T06:10:36,1,3.88,8272.00,4.59,3971.00,999.00,14.29,1016.60,17.30,0.04
2026-06-07T06:10:36,1,3.85,8272.00,4.59,3971.00,999.00,14.28,1016.50,17.30,0.03
2026-06-07T06:10:37,1,3.85,8267.00,4.59,3969.00,999.00,14.28,1016.90,17.30,0.04
2026-06-07T06:10:37,1,3.88,8267.00,4.59,3969.00,999.00,14.26,1016.90,17.29,0.04
2026-06-07T06:10:37,1,3.87,8267.00,4.59,3969.00,999.00,14.25,1016.20,17.30,0.03
2026-06-07T06:10:37,1,3.85,8267.00,4.59,3969.00,999.00,14.25,1016.60,17.30,0.04
2026-06-07T06:10:37,1,3.86,8267.00,4.59,3969.00,999.00,14.24,1016.40,17.29,0.03
2026-06-07T06:10:38,1,3.88,8264.00,4.59,3967.00,999.00,14.24,1016.40,17.29,0.03
2026-06-07T06:10:38,1,3.88,8264.00,4.59,3967.00,999.00,14.24,1016.70,17.29,0.04
2026-06-07T06:10:38,1,3.88,8264.00,4.59,3967.00,999.00,14.24,1016.20,17.29,0.03
2026-06-07T06:10:38,1,3.86,8264.00,4.59,3967.00,999.00,14.23,1016.40,17.27,0.03
2026-06-07T06:10:39,1,3.85,8264.00,4.59,3967.00,999.00,14.24,1016.70,17.27,0.04
2026-06-07T06:10:39,1,3.86,8259.00,4.58,3965.00,999.00,14.24,1016.20,17.27,0.03
2026-06-07T06:10:39,1,3.88,8259.00,4.58,3965.00,999.00,14.24,1016.40,17.28,0.03
2026-06-07T06:10:39,1,3.89,8259.00,4.58,3965.00,999.00,14.24,1016.40,17.27,0.03
2026-06-07T06:10:39,1,3.86,8259.00,4.58,3965.00,999.00,14.24,1016.20,17.26,0.03
2026-06-07T06:10:40,1,3.87,8255.00,4.58,3962.00,999.00,14.25,1016.60,17.26,0.04
2026-06-07T06:10:40,1,3.88,8255.00,4.58,3962.00,999.00,14.25,1016.60,17.26,0.04
2026-06-07T06:10:40,1,3.86,8255.00,4.58,3962.00,999.00,14.25,1016.20,17.27,0.03
2026-06-07T06:10:40,1,3.84,8255.00,4.58,3962.00,999.00,14.25,1016.50,17.26,0.03
2026-06-07T06:10:40,1,3.83,8255.00,4.58,3962.00,999.00,14.25,1016.50,17.26,0.03
2026-06-07T06:10:41,1,3.86,8250.00,4.58,3960.00,999.00,14.25,1016.00,17.26,0.03
2026-06-07T06:10:41,1,3.88,8250.00,4.58,3960.00,999.00,14.25,1016.00,17.26,0.03
2026-06-07T06:10:41,1,3.88,8250.00,4.58,3960.00,999.00,14.25,1016.50,17.25,0.03
2026-06-07T06:10:41,1,3.85,8250.00,4.58,3960.00,999.00,14.25,1016.50,17.25,0.03
2026-06-07T06:10:41,1,3.86,8250.00,4.58,3960.00,999.00,14.24,1016.30,17.25,0.03
2026-06-07T06:10:42,1,3.88,8247.00,4.58,3959.00,999.00,14.26,1016.80,17.25,0.04
2026-06-07T06:10:42,1,3.88,8247.00,4.58,3959.00,999.00,14.26,1016.40,17.25,0.03
2026-06-07T06:10:42,1,3.87,8247.00,4.58,3959.00,999.00,14.25,1016.40,17.24,0.03
2026-06-07T06:10:42,1,3.86,8247.00,4.58,3959.00,999.00,14.24,1016.60,17.24,0.04
2026-06-07T06:10:43,1,3.86,8247.00,4.58,3959.00,999.00,14.24,1016.10,17.24,0.03
2026-06-07T06:10:43,1,3.86,8248.00,4.58,3959.00,999.00,14.23,1016.60,17.24,0.04
2026-06-07T06:10:43,1,3.89,8248.00,4.58,3959.00,999.00,14.23,1016.50,17.24,0.03
2026-06-07T06:10:43,1,3.87,8248.00,4.58,3959.00,999.00,14.23,1016.30,17.23,0.03
2026-06-07T06:10:43,1,3.85,8248.00,4.58,3959.00,999.00,14.22,1016.60,17.23,0.04
2026-06-07T06:10:44,1,3.88,8248.00,4.58,3959.00,999.00,14.22,1016.40,17.23,0.03
2026-06-07T06:10:44,1,3.88,8244.00,4.57,3957.00,999.00,14.21,1016.60,17.23,0.04
2026-06-07T06:10:44,1,3.87,8244.00,4.57,3957.00,999.00,14.20,1016.20,17.22,0.03
2026-06-07T06:10:44,1,3.86,8244.00,4.57,3957.00,999.00,14.20,1016.40,17.22,0.03
2026-06-07T06:10:44,1,3.86,8244.00,4.57,3957.00,999.00,14.20,1016.20,17.22,0.03
2026-06-07T06:10:45,1,3.87,8239.00,4.57,3955.00,999.00,14.20,1016.60,17.22,0.04
2026-06-07T06:10:45,1,3.86,8239.00,4.57,3955.00,999.00,14.19,1016.40,17.22,0.03
2026-06-07T06:10:45,1,3.88,8239.00,4.57,3955.00,999.00,14.19,1016.70,17.21,0.04
2026-06-07T06:10:45,1,3.88,8239.00,4.57,3955.00,999.00,14.17,1016.40,17.21,0.03
2026-06-07T06:10:45,1,3.87,8239.00,4.57,3955.00,999.00,14.17,1016.60,17.21,0.04
2026-06-07T06:10:46,1,3.87,8235.00,4.57,3953.00,999.00,14.16,1016.60,17.21,0.04
2026-06-07T06:10:46,1,3.88,8235.00,4.57,3953.00,999.00,14.15,1016.60,17.20,0.04
2026-06-07T06:10:46,1,3.88,8235.00,4.57,3953.00,999.00,14.14,1016.50,17.20,0.03
2026-06-07T06:10:46,1,3.86,8235.00,4.57,3953.00,999.00,14.13,1016.00,17.20,0.03
2026-06-07T06:10:46,1,3.87,8235.00,4.57,3953.00,999.00,14.11,1016.70,17.20,0.04
2026-06-07T06:10:47,1,3.88,8236.00,4.57,3953.00,999.00,14.10,1016.70,17.19,0.04
2026-06-07T06:10:47,1,3.88,8236.00,4.57,3953.00,999.00,14.08,1016.50,17.19,0.03
2026-06-07T06:10:47,1,3.85,8236.00,4.57,3953.00,999.00,14.07,1016.50,17.19,0.03
2026-06-07T06:10:47,1,3.85,8236.00,4.57,3953.00,999.00,14.05,1016.40,17.19,0.03
2026-06-07T06:10:47,1,3.86,8236.00,4.57,3953.00,999.00,14.04,1016.40,17.18,0.03
2026-06-07T06:10:48,1,3.88,8227.00,4.56,3949.00,999.00,14.03,1016.30,17.18,0.03
2026-06-07T06:10:48,1,3.88,8227.00,4.56,3949.00,999.00,14.01,1016.70,17.18,0.04
2026-06-07T06:10:48,1,3.88,8227.00,4.56,3949.00,999.00,14.00,1016.10,17.17,0.03
2026-06-07T06:10:48,1,3.85,8227.00,4.56,3949.00,999.00,13.98,1016.20,17.17,0.03
2026-06-07T06:10:48,1,3.85,8227.00,4.56,3949.00,999.00,13.98,1016.90,17.17,0.04
2026-06-07T06:10:49,1,3.87,8220.00,4.56,3946.00,999.00,13.96,1015.90,17.17,0.03
2026-06-07T06:10:49,1,3.85,8220.00,4.56,3946.00,999.00,13.95,1016.30,17.16,0.03
2026-06-07T06:10:49,1,3.86,8220.00,4.56,3946.00,999.00,13.94,1016.60,17.16,0.04
2026-06-07T06:10:49,1,3.87,8220.00,4.56,3946.00,999.00,13.93,1016.70,17.15,0.04
2026-06-07T06:10:49,1,3.87,8212.00,4.55,3942.00,999.00,13.92,1016.90,17.15,0.04
2026-06-07T06:10:50,1,3.88,8212.00,4.55,3942.00,999.00,13.91,1016.50,17.15,0.03
2026-06-07T06:10:50,1,3.85,8212.00,4.55,3942.00,999.00,13.91,1016.10,17.14,0.03
2026-06-07T06:10:50,1,3.86,8212.00,4.55,3942.00,999.00,13.90,1016.20,17.14,0.03
2026-06-07T06:10:50,1,3.87,8212.00,4.55,3942.00,999.00,13.90,1016.30,17.14,0.03
2026-06-07T06:10:51,1,3.87,8212.00,4.55,3942.00,999.00,13.90,1016.20,17.13,0.03
2026-06-07T06:10:51,1,3.84,8212.00,4.55,3942.00,999.00,13.88,1016.40,17.14,0.03
2026-06-07T06:10:51,1,3.88,8212.00,4.55,3942.00,999.00,13.88,1016.30,17.13,0.03
2026-06-07T06:10:51,1,3.86,8212.00,4.55,3942.00,999.00,13.86,1016.50,17.12,0.03
2026-06-07T06:10:51,1,3.87,8212.00,4.55,3942.00,999.00,13.85,1016.50,17.12,0.03
2026-06-07T06:10:52,1,3.86,8208.00,4.55,3940.00,999.00,13.84,1016.50,17.12,0.03
2026-06-07T06:10:52,1,3.89,8208.00,4.55,3940.00,999.00,13.83,1016.30,17.12,0.03
2026-06-07T06:10:52,1,3.87,8208.00,4.55,3940.00,999.00,13.83,1016.50,17.10,0.03
2026-06-07T06:10:52,1,3.87,8208.00,4.55,3940.00,999.00,13.83,1016.20,17.11,0.03
2026-06-07T06:10:52,1,3.87,8198.00,4.55,3935.00,999.00,13.82,1016.50,17.11,0.03
2026-06-07T06:10:53,1,3.87,8198.00,4.55,3935.00,999.00,13.82,1016.70,17.11,0.04
2026-06-07T06:10:53,1,3.86,8198.00,4.55,3935.00,999.00,13.82,1016.20,17.11,0.03
2026-06-07T06:10:53,1,3.87,8198.00,4.55,3935.00,999.00,13.82,1016.10,17.10,0.03
2026-06-07T06:10:53,1,3.87,8198.00,4.55,3935.00,999.00,13.81,1016.70,17.10,0.04
2026-06-07T06:10:53,1,3.88,8194.00,4.54,3933.00,999.00,13.81,1016.50,17.10,0.03
2026-06-07T06:10:54,1,3.88,8194.00,4.54,3933.00,999.00,13.81,1016.60,17.10,0.04
2026-06-07T06:10:54,1,3.85,8194.00,4.54,3933.00,999.00,13.80,1016.60,17.10,0.04
2026-06-07T06:10:54,1,3.85,8194.00,4.54,3933.00,999.00,13.80,1016.90,17.09,0.04
2026-06-07T06:10:54,1,3.87,8194.00,4.54,3933.00,999.00,13.79,1016.40,17.09,0.03
2026-06-07T06:10:55,1,3.87,8190.00,4.54,3931.00,999.00,13.80,1016.60,17.09,0.04
2026-06-07T06:10:55,1,3.87,8190.00,4.54,3931.00,999.00,13.79,1016.60,17.09,0.04
2026-06-07T06:10:55,1,3.86,8190.00,4.54,3931.00,999.00,13.79,1016.70,17.08,0.04
2026-06-07T06:10:55,1,3.88,8190.00,4.54,3931.00,999.00,13.79,1016.60,17.08,0.04
2026-06-07T06:10:55,1,3.86,8190.00,4.54,3931.00,999.00,13.79,1016.50,17.08,0.03
2026-06-07T06:10:56,1,3.88,8187.00,4.54,3930.00,999.00,13.78,1016.30,17.08,0.03
2026-06-07T06:10:56,1,3.88,8187.00,4.54,3930.00,999.00,13.78,1016.30,17.08,0.03
2026-06-07T06:10:56,1,3.88,8187.00,4.54,3930.00,999.00,13.77,1016.40,17.07,0.03
2026-06-07T06:10:56,1,3.84,8187.00,4.54,3930.00,999.00,13.77,1016.70,17.07,0.04
2026-06-07T06:10:56,1,3.85,8187.00,4.54,3930.00,999.00,13.77,1016.40,17.07,0.03
2026-06-07T06:10:57,1,3.88,8181.00,4.54,3927.00,999.00,13.77,1016.80,17.07,0.04
2026-06-07T06:10:57,1,3.87,8181.00,4.54,3927.00,999.00,13.77,1016.20,17.07,0.03
2026-06-07T06:10:57,1,3.86,8181.00,4.54,3927.00,999.00,13.76,1016.30,17.05,0.03
2026-06-07T06:10:57,1,3.85,8181.00,4.54,3927.00,999.00,13.76,1016.70,17.05,0.04
2026-06-07T06:10:57,1,3.85,8177.00,4.53,3925.00,999.00,13.76,1016.50,17.05,0.03
2026-06-07T06:10:58,1,3.86,8177.00,4.53,3925.00,999.00,13.76,1016.20,17.05,0.03
2026-06-07T06:10:58,1,3.87,8177.00,4.53,3925.00,999.00,13.75,1016.50,17.05,0.03
2026-06-07T06:10:58,1,3.84,8177.00,4.53,3925.00,999.00,13.75,1016.10,17.04,0.03
2026-06-07T06:10:58,1,3.85,8177.00,4.53,3925.00,999.00,13.75,1015.90,17.04,0.03
2026-06-07T06:10:58,1,3.89,8178.00,4.53,3925.00,999.00,13.75,1016.70,17.04,0.04
2026-06-07T06:10:59,1,3.86,8178.00,4.53,3925.00,999.00,13.74,1016.50,17.04,0.03
2026-06-07T06:10:59,1,3.86,8178.00,4.53,3925.00,999.00,13.74,1016.30,17.04,0.03
2026-06-07T06:10:59,1,3.85,8178.00,4.53,3925.00,999.00,13.75,1016.30,17.03,0.03
2026-06-07T06:10:59,1,3.86,8178.00,4.53,3925.00,999.00,13.74,1016.00,17.03,0.03
2026-06-07T06:10:59,1,3.86,8172.00,4.53,3923.00,999.00,13.74,1016.20,17.03,0.03
2026-06-07T06:11:00,1,3.85,8172.00,4.53,3923.00,999.00,13.74,1016.10,17.03,0.03
2026-06-07T06:11:00,1,3.88,8172.00,4.53,3923.00,999.00,13.74,1016.30,17.03,0.03
2026-06-07T06:11:00,1,3.85,8172.00,4.53,3923.00,999.00,13.74,1016.20,17.03,0.03
2026-06-07T06:11:00,1,3.86,8172.00,4.53,3923.00,999.00,13.74,1016.40,17.02,0.03
2026-06-07T06:11:00,1,3.88,8165.00,4.53,3919.00,999.00,13.75,1016.50,17.02,0.03
2026-06-07T06:11:01,1,3.88,8165.00,4.53,3919.00,999.00,13.75,1016.60,17.02,0.04
2026-06-07T06:11:01,1,3.86,8165.00,4.53,3919.00,999.00,13.74,1016.30,17.02,0.03
2026-06-07T06:11:01,1,3.87,8165.00,4.53,3919.00,999.00,13.75,1016.50,17.02,0.03
2026-06-07T06:11:01,1,3.86,8165.00,4.53,3919.00,999.00,13.75,1016.40,17.01,0.03
2026-06-07T06:11:01,1,3.86,8160.00,4.52,3917.00,999.00,13.75,1016.00,17.01,0.03
2026-06-07T06:11:02,1,3.88,8160.00,4.52,3917.00,999.00,13.75,1016.70,17.01,0.04
2026-06-07T06:11:02,1,3.88,8160.00,4.52,3917.00,999.00,13.76,1016.70,17.01,0.04
2026-06-07T06:11:02,1,3.87,8160.00,4.52,3917.00,999.00,13.76,1016.30,17.00,0.03
2026-06-07T06:11:02,1,3.88,8160.00,4.52,3917.00,999.00,13.77,1016.10,17.01,0.03
2026-06-07T06:11:03,1,3.86,8160.00,4.52,3917.00,999.00,13.77,1016.20,17.00,0.03
2026-06-07T06:11:03,1,3.86,8160.00,4.52,3917.00,999.00,13.77,1016.50,17.00,0.03
2026-06-07T06:11:03,1,3.85,8160.00,4.52,3917.00,999.00,13.78,1016.00,17.00,0.03
2026-06-07T06:11:03,1,3.87,8160.00,4.52,3917.00,999.00,13.78,1016.20,17.00,0.03
2026-06-07T06:11:03,1,3.88,8155.00,4.52,3915.00,999.00,13.78,1016.20,17.00,0.03
2026-06-07T06:11:04,1,3.86,8155.00,4.52,3915.00,999.00,13.79,1016.00,17.00,0.03
2026-06-07T06:11:04,1,3.88,8155.00,4.52,3915.00,999.00,13.79,1016.10,17.00,0.03
2026-06-07T06:11:04,1,3.88,8155.00,4.52,3915.00,999.00,13.80,1016.10,16.99,0.03
2026-06-07T06:11:04,1,3.84,8155.00,4.52,3915.00,999.00,13.80,1016.00,16.98,0.03
2026-06-07T06:11:04,1,3.89,8155.00,4.52,3915.00,999.00,13.81,1016.40,16.99,0.03
2026-06-07T06:11:05,1,3.84,8155.00,4.52,3915.00,999.00,13.81,1015.90,16.98,0.03
2026-06-07T06:11:05,1,3.86,8155.00,4.52,3915.00,999.00,13.81,1016.40,16.98,0.03
2026-06-07T06:11:05,1,3.87,8155.00,4.52,3915.00,999.00,13.81,1016.60,16.99,0.04
2026-06-07T06:11:05,1,3.86,8151.00,4.52,3913.00,999.00,13.81,1016.30,16.98,0.03
2026-06-07T06:11:05,1,3.88,8151.00,4.52,3913.00,999.00,13.81,1016.40,16.98,0.03
2026-06-07T06:11:06,1,3.88,8151.00,4.52,3913.00,999.00,13.81,1016.70,16.98,0.04
2026-06-07T06:11:06,1,3.85,8151.00,4.52,3913.00,999.00,13.82,1016.60,16.98,0.04
2026-06-07T06:11:06,1,3.86,8151.00,4.52,3913.00,999.00,13.82,1016.40,16.98,0.03
2026-06-07T06:11:06,1,3.88,8145.00,4.51,3910.00,999.00,13.82,1016.20,16.97,0.03
2026-06-07T06:11:07,1,3.86,8145.00,4.51,3910.00,999.00,13.82,1016.30,16.98,0.03
2026-06-07T06:11:07,1,3.89,8145.00,4.51,3910.00,999.00,13.82,1016.70,16.97,0.04
2026-06-07T06:11:07,1,3.87,8145.00,4.51,3910.00,999.00,13.82,1016.80,16.97,0.04
2026-06-07T06:11:07,1,3.85,8145.00,4.51,3910.00,999.00,13.82,1016.60,16.97,0.04
2026-06-07T06:11:07,1,3.88,8141.00,4.51,3908.00,999.00,13.82,1016.80,16.97,0.04
2026-06-07T06:11:08,1,3.88,8141.00,4.51,3908.00,999.00,13.83,1016.70,16.96,0.04
2026-06-07T06:11:08,1,3.87,8141.00,4.51,3908.00,999.00,13.82,1016.90,16.97,0.04
2026-06-07T06:11:08,1,3.86,8141.00,4.51,3908.00,999.00,13.82,1016.20,16.96,0.03
2026-06-07T06:11:08,1,3.85,8141.00,4.51,3908.00,999.00,13.81,1016.20,16.96,0.03
2026-06-07T06:11:08,1,3.87,8139.00,4.51,3907.00,999.00,13.81,1016.30,16.96,0.03
2026-06-07T06:11:09,1,3.88,8139.00,4.51,3907.00,999.00,13.81,1016.70,16.96,0.04
2026-06-07T06:11:09,1,3.86,8139.00,4.51,3907.00,999.00,13.80,1016.70,16.96,0.04
2026-06-07T06:11:09,1,3.85,8139.00,4.51,3907.00,999.00,13.80,1016.30,16.96,0.03
2026-06-07T06:11:09,1,3.84,8139.00,4.51,3907.00,999.00,13.79,1016.60,16.95,0.04
2026-06-07T06:11:09,1,3.86,8136.00,4.51,3906.00,999.00,13.78,1016.40,16.95,0.03
2026-06-07T06:11:10,1,3.86,8136.00,4.51,3906.00,999.00,13.78,1016.50,16.95,0.03
2026-06-07T06:11:10,1,3.88,8136.00,4.51,3906.00,999.00,13.78,1016.50,16.95,0.03
2026-06-07T06:11:10,1,3.86,8136.00,4.51,3906.00,999.00,13.77,1016.30,16.95,0.03
2026-06-07T06:11:10,1,3.86,8136.00,4.51,3906.00,999.00,13.75,1016.50,16.94,0.03
2026-06-07T06:11:10,1,3.86,8135.00,4.51,3905.00,999.00,13.75,1016.70,16.95,0.04
2026-06-07T06:11:11,1,3.88,8135.00,4.51,3905.00,999.00,13.75,1016.40,16.94,0.03
2026-06-07T06:11:11,1,3.86,8135.00,4.51,3905.00,999.00,13.73,1016.20,16.94,0.03
2026-06-07T06:11:11,1,3.86,8135.00,4.51,3905.00,999.00,13.72,1015.70,16.94,0.03
2026-06-07T06:11:11,1,3.85,8134.00,4.51,3905.00,999.00,13.71,1016.00,16.94,0.03
2026-06-07T06:11:11,1,3.88,8134.00,4.51,3905.00,999.00,13.70,1016.30,16.94,0.03
2026-06-07T06:11:12,1,3.87,8134.00,4.51,3905.00,999.00,13.69,1016.20,16.93,0.03
2026-06-07T06:11:12,1,3.87,8134.00,4.51,3905.00,999.00,13.68,1016.50,16.93,0.03
2026-06-07T06:11:12,1,3.86,8134.00,4.51,3905.00,999.00,13.68,1016.10,16.93,0.03
2026-06-07T06:11:12,1,3.87,7844.00,4.34,3765.00,999.00,13.67,1016.00,16.93,0.03
2026-06-07T06:11:12,1,3.86,7844.00,4.34,3765.00,999.00,13.66,1015.80,16.93,0.03
2026-06-07T06:11:13,1,3.86,7844.00,4.34,3765.00,999.00,13.66,1016.10,16.92,0.03
2026-06-07T06:11:13,1,3.85,7844.00,4.34,3765.00,999.00,13.65,1016.30,16.92,0.03
2026-06-07T06:11:13,1,3.85,7844.00,4.34,3765.00,999.00,13.64,1016.00,16.92,0.03
2026-06-07T06:11:13,1,3.87,7922.00,4.38,3803.00,999.00,13.63,1016.10,16.92,0.03
2026-06-07T06:11:14,1,3.85,7922.00,4.38,3803.00,999.00,13.63,1015.80,16.92,0.03
2026-06-07T06:11:14,1,3.87,7922.00,4.38,3803.00,999.00,13.63,1015.90,16.91,0.03
2026-06-07T06:11:14,1,3.87,7922.00,4.38,3803.00,999.00,13.63,1015.90,16.91,0.03
2026-06-07T06:11:14,1,3.86,7922.00,4.38,3803.00,999.00,13.63,1015.80,16.91,0.03
2026-06-07T06:11:14,1,3.88,3849.00,2.03,1848.00,999.00,13.63,1016.10,16.91,0.03
2026-06-07T06:11:15,1,3.87,3849.00,2.03,1848.00,999.00,13.62,1015.90,16.91,0.03
2026-06-07T06:11:15,1,3.88,3849.00,2.03,1848.00,999.00,13.62,1015.60,16.90,0.03
2026-06-07T06:11:15,1,3.85,3849.00,2.03,1848.00,999.00,13.61,1015.90,16.90,0.03
2026-06-07T06:11:15,1,3.86,3849.00,2.03,1848.00,999.00,13.60,1016.00,16.90,0.03
2026-06-07T06:11:15,1,3.86,3080.00,1.60,1479.00,999.00,13.60,1016.00,16.89,0.03
2026-06-07T06:11:16,1,3.86,3080.00,1.60,1479.00,999.00,13.60,1015.70,16.89,0.03
2026-06-07T06:11:16,1,3.87,3080.00,1.60,1479.00,999.00,13.60,1015.50,16.89,0.02
2026-06-07T06:11:16,1,3.85,3080.00,1.60,1479.00,999.00,13.60,1015.80,16.89,0.03
2026-06-07T06:11:16,1,3.87,3067.00,1.60,1472.00,999.00,13.59,1015.80,16.89,0.03
2026-06-07T06:11:16,1,3.87,3067.00,1.60,1472.00,999.00,13.57,1016.30,16.88,0.03
2026-06-07T06:11:17,1,3.87,3067.00,1.60,1472.00,999.00,13.55,1016.10,16.88,0.03
2026-06-07T06:11:17,1,3.86,3067.00,1.60,1472.00,999.00,13.53,1016.00,16.88,0.03
2026-06-07T06:11:17,1,3.88,3067.00,1.60,1472.00,999.00,13.52,1016.00,16.86,0.03
2026-06-07T06:11:17,1,3.88,3286.00,1.72,1578.00,999.00,13.48,1015.60,16.86,0.03
2026-06-07T06:11:17,1,3.86,3286.00,1.72,1578.00,999.00,13.45,1015.70,16.86,0.03
2026-06-07T06:11:18,1,3.86,3286.00,1.72,1578.00,999.00,13.44,1016.00,16.86,0.03
2026-06-07T06:11:18,1,3.85,3286.00,1.72,1578.00,999.00,13.41,1016.40,16.86,0.03
2026-06-07T06:11:18,1,3.86,3286.00,1.72,1578.00,999.00,13.39,1015.70,16.85,0.03
2026-06-07T06:11:18,1,3.88,3341.00,1.75,1604.00,999.00,13.38,1016.00,16.85,0.03
2026-06-07T06:11:19,1,3.87,3341.00,1.75,1604.00,999.00,13.37,1016.20,16.85,0.03
2026-06-07T06:11:19,1,3.87,3341.00,1.75,1604.00,999.00,13.35,1016.10,16.85,0.03
2026-06-07T06:11:19,1,3.86,3341.00,1.75,1604.00,999.00,13.32,1015.80,16.85,0.03
2026-06-07T06:11:19,1,3.86,3298.00,1.72,1583.00,999.00,13.30,1016.10,16.84,0.03
2026-06-07T06:11:19,1,3.88,3298.00,1.72,1583.00,999.00,13.27,1015.60,16.84,0.03
2026-06-07T06:11:20,1,3.86,3298.00,1.72,1583.00,999.00,13.25,1015.90,16.83,0.03
2026-06-07T06:11:20,1,3.86,3298.00,1.72,1583.00,999.00,13.23,1015.80,16.83,0.03
2026-06-07T06:11:20,1,3.85,3298.00,1.72,1583.00,999.00,13.21,1015.80,16.83,0.03
2026-06-07T06:11:20,1,3.89,3353.00,1.75,1609.00,999.00,13.19,1015.80,16.82,0.03
2026-06-07T06:11:20,1,3.88,3353.00,1.75,1609.00,999.00,13.18,1016.00,16.82,0.03
2026-06-07T06:11:21,1,3.86,3353.00,1.75,1609.00,999.00,13.18,1016.20,16.82,0.03
2026-06-07T06:11:21,1,3.86,3353.00,1.75,1609.00,999.00,13.18,1016.20,16.82,0.03
2026-06-07T06:11:21,1,3.85,3353.00,1.75,1609.00,999.00,13.17,1015.90,16.81,0.03
2026-06-07T06:11:21,1,3.86,3270.00,1.71,1570.00,999.00,13.17,1015.90,16.81,0.03
2026-06-07T06:11:21,1,3.86,3270.00,1.71,1570.00,999.00,13.17,1016.20,16.81,0.03
2026-06-07T06:11:22,1,3.86,3270.00,1.71,1570.00,999.00,13.17,1016.50,16.81,0.03
2026-06-07T06:11:22,1,3.87,3270.00,1.71,1570.00,999.00,13.15,1016.00,16.80,0.03
2026-06-07T06:11:22,1,3.87,3270.00,1.71,1570.00,999.00,13.15,1015.80,16.80,0.03
2026-06-07T06:11:22,1,3.86,2535.00,1.31,1217.00,999.00,13.15,1015.50,16.79,0.02
2026-06-07T06:11:22,1,3.88,2535.00,1.31,1217.00,999.00,13.14,1016.40,16.79,0.03
2026-06-07T06:11:23,1,3.86,2535.00,1.31,1217.00,999.00,13.13,1015.90,16.79,0.03
2026-06-07T06:11:23,1,3.86,2535.00,1.31,1217.00,999.00,13.12,1016.20,16.79,0.03
2026-06-07T06:11:23,1,3.86,2535.00,1.31,1217.00,999.00,13.10,1016.00,16.78,0.03
2026-06-07T06:11:23,1,3.86,2296.00,1.18,1102.00,999.00,13.10,1015.90,16.79,0.03
2026-06-07T06:11:23,1,3.87,2296.00,1.18,1102.00,999.00,13.08,1016.20,16.78,0.03
2026-06-07T06:11:24,1,3.87,2296.00,1.18,1102.00,999.00,13.09,1016.00,16.78,0.03
2026-06-07T06:11:24,1,3.88,2296.00,1.18,1102.00,999.00,13.07,1016.10,16.77,0.03
2026-06-07T06:11:24,1,3.87,2265.00,1.16,1087.00,999.00,13.07,1015.60,16.77,0.03
2026-06-07T06:11:24,1,3.88,2265.00,1.16,1087.00,999.00,13.06,1016.20,16.77,0.03
2026-06-07T06:11:24,1,3.88,2265.00,1.16,1087.00,999.00,13.05,1016.10,16.76,0.03
2026-06-07T06:11:25,1,3.86,2265.00,1.16,1087.00,999.00,13.05,1016.10,16.76,0.03
2026-06-07T06:11:25,1,3.87,2265.00,1.16,1087.00,999.00,13.03,1015.60,16.76,0.03
2026-06-07T06:11:25,1,3.86,2269.00,1.16,1089.00,999.00,13.02,1015.40,16.75,0.02
2026-06-07T06:11:25,1,3.88,2269.00,1.16,1089.00,999.00,13.02,1016.00,16.75,0.03
2026-06-07T06:11:26,1,3.86,2269.00,1.16,1089.00,999.00,13.01,1016.20,16.75,0.03
2026-06-07T06:11:26,1,3.88,2269.00,1.16,1089.00,999.00,13.01,1016.00,16.74,0.03
2026-06-07T06:11:26,1,3.87,2269.00,1.16,1089.00,999.00,13.00,1015.50,16.74,0.02
2026-06-07T06:11:26,1,3.88,2269.00,1.16,1089.00,999.00,12.99,1015.90,16.73,0.03
2026-06-07T06:11:26,1,3.88,2269.00,1.16,1089.00,999.00,12.98,1015.90,16.73,0.03
2026-06-07T06:11:27,1,3.88,2269.00,1.16,1089.00,999.00,12.98,1016.20,16.73,0.03
2026-06-07T06:11:27,1,3.85,2269.00,1.16,1089.00,999.00,12.97,1015.90,16.73,0.03
2026-06-07T06:11:27,1,3.86,2269.00,1.16,1089.00,999.00,12.96,1015.80,16.72,0.03
2026-06-07T06:11:27,1,3.86,2294.00,1.17,1101.00,999.00,12.96,1015.90,16.72,0.03
2026-06-07T06:11:27,1,3.88,2294.00,1.17,1101.00,999.00,12.94,1016.00,16.72,0.03
2026-06-07T06:11:28,1,3.87,2294.00,1.17,1101.00,999.00,12.94,1016.10,16.71,0.03
2026-06-07T06:11:28,1,3.85,2294.00,1.17,1101.00,999.00,12.93,1016.00,16.71,0.03
2026-06-07T06:11:28,1,3.85,2294.00,1.17,1101.00,999.00,12.93,1015.70,16.70,0.03
2026-06-07T06:11:28,1,3.88,2209.00,1.13,1061.00,999.00,12.93,1015.90,16.70,0.03
2026-06-07T06:11:28,1,3.88,2209.00,1.13,1061.00,999.00,12.92,1015.90,16.69,0.03
2026-06-07T06:11:29,1,3.86,2209.00,1.13,1061.00,999.00,12.92,1015.80,16.69,0.03
2026-06-07T06:11:29,1,3.85,2209.00,1.13,1061.00,999.00,12.92,1016.10,16.69,0.03
2026-06-07T06:11:29,1,3.85,2213.00,1.13,1062.00,999.00,12.91,1015.70,16.69,0.03
2026-06-07T06:11:29,1,3.86,2213.00,1.13,1062.00,999.00,12.91,1015.40,16.68,0.02
2026-06-07T06:11:29,1,3.87,2213.00,1.13,1062.00,999.00,12.90,1015.30,16.68,0.02
2026-06-07T06:11:30,1,3.85,2213.00,1.13,1062.00,999.00,12.90,1015.90,16.66,0.03
2026-06-07T06:11:30,1,3.85,2213.00,1.13,1062.00,999.00,12.89,1016.20,16.67,0.03
2026-06-07T06:11:30,1,3.88,2219.00,1.13,1065.00,999.00,12.88,1015.80,16.65,0.03
2026-06-07T06:11:30,1,3.88,2219.00,1.13,1065.00,999.00,12.88,1015.90,16.66,0.03
2026-06-07T06:11:31,1,3.85,2219.00,1.13,1065.00,999.00,12.87,1015.90,16.66,0.03
2026-06-07T06:11:31,1,3.85,2219.00,1.13,1065.00,999.00,12.86,1015.80,16.66,0.03
2026-06-07T06:11:31,1,3.85,2219.00,1.13,1065.00,999.00,12.85,1015.80,16.65,0.03
2026-06-07T06:11:31,1,3.87,2197.00,1.12,1055.00,999.00,12.84,1015.90,16.65,0.03
2026-06-07T06:11:31,1,3.87,2197.00,1.12,1055.00,999.00,12.84,1015.90,16.65,0.03
2026-06-07T06:11:32,1,3.87,2197.00,1.12,1055.00,999.00,12.84,1015.80,16.64,0.03
2026-06-07T06:11:32,1,3.86,2197.00,1.12,1055.00,999.00,12.83,1016.00,16.64,0.03
2026-06-07T06:11:32,1,3.87,2223.00,1.14,1067.00,999.00,12.83,1016.20,16.64,0.03
2026-06-07T06:11:32,1,3.88,2223.00,1.14,1067.00,999.00,12.82,1015.80,16.63,0.03
2026-06-07T06:11:32,1,3.88,2223.00,1.14,1067.00,999.00,12.81,1015.80,16.63,0.03
2026-06-07T06:11:33,1,3.88,2223.00,1.14,1067.00,999.00,12.80,1016.00,16.63,0.03
2026-06-07T06:11:33,1,3.86,2223.00,1.14,1067.00,999.00,12.80,1015.60,16.62,0.03
2026-06-07T06:11:33,1,3.88,2227.00,1.14,1069.00,999.00,12.79,1015.70,16.62,0.03
2026-06-07T06:11:33,1,3.86,2227.00,1.14,1069.00,999.00,12.78,1016.00,16.62,0.03
2026-06-07T06:11:33,1,3.88,2227.00,1.14,1069.00,999.00,12.78,1016.10,16.62,0.03
2026-06-07T06:11:34,1,3.85,2227.00,1.14,1069.00,999.00,12.78,1015.70,16.61,0.03
2026-06-07T06:11:34,1,3.85,2227.00,1.14,1069.00,999.00,12.77,1015.50,16.61,0.02
2026-06-07T06:11:34,1,3.86,2222.00,1.14,1067.00,999.00,12.76,1015.80,16.59,0.03
2026-06-07T06:11:34,1,3.86,2222.00,1.14,1067.00,999.00,12.76,1016.00,16.59,0.03
2026-06-07T06:11:34,1,3.88,2222.00,1.14,1067.00,999.00,12.76,1015.80,16.58,0.03
2026-06-07T06:11:35,1,3.85,2222.00,1.14,1067.00,999.00,12.75,1015.80,16.58,0.03
2026-06-07T06:11:35,1,3.86,2222.00,1.14,1067.00,999.00,12.74,1015.60,16.58,0.03
2026-06-07T06:11:35,1,3.88,2311.00,1.18,1110.00,999.00,12.74,1015.50,16.58,0.02
2026-06-07T06:11:35,1,3.88,2311.00,1.18,1110.00,999.00,12.74,1015.50,16.57,0.02
2026-06-07T06:11:35,1,3.87,2311.00,1.18,1110.00,999.00,12.73,1015.90,16.57,0.03
2026-06-07T06:11:36,1,3.87,2311.00,1.18,1110.00,999.00,12.72,1015.80,16.56,0.03
2026-06-07T06:11:36,1,3.85,2311.00,1.18,1110.00,999.00,12.72,1015.70,16.56,0.03
2026-06-07T06:11:36,1,3.88,2218.00,1.13,1065.00,999.00,12.71,1015.70,16.56,0.03
2026-06-07T06:11:36,1,3.86,2218.00,1.13,1065.00,999.00,12.71,1015.90,16.56,0.03
2026-06-07T06:11:36,1,3.88,2218.00,1.13,1065.00,999.00,12.71,1015.60,16.56,0.03
2026-06-07T06:11:37,1,3.88,2218.00,1.13,1065.00,999.00,12.71,1015.90,16.55,0.03
2026-06-07T06:11:37,1,3.87,2219.00,1.13,1065.00,999.00,12.71,1015.80,16.55,0.03
2026-06-07T06:11:37,1,3.86,2219.00,1.13,1065.00,999.00,12.71,1015.70,16.54,0.03
2026-06-07T06:11:37,1,3.85,2219.00,1.13,1065.00,999.00,12.71,1016.00,16.54,0.03
2026-06-07T06:11:38,1,3.86,2219.00,1.13,1065.00,999.00,12.71,1015.80,16.54,0.03
2026-06-07T06:11:38,1,3.88,2219.00,1.13,1065.00,999.00,12.71,1015.90,16.54,0.03
2026-06-07T06:11:38,1,3.87,2223.00,1.14,1067.00,999.00,12.71,1015.60,16.53,0.03
2026-06-07T06:11:38,1,3.87,2223.00,1.14,1067.00,999.00,12.71,1016.00,16.53,0.03
2026-06-07T06:11:38,1,3.88,2223.00,1.14,1067.00,999.00,12.71,1015.80,16.53,0.03
2026-06-07T06:11:39,1,3.86,2223.00,1.14,1067.00,999.00,12.71,1015.50,16.52,0.02
2026-06-07T06:11:39,1,3.87,2223.00,1.14,1067.00,999.00,12.71,1015.80,16.52,0.03
2026-06-07T06:11:39,1,3.88,2211.00,1.13,1061.00,999.00,12.71,1015.50,16.52,0.02
2026-06-07T06:11:39,1,3.88,2211.00,1.13,1061.00,999.00,12.71,1015.90,16.51,0.03
2026-06-07T06:11:39,1,3.86,2211.00,1.13,1061.00,999.00,12.71,1015.90,16.51,0.03
2026-06-07T06:11:40,1,3.85,2211.00,1.13,1061.00,999.00,12.71,1015.50,16.51,0.02
2026-06-07T06:11:40,1,3.86,2211.00,1.13,1061.00,999.00,12.70,1016.10,16.51,0.03
2026-06-07T06:11:40,1,3.85,2369.00,1.22,1138.00,999.00,12.71,1015.80,16.51,0.03
2026-06-07T06:11:40,1,3.86,2369.00,1.22,1138.00,999.00,12.70,1015.70,16.50,0.03
2026-06-07T06:11:40,1,3.86,2369.00,1.22,1138.00,999.00,12.70,1015.90,16.49,0.03
2026-06-07T06:11:41,1,3.87,2369.00,1.22,1138.00,999.00,12.69,1015.80,16.50,0.03
2026-06-07T06:11:41,1,3.87,2369.00,1.22,1138.00,999.00,12.69,1015.50,16.49,0.02
2026-06-07T06:11:41,1,3.88,2294.00,1.18,1101.00,999.00,12.69,1015.90,16.49,0.03
2026-06-07T06:11:41,1,3.87,2294.00,1.18,1101.00,999.00,12.69,1015.60,16.49,0.03
2026-06-07T06:11:41,1,3.86,2294.00,1.18,1101.00,999.00,12.69,1015.70,16.49,0.03
2026-06-07T06:11:42,1,3.86,2294.00,1.18,1101.00,999.00,12.69,1015.80,16.48,0.03
2026-06-07T06:11:42,1,3.86,2294.00,1.18,1101.00,999.00,12.69,1015.80,16.48,0.03
2026-06-07T06:11:42,1,3.88,2270.00,1.16,1090.00,999.00,12.69,1015.60,16.47,0.03
2026-06-07T06:11:42,1,3.86,2270.00,1.16,1090.00,999.00,12.69,1016.10,16.47,0.03
2026-06-07T06:11:42,1,3.87,2270.00,1.16,1090.00,999.00,12.69,1015.50,16.47,0.02
2026-06-07T06:11:43,1,3.87,2270.00,1.16,1090.00,999.00,12.69,1015.80,16.47,0.03
2026-06-07T06:11:43,1,3.87,2181.00,1.11,1047.00,999.00,12.69,1015.50,16.47,0.02
2026-06-07T06:11:43,1,3.88,2181.00,1.11,1047.00,999.00,12.69,1015.70,16.45,0.03
2026-06-07T06:11:43,1,3.87,2181.00,1.11,1047.00,999.00,12.69,1016.00,16.46,0.03
2026-06-07T06:11:44,1,3.87,2181.00,1.11,1047.00,999.00,12.69,1016.10,16.45,0.03
2026-06-07T06:11:44,1,3.86,2181.00,1.11,1047.00,999.00,12.69,1015.90,16.46,0.03
2026-06-07T06:11:44,1,3.86,2200.00,1.12,1056.00,999.00,12.70,1015.80,16.45,0.03
2026-06-07T06:11:44,1,3.86,2200.00,1.12,1056.00,999.00,12.70,1015.60,16.45,0.03
2026-06-07T06:11:44,1,3.88,2200.00,1.12,1056.00,999.00,12.70,1015.60,16.45,0.03
2026-06-07T06:11:45,1,3.87,2200.00,1.12,1056.00,999.00,12.70,1015.80,16.44,0.03
2026-06-07T06:11:45,1,3.88,2331.00,1.19,1119.00,999.00,12.71,1015.40,16.44,0.02
2026-06-07T06:11:45,1,3.88,2331.00,1.19,1119.00,999.00,12.71,1015.60,16.44,0.03
2026-06-07T06:11:45,1,3.88,2331.00,1.19,1119.00,999.00,12.71,1015.70,16.44,0.03
2026-06-07T06:11:45,1,3.85,2331.00,1.19,1119.00,999.00,12.71,1016.20,16.43,0.03
2026-06-07T06:11:46,1,3.87,2331.00,1.19,1119.00,999.00,12.71,1015.90,16.44,0.03
2026-06-07T06:11:46,1,3.86,2196.00,1.12,1054.00,999.00,12.71,1015.50,16.43,0.02
2026-06-07T06:11:46,1,3.88,2196.00,1.12,1054.00,999.00,12.72,1015.80,16.43,0.03
2026-06-07T06:11:46,1,3.86,2196.00,1.12,1054.00,999.00,12.71,1015.80,16.43,0.03
2026-06-07T06:11:46,1,3.86,2196.00,1.12,1054.00,999.00,12.72,1015.40,16.43,0.02
2026-06-07T06:11:47,1,3.86,2196.00,1.12,1054.00,999.00,12.72,1015.70,16.43,0.03
2026-06-07T06:11:47,1,3.86,2245.00,1.15,1078.00,999.00,12.72,1015.60,16.42,0.03
2026-06-07T06:11:47,1,3.88,2245.00,1.15,1078.00,999.00,12.72,1015.50,16.42,0.02
2026-06-07T06:11:47,1,3.86,2245.00,1.15,1078.00,999.00,12.72,1015.50,16.42,0.02
2026-06-07T06:11:47,1,3.88,2245.00,1.15,1078.00,999.00,12.72,1015.30,16.42,0.02
2026-06-07T06:11:48,1,3.86,2245.00,1.15,1078.00,999.00,12.72,1015.90,16.41,0.03
2026-06-07T06:11:48,1,3.88,2437.00,1.25,1170.00,999.00,12.72,1016.00,16.41,0.03
2026-06-07T06:11:48,1,3.86,2437.00,1.25,1170.00,999.00,12.72,1015.40,16.41,0.02
2026-06-07T06:11:48,1,3.86,2437.00,1.25,1170.00,999.00,12.72,1015.30,16.41,0.02
2026-06-07T06:11:48,1,3.88,2437.00,1.25,1170.00,999.00,12.72,1015.70,16.40,0.03
2026-06-07T06:11:49,1,3.88,2437.00,1.25,1170.00,999.00,12.71,1015.20,16.40,0.02
2026-06-07T06:11:49,1,3.88,2554.00,1.32,1226.00,999.00,12.70,1015.50,16.40,0.02
2026-06-07T06:11:49,1,3.88,2554.00,1.32,1226.00,999.00,12.70,1015.70,16.40,0.03
2026-06-07T06:11:49,1,3.85,2554.00,1.32,1226.00,999.00,12.69,1015.70,16.40,0.03
2026-06-07T06:11:50,1,3.85,2554.00,1.32,1226.00,999.00,12.68,1015.60,16.39,0.03
2026-06-07T06:11:50,1,3.86,2554.00,1.32,1226.00,999.00,12.68,1015.50,16.39,0.02
2026-06-07T06:11:50,1,3.87,2330.00,1.19,1119.00,999.00,12.69,1015.20,16.39,0.02
2026-06-07T06:11:50,1,3.88,2330.00,1.19,1119.00,999.00,12.68,1015.10,16.38,0.02
2026-06-07T06:11:50,1,3.88,2330.00,1.19,1119.00,999.00,12.67,1015.40,16.38,0.02
2026-06-07T06:11:51,1,3.85,2330.00,1.19,1119.00,999.00,12.67,1015.20,16.38,0.02
2026-06-07T06:11:51,1,3.88,2278.00,1.17,1093.00,999.00,12.67,1015.20,16.38,0.02
2026-06-07T06:11:51,1,3.88,2278.00,1.17,1093.00,999.00,12.67,1015.60,16.37,0.03
2026-06-07T06:11:51,1,3.86,2278.00,1.17,1093.00,999.00,12.67,1015.60,16.37,0.03
2026-06-07T06:11:51,1,3.85,2278.00,1.17,1093.00,999.00,12.67,1015.40,16.37,0.02
2026-06-07T06:11:52,1,3.87,2278.00,1.17,1093.00,999.00,12.66,1015.40,16.37,0.02
2026-06-07T06:11:52,1,3.88,2402.00,1.23,1153.00,999.00,12.66,1015.60,16.37,0.03
2026-06-07T06:11:52,1,3.88,2402.00,1.23,1153.00,999.00,12.66,1015.40,16.36,0.02
2026-06-07T06:11:52,1,3.88,2402.00,1.23,1153.00,999.00,12.66,1015.40,16.36,0.02
2026-06-07T06:11:52,1,3.87,2402.00,1.23,1153.00,999.00,12.65,1015.20,16.36,0.02
2026-06-07T06:11:53,1,3.87,2402.00,1.23,1153.00,999.00,12.64,1015.30,16.36,0.02
2026-06-07T06:11:53,1,3.89,2374.00,1.22,1140.00,999.00,12.63,1015.50,16.36,0.02
2026-06-07T06:11:53,1,3.87,2374.00,1.22,1140.00,999.00,12.62,1015.60,16.35,0.03
2026-06-07T06:11:53,1,3.86,2374.00,1.22,1140.00,999.00,12.61,1015.60,16.35,0.03
2026-06-07T06:11:53,1,3.87,2374.00,1.22,1140.00,999.00,12.61,1015.80,16.35,0.03
2026-06-07T06:11:54,1,3.87,2374.00,1.22,1140.00,999.00,12.60,1015.40,16.34,0.02
2026-06-07T06:11:54,1,3.88,2436.00,1.25,1169.00,999.00,12.59,1015.40,16.34,0.02
2026-06-07T06:11:54,1,3.86,2436.00,1.25,1169.00,999.00,12.59,1015.40,16.34,0.02
2026-06-07T06:11:54,1,3.86,2436.00,1.25,1169.00,999.00,12.57,1015.20,16.34,0.02
2026-06-07T06:11:54,1,3.84,2436.00,1.25,1169.00,999.00,12.57,1015.60,16.33,0.03
2026-06-07T06:11:55,1,3.85,2501.00,1.29,1201.00,999.00,12.55,1015.60,16.31,0.03
2026-06-07T06:11:55,1,3.88,2501.00,1.29,1201.00,999.00,12.55,1015.40,16.32,0.02
2026-06-07T06:11:55,1,3.86,2501.00,1.29,1201.00,999.00,12.54,1015.40,16.32,0.02
2026-06-07T06:11:55,1,3.84,2501.00,1.29,1201.00,999.00,12.53,1015.60,16.32,0.03
2026-06-07T06:11:56,1,3.86,2501.00,1.29,1201.00,999.00,12.53,1015.70,16.32,0.03
2026-06-07T06:11:56,1,3.88,2317.00,1.19,1112.00,999.00,12.53,1015.50,16.31,0.02
2026-06-07T06:11:56,1,3.88,2317.00,1.19,1112.00,999.00,12.52,1015.70,16.31,0.03
2026-06-07T06:11:56,1,3.88,2317.00,1.19,1112.00,999.00,12.52,1015.50,16.29,0.02
2026-06-07T06:11:56,1,3.86,2317.00,1.19,1112.00,999.00,12.51,1015.20,16.29,0.02
2026-06-07T06:11:57,1,3.85,2317.00,1.19,1112.00,999.00,12.52,1015.40,16.29,0.02
2026-06-07T06:11:57,1,3.85,2313.00,1.19,1111.00,999.00,12.51,1015.70,16.29,0.03
2026-06-07T06:11:57,1,3.87,2313.00,1.19,1111.00,999.00,12.51,1015.70,16.29,0.03
2026-06-07T06:11:57,1,3.89,2313.00,1.19,1111.00,999.00,12.52,1015.60,16.28,0.03
2026-06-07T06:11:57,1,3.85,2313.00,1.19,1111.00,999.00,12.52,1015.60,16.28,0.03
2026-06-07T06:11:58,1,3.87,2313.00,1.19,1111.00,999.00,12.53,1015.20,16.28,0.02
2026-06-07T06:11:58,1,3.88,2285.00,1.17,1097.00,999.00,12.53,1015.90,16.28,0.03
2026-06-07T06:11:58,1,3.88,2285.00,1.17,1097.00,999.00,12.53,1015.30,16.27,0.02
2026-06-07T06:11:58,1,3.88,2285.00,1.17,1097.00,999.00,12.53,1015.40,16.27,0.02
2026-06-07T06:11:58,1,3.87,2285.00,1.17,1097.00,999.00,12.53,1015.40,16.27,0.02
2026-06-07T06:11:59,1,3.85,2228.00,1.14,1070.00,999.00,12.54,1015.50,16.26,0.02
2026-06-07T06:11:59,1,3.86,2228.00,1.14,1070.00,999.00,12.55,1015.10,16.26,0.02
2026-06-07T06:11:59,1,3.87,2228.00,1.14,1070.00,999.00,12.55,1015.30,16.26,0.02
2026-06-07T06:11:59,1,3.85,2228.00,1.14,1070.00,999.00,12.56,1015.20,16.26,0.02
2026-06-07T06:11:59,1,3.86,2228.00,1.14,1070.00,999.00,12.57,1015.40,16.26,0.02
2026-06-07T06:12:00,1,3.86,2503.00,1.29,1202.00,999.00,12.57,1015.70,16.25,0.03
2026-06-07T06:12:00,1,3.85,2503.00,1.29,1202.00,999.00,12.58,1015.30,16.25,0.02
2026-06-07T06:12:00,1,3.86,2503.00,1.29,1202.00,999.00,12.59,1015.70,16.25,0.03
2026-06-07T06:12:00,1,3.86,2503.00,1.29,1202.00,999.00,12.59,1015.10,16.24,0.02
2026-06-07T06:12:00,1,3.85,2503.00,1.29,1202.00,999.00,12.59,1015.70,16.24,0.03
2026-06-07T06:12:01,1,3.86,2326.00,1.19,1117.00,999.00,12.60,1015.30,16.24,0.02
2026-06-07T06:12:01,1,3.84,2326.00,1.19,1117.00,999.00,12.60,1015.90,16.24,0.03
2026-06-07T06:12:01,1,3.88,2326.00,1.19,1117.00,999.00,12.60,1015.00,16.24,0.02
2026-06-07T06:12:01,1,3.86,2326.00,1.19,1117.00,999.00,12.60,1015.40,16.23,0.02
2026-06-07T06:12:02,1,3.87,2326.00,1.19,1117.00,999.00,12.60,1014.90,16.23,0.02
2026-06-07T06:12:02,1,3.88,2288.00,1.17,1099.00,999.00,12.61,1015.10,16.22,0.02
2026-06-07T06:12:02,1,3.87,2288.00,1.17,1099.00,999.00,12.61,1015.40,16.22,0.02
2026-06-07T06:12:02,1,3.85,2288.00,1.17,1099.00,999.00,12.61,1015.40,16.22,0.02
2026-06-07T06:12:02,1,3.88,2288.00,1.17,1099.00,999.00,12.61,1015.40,16.21,0.02
2026-06-07T06:12:03,1,3.85,2288.00,1.17,1099.00,999.00,12.61,1015.30,16.21,0.02
2026-06-07T06:12:03,1,3.86,2305.00,1.18,1107.00,999.00,12.61,1015.00,16.21,0.02
2026-06-07T06:12:03,1,3.86,2305.00,1.18,1107.00,999.00,12.62,1015.20,16.21,0.02
2026-06-07T06:12:03,1,3.85,2305.00,1.18,1107.00,999.00,12.62,1015.20,16.21,0.02
2026-06-07T06:12:03,1,3.86,2305.00,1.18,1107.00,999.00,12.63,1015.50,16.21,0.02
2026-06-07T06:12:04,1,3.87,2339.00,1.20,1123.00,999.00,12.64,1015.50,16.20,0.02
2026-06-07T06:12:04,1,3.86,2339.00,1.20,1123.00,999.00,12.64,1015.20,16.20,0.02
2026-06-07T06:12:04,1,3.88,2339.00,1.20,1123.00,999.00,12.65,1015.00,16.20,0.02
2026-06-07T06:12:04,1,3.85,2339.00,1.20,1123.00,999.00,12.66,1015.30,16.20,0.02
2026-06-07T06:12:04,1,3.86,2339.00,1.20,1123.00,999.00,12.66,1015.40,16.20,0.02
2026-06-07T06:12:05,1,3.87,2366.00,1.21,1136.00,999.00,12.67,1015.40,16.18,0.02
2026-06-07T06:12:05,1,3.88,2366.00,1.21,1136.00,999.00,12.68,1015.40,16.18,0.02
2026-06-07T06:12:05,1,3.88,2366.00,1.21,1136.00,999.00,12.69,1015.50,16.18,0.02
2026-06-07T06:12:05,1,3.85,2366.00,1.21,1136.00,999.00,12.69,1014.90,16.18,0.02
2026-06-07T06:12:05,1,3.87,2366.00,1.21,1136.00,999.00,12.70,1014.80,16.18,0.02
2026-06-07T06:12:06,1,3.87,2329.00,1.19,1118.00,999.00,12.70,1015.20,16.18,0.02
2026-06-07T06:12:06,1,3.88,2329.00,1.19,1118.00,999.00,12.70,1015.20,16.17,0.02
2026-06-07T06:12:06,1,3.88,2329.00,1.19,1118.00,999.00,12.71,1015.00,16.18,0.02
2026-06-07T06:12:06,1,3.85,2329.00,1.19,1118.00,999.00,12.72,1015.40,16.17,0.02
2026-06-07T06:12:06,1,3.86,2329.00,1.19,1118.00,999.00,12.72,1015.20,16.17,0.02
2026-06-07T06:12:07,1,3.85,2330.00,1.19,1119.00,999.00,12.73,1015.40,16.17,0.02
2026-06-07T06:12:07,1,3.84,2330.00,1.19,1119.00,999.00,12.73,1015.10,16.17,0.02
2026-06-07T06:12:07,1,3.88,2330.00,1.19,1119.00,999.00,12.74,1015.30,16.17,0.02
2026-06-07T06:12:07,1,3.85,2330.00,1.19,1119.00,999.00,12.74,1015.00,16.15,0.02
2026-06-07T06:12:08,1,3.85,2304.00,1.18,1106.00,999.00,12.75,1015.10,16.16,0.02
2026-06-07T06:12:08,1,3.88,2304.00,1.18,1106.00,999.00,12.75,1015.40,16.16,0.02
2026-06-07T06:12:08,1,3.85,2304.00,1.18,1106.00,999.00,12.75,1015.10,16.16,0.02
2026-06-07T06:12:08,1,3.86,2304.00,1.18,1106.00,999.00,12.76,1015.30,16.15,0.02
2026-06-07T06:12:08,1,3.87,2304.00,1.18,1106.00,999.00,12.76,1015.30,16.16,0.02
2026-06-07T06:12:09,1,3.86,2268.00,1.16,1089.00,999.00,12.76,1015.10,16.16,0.02
2026-06-07T06:12:09,1,3.88,2268.00,1.16,1089.00,999.00,12.76,1015.20,16.15,0.02
2026-06-07T06:12:09,1,3.86,2268.00,1.16,1089.00,999.00,12.78,1015.40,16.14,0.02
2026-06-07T06:12:09,1,3.86,2268.00,1.16,1089.00,999.00,12.80,1015.40,16.15,0.02
2026-06-07T06:12:09,1,3.86,2268.00,1.16,1089.00,999.00,12.80,1015.10,16.15,0.02
2026-06-07T06:12:10,1,3.86,2559.00,1.32,1229.00,999.00,12.80,1015.20,16.14,0.02
2026-06-07T06:12:10,1,3.88,2559.00,1.32,1229.00,999.00,12.81,1015.30,16.14,0.02
2026-06-07T06:12:10,1,3.88,2559.00,1.32,1229.00,999.00,12.82,1015.60,16.14,0.03
2026-06-07T06:12:10,1,3.87,2559.00,1.32,1229.00,999.00,12.82,1015.10,16.14,0.02
2026-06-07T06:12:10,1,3.88,2559.00,1.32,1229.00,999.00,12.83,1015.40,16.14,0.02
2026-06-07T06:12:11,1,3.88,2281.00,1.17,1095.00,999.00,12.84,1015.30,16.14,0.02
2026-06-07T06:12:11,1,3.86,2281.00,1.17,1095.00,999.00,12.84,1015.60,16.14,0.03
2026-06-07T06:12:11,1,3.88,2281.00,1.17,1095.00,999.00,12.84,1015.50,16.14,0.02
2026-06-07T06:12:11,1,3.87,2281.00,1.17,1095.00,999.00,12.84,1015.10,16.13,0.02
2026-06-07T06:12:11,1,3.88,2219.00,1.13,1065.00,999.00,12.85,1015.40,16.13,0.02
2026-06-07T06:12:12,1,3.88,2219.00,1.13,1065.00,999.00,12.86,1015.10,16.13,0.02
2026-06-07T06:12:12,1,3.88,2219.00,1.13,1065.00,999.00,12.87,1015.70,16.13,0.03
2026-06-07T06:12:12,1,3.87,2219.00,1.13,1065.00,999.00,12.87,1015.60,16.13,0.03
2026-06-07T06:12:12,1,3.88,2219.00,1.13,1065.00,999.00,12.87,1015.30,16.13,0.02
2026-06-07T06:12:12,1,3.85,2366.00,1.21,1136.00,999.00,12.87,1015.50,16.13,0.02
2026-06-07T06:12:13,1,3.88,2366.00,1.21,1136.00,999.00,12.89,1015.10,16.12,0.02
2026-06-07T06:12:13,1,3.88,2366.00,1.21,1136.00,999.00,12.88,1015.10,16.12,0.02
2026-06-07T06:12:13,1,3.86,2366.00,1.21,1136.00,999.00,12.89,1015.20,16.12,0.02
2026-06-07T06:12:13,1,3.88,2366.00,1.21,1136.00,999.00,12.89,1015.20,16.12,0.02
2026-06-07T06:12:14,1,3.85,2261.00,1.16,1086.00,999.00,12.89,1014.90,16.12,0.02
2026-06-07T06:12:14,1,3.87,2261.00,1.16,1086.00,999.00,12.90,1015.40,16.12,0.02
2026-06-07T06:12:14,1,3.86,2261.00,1.16,1086.00,999.00,12.90,1015.30,16.11,0.02
2026-06-07T06:12:14,1,3.87,2261.00,1.16,1086.00,999.00,12.90,1015.10,16.11,0.02
2026-06-07T06:12:14,1,3.85,2261.00,1.16,1086.00,999.00,12.91,1015.00,16.11,0.02
2026-06-07T06:12:15,1,3.87,2269.00,1.16,1090.00,999.00,12.92,1015.30,16.11,0.02
2026-06-07T06:12:15,1,3.86,2269.00,1.16,1090.00,999.00,12.92,1015.20,16.11,0.02
2026-06-07T06:12:15,1,3.88,2269.00,1.16,1090.00,999.00,12.92,1015.20,16.11,0.02
2026-06-07T06:12:15,1,3.85,2269.00,1.16,1090.00,999.00,12.92,1014.70,16.11,0.02
2026-06-07T06:12:15,1,3.88,2269.00,1.16,1090.00,999.00,12.92,1014.90,16.10,0.02
2026-06-07T06:12:16,1,3.88,2365.00,1.21,1135.00,999.00,12.92,1015.00,16.10,0.02
2026-06-07T06:12:16,1,3.88,2365.00,1.21,1135.00,999.00,12.92,1015.10,16.10,0.02
2026-06-07T06:12:16,1,3.88,2365.00,1.21,1135.00,999.00,12.92,1015.50,16.10,0.02
2026-06-07T06:12:16,1,3.87,2365.00,1.21,1135.00,999.00,12.92,1015.10,16.10,0.02
2026-06-07T06:12:16,1,3.87,2317.00,1.19,1113.00,999.00,12.92,1015.40,16.10,0.02
2026-06-07T06:12:17,1,3.87,2317.00,1.19,1113.00,999.00,12.92,1015.20,16.10,0.02
2026-06-07T06:12:17,1,3.82,2317.00,1.19,1113.00,999.00,12.92,1015.60,16.09,0.03
2026-06-07T06:12:17,1,3.88,2317.00,1.19,1113.00,999.00,12.92,1015.10,16.09,0.02
2026-06-07T06:12:17,1,3.86,2317.00,1.19,1113.00,999.00,12.92,1015.60,16.09,0.03
2026-06-07T06:12:17,1,3.88,2350.00,1.21,1128.00,999.00,12.92,1015.60,16.09,0.03
2026-06-07T06:12:18,1,3.88,2350.00,1.21,1128.00,999.00,12.92,1015.30,16.09,0.02
2026-06-07T06:12:18,1,3.86,2350.00,1.21,1128.00,999.00,12.93,1015.10,16.09,0.02
2026-06-07T06:12:18,1,3.88,2350.00,1.21,1128.00,999.00,12.93,1015.10,16.09,0.02
2026-06-07T06:12:18,1,3.85,2350.00,1.21,1128.00,999.00,12.93,1015.00,16.09,0.02
2026-06-07T06:12:18,1,3.87,2392.00,1.23,1149.00,999.00,12.93,1015.00,16.09,0.02
2026-06-07T06:12:19,1,3.86,2392.00,1.23,1149.00,999.00,12.94,1015.30,16.08,0.02
2026-06-07T06:12:19,1,3.86,2392.00,1.23,1149.00,999.00,12.94,1015.20,16.08,0.02
2026-06-07T06:12:19,1,3.87,2392.00,1.23,1149.00,999.00,12.95,1015.20,16.08,0.02
2026-06-07T06:12:19,1,3.85,2392.00,1.23,1149.00,999.00,12.95,1014.70,16.08,0.02
2026-06-07T06:12:19,1,3.88,2342.00,1.20,1125.00,999.00,12.96,1015.30,16.08,0.02
2026-06-07T06:12:20,1,3.88,2342.00,1.20,1125.00,999.00,12.97,1015.20,16.06,0.02
2026-06-07T06:12:20,1,3.88,2342.00,1.20,1125.00,999.00,12.97,1015.00,16.07,0.02
2026-06-07T06:12:20,1,3.88,2342.00,1.20,1125.00,999.00,12.97,1015.20,16.07,0.02
2026-06-07T06:12:20,1,3.85,2361.00,1.21,1134.00,999.00,12.97,1015.30,16.07,0.02
2026-06-07T06:12:21,1,3.86,2361.00,1.21,1134.00,999.00,12.98,1015.50,16.07,0.02
2026-06-07T06:12:21,1,3.86,2361.00,1.21,1134.00,999.00,12.98,1015.80,16.07,0.03
2026-06-07T06:12:21,1,3.87,2361.00,1.21,1134.00,999.00,12.98,1015.30,16.07,0.02
2026-06-07T06:12:21,1,3.85,2361.00,1.21,1134.00,999.00,12.98,1015.30,16.06,0.02
2026-06-07T06:12:21,1,3.86,2304.00,1.18,1106.00,999.00,12.98,1015.20,16.06,0.02
2026-06-07T06:12:22,1,3.86,2304.00,1.18,1106.00,999.00,12.99,1015.40,16.06,0.02
2026-06-07T06:12:22,1,3.86,2304.00,1.18,1106.00,999.00,12.99,1015.50,16.06,0.02
2026-06-07T06:12:22,1,3.85,2304.00,1.18,1106.00,999.00,12.98,1015.70,16.04,0.03
2026-06-07T06:12:22,1,3.87,2304.00,1.18,1106.00,999.00,12.98,1015.60,16.05,0.03
2026-06-07T06:12:22,1,3.88,2397.00,1.23,1151.00,999.00,12.99,1015.40,16.05,0.02
2026-06-07T06:12:23,1,3.88,2397.00,1.23,1151.00,999.00,12.99,1015.10,16.05,0.02
2026-06-07T06:12:23,1,3.87,2397.00,1.23,1151.00,999.00,12.99,1015.40,16.05,0.02
2026-06-07T06:12:23,1,3.85,2397.00,1.23,1151.00,999.00,12.99,1015.10,16.05,0.02
2026-06-07T06:12:23,1,3.87,2397.00,1.23,1151.00,999.00,12.99,1015.30,16.05,0.02
2026-06-07T06:12:23,1,3.88,2412.00,1.24,1158.00,999.00,13.00,1015.40,16.05,0.02
2026-06-07T06:12:24,1,3.88,2412.00,1.24,1158.00,999.00,13.01,1015.20,16.04,0.02
2026-06-07T06:12:24,1,3.88,2412.00,1.24,1158.00,999.00,13.02,1015.40,16.04,0.02
2026-06-07T06:12:24,1,3.87,2412.00,1.24,1158.00,999.00,13.03,1015.60,16.04,0.03
2026-06-07T06:12:24,1,3.85,2641.00,1.36,1268.00,999.00,13.04,1015.50,16.04,0.02
2026-06-07T06:12:24,1,3.88,2641.00,1.36,1268.00,999.00,13.06,1015.30,16.04,0.02
2026-06-07T06:12:25,1,3.86,2641.00,1.36,1268.00,999.00,13.07,1015.30,16.04,0.02
2026-06-07T06:12:25,1,3.87,2641.00,1.36,1268.00,999.00,13.07,1015.30,16.03,0.02
2026-06-07T06:12:25,1,3.86,2641.00,1.36,1268.00,999.00,13.09,1015.60,16.03,0.03
2026-06-07T06:12:25,1,3.85,3027.00,1.57,1453.00,999.00,13.10,1015.00,16.03,0.02
2026-06-07T06:12:26,1,3.86,3027.00,1.57,1453.00,999.00,13.12,1015.10,16.03,0.02
2026-06-07T06:12:26,1,3.87,3027.00,1.57,1453.00,999.00,13.13,1015.30,16.02,0.02
2026-06-07T06:12:26,1,3.85,3027.00,1.57,1453.00,999.00,13.15,1015.50,16.03,0.02
2026-06-07T06:12:26,1,3.88,3027.00,1.57,1453.00,999.00,13.15,1015.40,16.03,0.02
2026-06-07T06:12:26,1,3.86,2609.00,1.35,1253.00,999.00,13.17,1015.70,16.02,0.03
2026-06-07T06:12:27,1,3.85,2609.00,1.35,1253.00,999.00,13.18,1015.70,16.02,0.03
2026-06-07T06:12:27,1,3.86,2609.00,1.35,1253.00,999.00,13.19,1015.60,16.02,0.03
2026-06-07T06:12:27,1,3.88,2609.00,1.35,1253.00,999.00,13.20,1015.60,16.02,0.03
2026-06-07T06:12:27,1,3.85,2609.00,1.35,1253.00,999.00,13.20,1015.50,16.02,0.02
2026-06-07T06:12:27,1,3.85,2702.00,1.40,1297.00,999.00,13.22,1015.80,16.02,0.03
2026-06-07T06:12:28,1,3.88,2702.00,1.40,1297.00,999.00,13.22,1015.40,16.02,0.02
2026-06-07T06:12:28,1,3.87,2702.00,1.40,1297.00,999.00,13.23,1015.50,16.02,0.02
2026-06-07T06:12:28,1,3.86,2702.00,1.40,1297.00,999.00,13.24,1015.70,16.02,0.03
2026-06-07T06:12:28,1,3.87,2702.00,1.40,1297.00,999.00,13.25,1015.20,16.02,0.02
2026-06-07T06:12:28,1,3.87,3620.00,1.90,1738.00,999.00,13.26,1015.80,16.01,0.03
2026-06-07T06:12:29,1,3.86,3620.00,1.90,1738.00,999.00,13.28,1015.40,16.01,0.02
2026-06-07T06:12:29,1,3.88,3620.00,1.90,1738.00,999.00,13.28,1015.70,16.01,0.03
2026-06-07T06:12:29,1,3.87,3620.00,1.90,1738.00,999.00,13.30,1015.40,16.01,0.02
2026-06-07T06:12:29,1,3.87,3620.00,1.90,1738.00,999.00,13.30,1015.70,16.01,0.03
2026-06-07T06:12:29,1,3.88,3568.00,1.87,1713.00,999.00,13.31,1015.60,16.01,0.03
2026-06-07T06:12:30,1,3.88,3568.00,1.87,1713.00,999.00,13.32,1015.50,16.01,0.02
2026-06-07T06:12:30,1,3.86,3568.00,1.87,1713.00,999.00,13.33,1015.50,16.01,0.02
2026-06-07T06:12:30,1,3.83,3568.00,1.87,1713.00,999.00,13.34,1015.30,16.01,0.02
2026-06-07T06:12:30,1,3.87,3589.00,1.88,1723.00,999.00,13.35,1015.70,16.01,0.03
2026-06-07T06:12:30,1,3.87,3589.00,1.88,1723.00,999.00,13.35,1015.30,16.01,0.02
2026-06-07T06:12:31,1,3.86,3589.00,1.88,1723.00,999.00,13.36,1015.70,16.01,0.03
2026-06-07T06:12:31,1,3.86,3589.00,1.88,1723.00,999.00,13.37,1015.70,16.01,0.03
2026-06-07T06:12:31,1,3.85,3589.00,1.88,1723.00,999.00,13.38,1015.40,16.01,0.02
2026-06-07T06:12:31,1,3.89,3598.00,1.89,1727.00,999.00,13.39,1015.60,16.01,0.03
2026-06-07T06:12:31,1,3.88,3598.00,1.89,1727.00,999.00,13.40,1015.50,16.01,0.02
2026-06-07T06:12:32,1,3.86,3598.00,1.89,1727.00,999.00,13.40,1015.00,16.01,0.02
2026-06-07T06:12:32,1,3.85,3598.00,1.89,1727.00,999.00,13.41,1015.80,16.01,0.03
2026-06-07T06:12:32,1,3.85,3598.00,1.89,1727.00,999.00,13.42,1015.40,16.01,0.02
2026-06-07T06:12:32,1,3.87,3607.00,1.90,1732.00,999.00,13.43,1015.40,16.00,0.02
2026-06-07T06:12:33,1,3.86,3607.00,1.90,1732.00,999.00,13.43,1015.50,16.01,0.02
2026-06-07T06:12:33,1,3.88,3607.00,1.90,1732.00,999.00,13.44,1015.60,16.01,0.03
2026-06-07T06:12:33,1,3.86,3607.00,1.90,1732.00,999.00,13.45,1015.40,16.01,0.02
2026-06-07T06:12:33,1,3.84,3607.00,1.90,1732.00,999.00,13.45,1015.30,16.01,0.02
2026-06-07T06:12:33,1,3.88,3616.00,1.90,1736.00,999.00,13.45,1015.60,16.00,0.03
2026-06-07T06:12:34,1,3.86,3616.00,1.90,1736.00,999.00,13.46,1015.60,16.01,0.03
2026-06-07T06:12:34,1,3.85,3616.00,1.90,1736.00,999.00,13.46,1015.90,16.01,0.03
2026-06-07T06:12:34,1,3.84,3616.00,1.90,1736.00,999.00,13.47,1015.50,16.01,0.02
2026-06-07T06:12:34,1,3.86,3622.00,1.90,1739.00,999.00,13.47,1015.70,16.01,0.03
2026-06-07T06:12:34,1,3.87,3622.00,1.90,1739.00,999.00,13.46,1015.20,16.01,0.02
2026-06-07T06:12:35,1,3.86,3622.00,1.90,1739.00,999.00,13.46,1015.50,16.01,0.02
2026-06-07T06:12:35,1,3.85,3622.00,1.90,1739.00,999.00,13.46,1015.80,16.01,0.03
2026-06-07T06:12:35,1,3.85,3622.00,1.90,1739.00,999.00,13.45,1015.30,16.00,0.02
2026-06-07T06:12:35,1,3.85,3625.00,1.90,1740.00,999.00,13.45,1015.70,16.01,0.03
2026-06-07T06:12:35,1,3.86,3625.00,1.90,1740.00,999.00,13.45,1015.70,16.01,0.03
2026-06-07T06:12:36,1,3.86,3625.00,1.90,1740.00,999.00,13.45,1015.50,16.01,0.02
2026-06-07T06:12:36,1,3.86,3625.00,1.90,1740.00,999.00,13.46,1015.50,16.02,0.02
2026-06-07T06:12:36,1,3.87,3625.00,1.90,1740.00,999.00,13.47,1015.20,16.01,0.02
2026-06-07T06:12:36,1,3.88,3631.00,1.91,1743.00,999.00,13.48,1015.10,16.02,0.02
2026-06-07T06:12:36,1,3.88,3631.00,1.91,1743.00,999.00,13.48,1016.00,16.01,0.03
2026-06-07T06:12:37,1,3.86,3631.00,1.91,1743.00,999.00,13.49,1015.70,16.01,0.03
2026-06-07T06:12:37,1,3.86,3631.00,1.91,1743.00,999.00,13.49,1015.20,16.01,0.02
2026-06-07T06:12:37,1,3.87,3631.00,1.91,1743.00,999.00,13.50,1015.40,16.02,0.02
2026-06-07T06:12:37,1,3.88,3642.00,1.91,1748.00,999.00,13.51,1015.40,16.02,0.02
2026-06-07T06:12:38,1,3.88,3642.00,1.91,1748.00,999.00,13.51,1015.40,16.02,0.02
2026-06-07T06:12:38,1,3.86,3642.00,1.91,1748.00,999.00,13.53,1015.30,16.02,0.02
2026-06-07T06:12:38,1,3.85,3642.00,1.91,1748.00,999.00,13.53,1015.80,16.02,0.03
2026-06-07T06:12:38,1,3.87,3647.00,1.92,1751.00,999.00,13.53,1015.70,16.02,0.03
2026-06-07T06:12:38,1,3.85,3647.00,1.92,1751.00,999.00,13.54,1015.60,16.02,0.03
2026-06-07T06:12:39,1,3.87,3647.00,1.92,1751.00,999.00,13.55,1015.50,16.02,0.02
2026-06-07T06:12:39,1,3.87,3647.00,1.92,1751.00,999.00,13.56,1015.40,16.02,0.02
2026-06-07T06:12:39,1,3.85,3647.00,1.92,1751.00,999.00,13.57,1015.50,16.02,0.02
2026-06-07T06:12:39,1,3.88,3649.00,1.92,1752.00,999.00,13.58,1015.50,16.02,0.02
2026-06-07T06:12:39,1,3.86,3649.00,1.92,1752.00,999.00,13.59,1015.60,16.02,0.03
2026-06-07T06:12:40,1,3.84,3649.00,1.92,1752.00,999.00,13.59,1015.40,16.02,0.02
2026-06-07T06:12:40,1,3.86,3649.00,1.92,1752.00,999.00,13.60,1015.40,16.02,0.02
2026-06-07T06:12:40,1,3.86,3649.00,1.92,1752.00,999.00,13.60,1015.70,16.02,0.03
2026-06-07T06:12:40,1,3.88,3654.00,1.92,1754.00,999.00,13.60,1015.60,16.02,0.03
2026-06-07T06:12:40,1,3.86,3654.00,1.92,1754.00,999.00,13.61,1015.50,16.02,0.02
2026-06-07T06:12:41,1,3.86,3654.00,1.92,1754.00,999.00,13.62,1015.60,16.02,0.03
2026-06-07T06:12:41,1,3.85,3654.00,1.92,1754.00,999.00,13.63,1015.30,16.02,0.02
2026-06-07T06:12:41,1,3.86,3654.00,1.92,1754.00,999.00,13.64,1015.10,16.02,0.02
2026-06-07T06:12:41,1,3.86,3658.00,1.92,1756.00,999.00,13.64,1015.30,16.02,0.02
2026-06-07T06:12:41,1,3.88,3658.00,1.92,1756.00,999.00,13.66,1015.40,16.03,0.02
2026-06-07T06:12:42,1,3.87,3658.00,1.92,1756.00,999.00,13.66,1015.50,16.03,0.02
2026-06-07T06:12:42,1,3.88,3658.00,1.92,1756.00,999.00,13.68,1015.50,16.03,0.02
2026-06-07T06:12:42,1,3.86,3658.00,1.92,1756.00,999.00,13.68,1015.70,16.03,0.03
2026-06-07T06:12:42,1,3.86,3663.00,1.93,1758.00,999.00,13.68,1015.70,16.03,0.03
2026-06-07T06:12:42,1,3.88,3663.00,1.93,1758.00,999.00,13.68,1015.40,16.03,0.02
2026-06-07T06:12:43,1,3.88,3663.00,1.93,1758.00,999.00,13.69,1015.30,16.03,0.02
2026-06-07T06:12:43,1,3.85,3663.00,1.93,1758.00,999.00,13.69,1015.40,16.03,0.02
2026-06-07T06:12:43,1,3.85,3667.00,1.93,1760.00,999.00,13.69,1015.60,16.03,0.03
2026-06-07T06:12:43,1,3.87,3667.00,1.93,1760.00,999.00,13.70,1015.40,16.03,0.02
2026-06-07T06:12:43,1,3.86,3667.00,1.93,1760.00,999.00,13.70,1015.40,16.03,0.02
2026-06-07T06:12:44,1,3.87,3667.00,1.93,1760.00,999.00,13.71,1015.70,16.03,0.03
2026-06-07T06:12:44,1,3.84,3667.00,1.93,1760.00,999.00,13.71,1015.70,16.03,0.03
2026-06-07T06:12:44,1,3.88,3670.00,1.93,1762.00,999.00,13.72,1015.40,16.03,0.02
2026-06-07T06:12:44,1,3.87,3670.00,1.93,1762.00,999.00,13.72,1015.90,16.03,0.03
2026-06-07T06:12:44,1,3.86,3670.00,1.93,1762.00,999.00,13.73,1015.80,16.03,0.03
2026-06-07T06:12:45,1,3.86,3670.00,1.93,1762.00,999.00,13.73,1015.70,16.02,0.03
2026-06-07T06:12:45,1,3.88,3670.00,1.93,1762.00,999.00,13.73,1015.70,16.03,0.03
2026-06-07T06:12:45,1,3.86,3676.00,1.93,1765.00,999.00,13.73,1015.70,16.04,0.03
2026-06-07T06:12:45,1,3.86,3676.00,1.93,1765.00,999.00,13.74,1015.40,16.03,0.02
2026-06-07T06:12:46,1,3.88,3676.00,1.93,1765.00,999.00,13.75,1015.50,16.04,0.02
2026-06-07T06:12:46,1,3.85,3676.00,1.93,1765.00,999.00,13.75,1015.70,16.04,0.03
2026-06-07T06:12:46,1,3.86,3676.00,1.93,1765.00,999.00,13.75,1015.70,16.04,0.03
2026-06-07T06:12:46,1,3.86,3678.00,1.93,1766.00,999.00,13.75,1015.20,16.04,0.02
2026-06-07T06:12:46,1,3.88,3678.00,1.93,1766.00,999.00,13.74,1015.60,16.04,0.03
2026-06-07T06:12:47,1,3.86,3678.00,1.93,1766.00,999.00,13.74,1015.50,16.04,0.02
2026-06-07T06:12:47,1,3.85,3678.00,1.93,1766.00,999.00,13.74,1015.40,16.04,0.02
2026-06-07T06:12:47,1,3.85,3677.00,1.93,1765.00,999.00,13.74,1015.70,16.04,0.03
2026-06-07T06:12:47,1,3.87,3677.00,1.93,1765.00,999.00,13.74,1015.70,16.04,0.03
2026-06-07T06:12:47,1,3.86,3677.00,1.93,1765.00,999.00,13.74,1015.00,16.04,0.02
2026-06-07T06:12:48,1,3.85,3677.00,1.93,1765.00,999.00,13.75,1015.50,16.04,0.02
2026-06-07T06:12:48,1,3.87,3677.00,1.93,1765.00,999.00,13.74,1015.50,16.03,0.02
2026-06-07T06:12:48,1,3.86,3679.00,1.93,1766.00,999.00,13.73,1015.20,16.04,0.02
2026-06-07T06:12:48,1,3.86,3679.00,1.93,1766.00,999.00,13.73,1015.60,16.04,0.03
2026-06-07T06:12:48,1,3.88,3679.00,1.93,1766.00,999.00,13.72,1015.60,16.04,0.03
2026-06-07T06:12:49,1,3.82,3679.00,1.93,1766.00,999.00,13.71,1015.00,16.04,0.02
2026-06-07T06:12:49,1,3.86,3679.00,1.93,1766.00,999.00,13.70,1015.80,16.04,0.03
2026-06-07T06:12:49,1,3.88,3682.00,1.94,1767.00,999.00,13.69,1015.90,16.04,0.03
2026-06-07T06:12:49,1,3.86,3682.00,1.94,1767.00,999.00,13.69,1015.30,16.04,0.02
2026-06-07T06:12:50,1,3.86,3682.00,1.94,1767.00,999.00,13.69,1015.60,16.04,0.03
2026-06-07T06:12:50,1,3.86,3682.00,1.94,1767.00,999.00,13.68,1015.10,16.05,0.02
2026-06-07T06:12:50,1,3.87,3682.00,1.94,1767.00,999.00,13.68,1015.30,16.04,0.02
2026-06-07T06:12:50,1,3.88,3684.00,1.94,1768.00,999.00,13.69,1015.20,16.05,0.02
2026-06-07T06:12:50,1,3.85,3684.00,1.94,1768.00,999.00,13.70,1015.50,16.04,0.02
2026-06-07T06:12:51,1,3.86,3684.00,1.94,1768.00,999.00,13.70,1015.80,16.05,0.03
2026-06-07T06:12:51,1,3.86,3684.00,1.94,1768.00,999.00,13.70,1015.60,16.04,0.03
2026-06-07T06:12:51,1,3.86,3690.00,1.94,1772.00,999.00,13.70,1015.40,16.04,0.02
2026-06-07T06:12:51,1,3.88,3690.00,1.94,1772.00,999.00,13.71,1015.70,16.05,0.03
2026-06-07T06:12:51,1,3.86,3690.00,1.94,1772.00,999.00,13.72,1015.80,16.05,0.03
2026-06-07T06:12:52,1,3.87,3690.00,1.94,1772.00,999.00,13.73,1015.30,16.05,0.02
2026-06-07T06:12:52,1,3.87,3690.00,1.94,1772.00,999.00,13.74,1015.50,16.05,0.02
2026-06-07T06:12:52,1,3.88,3696.00,1.94,1774.00,999.00,13.75,1015.40,16.04,0.02
2026-06-07T06:12:52,1,3.87,3696.00,1.94,1774.00,999.00,13.75,1015.20,16.04,0.02
2026-06-07T06:12:52,1,3.88,3696.00,1.94,1774.00,999.00,13.75,1015.50,16.04,0.02
2026-06-07T06:12:53,1,3.88,3696.00,1.94,1774.00,999.00,13.76,1015.50,16.05,0.02
2026-06-07T06:12:53,1,3.86,3696.00,1.94,1774.00,999.00,13.77,1015.80,16.04,0.03
2026-06-07T06:12:53,1,3.88,3700.00,1.95,1776.00,999.00,13.77,1015.60,16.05,0.03
2026-06-07T06:12:53,1,3.88,3700.00,1.95,1776.00,999.00,13.79,1015.30,16.04,0.02
2026-06-07T06:12:53,1,3.87,3700.00,1.95,1776.00,999.00,13.79,1016.00,16.05,0.03
2026-06-07T06:12:54,1,3.84,3700.00,1.95,1776.00,999.00,13.80,1015.60,16.05,0.03
2026-06-07T06:12:54,1,3.84,3700.00,1.95,1776.00,999.00,13.80,1015.60,16.05,0.03
2026-06-07T06:12:54,1,3.88,3705.00,1.95,1779.00,999.00,13.80,1015.40,16.05,0.02
2026-06-07T06:12:54,1,3.88,3705.00,1.95,1779.00,999.00,13.81,1015.50,16.04,0.02
2026-06-07T06:12:54,1,3.87,3705.00,1.95,1779.00,999.00,13.81,1015.30,16.04,0.02
2026-06-07T06:12:55,1,3.86,3705.00,1.95,1779.00,999.00,13.82,1015.60,16.04,0.03
2026-06-07T06:12:55,1,3.86,3705.00,1.95,1779.00,999.00,13.83,1015.50,16.05,0.02
2026-06-07T06:12:55,1,3.87,3707.00,1.95,1780.00,999.00,13.83,1015.00,16.04,0.02
2026-06-07T06:12:55,1,3.85,3707.00,1.95,1780.00,999.00,13.83,1015.30,16.04,0.02
2026-06-07T06:12:55,1,3.88,3707.00,1.95,1780.00,999.00,13.84,1015.50,16.05,0.02
2026-06-07T06:12:56,1,3.85,3707.00,1.95,1780.00,999.00,13.84,1015.40,16.05,0.02
2026-06-07T06:12:56,1,3.85,3712.00,1.95,1782.00,999.00,13.85,1016.10,16.05,0.03
2026-06-07T06:12:56,1,3.87,3712.00,1.95,1782.00,999.00,13.86,1015.40,16.05,0.02
2026-06-07T06:12:56,1,3.87,3712.00,1.95,1782.00,999.00,13.87,1015.50,16.05,0.02
2026-06-07T06:12:57,1,3.85,3712.00,1.95,1782.00,999.00,13.87,1016.10,16.05,0.03
2026-06-07T06:12:57,1,3.87,3712.00,1.95,1782.00,999.00,13.87,1015.60,16.05,0.03
2026-06-07T06:12:57,1,3.86,3714.00,1.95,1783.00,999.00,13.88,1015.40,16.05,0.02
2026-06-07T06:12:57,1,3.86,3714.00,1.95,1783.00,999.00,13.88,1015.40,16.05,0.02
2026-06-07T06:12:57,1,3.88,3714.00,1.95,1783.00,999.00,13.89,1015.40,16.04,0.02
2026-06-07T06:12:58,1,3.87,3714.00,1.95,1783.00,999.00,13.89,1015.60,16.05,0.03
2026-06-07T06:12:58,1,3.88,3714.00,1.95,1783.00,999.00,13.90,1015.50,16.05,0.02
2026-06-07T06:12:58,1,3.85,3722.00,1.96,1787.00,999.00,13.90,1015.60,16.05,0.03
2026-06-07T06:12:58,1,3.86,3722.00,1.96,1787.00,999.00,13.90,1015.50,16.05,0.02
2026-06-07T06:12:58,1,3.88,3722.00,1.96,1787.00,999.00,13.91,1015.20,16.05,0.02
2026-06-07T06:12:59,1,3.85,3722.00,1.96,1787.00,999.00,13.91,1015.40,16.05,0.02
2026-06-07T06:12:59,1,3.88,3722.00,1.96,1787.00,999.00,13.92,1015.60,16.05,0.03
2026-06-07T06:12:59,1,3.85,3717.00,1.96,1785.00,999.00,13.92,1015.60,16.05,0.03
2026-06-07T06:12:59,1,3.86,3717.00,1.96,1785.00,999.00,13.93,1015.70,16.05,0.03
2026-06-07T06:12:59,1,3.86,3717.00,1.96,1785.00,999.00,13.93,1015.10,16.05,0.02
2026-06-07T06:13:00,1,3.86,3717.00,1.96,1785.00,999.00,13.93,1015.30,16.05,0.02
2026-06-07T06:13:00,1,3.85,3718.00,1.96,1785.00,999.00,13.94,1015.80,16.05,0.03
2026-06-07T06:13:00,1,3.88,3718.00,1.96,1785.00,999.00,13.95,1016.00,16.05,0.03
2026-06-07T06:13:00,1,3.86,3718.00,1.96,1785.00,999.00,13.96,1016.20,16.05,0.03
2026-06-07T06:13:00,1,3.85,3718.00,1.96,1785.00,999.00,13.95,1015.30,16.05,0.02
2026-06-07T06:13:01,1,3.86,3718.00,1.96,1785.00,999.00,13.96,1015.70,16.05,0.03
2026-06-07T06:13:01,1,3.86,3729.00,1.96,1790.00,999.00,13.97,1015.50,16.04,0.02
2026-06-07T06:13:01,1,3.86,3729.00,1.96,1790.00,999.00,13.97,1015.90,16.05,0.03
2026-06-07T06:13:01,1,3.86,3729.00,1.96,1790.00,999.00,13.98,1015.40,16.05,0.02
2026-06-07T06:13:02,1,3.85,3729.00,1.96,1790.00,999.00,13.98,1015.90,16.05,0.03
2026-06-07T06:13:02,1,3.86,3729.00,1.96,1790.00,999.00,13.98,1015.40,16.05,0.02
2026-06-07T06:13:02,1,3.86,3743.00,1.97,1797.00,999.00,13.98,1015.70,16.05,0.03
2026-06-07T06:13:02,1,3.87,3743.00,1.97,1797.00,999.00,13.99,1015.40,16.05,0.02
2026-06-07T06:13:02,1,3.88,3743.00,1.97,1797.00,999.00,13.99,1016.00,16.05,0.03
2026-06-07T06:13:03,1,3.85,3743.00,1.97,1797.00,999.00,14.00,1015.60,16.06,0.03
2026-06-07T06:13:03,1,3.86,3743.00,1.97,1797.00,999.00,13.99,1015.60,16.05,0.03
2026-06-07T06:13:03,1,3.86,3731.00,1.96,1791.00,999.00,14.01,1015.50,16.05,0.02
2026-06-07T06:13:03,1,3.86,3731.00,1.96,1791.00,999.00,14.00,1015.50,16.06,0.02
2026-06-07T06:13:03,1,3.89,3731.00,1.96,1791.00,999.00,14.01,1015.30,16.06,0.02
2026-06-07T06:13:04,1,3.87,3731.00,1.96,1791.00,999.00,14.01,1015.50,16.06,0.02
2026-06-07T06:13:04,1,3.87,3707.00,1.95,1780.00,999.00,14.02,1015.50,16.05,0.02
2026-06-07T06:13:04,1,3.88,3707.00,1.95,1780.00,999.00,14.02,1015.80,16.05,0.03
2026-06-07T06:13:04,1,3.88,3707.00,1.95,1780.00,999.00,14.02,1015.30,16.05,0.02
2026-06-07T06:13:04,1,3.87,3707.00,1.95,1780.00,999.00,14.03,1015.50,16.06,0.02
2026-06-07T06:13:05,1,3.86,3707.00,1.95,1780.00,999.00,14.03,1016.00,16.06,0.03
2026-06-07T06:13:05,1,3.87,7880.00,4.36,3783.00,999.00,14.03,1016.20,16.06,0.03
2026-06-07T06:13:05,1,3.88,7880.00,4.36,3783.00,999.00,14.04,1015.50,16.04,0.02
2026-06-07T06:13:05,1,3.88,7880.00,4.36,3783.00,999.00,14.05,1015.10,16.05,0.02
2026-06-07T06:13:05,1,3.84,7880.00,4.36,3783.00,999.00,14.05,1015.40,16.05,0.02
2026-06-07T06:13:06,1,3.87,7880.00,4.36,3783.00,999.00,14.05,1015.60,16.05,0.03
2026-06-07T06:13:06,1,3.87,3448.00,1.81,1655.00,999.00,14.05,1015.40,16.05,0.02
2026-06-07T06:13:06,1,3.85,3448.00,1.81,1655.00,999.00,14.04,1015.60,16.05,0.03
2026-06-07T06:13:06,1,3.85,3448.00,1.81,1655.00,999.00,14.05,1015.60,16.05,0.03
2026-06-07T06:13:06,1,3.87,3448.00,1.81,1655.00,999.00,14.04,1015.80,16.05,0.03
2026-06-07T06:13:07,1,3.86,3448.00,1.81,1655.00,999.00,14.05,1015.20,16.06,0.02
2026-06-07T06:13:07,1,3.87,3592.00,1.89,1725.00,999.00,14.05,1016.10,16.06,0.03
2026-06-07T06:13:07,1,3.87,3592.00,1.89,1725.00,999.00,14.05,1015.70,16.06,0.03
2026-06-07T06:13:07,1,3.88,3592.00,1.89,1725.00,999.00,14.06,1015.80,16.06,0.03
2026-06-07T06:13:07,1,3.87,3592.00,1.89,1725.00,999.00,14.06,1015.30,16.06,0.02
2026-06-07T06:13:08,1,3.85,3592.00,1.89,1725.00,999.00,14.07,1015.60,16.06,0.03
2026-06-07T06:13:08,1,3.87,3804.00,2.00,1826.00,999.00,14.07,1015.70,16.06,0.03
2026-06-07T06:13:08,1,3.86,3804.00,2.00,1826.00,999.00,14.08,1015.70,16.07,0.03
2026-06-07T06:13:08,1,3.87,3804.00,2.00,1826.00,999.00,14.09,1015.60,16.07,0.03
2026-06-07T06:13:09,1,3.85,3804.00,2.00,1826.00,999.00,14.10,1015.60,16.06,0.03
2026-06-07T06:13:09,1,3.86,2881.00,1.49,1383.00,999.00,14.10,1016.20,16.05,0.03
2026-06-07T06:13:09,1,3.86,2881.00,1.49,1383.00,999.00,14.10,1016.00,16.06,0.03
2026-06-07T06:13:09,1,3.86,2881.00,1.49,1383.00,999.00,14.10,1015.70,16.07,0.03
2026-06-07T06:13:09,1,3.85,2881.00,1.49,1383.00,999.00,14.11,1015.70,16.07,0.03
2026-06-07T06:13:10,1,3.86,2881.00,1.49,1383.00,999.00,14.10,1015.80,16.08,0.03
2026-06-07T06:13:10,1,3.87,2477.00,1.27,1189.00,999.00,14.10,1015.50,16.08,0.02
2026-06-07T06:13:10,1,3.88,2477.00,1.27,1189.00,999.00,14.10,1015.60,16.07,0.03
2026-06-07T06:13:10,1,3.88,2477.00,1.27,1189.00,999.00,14.10,1015.10,16.08,0.02
2026-06-07T06:13:10,1,3.87,2477.00,1.27,1189.00,999.00,14.10,1015.10,16.09,0.02
2026-06-07T06:13:11,1,3.85,2477.00,1.27,1189.00,999.00,14.10,1015.60,16.09,0.03
2026-06-07T06:13:11,1,3.88,2639.00,1.36,1267.00,999.00,14.10,1015.30,16.09,0.02
2026-06-07T06:13:11,1,3.88,2639.00,1.36,1267.00,999.00,14.09,1015.20,16.10,0.02
2026-06-07T06:13:11,1,3.88,2639.00,1.36,1267.00,999.00,14.10,1015.40,16.09,0.02
2026-06-07T06:13:11,1,3.85,2639.00,1.36,1267.00,999.00,14.10,1014.80,16.09,0.02
2026-06-07T06:13:12,1,3.88,2639.00,1.36,1267.00,999.00,14.10,1014.90,16.10,0.02
2026-06-07T06:13:12,1,3.88,2495.00,1.28,1198.00,999.00,14.10,1015.30,16.10,0.02
2026-06-07T06:13:12,1,3.88,2495.00,1.28,1198.00,999.00,14.11,1015.30,16.10,0.02
2026-06-07T06:13:12,1,3.87,2495.00,1.28,1198.00,999.00,14.12,1015.40,16.10,0.02
2026-06-07T06:13:12,1,3.85,2495.00,1.28,1198.00,999.00,14.12,1015.10,16.10,0.02
2026-06-07T06:13:13,1,3.86,2081.00,1.06,999.00,999.00,14.12,1015.10,16.11,0.02
2026-06-07T06:13:13,1,3.88,2081.00,1.06,999.00,999.00,14.13,1015.60,16.11,0.03
2026-06-07T06:13:13,1,3.86,2081.00,1.06,999.00,999.00,14.12,1015.30,16.11,0.02
2026-06-07T06:13:13,1,3.86,2081.00,1.06,999.00,999.00,14.12,1015.50,16.10,0.02
2026-06-07T06:13:13,1,3.86,2081.00,1.06,999.00,999.00,14.12,1014.60,16.11,0.02
2026-06-07T06:13:14,1,3.86,2237.00,1.14,1074.00,999.00,14.12,1015.20,16.11,0.02
2026-06-07T06:13:14,1,3.86,2237.00,1.14,1074.00,999.00,14.11,1015.30,16.10,0.02
2026-06-07T06:13:14,1,3.86,2237.00,1.14,1074.00,999.00,14.12,1015.20,16.11,0.02
2026-06-07T06:13:14,1,3.86,2237.00,1.14,1074.00,999.00,14.12,1014.90,16.11,0.02
2026-06-07T06:13:15,1,3.85,2237.00,1.14,1074.00,999.00,14.12,1015.30,16.11,0.02
2026-06-07T06:13:15,1,3.89,2204.00,1.13,1058.00,999.00,14.12,1015.10,16.11,0.02
2026-06-07T06:13:15,1,3.85,2204.00,1.13,1058.00,999.00,14.12,1015.30,16.11,0.02
2026-06-07T06:13:15,1,3.88,2204.00,1.13,1058.00,999.00,14.12,1015.90,16.12,0.03
2026-06-07T06:13:15,1,3.86,2204.00,1.13,1058.00,999.00,14.12,1014.70,16.12,0.02
2026-06-07T06:13:16,1,3.85,2204.00,1.13,1058.00,999.00,14.11,1015.80,16.12,0.03
2026-06-07T06:13:16,1,3.88,1843.00,0.93,885.00,999.00,14.11,1015.20,16.12,0.02
2026-06-07T06:13:16,1,3.86,1843.00,0.93,885.00,999.00,14.11,1015.10,16.12,0.02
2026-06-07T06:13:16,1,3.88,1843.00,0.93,885.00,999.00,14.11,1015.10,16.13,0.02
2026-06-07T06:13:16,1,3.87,1843.00,0.93,885.00,999.00,14.12,1015.30,16.12,0.02
2026-06-07T06:13:17,1,3.86,1300.00,0.65,624.00,999.00,14.12,1015.20,16.13,0.02
2026-06-07T06:13:17,1,3.86,1300.00,0.65,624.00,999.00,14.12,1015.20,16.12,0.02
2026-06-07T06:13:17,1,3.86,1300.00,0.65,624.00,999.00,14.12,1015.50,16.12,0.02
2026-06-07T06:13:17,1,3.86,1300.00,0.65,624.00,999.00,14.11,1015.40,16.12,0.02
2026-06-07T06:13:17,1,3.85,1300.00,0.65,624.00,999.00,14.10,1015.10,16.12,0.02
2026-06-07T06:13:18,1,3.87,1176.00,0.58,565.00,999.00,14.09,1015.30,16.12,0.02
2026-06-07T06:13:18,1,3.88,1176.00,0.58,565.00,999.00,14.08,1015.10,16.12,0.02
2026-06-07T06:13:18,1,3.87,1176.00,0.58,565.00,999.00,14.07,1015.30,16.12,0.02
2026-06-07T06:13:18,1,3.88,1176.00,0.58,565.00,999.00,14.06,1014.80,16.12,0.02
2026-06-07T06:13:18,1,3.87,1176.00,0.58,565.00,999.00,14.06,1015.20,16.13,0.02
2026-06-07T06:13:19,1,3.88,1122.00,0.56,539.00,999.00,14.08,1015.00,16.12,0.02
2026-06-07T06:13:19,1,3.88,1122.00,0.56,539.00,999.00,14.10,1015.40,16.12,0.02
2026-06-07T06:13:19,1,3.86,1122.00,0.56,539.00,999.00,14.13,1014.70,16.13,0.02
2026-06-07T06:13:19,1,3.86,1122.00,0.56,539.00,999.00,14.15,1015.10,16.12,0.02
2026-06-07T06:13:19,1,3.85,1122.00,0.56,539.00,999.00,14.18,1015.10,16.12,0.02
2026-06-07T06:13:20,1,3.88,1159.00,0.57,556.00,999.00,14.21,1015.60,16.12,0.03
2026-06-07T06:13:20,1,3.87,1159.00,0.57,556.00,999.00,14.24,1015.50,16.12,0.02
2026-06-07T06:13:20,1,3.88,1159.00,0.57,556.00,999.00,14.24,1015.20,16.12,0.02
2026-06-07T06:13:20,1,3.86,1159.00,0.57,556.00,999.00,14.24,1015.20,16.12,0.02
2026-06-07T06:13:21,1,3.88,1159.00,0.57,556.00,999.00,14.22,1015.00,16.12,0.02
2026-06-07T06:13:21,1,3.88,524.90,0.25,252.00,999.00,14.22,1015.90,16.10,0.03
2026-06-07T06:13:21,1,3.88,524.90,0.25,252.00,999.00,14.20,1015.10,16.10,0.02
2026-06-07T06:13:21,1,3.87,524.90,0.25,252.00,999.00,14.19,1017.10,16.08,0.04
2026-06-07T06:13:21,1,3.85,524.90,0.25,252.00,999.00,14.17,1016.60,16.09,0.04
2026-06-07T06:13:22,1,3.87,524.90,0.25,252.00,999.00,14.16,1015.70,16.10,0.03
2026-06-07T06:13:22,1,3.88,590.30,0.29,283.00,999.00,14.15,1016.20,16.09,0.03
2026-06-07T06:13:22,1,3.85,590.30,0.29,283.00,999.00,14.14,1017.00,16.08,0.04
2026-06-07T06:13:22,1,3.86,590.30,0.29,283.00,999.00,14.13,1015.60,16.10,0.03
2026-06-07T06:13:22,1,3.87,590.30,0.29,283.00,999.00,14.14,1015.60,16.09,0.03
2026-06-07T06:13:23,1,3.88,614.30,0.30,295.00,999.00,14.13,1015.60,16.09,0.03
2026-06-07T06:13:23,1,3.88,614.30,0.30,295.00,999.00,14.13,1015.60,16.09,0.03
2026-06-07T06:13:23,1,3.87,614.30,0.30,295.00,999.00,14.13,1015.60,16.09,0.03
2026-06-07T06:13:23,1,3.87,614.30,0.30,295.00,999.00,14.13,1015.40,16.09,0.02
2026-06-07T06:13:23,1,3.86,614.30,0.30,295.00,999.00,14.13,1015.60,16.09,0.03
2026-06-07T06:13:24,1,3.88,549.20,0.27,264.00,999.00,14.14,1014.80,16.09,0.02
2026-06-07T06:13:24,1,3.88,549.20,0.27,264.00,999.00,14.15,1015.10,16.09,0.02
2026-06-07T06:13:24,1,3.88,549.20,0.27,264.00,999.00,14.16,1015.80,16.08,0.03
2026-06-07T06:13:24,1,3.88,549.20,0.27,264.00,999.00,14.17,1015.50,16.09,0.02
2026-06-07T06:13:24,1,3.88,549.20,0.27,264.00,999.00,14.18,1015.80,16.09,0.03
2026-06-07T06:13:25,1,3.88,508.70,0.25,244.00,999.00,14.20,1015.70,16.09,0.03
2026-06-07T06:13:25,1,3.86,508.70,0.25,244.00,999.00,14.20,1015.70,16.09,0.03
2026-06-07T06:13:25,1,3.89,508.70,0.25,244.00,999.00,14.22,1015.70,16.09,0.03
2026-06-07T06:13:25,1,3.85,508.70,0.25,244.00,999.00,14.24,1015.40,16.10,0.02
2026-06-07T06:13:25,1,3.88,508.70,0.25,244.00,999.00,14.26,1015.20,16.10,0.02
2026-06-07T06:13:26,1,3.88,466.50,0.23,224.00,999.00,14.28,1015.30,16.11,0.02
2026-06-07T06:13:26,1,3.85,466.50,0.23,224.00,999.00,14.32,1015.10,16.11,0.02
2026-06-07T06:13:26,1,3.87,466.50,0.23,224.00,999.00,14.35,1014.80,16.11,0.02
2026-06-07T06:13:26,1,3.86,466.50,0.23,224.00,999.00,14.38,1015.20,16.12,0.02
2026-06-07T06:13:27,1,3.85,283.00,0.14,136.00,999.00,14.42,1015.50,16.11,0.02
2026-06-07T06:13:27,1,3.86,283.00,0.14,136.00,999.00,14.43,1014.80,16.10,0.02
2026-06-07T06:13:27,1,3.88,283.00,0.14,136.00,999.00,14.46,1015.20,16.10,0.02
2026-06-07T06:13:27,1,3.86,283.00,0.14,136.00,999.00,14.45,1015.10,16.10,0.02
2026-06-07T06:13:27,1,3.86,283.00,0.14,136.00,999.00,14.44,1015.00,16.10,0.02
2026-06-07T06:13:28,1,3.88,238.70,0.12,115.00,999.00,14.41,1015.40,16.10,0.02
2026-06-07T06:13:28,1,3.89,238.70,0.12,115.00,999.00,14.38,1014.40,16.10,0.01
2026-06-07T06:13:28,1,3.87,238.70,0.12,115.00,999.00,14.36,1015.20,16.10,0.02
2026-06-07T06:13:28,1,3.87,238.70,0.12,115.00,999.00,14.35,1015.00,16.10,0.02
2026-06-07T06:13:28,1,3.84,238.70,0.12,115.00,999.00,14.37,1015.00,16.10,0.02
2026-06-07T06:13:29,1,3.86,242.40,0.12,116.00,999.00,14.38,1014.90,16.10,0.02
2026-06-07T06:13:29,1,3.86,242.40,0.12,116.00,999.00,14.38,1015.00,16.09,0.02
2026-06-07T06:13:29,1,3.86,242.40,0.12,116.00,999.00,14.38,1015.20,16.09,0.02
2026-06-07T06:13:29,1,3.86,242.40,0.12,116.00,999.00,14.35,1015.20,16.09,0.02
2026-06-07T06:13:29,1,3.86,242.40,0.12,116.00,999.00,14.32,1015.30,16.09,0.02
2026-06-07T06:13:30,1,3.88,234.90,0.11,113.00,999.00,14.28,1015.30,16.08,0.02
2026-06-07T06:13:30,1,3.87,234.90,0.11,113.00,999.00,14.27,1015.10,16.09,0.02
2026-06-07T06:13:30,1,3.87,234.90,0.11,113.00,999.00,14.24,1015.00,16.08,0.02
2026-06-07T06:13:30,1,3.88,234.90,0.11,113.00,999.00,14.21,1015.30,16.08,0.02
2026-06-07T06:13:30,1,3.87,255.20,0.12,123.00,999.00,14.19,1015.50,16.08,0.02
2026-06-07T06:13:31,1,3.86,255.20,0.12,123.00,999.00,14.15,1015.40,16.08,0.02
2026-06-07T06:13:31,1,3.84,255.20,0.12,123.00,999.00,14.13,1015.30,16.07,0.02
2026-06-07T06:13:31,1,3.88,255.20,0.12,123.00,999.00,14.09,1015.40,16.07,0.02
2026-06-07T06:13:31,1,3.85,255.20,0.12,123.00,999.00,14.05,1015.70,16.07,0.03
2026-06-07T06:13:31,1,3.86,238.20,0.12,114.00,999.00,14.01,1015.30,16.06,0.02
2026-06-07T06:13:32,1,3.85,238.20,0.12,114.00,999.00,13.98,1015.10,16.06,0.02
2026-06-07T06:13:32,1,3.85,238.20,0.12,114.00,999.00,13.95,1015.40,16.06,0.02
2026-06-07T06:13:32,1,3.86,238.20,0.12,114.00,999.00,13.92,1015.60,16.06,0.03
2026-06-07T06:13:32,1,3.86,238.20,0.12,114.00,999.00,13.91,1015.60,16.05,0.03
2026-06-07T06:13:33,1,3.86,247.90,0.12,119.00,999.00,13.90,1015.40,16.05,0.02
2026-06-07T06:13:33,1,3.87,247.90,0.12,119.00,999.00,13.88,1015.00,16.05,0.02
2026-06-07T06:13:33,1,3.88,247.90,0.12,119.00,999.00,13.88,1015.40,16.05,0.02
2026-06-07T06:13:33,1,3.87,247.90,0.12,119.00,999.00,13.87,1015.30,16.04,0.02
2026-06-07T06:13:33,1,3.86,247.90,0.12,119.00,999.00,13.86,1015.20,16.04,0.02
2026-06-07T06:13:34,1,3.87,224.60,0.11,108.00,999.00,13.85,1015.40,16.04,0.02
2026-06-07T06:13:34,1,3.88,224.60,0.11,108.00,999.00,13.85,1015.50,16.03,0.02
2026-06-07T06:13:34,1,3.88,224.60,0.11,108.00,999.00,13.84,1015.40,16.03,0.02
2026-06-07T06:13:34,1,3.85,224.60,0.11,108.00,999.00,13.83,1015.60,16.03,0.03
2026-06-07T06:13:34,1,3.87,224.60,0.11,108.00,999.00,13.83,1015.50,16.02,0.02
2026-06-07T06:13:35,1,3.86,226.40,0.11,109.00,999.00,13.82,1015.40,16.03,0.02
2026-06-07T06:13:35,1,3.86,226.40,0.11,109.00,999.00,13.83,1015.90,16.02,0.03
2026-06-07T06:13:35,1,3.87,226.40,0.11,109.00,999.00,13.84,1015.50,16.01,0.02
2026-06-07T06:13:35,1,3.87,226.40,0.11,109.00,999.00,13.87,1015.20,16.02,0.02
2026-06-07T06:13:35,1,3.88,219.20,0.11,105.00,999.00,13.90,1015.20,16.01,0.02
2026-06-07T06:13:36,1,3.88,219.20,0.11,105.00,999.00,13.92,1015.90,16.01,0.03
2026-06-07T06:13:36,1,3.88,219.20,0.11,105.00,999.00,13.94,1015.70,16.01,0.03
2026-06-07T06:13:36,1,3.86,219.20,0.11,105.00,999.00,13.96,1015.70,16.01,0.03
2026-06-07T06:13:36,1,3.88,219.20,0.11,105.00,999.00,13.97,1015.60,16.01,0.03
2026-06-07T06:13:36,1,3.86,216.70,0.11,104.00,999.00,13.98,1015.60,16.01,0.03
2026-06-07T06:13:37,1,3.86,216.70,0.11,104.00,999.00,13.99,1015.20,16.01,0.02
2026-06-07T06:13:37,1,3.86,216.70,0.11,104.00,999.00,13.99,1015.40,16.00,0.02
2026-06-07T06:13:37,1,3.87,216.70,0.11,104.00,999.00,14.00,1015.70,16.00,0.03
2026-06-07T06:13:37,1,3.87,216.70,0.11,104.00,999.00,13.99,1015.30,16.00,0.02
2026-06-07T06:13:37,1,3.85,225.60,0.11,108.00,999.00,13.98,1016.00,15.99,0.03
2026-06-07T06:13:38,1,3.86,225.60,0.11,108.00,999.00,13.97,1015.30,15.99,0.02
2026-06-07T06:13:38,1,3.86,225.60,0.11,108.00,999.00,13.95,1015.20,15.99,0.02
2026-06-07T06:13:38,1,3.85,225.60,0.11,108.00,999.00,13.94,1015.80,15.98,0.03
2026-06-07T06:13:38,1,3.84,225.60,0.11,108.00,999.00,13.94,1015.30,15.99,0.02
2026-06-07T06:13:39,1,3.83,225.60,0.11,108.00,999.00,13.93,1015.90,15.98,0.03
2026-06-07T06:13:39,1,3.88,225.60,0.11,108.00,999.00,13.94,1015.40,15.98,0.02
2026-06-07T06:13:39,1,3.88,225.60,0.11,108.00,999.00,13.93,1015.80,15.97,0.03
2026-06-07T06:13:39,1,3.88,225.60,0.11,108.00,999.00,13.93,1015.70,15.97,0.03
2026-06-07T06:13:39,1,3.85,225.00,0.11,108.00,999.00,13.92,1016.20,15.97,0.03
2026-06-07T06:13:40,1,3.87,225.00,0.11,108.00,999.00,13.91,1015.80,15.97,0.03
2026-06-07T06:13:40,1,3.86,225.00,0.11,108.00,999.00,13.90,1015.80,15.96,0.03
2026-06-07T06:13:40,1,3.86,225.00,0.11,108.00,999.00,13.90,1016.00,15.96,0.03
2026-06-07T06:13:40,1,3.85,225.00,0.11,108.00,999.00,13.91,1015.70,15.96,0.03
2026-06-07T06:13:40,1,3.86,220.90,0.11,106.00,999.00,13.93,1015.70,15.95,0.03
2026-06-07T06:13:41,1,3.88,220.90,0.11,106.00,999.00,13.94,1015.80,15.95,0.03
2026-06-07T06:13:41,1,3.85,220.90,0.11,106.00,999.00,13.96,1016.00,15.95,0.03
2026-06-07T06:13:41,1,3.86,220.90,0.11,106.00,999.00,13.98,1015.70,15.95,0.03
2026-06-07T06:13:41,1,3.88,220.90,0.11,106.00,999.00,14.00,1016.00,15.95,0.03
2026-06-07T06:13:41,1,3.89,218.90,0.11,105.00,999.00,14.03,1015.50,15.94,0.02
2026-06-07T06:13:42,1,3.88,218.90,0.11,105.00,999.00,14.06,1016.10,15.94,0.03
2026-06-07T06:13:42,1,3.87,218.90,0.11,105.00,999.00,14.10,1015.60,15.94,0.03
2026-06-07T06:13:42,1,3.85,218.90,0.11,105.00,999.00,14.14,1015.50,15.94,0.02
2026-06-07T06:13:42,1,3.85,218.90,0.11,105.00,999.00,14.19,1016.10,15.93,0.03
2026-06-07T06:13:42,1,3.88,219.20,0.11,105.00,999.00,14.22,1016.30,15.93,0.03
2026-06-07T06:13:43,1,3.87,219.20,0.11,105.00,999.00,14.26,1015.80,15.93,0.03
2026-06-07T06:13:43,1,3.86,219.20,0.11,105.00,999.00,14.29,1015.80,15.92,0.03
2026-06-07T06:13:43,1,3.87,219.20,0.11,105.00,999.00,14.33,1016.00,15.92,0.03
2026-06-07T06:13:43,1,3.88,218.30,0.11,105.00,999.00,14.34,1015.40,15.92,0.02
2026-06-07T06:13:43,1,3.88,218.30,0.11,105.00,999.00,14.33,1015.70,15.91,0.03
2026-06-07T06:13:44,1,3.86,218.30,0.11,105.00,999.00,14.32,1015.70,15.91,0.03
2026-06-07T06:13:44,1,3.86,218.30,0.11,105.00,999.00,14.29,1015.50,15.91,0.02
2026-06-07T06:13:44,1,3.87,218.30,0.11,105.00,999.00,14.27,1015.90,15.91,0.03
2026-06-07T06:13:44,1,3.86,215.80,0.10,104.00,999.00,14.23,1015.90,15.91,0.03
2026-06-07T06:13:45,1,3.85,215.80,0.10,104.00,999.00,14.20,1015.60,15.90,0.03
2026-06-07T06:13:45,1,3.87,215.80,0.10,104.00,999.00,14.18,1015.80,15.91,0.03
2026-06-07T06:13:45,1,3.87,215.80,0.10,104.00,999.00,14.15,1015.70,15.90,0.03
2026-06-07T06:13:45,1,3.88,215.80,0.10,104.00,999.00,14.13,1015.90,15.90,0.03
2026-06-07T06:13:45,1,3.88,213.50,0.10,102.00,999.00,14.10,1015.60,15.89,0.03
2026-06-07T06:13:46,1,3.88,213.50,0.10,102.00,999.00,14.08,1015.90,15.89,0.03
2026-06-07T06:13:46,1,3.88,213.50,0.10,102.00,999.00,14.06,1015.80,15.89,0.03
2026-06-07T06:13:46,1,3.87,213.50,0.10,102.00,999.00,14.05,1015.70,15.89,0.03
2026-06-07T06:13:46,1,3.88,213.50,0.10,102.00,999.00,14.02,1015.90,15.89,0.03
2026-06-07T06:13:46,1,3.88,213.50,0.10,102.00,999.00,14.00,1015.70,15.89,0.03
2026-06-07T06:13:47,1,3.89,213.50,0.10,102.00,999.00,13.99,1016.00,15.89,0.03
2026-06-07T06:13:47,1,3.88,213.50,0.10,102.00,999.00,13.98,1015.80,15.88,0.03
2026-06-07T06:13:47,1,3.87,213.50,0.10,102.00,999.00,13.99,1017.40,15.89,0.04
2026-06-07T06:13:47,1,3.87,213.50,0.10,102.00,999.00,14.48,1022.50,15.89,0.09
2026-06-07T06:13:47,1,3.88,9179.00,5.13,4406.00,999.00,15.15,1024.10,15.88,0.11
2026-06-07T06:13:48,1,3.87,9179.00,5.13,4406.00,999.00,15.81,1024.40,15.88,0.11
2026-06-07T06:13:48,1,3.85,9179.00,5.13,4406.00,999.00,16.23,1024.40,15.90,0.11
2026-06-07T06:13:48,1,3.85,9179.00,5.13,4406.00,999.00,16.55,1023.40,15.93,0.10
2026-06-07T06:13:48,1,3.86,29860.00,18.48,14333.00,999.00,16.83,1023.60,15.96,0.11
2026-06-07T06:13:48,1,3.85,29860.00,18.48,14333.00,999.00,17.07,1023.60,15.99,0.11
2026-06-07T06:13:49,1,3.86,29860.00,18.48,14333.00,999.00,17.28,1023.80,16.03,0.11
2026-06-07T06:13:49,1,3.85,29860.00,18.48,14333.00,999.00,17.48,1023.80,16.07,0.11
2026-06-07T06:13:49,1,3.86,29860.00,18.48,14333.00,999.00,17.67,1024.10,16.10,0.11
2026-06-07T06:13:49,1,3.86,29930.00,18.53,14369.00,999.00,17.83,1023.50,16.15,0.10
2026-06-07T06:13:49,1,3.86,29930.00,18.53,14369.00,999.00,17.96,1023.60,16.21,0.11
2026-06-07T06:13:50,1,3.87,29930.00,18.53,14369.00,999.00,18.09,1023.40,16.25,0.10
2026-06-07T06:13:50,1,3.86,29930.00,18.53,14369.00,999.00,18.19,1024.80,16.30,0.12
2026-06-07T06:13:50,1,3.87,29930.00,18.53,14369.00,999.00,18.29,1024.20,16.35,0.11
2026-06-07T06:13:50,1,3.86,30070.00,18.63,14438.00,999.00,18.38,1024.40,16.41,0.11
2026-06-07T06:13:51,1,3.86,30070.00,18.63,14438.00,999.00,18.44,1024.00,16.46,0.11
2026-06-07T06:13:51,1,3.88,30070.00,18.63,14438.00,999.00,18.50,1022.80,16.50,0.10
2026-06-07T06:13:51,1,3.84,30070.00,18.63,14438.00,999.00,18.55,1022.70,16.54,0.10
2026-06-07T06:13:51,1,3.86,30070.00,18.63,14438.00,999.00,18.61,1023.50,16.59,0.10
2026-06-07T06:13:51,1,3.86,30010.00,18.58,14408.00,999.00,18.66,1024.60,16.64,0.11
2026-06-07T06:13:52,1,3.86,30010.00,18.58,14408.00,999.00,18.72,1025.00,16.69,0.12
2026-06-07T06:13:52,1,3.86,30010.00,18.58,14408.00,999.00,18.75,1023.90,16.73,0.11
2026-06-07T06:13:52,1,3.85,30010.00,18.58,14408.00,999.00,18.79,1022.80,16.77,0.10
2026-06-07T06:13:52,1,3.84,29990.00,18.57,14399.00,999.00,18.81,1023.90,16.82,0.11
2026-06-07T06:13:52,1,3.88,29990.00,18.57,14399.00,999.00,18.85,1024.50,16.86,0.11
2026-06-07T06:13:53,1,3.88,29990.00,18.57,14399.00,999.00,18.87,1025.00,16.90,0.12
2026-06-07T06:13:53,1,3.86,29990.00,18.57,14399.00,999.00,18.90,1024.60,16.95,0.11
2026-06-07T06:13:53,1,3.86,29990.00,18.57,14399.00,999.00,18.93,1025.00,16.99,0.12
2026-06-07T06:13:53,1,3.88,30040.00,18.61,14424.00,999.00,18.93,1024.30,17.03,0.11
2026-06-07T06:13:53,1,3.88,30040.00,18.61,14424.00,999.00,18.94,1023.90,17.08,0.11
2026-06-07T06:13:54,1,3.88,30040.00,18.61,14424.00,999.00,18.96,1023.90,17.12,0.11
2026-06-07T06:13:54,1,3.85,30040.00,18.61,14424.00,999.00,18.97,1023.80,17.15,0.11
2026-06-07T06:13:54,1,3.84,30040.00,18.61,14424.00,999.00,18.98,1024.40,17.18,0.11
2026-06-07T06:13:54,1,3.88,30020.00,18.59,14414.00,999.00,19.00,1024.70,17.22,0.12
2026-06-07T06:13:54,1,3.89,30020.00,18.59,14414.00,999.00,19.00,1024.30,17.25,0.11
2026-06-07T06:13:55,1,3.86,30020.00,18.59,14414.00,999.00,19.00,1024.80,17.28,0.12
2026-06-07T06:13:55,1,3.86,30020.00,18.59,14414.00,999.00,19.00,1025.90,17.31,0.13
2026-06-07T06:13:55,1,3.87,30020.00,18.59,14414.00,999.00,19.01,1026.50,17.34,0.13
2026-06-07T06:13:55,1,3.88,30050.00,18.61,14424.00,999.00,19.00,1028.00,17.37,0.15
2026-06-07T06:13:55,1,3.86,30050.00,18.61,14424.00,999.00,19.01,1029.20,17.40,0.16
2026-06-07T06:13:56,1,3.87,30050.00,18.61,14424.00,999.00,19.01,1030.70,17.43,0.18
2026-06-07T06:13:56,1,3.85,30050.00,18.61,14424.00,999.00,19.01,1031.10,17.46,0.18
2026-06-07T06:13:56,1,3.85,30070.00,18.62,14434.00,999.00,19.02,1032.50,17.49,0.19
2026-06-07T06:13:56,1,3.85,30070.00,18.62,14434.00,999.00,19.02,1034.70,17.51,0.22
2026-06-07T06:13:57,1,3.87,30070.00,18.62,14434.00,999.00,19.03,1035.70,17.53,0.22
2026-06-07T06:13:57,1,3.87,30070.00,18.62,14434.00,999.00,19.03,1036.30,17.56,0.23
2026-06-07T06:13:57,1,3.86,30070.00,18.62,14434.00,999.00,19.04,1037.40,17.58,0.24
2026-06-07T06:13:57,1,3.89,30080.00,18.63,14441.00,999.00,19.05,1038.40,17.60,0.25
2026-06-07T06:13:57,1,3.86,30080.00,18.63,14441.00,999.00,19.04,1038.70,17.64,0.25
2026-06-07T06:13:58,1,3.88,30080.00,18.63,14441.00,999.00,19.05,1039.40,17.65,0.26
2026-06-07T06:13:58,1,3.87,30080.00,18.63,14441.00,999.00,19.05,1040.60,17.68,0.27
2026-06-07T06:13:58,1,3.86,30080.00,18.63,14441.00,999.00,19.05,1041.00,17.70,0.28
2026-06-07T06:13:58,1,3.88,30060.00,18.62,14431.00,999.00,19.05,1041.20,17.72,0.28
2026-06-07T06:13:58,1,3.86,30060.00,18.62,14431.00,999.00,19.06,1042.00,17.74,0.29
2026-06-07T06:13:59,1,3.85,30060.00,18.62,14431.00,999.00,19.06,1042.70,17.76,0.29
2026-06-07T06:13:59,1,3.86,30060.00,18.62,14431.00,999.00,19.06,1043.10,17.77,0.30
2026-06-07T06:13:59,1,3.85,30060.00,18.62,14431.00,999.00,19.06,1044.40,17.79,0.31
2026-06-07T06:13:59,1,3.88,30090.00,18.64,14445.00,999.00,19.06,1045.10,17.81,0.32
2026-06-07T06:13:59,1,3.86,30090.00,18.64,14445.00,999.00,19.06,1045.70,17.83,0.32
2026-06-07T06:14:00,1,3.87,30090.00,18.64,14445.00,999.00,19.06,1046.50,17.84,0.33
2026-06-07T06:14:00,1,3.86,30090.00,18.64,14445.00,999.00,19.06,1046.70,17.86,0.33
2026-06-07T06:14:00,1,3.86,30100.00,18.64,14451.00,999.00,19.06,1047.40,17.87,0.34
2026-06-07T06:14:00,1,3.86,30100.00,18.64,14451.00,999.00,19.06,1048.90,17.89,0.36
2026-06-07T06:14:00,1,3.87,30100.00,18.64,14451.00,999.00,19.06,1049.90,17.91,0.37
2026-06-07T06:14:01,1,3.84,30100.00,18.64,14451.00,999.00,19.06,1049.60,17.92,0.36
2026-06-07T06:14:01,1,3.86,30100.00,18.64,14451.00,999.00,19.06,1049.80,17.94,0.36
2026-06-07T06:14:01,1,3.87,30100.00,18.64,14450.00,999.00,19.06,1050.20,17.95,0.37
2026-06-07T06:14:01,1,3.86,30100.00,18.64,14450.00,999.00,19.06,1051.00,17.96,0.38
2026-06-07T06:14:02,1,3.88,30100.00,18.64,14450.00,999.00,19.06,1051.30,17.98,0.38
2026-06-07T06:14:02,1,3.87,30100.00,18.64,14450.00,999.00,19.06,1052.00,17.99,0.39
2026-06-07T06:14:02,1,3.86,30100.00,18.64,14450.00,999.00,19.06,1052.20,18.00,0.39
2026-06-07T06:14:02,1,3.88,30100.00,18.65,14453.00,999.00,19.06,1052.00,18.02,0.39
2026-06-07T06:14:02,1,3.86,30100.00,18.65,14453.00,999.00,19.06,1051.90,18.03,0.39
2026-06-07T06:14:03,1,3.86,30100.00,18.65,14453.00,999.00,19.06,1052.50,18.04,0.39
2026-06-07T06:14:03,1,3.87,30100.00,18.65,14453.00,999.00,19.06,1052.70,18.05,0.39
2026-06-07T06:14:03,1,3.86,30100.00,18.65,14453.00,999.00,19.06,1052.70,18.06,0.39
2026-06-07T06:14:03,1,3.85,30120.00,18.65,14458.00,999.00,19.06,1053.60,18.08,0.40
2026-06-07T06:14:03,1,3.86,30120.00,18.65,14458.00,999.00,19.06,1053.60,18.09,0.40
2026-06-07T06:14:04,1,3.87,30120.00,18.65,14458.00,999.00,19.06,1053.90,18.10,0.41
2026-06-07T06:14:04,1,3.86,30120.00,18.65,14458.00,999.00,19.06,1053.80,18.11,0.40
2026-06-07T06:14:04,1,3.85,30080.00,18.63,14443.00,999.00,19.06,1054.20,18.12,0.41
2026-06-07T06:14:04,1,3.85,30080.00,18.63,14443.00,999.00,19.06,1054.90,18.13,0.42
2026-06-07T06:14:04,1,3.89,30080.00,18.63,14443.00,999.00,19.06,1055.40,18.14,0.42
2026-06-07T06:14:05,1,3.85,30080.00,18.63,14443.00,999.00,19.06,1055.60,18.16,0.42
2026-06-07T06:14:05,1,3.85,30080.00,18.63,14443.00,999.00,19.06,1055.80,18.17,0.42
2026-06-07T06:14:05,1,3.88,30090.00,18.64,14445.00,999.00,19.06,1056.40,18.18,0.43
2026-06-07T06:14:05,1,3.85,30090.00,18.64,14445.00,999.00,19.06,1056.60,18.18,0.43
2026-06-07T06:14:05,1,3.88,30090.00,18.64,14445.00,999.00,19.06,1057.00,18.20,0.44
2026-06-07T06:14:06,1,3.85,30090.00,18.64,14445.00,999.00,19.06,1056.90,18.21,0.44
2026-06-07T06:14:06,1,3.86,30090.00,18.64,14445.00,999.00,19.06,1057.60,18.21,0.44
2026-06-07T06:14:06,1,3.88,30130.00,18.66,14464.00,999.00,19.06,1057.90,18.23,0.44
2026-06-07T06:14:06,1,3.85,30130.00,18.66,14464.00,999.00,19.06,1058.30,18.24,0.45
2026-06-07T06:14:06,1,3.86,30130.00,18.66,14464.00,999.00,19.06,1058.70,18.25,0.45
2026-06-07T06:14:07,1,3.86,30130.00,18.66,14464.00,999.00,19.06,1059.60,18.26,0.46
2026-06-07T06:14:07,1,3.86,30130.00,18.66,14464.00,999.00,19.06,1060.00,18.26,0.47
2026-06-07T06:14:07,1,3.88,30190.00,18.70,14492.00,999.00,19.06,1059.60,18.27,0.46
2026-06-07T06:14:07,1,3.88,30190.00,18.70,14492.00,999.00,19.06,1059.80,18.28,0.46
2026-06-07T06:14:08,1,3.85,30190.00,18.70,14492.00,999.00,19.06,1060.00,18.29,0.47
2026-06-07T06:14:08,1,3.85,30190.00,18.70,14492.00,999.00,19.06,1060.90,18.29,0.47
2026-06-07T06:14:08,1,3.85,30160.00,18.68,14477.00,999.00,19.07,1060.00,18.30,0.47
2026-06-07T06:14:08,1,3.88,30160.00,18.68,14477.00,999.00,19.07,1060.20,18.32,0.47
2026-06-07T06:14:08,1,3.85,30160.00,18.68,14477.00,999.00,19.07,1058.90,18.31,0.45
2026-06-07T06:14:09,1,3.85,30160.00,18.68,14477.00,999.00,19.07,1051.50,18.33,0.38
2026-06-07T06:14:09,1,3.84,30160.00,18.68,14477.00,999.00,19.07,1043.00,18.34,0.30
2026-06-07T06:14:09,1,3.86,30150.00,18.68,14473.00,999.00,19.07,1037.30,18.35,0.24
2026-06-07T06:14:09,1,3.88,30150.00,18.68,14473.00,999.00,19.06,1031.30,18.36,0.18
2026-06-07T06:14:09,1,3.88,30150.00,18.68,14473.00,999.00,19.07,1025.80,18.37,0.13
2026-06-07T06:14:10,1,3.85,30150.00,18.68,14473.00,999.00,19.07,1024.80,18.38,0.12
2026-06-07T06:14:10,1,3.85,30150.00,18.68,14473.00,999.00,19.07,1024.90,18.38,0.12
2026-06-07T06:14:10,1,3.86,30100.00,18.65,14452.00,999.00,19.07,1024.70,18.39,0.12
2026-06-07T06:14:10,1,3.87,30100.00,18.65,14452.00,999.00,19.07,1024.30,18.40,0.11
2026-06-07T06:14:10,1,3.88,30100.00,18.65,14452.00,999.00,19.07,1023.60,18.40,0.11
2026-06-07T06:14:11,1,3.85,30100.00,18.65,14452.00,999.00,19.07,1025.60,18.41,0.12
2026-06-07T06:14:11,1,3.85,30100.00,18.65,14452.00,999.00,19.07,1023.20,18.42,0.10
2026-06-07T06:14:11,1,3.86,30100.00,18.64,14450.00,999.00,19.07,1022.60,18.43,0.10
2026-06-07T06:14:11,1,3.85,30100.00,18.64,14450.00,999.00,19.07,1022.90,18.43,0.10
2026-06-07T06:14:11,1,3.86,30100.00,18.64,14450.00,999.00,19.07,1023.10,18.44,0.10
2026-06-07T06:14:12,1,3.86,30100.00,18.64,14450.00,999.00,19.07,1023.90,18.45,0.11
2026-06-07T06:14:12,1,3.84,30090.00,18.64,14448.00,999.00,19.06,1025.20,18.46,0.12
2026-06-07T06:14:12,1,3.88,30090.00,18.64,14448.00,999.00,19.07,1023.70,18.46,0.11
2026-06-07T06:14:12,1,3.88,30090.00,18.64,14448.00,999.00,19.06,1023.20,18.47,0.10
2026-06-07T06:14:12,1,3.85,30090.00,18.64,14448.00,999.00,19.07,1024.40,18.47,0.11
2026-06-07T06:14:13,1,3.84,30090.00,18.64,14448.00,999.00,19.07,1025.00,18.48,0.12
2026-06-07T06:14:13,1,3.88,30070.00,18.62,14436.00,999.00,19.07,1024.60,18.49,0.11
2026-06-07T06:14:13,1,3.85,30070.00,18.62,14436.00,999.00,19.06,1023.80,18.49,0.11
2026-06-07T06:14:13,1,3.88,30070.00,18.62,14436.00,999.00,19.06,1024.50,18.50,0.11
2026-06-07T06:14:14,1,3.85,30070.00,18.62,14436.00,999.00,19.06,1023.40,18.50,0.10
2026-06-07T06:14:14,1,3.85,30070.00,18.62,14436.00,999.00,19.06,1023.80,18.51,0.11
2026-06-07T06:14:14,1,3.86,30070.00,18.62,14435.00,999.00,19.06,1027.70,18.52,0.15
2026-06-07T06:14:14,1,3.88,30070.00,18.62,14435.00,999.00,19.06,1029.30,18.52,0.16
2026-06-07T06:14:14,1,3.86,30070.00,18.62,14435.00,999.00,19.06,1023.30,18.52,0.10
2026-06-07T06:14:15,1,3.86,30070.00,18.62,14435.00,999.00,19.06,1019.50,18.53,0.06
2026-06-07T06:14:15,1,3.86,30070.00,18.62,14435.00,999.00,19.06,1026.50,18.54,0.13
2026-06-07T06:14:15,1,3.88,30070.00,18.63,14438.00,999.00,19.06,1029.50,18.54,0.16
2026-06-07T06:14:15,1,3.87,30070.00,18.63,14438.00,999.00,19.06,1028.90,18.54,0.16
2026-06-07T06:14:15,1,3.85,30070.00,18.63,14438.00,999.00,19.06,1027.10,18.55,0.14
2026-06-07T06:14:16,1,3.84,30070.00,18.63,14438.00,999.00,19.07,1026.60,18.56,0.13
2026-06-07T06:14:16,1,3.87,30070.00,18.63,14438.00,999.00,19.06,1026.00,18.56,0.13
2026-06-07T06:14:16,1,3.86,30080.00,18.63,14443.00,999.00,19.07,1026.60,18.56,0.13
2026-06-07T06:14:16,1,3.86,30080.00,18.63,14443.00,999.00,19.06,1025.20,18.57,0.12
2026-06-07T06:14:16,1,3.88,30080.00,18.63,14443.00,999.00,19.07,1024.00,18.57,0.11
2026-06-07T06:14:17,1,3.85,30080.00,18.63,14443.00,999.00,19.06,1022.90,18.57,0.10
2026-06-07T06:14:17,1,3.86,30080.00,18.63,14440.00,999.00,19.06,1021.80,18.58,0.09
2026-06-07T06:14:17,1,3.88,30080.00,18.63,14440.00,999.00,19.06,1021.40,18.58,0.08
2026-06-07T06:14:17,1,3.88,30080.00,18.63,14440.00,999.00,19.06,1022.00,18.59,0.09
2026-06-07T06:14:17,1,3.86,30080.00,18.63,14440.00,999.00,19.06,1021.40,18.59,0.08
2026-06-07T06:14:18,1,3.86,30080.00,18.63,14440.00,999.00,19.06,1019.60,18.60,0.07
2026-06-07T06:14:18,1,3.88,30100.00,18.64,14449.00,999.00,19.06,1020.20,18.60,0.07
2026-06-07T06:14:18,1,3.86,30100.00,18.64,14449.00,999.00,19.06,1019.20,18.60,0.06
2026-06-07T06:14:18,1,3.86,30100.00,18.64,14449.00,999.00,19.06,1017.70,18.61,0.05
2026-06-07T06:14:18,1,3.85,30100.00,18.64,14449.00,999.00,19.06,1017.70,18.61,0.05
2026-06-07T06:14:19,1,3.86,30100.00,18.64,14449.00,999.00,19.06,1019.60,18.60,0.07
2026-06-07T06:14:19,1,3.86,30100.00,18.64,14451.00,999.00,19.06,1020.40,18.61,0.07
2026-06-07T06:14:19,1,3.86,30100.00,18.64,14451.00,999.00,19.06,1021.20,18.62,0.08
2026-06-07T06:14:19,1,3.86,30100.00,18.64,14451.00,999.00,19.06,1020.20,18.62,0.07
2026-06-07T06:14:20,1,3.86,30100.00,18.64,14451.00,999.00,19.06,1020.10,18.62,0.07
2026-06-07T06:14:20,1,3.86,30100.00,18.64,14451.00,999.00,19.06,1020.10,18.63,0.07
2026-06-07T06:14:20,1,3.86,30130.00,18.66,14464.00,999.00,19.06,1020.30,18.63,0.07
2026-06-07T06:14:20,1,3.88,30130.00,18.66,14464.00,999.00,19.06,1020.00,18.63,0.07
2026-06-07T06:14:20,1,3.86,30130.00,18.66,14464.00,999.00,19.06,1020.50,18.64,0.07
2026-06-07T06:14:21,1,3.84,30130.00,18.66,14464.00,999.00,19.06,1021.00,18.64,0.08
2026-06-07T06:14:21,1,3.86,30110.00,18.65,14453.00,999.00,19.06,1020.90,18.64,0.08
2026-06-07T06:14:21,1,3.86,30110.00,18.65,14453.00,999.00,19.06,1020.60,18.63,0.08
2026-06-07T06:14:21,1,3.86,30110.00,18.65,14453.00,999.00,19.06,1021.60,18.65,0.09
2026-06-07T06:14:21,1,3.86,30110.00,18.65,14453.00,999.00,19.06,1022.50,18.65,0.09
2026-06-07T06:14:22,1,3.87,30110.00,18.65,14453.00,999.00,19.06,1024.60,18.66,0.11
2026-06-07T06:14:22,1,3.86,30120.00,18.66,14460.00,999.00,19.06,1025.70,18.66,0.13
2026-06-07T06:14:22,1,3.88,30120.00,18.66,14460.00,999.00,19.06,1026.00,18.66,0.13
2026-06-07T06:14:22,1,3.82,30120.00,18.66,14460.00,999.00,19.06,1026.60,18.66,0.13
2026-06-07T06:14:22,1,3.85,30120.00,18.66,14460.00,999.00,19.07,1027.10,18.66,0.14
2026-06-07T06:14:23,1,3.87,30120.00,18.66,14460.00,999.00,19.07,1028.60,18.66,0.15
2026-06-07T06:14:23,1,3.85,30120.00,18.66,14461.00,999.00,19.07,1030.20,18.67,0.17
2026-06-07T06:14:23,1,3.86,30120.00,18.66,14461.00,999.00,19.07,1031.10,18.67,0.18
2026-06-07T06:14:23,1,3.87,30120.00,18.66,14461.00,999.00,19.07,1031.50,18.68,0.18
2026-06-07T06:14:23,1,3.86,30120.00,18.66,14461.00,999.00,19.07,1032.20,18.68,0.19
2026-06-07T06:14:24,1,3.85,30120.00,18.66,14461.00,999.00,19.07,1032.80,18.68,0.20
2026-06-07T06:14:24,1,3.88,30140.00,18.67,14472.00,999.00,19.07,1033.10,18.68,0.20
2026-06-07T06:14:24,1,3.87,30140.00,18.67,14472.00,999.00,19.07,1033.50,18.68,0.20
2026-06-07T06:14:24,1,3.86,30140.00,18.67,14472.00,999.00,19.07,1034.50,18.69,0.21
2026-06-07T06:14:25,1,3.86,30140.00,18.67,14472.00,999.00,19.08,1035.10,18.69,0.22
2026-06-07T06:14:25,1,3.86,30110.00,18.65,14456.00,999.00,19.07,1035.60,18.69,0.22
2026-06-07T06:14:25,1,3.82,30110.00,18.65,14456.00,999.00,19.08,1036.00,18.69,0.23
2026-06-07T06:14:25,1,3.87,30110.00,18.65,14456.00,999.00,19.08,1036.40,18.69,0.23
2026-06-07T06:14:25,1,3.85,30110.00,18.65,14456.00,999.00,19.08,1036.90,18.70,0.24
2026-06-07T06:14:26,1,3.87,30110.00,18.65,14456.00,999.00,19.07,1038.30,18.70,0.25
2026-06-07T06:14:26,1,3.88,30120.00,18.66,14458.00,999.00,19.08,1039.60,18.70,0.26
2026-06-07T06:14:26,1,3.86,30120.00,18.66,14458.00,999.00,19.07,1040.60,18.70,0.27
2026-06-07T06:14:26,1,3.85,30120.00,18.66,14458.00,999.00,19.08,1042.00,18.70,0.29
2026-06-07T06:14:26,1,3.85,30120.00,18.66,14458.00,999.00,19.07,1042.00,18.70,0.29
2026-06-07T06:14:27,1,3.86,30120.00,18.66,14458.00,999.00,19.07,1041.80,18.71,0.29
2026-06-07T06:14:27,1,3.88,30120.00,18.66,14460.00,999.00,19.08,1042.70,18.71,0.29
2026-06-07T06:14:27,1,3.87,30120.00,18.66,14460.00,999.00,19.08,1043.10,18.71,0.30
2026-06-07T06:14:27,1,3.87,30120.00,18.66,14460.00,999.00,19.07,1043.70,18.71,0.30
2026-06-07T06:14:27,1,3.87,30120.00,18.66,14460.00,999.00,19.07,1044.50,18.71,0.31
2026-06-07T06:14:28,1,3.86,30120.00,18.66,14460.00,999.00,19.08,1045.30,18.72,0.32
2026-06-07T06:14:28,1,3.85,30080.00,18.63,14441.00,999.00,19.07,1045.70,18.72,0.32
2026-06-07T06:14:28,1,3.88,30080.00,18.63,14441.00,999.00,19.07,1045.70,18.72,0.32
2026-06-07T06:14:28,1,3.88,30080.00,18.63,14441.00,999.00,19.08,1047.60,18.72,0.34
2026-06-07T06:14:28,1,3.86,30080.00,18.63,14441.00,999.00,19.07,1047.60,18.72,0.34
2026-06-07T06:14:29,1,3.87,30080.00,18.63,14441.00,999.00,19.07,1049.20,18.73,0.36
2026-06-07T06:14:29,1,3.88,30080.00,18.63,14439.00,999.00,19.07,1050.30,18.73,0.37
2026-06-07T06:14:29,1,3.85,30080.00,18.63,14439.00,999.00,19.07,1051.20,18.73,0.38
2026-06-07T06:14:29,1,3.86,30080.00,18.63,14439.00,999.00,19.07,1050.90,18.73,0.38
2026-06-07T06:14:29,1,3.86,30080.00,18.63,14439.00,999.00,19.07,1051.30,18.73,0.38
2026-06-07T06:14:30,1,3.86,30090.00,18.64,14444.00,999.00,19.07,1051.80,18.73,0.38
2026-06-07T06:14:30,1,3.85,30090.00,18.64,14444.00,999.00,19.07,1053.20,18.74,0.40
2026-06-07T06:14:30,1,3.87,30090.00,18.64,14444.00,999.00,19.08,1054.20,18.74,0.41
2026-06-07T06:14:30,1,3.84,30090.00,18.64,14444.00,999.00,19.07,1054.80,18.74,0.41
2026-06-07T06:14:30,1,3.83,30090.00,18.64,14444.00,999.00,19.07,1054.70,18.74,0.41
2026-06-07T06:14:31,1,3.83,30150.00,18.68,14474.00,999.00,19.07,1054.80,18.74,0.41
2026-06-07T06:14:31,1,3.88,30150.00,18.68,14474.00,999.00,19.07,1055.40,18.74,0.42
2026-06-07T06:14:31,1,3.88,30150.00,18.68,14474.00,999.00,19.07,1055.80,18.74,0.42
2026-06-07T06:14:31,1,3.87,30150.00,18.68,14474.00,999.00,19.08,1056.20,18.74,0.43
2026-06-07T06:14:31,1,3.87,30150.00,18.68,14474.00,999.00,19.07,1057.00,18.75,0.44
2026-06-07T06:14:32,1,3.88,30180.00,18.70,14488.00,999.00,19.07,1057.50,18.74,0.44
2026-06-07T06:14:32,1,3.88,30180.00,18.70,14488.00,999.00,19.07,1057.70,18.75,0.44
2026-06-07T06:14:32,1,3.86,30180.00,18.70,14488.00,999.00,19.07,1058.60,18.75,0.45
2026-06-07T06:14:32,1,3.87,30180.00,18.70,14488.00,999.00,19.08,1058.60,18.75,0.45
2026-06-07T06:14:33,1,3.85,30180.00,18.70,14488.00,999.00,19.08,1059.20,18.75,0.46
2026-06-07T06:14:33,1,3.88,30170.00,18.69,14483.00,999.00,19.08,1059.60,18.75,0.46
2026-06-07T06:14:33,1,3.86,30170.00,18.69,14483.00,999.00,19.07,1059.70,18.76,0.46
2026-06-07T06:14:33,1,3.85,30170.00,18.69,14483.00,999.00,19.08,1060.50,18.76,0.47
2026-06-07T06:14:33,1,3.86,30170.00,18.69,14483.00,999.00,19.08,1061.10,18.76,0.48
2026-06-07T06:14:34,1,3.84,30210.00,18.72,14503.00,999.00,19.08,1061.80,18.75,0.48
2026-06-07T06:14:34,1,3.86,30210.00,18.72,14503.00,999.00,19.08,1062.10,18.76,0.49
2026-06-07T06:14:34,1,3.86,30210.00,18.72,14503.00,999.00,19.08,1062.60,18.76,0.49
2026-06-07T06:14:34,1,3.86,30210.00,18.72,14503.00,999.00,19.08,1062.40,18.76,0.49
2026-06-07T06:14:34,1,3.86,30210.00,18.72,14503.00,999.00,19.08,1062.50,18.77,0.49
2026-06-07T06:14:35,1,3.88,30220.00,18.73,14510.00,999.00,19.08,1063.70,18.77,0.50
2026-06-07T06:14:35,1,3.86,30220.00,18.73,14510.00,999.00,19.08,1064.40,18.77,0.51
2026-06-07T06:14:35,1,3.87,30220.00,18.73,14510.00,999.00,19.08,1065.20,18.77,0.52
2026-06-07T06:14:35,1,3.85,30220.00,18.73,14510.00,999.00,19.08,1065.50,18.77,0.52
2026-06-07T06:14:35,1,3.86,30220.00,18.73,14510.00,999.00,19.08,1066.50,18.78,0.53
2026-06-07T06:14:36,1,3.86,30240.00,18.74,14516.00,999.00,19.08,1066.70,18.77,0.53
2026-06-07T06:14:36,1,3.86,30240.00,18.74,14516.00,999.00,19.07,1066.70,18.78,0.53
2026-06-07T06:14:36,1,3.86,30240.00,18.74,14516.00,999.00,19.08,1066.50,18.78,0.53
2026-06-07T06:14:36,1,3.86,30240.00,18.74,14516.00,999.00,19.09,1066.80,18.78,0.53
2026-06-07T06:14:37,1,3.83,30220.00,18.73,14508.00,999.00,19.08,1066.20,18.78,0.53
2026-06-07T06:14:37,1,3.85,30220.00,18.73,14508.00,999.00,19.09,1066.80,18.78,0.53
2026-06-07T06:14:37,1,3.87,30220.00,18.73,14508.00,999.00,19.09,1066.80,18.78,0.53
2026-06-07T06:14:37,1,3.86,30220.00,18.73,14508.00,999.00,19.09,1067.90,18.78,0.54
2026-06-07T06:14:37,1,3.87,30220.00,18.73,14508.00,999.00,19.08,1068.50,18.78,0.55
2026-06-07T06:14:38,1,3.86,30220.00,18.72,14507.00,999.00,19.08,1069.50,18.79,0.56
2026-06-07T06:14:38,1,3.86,30220.00,18.72,14507.00,999.00,19.08,1069.60,18.79,0.56
2026-06-07T06:14:38,1,3.88,30220.00,18.72,14507.00,999.00,19.08,1070.80,18.79,0.57
2026-06-07T06:14:38,1,3.85,30220.00,18.72,14507.00,999.00,19.08,1071.80,18.79,0.58
2026-06-07T06:14:38,1,3.83,30220.00,18.72,14507.00,999.00,19.08,1071.60,18.79,0.58
2026-06-07T06:14:39,1,3.85,30230.00,18.74,14515.00,999.00,19.09,1072.80,18.79,0.59
2026-06-07T06:14:39,1,3.88,30230.00,18.74,14515.00,999.00,19.08,1072.80,18.79,0.59
2026-06-07T06:14:39,1,3.87,30230.00,18.74,14515.00,999.00,19.08,1073.40,18.79,0.60
2026-06-07T06:14:39,1,3.85,30230.00,18.74,14515.00,999.00,19.08,1074.10,18.79,0.61
2026-06-07T06:14:39,1,3.86,30230.00,18.74,14515.00,999.00,19.08,1074.20,18.80,0.61
2026-06-07T06:14:40,1,3.87,30250.00,18.74,14520.00,999.00,19.08,1074.90,18.80,0.61
2026-06-07T06:14:40,1,3.87,30250.00,18.74,14520.00,999.00,19.09,1075.80,18.79,0.62
2026-06-07T06:14:40,1,3.86,30250.00,18.74,14520.00,999.00,19.09,1075.60,18.80,0.62
2026-06-07T06:14:40,1,3.84,30250.00,18.74,14520.00,999.00,19.08,1076.80,18.80,0.63
2026-06-07T06:14:40,1,3.85,30250.00,18.74,14520.00,999.00,19.09,1078.30,18.80,0.65
2026-06-07T06:14:41,1,3.88,30260.00,18.75,14527.00,999.00,19.08,1079.20,18.80,0.66
2026-06-07T06:14:41,1,3.86,30260.00,18.75,14527.00,999.00,19.08,1079.70,18.80,0.66
2026-06-07T06:14:41,1,3.87,30260.00,18.75,14527.00,999.00,19.09,1079.90,18.80,0.66
2026-06-07T06:14:41,1,3.87,30260.00,18.75,14527.00,999.00,19.09,1080.00,18.80,0.66
2026-06-07T06:14:41,1,3.86,30260.00,18.75,14527.00,999.00,19.08,1081.10,18.80,0.67
2026-06-07T06:14:42,1,3.87,30260.00,18.75,14527.00,999.00,19.09,1081.90,18.80,0.68
2026-06-07T06:14:42,1,3.88,30260.00,18.75,14527.00,999.00,19.08,1082.70,18.81,0.69
2026-06-07T06:14:42,1,3.85,30260.00,18.75,14527.00,999.00,19.08,1083.70,18.81,0.70
2026-06-07T06:14:42,1,3.85,30260.00,18.75,14527.00,999.00,19.09,1084.20,18.80,0.71
2026-06-07T06:14:42,1,3.87,30260.00,18.75,14527.00,999.00,19.08,1084.40,18.81,0.71
2026-06-07T06:14:43,1,3.87,30260.00,18.75,14527.00,999.00,19.09,1084.40,18.81,0.71
2026-06-07T06:14:43,1,3.88,30260.00,18.75,14527.00,999.00,19.08,1084.80,18.81,0.71
2026-06-07T06:14:43,1,3.86,30260.00,18.75,14527.00,999.00,19.09,1085.70,18.81,0.72
2026-06-07T06:14:43,1,3.87,30260.00,18.75,14527.00,999.00,19.08,1086.90,18.81,0.73
2026-06-07T06:14:44,1,3.88,30210.00,18.72,14505.00,999.00,19.08,1086.40,18.81,0.73
2026-06-07T06:14:44,1,3.88,30210.00,18.72,14505.00,999.00,19.09,1087.40,18.81,0.74
2026-06-07T06:14:44,1,3.87,30210.00,18.72,14505.00,999.00,19.08,1088.50,18.81,0.75
2026-06-07T06:14:44,1,3.86,30210.00,18.72,14505.00,999.00,19.08,1088.20,18.81,0.75
2026-06-07T06:14:44,1,3.85,30210.00,18.72,14505.00,999.00,19.08,1088.80,18.81,0.75
2026-06-07T06:14:45,1,3.86,30230.00,18.73,14511.00,999.00,19.08,1089.40,18.81,0.76
2026-06-07T06:14:45,1,3.86,30230.00,18.73,14511.00,999.00,19.08,1089.50,18.81,0.76
2026-06-07T06:14:45,1,3.86,30230.00,18.73,14511.00,999.00,19.09,1091.20,18.81,0.77
2026-06-07T06:14:45,1,3.86,30230.00,18.73,14511.00,999.00,19.08,1091.80,18.81,0.78
2026-06-07T06:14:45,1,3.86,30270.00,18.76,14532.00,999.00,19.08,1094.20,18.82,0.80
2026-06-07T06:14:46,1,3.88,30270.00,18.76,14532.00,999.00,19.08,1094.20,18.82,0.80
2026-06-07T06:14:46,1,3.85,30270.00,18.76,14532.00,999.00,19.08,1094.70,18.82,0.81
2026-06-07T06:14:46,1,3.82,30270.00,18.76,14532.00,999.00,19.08,1095.50,18.81,0.82
2026-06-07T06:14:46,1,3.85,30270.00,18.76,14532.00,999.00,19.08,1097.30,18.82,0.84
2026-06-07T06:14:46,1,3.85,30330.00,18.80,14559.00,999.00,19.09,1098.80,18.82,0.85
2026-06-07T06:14:47,1,3.88,30330.00,18.80,14559.00,999.00,19.08,1100.30,18.82,0.87
2026-06-07T06:14:47,1,3.88,30330.00,18.80,14559.00,999.00,19.09,1101.00,18.83,0.87
2026-06-07T06:14:47,1,3.86,30330.00,18.80,14559.00,999.00,19.08,1101.70,18.82,0.88
2026-06-07T06:14:47,1,3.86,30330.00,18.80,14559.00,999.00,19.09,1102.70,18.83,0.89
2026-06-07T06:14:48,1,3.88,30410.00,18.85,14598.00,999.00,19.09,1104.10,18.83,0.90
2026-06-07T06:14:48,1,3.87,30410.00,18.85,14598.00,999.00,19.09,1104.40,18.83,0.91
2026-06-07T06:14:48,1,3.88,30410.00,18.85,14598.00,999.00,19.09,1104.60,18.83,0.91
2026-06-07T06:14:48,1,3.85,30410.00,18.85,14598.00,999.00,19.08,1105.80,18.83,0.92
2026-06-07T06:14:48,1,3.86,30410.00,18.85,14598.00,999.00,19.09,1105.80,18.83,0.92
2026-06-07T06:14:49,1,3.86,30360.00,18.82,14575.00,999.00,19.09,1106.40,18.83,0.93
2026-06-07T06:14:49,1,3.87,30360.00,18.82,14575.00,999.00,19.08,1107.00,18.83,0.93
2026-06-07T06:14:49,1,3.86,30360.00,18.82,14575.00,999.00,19.09,1108.20,18.83,0.94
2026-06-07T06:14:49,1,3.86,30360.00,18.82,14575.00,999.00,19.09,1108.60,18.83,0.95
2026-06-07T06:14:49,1,3.87,30300.00,18.78,14545.00,999.00,19.08,1109.00,18.83,0.95
2026-06-07T06:14:50,1,3.88,30300.00,18.78,14545.00,999.00,19.09,1109.20,18.83,0.95
2026-06-07T06:14:50,1,3.89,30300.00,18.78,14545.00,999.00,19.09,1110.80,18.83,0.97
2026-06-07T06:14:50,1,3.84,30300.00,18.78,14545.00,999.00,19.08,1111.80,18.83,0.98
2026-06-07T06:14:50,1,3.87,30300.00,18.78,14545.00,999.00,19.09,1112.50,18.83,0.99
2026-06-07T06:14:50,1,3.88,30280.00,18.77,14536.00,999.00,19.08,1113.10,18.84,0.99
2026-06-07T06:14:51,1,3.86,30280.00,18.77,14536.00,999.00,19.08,1113.40,18.83,0.99
2026-06-07T06:14:51,1,3.85,30280.00,18.77,14536.00,999.00,19.09,1114.10,18.84,1.00
2026-06-07T06:14:51,1,3.86,30280.00,18.77,14536.00,999.00,19.09,1114.70,18.84,1.01
2026-06-07T06:14:51,1,3.85,30280.00,18.77,14536.00,999.00,19.09,1115.00,18.84,1.01
2026-06-07T06:14:51,1,3.83,30330.00,18.80,14563.00,999.00,19.08,1115.70,18.83,1.02
2026-06-07T06:14:52,1,3.86,30330.00,18.80,14563.00,999.00,19.08,1116.80,18.84,1.03
2026-06-07T06:14:52,1,3.88,30330.00,18.80,14563.00,999.00,19.08,1117.10,18.84,1.03
2026-06-07T06:14:52,1,3.86,30330.00,18.80,14563.00,999.00,19.09,1118.20,18.84,1.04
2026-06-07T06:14:52,1,3.86,30330.00,18.80,14563.00,999.00,19.09,1119.50,18.84,1.06
2026-06-07T06:14:52,1,3.88,30330.00,18.80,14561.00,999.00,19.09,1120.00,18.84,1.06
2026-06-07T06:14:53,1,3.86,30330.00,18.80,14561.00,999.00,19.08,1121.50,18.84,1.08
2026-06-07T06:14:53,1,3.86,30330.00,18.80,14561.00,999.00,19.09,1122.30,18.84,1.08
2026-06-07T06:14:53,1,3.84,30330.00,18.80,14561.00,999.00,19.08,1122.70,18.84,1.09
2026-06-07T06:14:53,1,3.87,30330.00,18.80,14561.00,999.00,19.08,1123.60,18.84,1.10
2026-06-07T06:14:53,1,3.86,30320.00,18.79,14556.00,999.00,19.09,1124.40,18.84,1.10
2026-06-07T06:14:54,1,3.86,30320.00,18.79,14556.00,999.00,19.08,1124.90,18.84,1.11
2026-06-07T06:14:54,1,3.88,30320.00,18.79,14556.00,999.00,19.08,1126.40,18.84,1.12
2026-06-07T06:14:54,1,3.85,30320.00,18.79,14556.00,999.00,19.09,1127.00,18.84,1.13
2026-06-07T06:14:54,1,3.86,30340.00,18.81,14565.00,999.00,19.08,1127.10,18.84,1.13
2026-06-07T06:14:55,1,3.87,30340.00,18.81,14565.00,999.00,19.09,1128.40,18.84,1.14
2026-06-07T06:14:55,1,3.89,30340.00,18.81,14565.00,999.00,19.09,1129.10,18.84,1.15
2026-06-07T06:14:55,1,3.87,30340.00,18.81,14565.00,999.00,19.09,1130.00,18.84,1.16
2026-06-07T06:14:55,1,3.87,30340.00,18.81,14565.00,999.00,19.08,1130.70,18.84,1.17
2026-06-07T06:14:55,1,3.88,30370.00,18.83,14581.00,999.00,19.09,1131.50,18.85,1.17
2026-06-07T06:14:56,1,3.88,30370.00,18.83,14581.00,999.00,19.08,1131.80,18.85,1.18
2026-06-07T06:14:56,1,3.88,30370.00,18.83,14581.00,999.00,19.09,1133.40,18.85,1.19
2026-06-07T06:14:56,1,3.84,30370.00,18.83,14581.00,999.00,19.08,1134.10,18.85,1.20
2026-06-07T06:14:56,1,3.85,30370.00,18.83,14581.00,999.00,19.08,1135.30,18.85,1.21
2026-06-07T06:14:56,1,3.86,30330.00,18.80,14562.00,999.00,19.08,1136.00,18.85,1.22
2026-06-07T06:14:57,1,3.86,30330.00,18.80,14562.00,999.00,19.08,1136.00,18.85,1.22
2026-06-07T06:14:57,1,3.86,30330.00,18.80,14562.00,999.00,19.09,1137.10,18.85,1.23
2026-06-07T06:14:57,1,3.86,30330.00,18.80,14562.00,999.00,19.09,1138.30,18.85,1.24
2026-06-07T06:14:57,1,3.86,30330.00,18.80,14562.00,999.00,19.08,1138.40,18.85,1.24
2026-06-07T06:14:57,1,3.88,30320.00,18.80,14557.00,999.00,19.09,1140.30,18.85,1.26
2026-06-07T06:14:58,1,3.85,30320.00,18.80,14557.00,999.00,19.08,1141.70,18.84,1.28
2026-06-07T06:14:58,1,3.85,30320.00,18.80,14557.00,999.00,19.09,1142.90,18.85,1.29
2026-06-07T06:14:58,1,3.83,30320.00,18.80,14557.00,999.00,19.08,1144.10,18.85,1.30
2026-06-07T06:14:58,1,3.85,30330.00,18.80,14560.00,999.00,19.08,1145.50,18.85,1.31
2026-06-07T06:14:58,1,3.88,30330.00,18.80,14560.00,999.00,19.07,1145.60,18.85,1.31
2026-06-07T06:14:59,1,3.88,30330.00,18.80,14560.00,999.00,19.08,1146.40,18.84,1.32
2026-06-07T06:14:59,1,3.86,30330.00,18.80,14560.00,999.00,19.08,1146.30,18.85,1.32
2026-06-07T06:14:59,1,3.87,30330.00,18.80,14560.00,999.00,19.08,1147.20,18.85,1.33
2026-06-07T06:14:59,1,3.88,30310.00,18.79,14554.00,999.00,19.08,1148.30,18.85,1.34
2026-06-07T06:15:00,1,3.88,30310.00,18.79,14554.00,999.00,19.08,1149.00,18.85,1.35
2026-06-07T06:15:00,1,3.86,30310.00,18.79,14554.00,999.00,19.08,1149.90,18.85,1.36
2026-06-07T06:15:00,1,3.88,30310.00,18.79,14554.00,999.00,19.08,1150.40,18.85,1.36
2026-06-07T06:15:00,1,3.86,30310.00,18.79,14554.00,999.00,19.08,1151.60,18.85,1.37
2026-06-07T06:15:00,1,3.86,30320.00,18.80,14558.00,999.00,19.08,1152.40,18.85,1.38
2026-06-07T06:15:01,1,3.85,30320.00,18.80,14558.00,999.00,19.07,1154.10,18.85,1.40
2026-06-07T06:15:01,1,3.83,30320.00,18.80,14558.00,999.00,19.08,1155.20,18.85,1.41
2026-06-07T06:15:01,1,3.85,30320.00,18.80,14558.00,999.00,19.08,1157.80,18.85,1.43
2026-06-07T06:15:01,1,3.84,30320.00,18.80,14558.00,999.00,19.08,1158.90,18.86,1.45
2026-06-07T06:15:01,1,3.86,30340.00,18.81,14565.00,999.00,19.08,1159.70,18.86,1.45
2026-06-07T06:15:02,1,3.88,30340.00,18.81,14565.00,999.00,19.08,1161.80,18.86,1.47
2026-06-07T06:15:02,1,3.84,30340.00,18.81,14565.00,999.00,19.08,1163.00,18.86,1.49
2026-06-07T06:15:02,1,3.87,30340.00,18.81,14565.00,999.00,19.08,1164.60,18.85,1.50
2026-06-07T06:15:02,1,3.86,30330.00,18.80,14560.00,999.00,19.08,1166.20,18.85,1.52
2026-06-07T06:15:02,1,3.87,30330.00,18.80,14560.00,999.00,19.08,1167.10,18.86,1.53
2026-06-07T06:15:03,1,3.84,30330.00,18.80,14560.00,999.00,19.08,1167.40,18.86,1.53
2026-06-07T06:15:03,1,3.84,30330.00,18.80,14560.00,999.00,19.08,1168.50,18.86,1.54
2026-06-07T06:15:03,1,3.88,30330.00,18.80,14560.00,999.00,19.08,1169.80,18.85,1.55
2026-06-07T06:15:03,1,3.88,30370.00,18.83,14580.00,999.00,19.08,1170.90,18.86,1.56
2026-06-07T06:15:03,1,3.86,30370.00,18.83,14580.00,999.00,19.08,1171.80,18.86,1.57
2026-06-07T06:15:04,1,3.85,30370.00,18.83,14580.00,999.00,19.08,1172.60,18.86,1.58
2026-06-07T06:15:04,1,3.85,30370.00,18.83,14580.00,999.00,19.08,1172.60,18.86,1.58
2026-06-07T06:15:04,1,3.86,30370.00,18.83,14580.00,999.00,19.09,1173.70,18.86,1.59
2026-06-07T06:15:04,1,3.88,30360.00,18.82,14578.00,999.00,19.08,1174.40,18.86,1.60
2026-06-07T06:15:04,1,3.86,30360.00,18.82,14578.00,999.00,19.08,1175.20,18.86,1.61
2026-06-07T06:15:05,1,3.86,30360.00,18.82,14578.00,999.00,19.08,1176.40,18.86,1.62
2026-06-07T06:15:05,1,3.86,30360.00,18.82,14578.00,999.00,19.09,1177.40,18.86,1.63
2026-06-07T06:15:05,1,3.86,30360.00,18.82,14578.00,999.00,19.09,1178.30,18.86,1.64
2026-06-07T06:15:05,1,3.88,30390.00,18.84,14591.00,999.00,19.08,1179.80,18.86,1.65
2026-06-07T06:15:05,1,3.88,30390.00,18.84,14591.00,999.00,19.09,1179.70,18.86,1.65
2026-06-07T06:15:06,1,3.88,30390.00,18.84,14591.00,999.00,19.09,1180.70,18.86,1.66
2026-06-07T06:15:06,1,3.85,30390.00,18.84,14591.00,999.00,19.09,1180.80,18.86,1.66
2026-06-07T06:15:06,1,3.84,30390.00,18.84,14591.00,999.00,19.09,1181.40,18.86,1.67
2026-06-07T06:15:06,1,3.88,30380.00,18.84,14587.00,999.00,19.09,1181.80,18.86,1.67
2026-06-07T06:15:07,1,3.88,30380.00,18.84,14587.00,999.00,19.08,1181.70,18.86,1.67
2026-06-07T06:15:07,1,3.86,30380.00,18.84,14587.00,999.00,19.09,1182.30,18.86,1.68
2026-06-07T06:15:07,1,3.84,30380.00,18.84,14587.00,999.00,19.09,1184.50,18.86,1.70
2026-06-07T06:15:07,1,3.85,30360.00,18.82,14576.00,999.00,19.08,1186.10,18.87,1.72
2026-06-07T06:15:07,1,3.86,30360.00,18.82,14576.00,999.00,19.09,1186.40,18.86,1.72
2026-06-07T06:15:08,1,3.87,30360.00,18.82,14576.00,999.00,19.09,1187.70,18.87,1.73
2026-06-07T06:15:08,1,3.87,30360.00,18.82,14576.00,999.00,19.08,1188.90,18.86,1.74
2026-06-07T06:15:08,1,3.85,30360.00,18.82,14576.00,999.00,19.09,1188.90,18.87,1.74
2026-06-07T06:15:08,1,3.86,30380.00,18.84,14587.00,999.00,19.09,1190.20,18.87,1.76
2026-06-07T06:15:08,1,3.87,30380.00,18.84,14587.00,999.00,19.09,1190.60,18.87,1.76
2026-06-07T06:15:09,1,3.88,30380.00,18.84,14587.00,999.00,19.08,1190.60,18.87,1.76
2026-06-07T06:15:09,1,3.85,30380.00,18.84,14587.00,999.00,19.09,1191.90,18.87,1.77
2026-06-07T06:15:09,1,3.85,30380.00,18.84,14587.00,999.00,19.09,1192.20,18.87,1.78
2026-06-07T06:15:09,1,3.86,30450.00,18.88,14619.00,999.00,19.09,1193.60,18.87,1.79
2026-06-07T06:15:09,1,3.84,30450.00,18.88,14619.00,999.00,19.09,1194.80,18.87,1.80
2026-06-07T06:15:10,1,3.86,30450.00,18.88,14619.00,999.00,19.09,1195.10,18.87,1.80
2026-06-07T06:15:10,1,3.85,30450.00,18.88,14619.00,999.00,19.09,1194.80,18.87,1.80
2026-06-07T06:15:10,1,3.86,30450.00,18.88,14619.00,999.00,19.08,1196.20,18.87,1.82
2026-06-07T06:15:10,1,3.86,30450.00,18.88,14617.00,999.00,19.09,1197.00,18.87,1.82
2026-06-07T06:15:10,1,3.89,30450.00,18.88,14617.00,999.00,19.09,1197.60,18.87,1.83
2026-06-07T06:15:11,1,3.86,30450.00,18.88,14617.00,999.00,19.09,1199.50,18.86,1.85
2026-06-07T06:15:11,1,3.85,30450.00,18.88,14617.00,999.00,19.09,1201.00,18.87,1.86
2026-06-07T06:15:11,1,3.88,30450.00,18.88,14619.00,999.00,19.09,1201.30,18.86,1.87
2026-06-07T06:15:11,1,3.88,30450.00,18.88,14619.00,999.00,19.08,1202.80,18.87,1.88
2026-06-07T06:15:12,1,3.87,30450.00,18.88,14619.00,999.00,19.09,1203.10,18.87,1.88
2026-06-07T06:15:12,1,3.86,30450.00,18.88,14619.00,999.00,19.09,1205.00,18.87,1.90
2026-06-07T06:15:12,1,3.87,30450.00,18.88,14619.00,999.00,19.08,1205.40,18.87,1.91
2026-06-07T06:15:12,1,3.88,30460.00,18.89,14625.00,999.00,19.09,1205.10,18.87,1.90
2026-06-07T06:15:12,1,3.88,30460.00,18.89,14625.00,999.00,19.09,1205.50,18.87,1.91
2026-06-07T06:15:13,1,3.88,30460.00,18.89,14625.00,999.00,19.09,1206.40,18.87,1.92
2026-06-07T06:15:13,1,3.84,30460.00,18.89,14625.00,999.00,19.09,1207.10,18.87,1.92
2026-06-07T06:15:13,1,3.86,30460.00,18.89,14625.00,999.00,19.09,1208.00,18.87,1.93
2026-06-07T06:15:13,1,3.86,30460.00,18.89,14623.00,999.00,19.08,1208.70,18.87,1.94
2026-06-07T06:15:13,1,3.87,30460.00,18.89,14623.00,999.00,19.09,1209.90,18.87,1.95
2026-06-07T06:15:14,1,3.88,30460.00,18.89,14623.00,999.00,19.09,1211.70,18.87,1.97
2026-06-07T06:15:14,1,3.83,30460.00,18.89,14623.00,999.00,19.09,1212.40,18.87,1.98
2026-06-07T06:15:14,1,3.86,30470.00,18.89,14627.00,999.00,19.09,1213.10,18.87,1.98
2026-06-07T06:15:14,1,3.86,30470.00,18.89,14627.00,999.00,19.09,1215.10,18.88,2.00
2026-06-07T06:15:14,1,3.86,30470.00,18.89,14627.00,999.00,19.09,1215.80,18.88,2.01
2026-06-07T06:15:15,1,3.85,30470.00,18.89,14627.00,999.00,19.09,1216.80,18.87,2.02
2026-06-07T06:15:15,1,3.84,30470.00,18.89,14627.00,999.00,19.09,1217.50,18.87,2.03
2026-06-07T06:15:15,1,3.88,30460.00,18.89,14624.00,999.00,19.08,1218.50,18.87,2.04
2026-06-07T06:15:15,1,3.88,30460.00,18.89,14624.00,999.00,19.09,1219.20,18.87,2.04
2026-06-07T06:15:15,1,3.88,30460.00,18.89,14624.00,999.00,19.09,1220.00,18.88,2.05
2026-06-07T06:15:16,1,3.86,30460.00,18.89,14624.00,999.00,19.09,1220.60,18.88,2.06
2026-06-07T06:15:16,1,3.86,30460.00,18.89,14624.00,999.00,19.08,1220.60,18.88,2.06
2026-06-07T06:15:16,1,3.87,30450.00,18.88,14618.00,999.00,19.09,1221.70,18.87,2.07
2026-06-07T06:15:16,1,3.86,30450.00,18.88,14618.00,999.00,19.08,1221.80,18.88,2.07
2026-06-07T06:15:16,1,3.88,30450.00,18.88,14618.00,999.00,19.08,1222.90,18.87,2.08
2026-06-07T06:15:17,1,3.86,30450.00,18.88,14618.00,999.00,19.08,1224.10,18.88,2.09
2026-06-07T06:15:17,1,3.85,30450.00,18.88,14618.00,999.00,19.08,1225.40,18.88,2.10
2026-06-07T06:15:17,1,3.87,30460.00,18.89,14624.00,999.00,19.09,1225.50,18.88,2.11
2026-06-07T06:15:17,1,3.86,30460.00,18.89,14624.00,999.00,19.09,1227.00,18.88,2.12
2026-06-07T06:15:18,1,3.85,30460.00,18.89,14624.00,999.00,19.08,1227.90,18.87,2.13
2026-06-07T06:15:18,1,3.83,30460.00,18.89,14624.00,999.00,19.09,1229.00,18.88,2.14
2026-06-07T06:15:18,1,3.84,30460.00,18.89,14624.00,999.00,19.09,1231.00,18.88,2.16
2026-06-07T06:15:18,1,3.87,30460.00,18.89,14623.00,999.00,19.09,1232.20,18.88,2.17
2026-06-07T06:15:18,1,3.88,30460.00,18.89,14623.00,999.00,19.08,1232.70,18.88,2.18
2026-06-07T06:15:19,1,3.88,30460.00,18.89,14623.00,999.00,19.08,1234.20,18.87,2.19
2026-06-07T06:15:19,1,3.86,30460.00,18.89,14623.00,999.00,19.09,1234.70,18.88,2.20
2026-06-07T06:15:19,1,3.84,30440.00,18.88,14614.00,999.00,19.08,1236.20,18.88,2.21
2026-06-07T06:15:19,1,3.86,30440.00,18.88,14614.00,999.00,19.08,1237.40,18.88,2.22
2026-06-07T06:15:19,1,3.86,30440.00,18.88,14614.00,999.00,19.08,1238.00,18.88,2.23
2026-06-07T06:15:20,1,3.85,30440.00,18.88,14614.00,999.00,19.08,1239.10,18.88,2.24
2026-06-07T06:15:20,1,3.86,30440.00,18.88,14614.00,999.00,19.08,1240.10,18.88,2.25
2026-06-07T06:15:20,1,3.86,30470.00,18.90,14629.00,999.00,19.08,1240.70,18.88,2.26
2026-06-07T06:15:20,1,3.87,30470.00,18.90,14629.00,999.00,19.09,1242.30,18.88,2.27
2026-06-07T06:15:20,1,3.85,30470.00,18.90,14629.00,999.00,19.08,1243.10,18.88,2.28
2026-06-07T06:15:21,1,3.84,30470.00,18.90,14629.00,999.00,19.08,1243.60,18.88,2.29
2026-06-07T06:15:21,1,3.85,30470.00,18.90,14629.00,999.00,19.09,1244.70,18.88,2.30
2026-06-07T06:15:21,1,3.88,30460.00,18.89,14623.00,999.00,19.09,1245.80,18.88,2.31
2026-06-07T06:15:21,1,3.86,30460.00,18.89,14623.00,999.00,19.09,1247.30,18.88,2.32
2026-06-07T06:15:21,1,3.88,30460.00,18.89,14623.00,999.00,19.08,1248.30,18.88,2.33
2026-06-07T06:15:22,1,3.85,30460.00,18.89,14623.00,999.00,19.09,1249.90,18.88,2.35
2026-06-07T06:15:22,1,3.84,30460.00,18.89,14623.00,999.00,19.09,1250.50,18.88,2.35
2026-06-07T06:15:22,1,3.86,30470.00,18.89,14626.00,999.00,19.08,1250.30,18.88,2.35
2026-06-07T06:15:22,1,3.85,30470.00,18.89,14626.00,999.00,19.08,1251.70,18.88,2.37
2026-06-07T06:15:22,1,3.87,30470.00,18.89,14626.00,999.00,19.08,1252.10,18.88,2.37
2026-06-07T06:15:23,1,3.86,30470.00,18.89,14626.00,999.00,19.09,1253.60,18.88,2.38
2026-06-07T06:15:23,1,3.85,30470.00,18.89,14626.00,999.00,19.09,1254.70,18.88,2.40
2026-06-07T06:15:23,1,3.88,30500.00,18.92,14641.00,999.00,19.09,1255.70,18.88,2.41
2026-06-07T06:15:23,1,3.86,30500.00,18.92,14641.00,999.00,19.08,1257.30,18.88,2.42
2026-06-07T06:15:23,1,3.86,30500.00,18.92,14641.00,999.00,19.08,1259.20,18.88,2.44
2026-06-07T06:15:24,1,3.85,30500.00,18.92,14641.00,999.00,19.09,1262.40,18.86,2.47
2026-06-07T06:15:24,1,3.88,30460.00,18.89,14624.00,999.00,19.09,1264.30,18.88,2.49
2026-06-07T06:15:24,1,3.88,30460.00,18.89,14624.00,999.00,19.08,1264.80,18.88,2.50
2026-06-07T06:15:24,1,3.86,30460.00,18.89,14624.00,999.00,19.09,1266.70,18.88,2.51
2026-06-07T06:15:25,1,3.86,30460.00,18.89,14624.00,999.00,19.08,1267.00,18.88,2.52
2026-06-07T06:15:25,1,3.85,30460.00,18.89,14624.00,999.00,19.09,1268.60,18.88,2.53
2026-06-07T06:15:25,1,3.82,30470.00,18.90,14629.00,999.00,19.08,1269.20,18.88,2.54
2026-06-07T06:15:25,1,3.86,30470.00,18.90,14629.00,999.00,19.08,1270.60,18.88,2.55
2026-06-07T06:15:25,1,3.87,30470.00,18.90,14629.00,999.00,19.08,1272.60,18.88,2.57
2026-06-07T06:15:26,1,3.86,30470.00,18.90,14629.00,999.00,19.08,1274.30,18.88,2.59
2026-06-07T06:15:26,1,3.86,30470.00,18.90,14629.00,999.00,19.09,1275.60,18.88,2.60
2026-06-07T06:15:26,1,3.88,30500.00,18.92,14644.00,999.00,19.09,1276.70,18.88,2.61
2026-06-07T06:15:26,1,3.88,30500.00,18.92,14644.00,999.00,19.09,1277.90,18.88,2.63
2026-06-07T06:15:26,1,3.86,30500.00,18.92,14644.00,999.00,19.09,1278.90,18.88,2.64
2026-06-07T06:15:27,1,3.85,30500.00,18.92,14644.00,999.00,19.09,1279.80,18.88,2.64
2026-06-07T06:15:27,1,3.84,30520.00,18.93,14654.00,999.00,19.09,1280.80,18.88,2.65
2026-06-07T06:15:27,1,3.87,30520.00,18.93,14654.00,999.00,19.09,1281.70,18.89,2.66
2026-06-07T06:15:27,1,3.88,30520.00,18.93,14654.00,999.00,19.09,1283.50,18.88,2.68
2026-06-07T06:15:27,1,3.86,30520.00,18.93,14654.00,999.00,19.09,1283.90,18.88,2.68
2026-06-07T06:15:28,1,3.86,30520.00,18.93,14654.00,999.00,19.09,1285.50,18.89,2.70
2026-06-07T06:15:28,1,3.88,30530.00,18.94,14659.00,999.00,19.09,1287.40,18.89,2.72
2026-06-07T06:15:28,1,3.86,30530.00,18.94,14659.00,999.00,19.09,1288.60,18.88,2.73
2026-06-07T06:15:28,1,3.88,30530.00,18.94,14659.00,999.00,19.09,1289.60,18.89,2.74
2026-06-07T06:15:28,1,3.86,30530.00,18.94,14659.00,999.00,19.08,1291.00,18.89,2.75
2026-06-07T06:15:29,1,3.86,30530.00,18.94,14659.00,999.00,19.09,1292.10,18.88,2.77
2026-06-07T06:15:29,1,3.88,30520.00,18.93,14654.00,999.00,19.09,1293.20,18.89,2.78
2026-06-07T06:15:29,1,3.86,30520.00,18.93,14654.00,999.00,19.09,1294.30,18.88,2.79
2026-06-07T06:15:29,1,3.84,30520.00,18.93,14654.00,999.00,19.09,1295.00,18.88,2.79
2026-06-07T06:15:30,1,3.88,30520.00,18.93,14654.00,999.00,19.09,1296.40,18.89,2.81
2026-06-07T06:15:30,1,3.85,30520.00,18.93,14654.00,999.00,19.09,1297.40,18.89,2.82
2026-06-07T06:15:30,1,3.88,30550.00,18.95,14664.00,999.00,19.09,1299.00,18.89,2.83
2026-06-07T06:15:30,1,3.86,30550.00,18.95,14664.00,999.00,19.09,1299.80,18.89,2.84
2026-06-07T06:15:30,1,3.85,30550.00,18.95,14664.00,999.00,19.09,1300.50,18.89,2.85
2026-06-07T06:15:31,1,3.87,30550.00,18.95,14664.00,999.00,19.09,1301.60,18.89,2.86
2026-06-07T06:15:31,1,3.86,30550.00,18.95,14664.00,999.00,19.10,1303.00,18.89,2.87
2026-06-07T06:15:31,1,3.86,30560.00,18.96,14671.00,999.00,19.10,1304.60,18.89,2.89
2026-06-07T06:15:31,1,3.88,30560.00,18.96,14671.00,999.00,19.09,1307.20,18.89,2.92
2026-06-07T06:15:31,1,3.86,30560.00,18.96,14671.00,999.00,19.09,1308.10,18.89,2.92
2026-06-07T06:15:32,1,3.85,30560.00,18.96,14671.00,999.00,19.09,1309.00,18.89,2.93
2026-06-07T06:15:32,1,3.85,30540.00,18.94,14661.00,999.00,19.09,1309.90,18.89,2.94
2026-06-07T06:15:32,1,3.86,30540.00,18.94,14661.00,999.00,19.09,1310.20,18.89,2.95
2026-06-07T06:15:32,1,3.86,30540.00,18.94,14661.00,999.00,19.09,1311.20,18.89,2.96
2026-06-07T06:15:32,1,3.86,30540.00,18.94,14661.00,999.00,19.09,1312.00,18.89,2.96
2026-06-07T06:15:33,1,3.86,30540.00,18.94,14661.00,999.00,19.09,1312.90,18.89,2.97
2026-06-07T06:15:33,1,3.88,30550.00,18.95,14668.00,999.00,19.09,1313.40,18.89,2.98
2026-06-07T06:15:33,1,3.85,30550.00,18.95,14668.00,999.00,19.10,1314.90,18.89,2.99
2026-06-07T06:15:33,1,3.87,30550.00,18.95,14668.00,999.00,19.09,1315.80,18.89,3.00
2026-06-07T06:15:33,1,3.85,30550.00,18.95,14668.00,999.00,19.09,1316.90,18.89,3.01
2026-06-07T06:15:34,1,3.86,30550.00,18.95,14668.00,999.00,19.10,1318.00,18.89,3.02
2026-06-07T06:15:34,1,3.86,30570.00,18.96,14674.00,999.00,19.09,1318.60,18.89,3.03
2026-06-07T06:15:34,1,3.88,30570.00,18.96,14674.00,999.00,19.09,1320.80,18.89,3.05
2026-06-07T06:15:34,1,3.88,30570.00,18.96,14674.00,999.00,19.09,1323.20,18.89,3.07
2026-06-07T06:15:34,1,3.86,30570.00,18.96,14674.00,999.00,19.09,1324.20,18.89,3.08
2026-06-07T06:15:35,1,3.85,30570.00,18.96,14674.00,999.00,19.10,1324.20,18.89,3.08
2026-06-07T06:15:35,1,3.88,30570.00,18.96,14676.00,999.00,19.09,1324.60,18.89,3.09
2026-06-07T06:15:35,1,3.88,30570.00,18.96,14676.00,999.00,19.10,1325.80,18.89,3.10
2026-06-07T06:15:35,1,3.86,30570.00,18.96,14676.00,999.00,19.09,1327.60,18.89,3.12
2026-06-07T06:15:35,1,3.85,30570.00,18.96,14676.00,999.00,19.09,1328.80,18.89,3.13
2026-06-07T06:15:36,1,3.85,30570.00,18.96,14676.00,999.00,19.09,1331.10,18.89,3.15
2026-06-07T06:15:36,1,3.88,30600.00,18.98,14689.00,999.00,19.10,1333.20,18.89,3.17
2026-06-07T06:15:36,1,3.86,30600.00,18.98,14689.00,999.00,19.09,1334.30,18.88,3.18
2026-06-07T06:15:36,1,3.85,30600.00,18.98,14689.00,999.00,19.09,1334.20,18.89,3.18
2026-06-07T06:15:37,1,3.85,30600.00,18.98,14689.00,999.00,19.09,1336.20,18.88,3.20
2026-06-07T06:15:37,1,3.86,30590.00,18.98,14684.00,999.00,19.10,1337.40,18.89,3.21
2026-06-07T06:15:37,1,3.87,30590.00,18.98,14684.00,999.00,19.09,1339.10,18.89,3.23
2026-06-07T06:15:37,1,3.86,30590.00,18.98,14684.00,999.00,19.10,1340.50,18.89,3.25
2026-06-07T06:15:37,1,3.84,30590.00,18.98,14684.00,999.00,19.10,1342.00,18.89,3.26
2026-06-07T06:15:38,1,3.86,30590.00,18.98,14684.00,999.00,19.09,1344.30,18.89,3.28
2026-06-07T06:15:38,1,3.86,30600.00,18.98,14690.00,999.00,19.10,1347.00,18.89,3.31
2026-06-07T06:15:38,1,3.88,30600.00,18.98,14690.00,999.00,19.10,1348.50,18.89,3.32
2026-06-07T06:15:38,1,3.88,30600.00,18.98,14690.00,999.00,19.09,1349.40,18.89,3.33
2026-06-07T06:15:38,1,3.87,30600.00,18.98,14690.00,999.00,19.10,1350.20,18.89,3.34
2026-06-07T06:15:39,1,3.86,30600.00,18.98,14690.00,999.00,19.10,1351.00,18.89,3.35
2026-06-07T06:15:39,1,3.88,30590.00,18.98,14686.00,999.00,19.10,1351.10,18.89,3.35
2026-06-07T06:15:39,1,3.87,30590.00,18.98,14686.00,999.00,19.10,1351.70,18.89,3.36
2026-06-07T06:15:39,1,3.84,30590.00,18.98,14686.00,999.00,19.10,1352.60,18.90,3.37
2026-06-07T06:15:39,1,3.86,30590.00,18.98,14686.00,999.00,19.10,1354.50,18.90,3.38
2026-06-07T06:15:40,1,3.86,30590.00,18.98,14686.00,999.00,19.10,1355.70,18.90,3.40
2026-06-07T06:15:40,1,3.88,30590.00,18.98,14686.00,999.00,19.10,1357.10,18.89,3.41
2026-06-07T06:15:40,1,3.88,30590.00,18.98,14686.00,999.00,19.10,1358.90,18.90,3.43
2026-06-07T06:15:40,1,3.84,30590.00,18.98,14686.00,999.00,19.09,1360.50,18.90,3.44
2026-06-07T06:15:41,1,3.85,30590.00,18.98,14686.00,999.00,19.10,1361.70,18.90,3.46
2026-06-07T06:15:41,1,3.87,30600.00,18.99,14691.00,999.00,19.10,1362.90,18.90,3.47
2026-06-07T06:15:41,1,3.88,30600.00,18.99,14691.00,999.00,19.10,1364.40,18.90,3.48
2026-06-07T06:15:41,1,3.88,30600.00,18.99,14691.00,999.00,19.10,1364.60,18.90,3.48
2026-06-07T06:15:41,1,3.86,30600.00,18.99,14691.00,999.00,19.10,1365.20,18.90,3.49
2026-06-07T06:15:42,1,3.87,30600.00,18.99,14691.00,999.00,19.09,1365.90,18.90,3.50
2026-06-07T06:15:42,1,3.88,30590.00,18.98,14686.00,999.00,19.10,1367.30,18.90,3.51
2026-06-07T06:15:42,1,3.86,30590.00,18.98,14686.00,999.00,19.10,1368.60,18.90,3.52
2026-06-07T06:15:42,1,3.87,30590.00,18.98,14686.00,999.00,19.10,1371.00,18.90,3.55
2026-06-07T06:15:42,1,3.85,30590.00,18.98,14686.00,999.00,19.09,1371.70,18.90,3.55
2026-06-07T06:15:43,1,3.85,30590.00,18.98,14686.00,999.00,19.10,1372.90,18.90,3.57
2026-06-07T06:15:43,1,3.87,30610.00,18.99,14693.00,999.00,19.09,1374.00,18.90,3.58
2026-06-07T06:15:43,1,3.87,30610.00,18.99,14693.00,999.00,19.10,1375.30,18.90,3.59
2026-06-07T06:15:43,1,3.86,30610.00,18.99,14693.00,999.00,19.09,1375.40,18.90,3.59
2026-06-07T06:15:43,1,3.83,30610.00,18.99,14693.00,999.00,19.10,1376.80,18.90,3.61
2026-06-07T06:15:44,1,3.85,30610.00,18.99,14693.00,999.00,19.09,1378.50,18.90,3.62
2026-06-07T06:15:44,1,3.85,30590.00,18.98,14687.00,999.00,19.10,1379.90,18.90,3.64
2026-06-07T06:15:44,1,3.86,30590.00,18.98,14687.00,999.00,19.09,1381.40,18.90,3.65
2026-06-07T06:15:44,1,3.86,30590.00,18.98,14687.00,999.00,19.10,1382.70,18.90,3.66
2026-06-07T06:15:44,1,3.86,30590.00,18.98,14687.00,999.00,19.09,1383.50,18.90,3.67
2026-06-07T06:15:45,1,3.86,30610.00,18.99,14696.00,999.00,19.09,1384.30,18.90,3.68
2026-06-07T06:15:45,1,3.86,30610.00,18.99,14696.00,999.00,19.10,1384.30,18.90,3.68
2026-06-07T06:15:45,1,3.86,30610.00,18.99,14696.00,999.00,19.10,1385.80,18.90,3.69
2026-06-07T06:15:45,1,3.85,30610.00,18.99,14696.00,999.00,19.09,1386.80,18.90,3.70
2026-06-07T06:15:45,1,3.85,30610.00,18.99,14696.00,999.00,19.10,1388.20,18.90,3.72
2026-06-07T06:15:46,1,3.87,30600.00,18.99,14691.00,999.00,19.10,1389.70,18.90,3.73
2026-06-07T06:15:46,1,3.86,30600.00,18.99,14691.00,999.00,19.10,1390.50,18.90,3.74
2026-06-07T06:15:46,1,3.86,30600.00,18.99,14691.00,999.00,19.10,1391.10,18.90,3.75
2026-06-07T06:15:46,1,3.85,30600.00,18.99,14691.00,999.00,19.10,1392.40,18.90,3.76
2026-06-07T06:15:46,1,3.84,30600.00,18.99,14691.00,999.00,19.10,1393.20,18.90,3.77
2026-06-07T06:15:47,1,3.85,30600.00,18.98,14689.00,999.00,19.10,1394.80,18.90,3.78
2026-06-07T06:15:47,1,3.88,30600.00,18.98,14689.00,999.00,19.10,1395.90,18.90,3.79
2026-06-07T06:15:47,1,3.87,30600.00,18.98,14689.00,999.00,19.09,1396.70,18.90,3.80
2026-06-07T06:15:47,1,3.85,30600.00,18.98,14689.00,999.00,19.10,1398.10,18.90,3.82
2026-06-07T06:15:48,1,3.87,30600.00,18.98,14689.00,999.00,19.10,1398.30,18.90,3.82
2026-06-07T06:15:48,1,3.88,30580.00,18.97,14679.00,999.00,19.10,1399.80,18.90,3.83
2026-06-07T06:15:48,1,3.86,30580.00,18.97,14679.00,999.00,19.10,1400.40,18.90,3.84
2026-06-07T06:15:48,1,3.86,30580.00,18.97,14679.00,999.00,19.09,1402.00,18.90,3.85
2026-06-07T06:15:48,1,3.83,30580.00,18.97,14679.00,999.00,19.09,1402.00,18.90,3.85
2026-06-07T06:15:49,1,3.83,30580.00,18.97,14679.00,999.00,19.10,1402.50,18.90,3.86
2026-06-07T06:15:49,1,3.86,30580.00,18.97,14681.00,999.00,19.09,1403.60,18.89,3.87
2026-06-07T06:15:49,1,3.86,30580.00,18.97,14681.00,999.00,19.10,1404.70,18.90,3.88
2026-06-07T06:15:49,1,3.86,30580.00,18.97,14681.00,999.00,19.10,1406.20,18.90,3.90
2026-06-07T06:15:49,1,3.87,30580.00,18.97,14681.00,999.00,19.10,1407.20,18.90,3.91
2026-06-07T06:15:50,1,3.87,30590.00,18.98,14686.00,999.00,19.10,1408.30,18.89,3.92
2026-06-07T06:15:50,1,3.87,30590.00,18.98,14686.00,999.00,19.09,1408.80,18.90,3.92
2026-06-07T06:15:50,1,3.82,30590.00,18.98,14686.00,999.00,19.10,1409.50,18.90,3.93
2026-06-07T06:15:50,1,3.85,30590.00,18.98,14686.00,999.00,19.10,1410.70,18.90,3.94
2026-06-07T06:15:50,1,3.86,30590.00,18.98,14686.00,999.00,19.10,1411.60,18.90,3.95
2026-06-07T06:15:51,1,3.88,30620.00,19.00,14702.00,999.00,19.10,1412.00,18.90,3.95
2026-06-07T06:15:51,1,3.88,30620.00,19.00,14702.00,999.00,19.10,1412.80,18.90,3.96
2026-06-07T06:15:51,1,3.88,30620.00,19.00,14702.00,999.00,19.10,1413.20,18.90,3.97
2026-06-07T06:15:51,1,3.87,30620.00,19.00,14702.00,999.00,19.10,1413.40,18.90,3.97
2026-06-07T06:15:52,1,3.87,30640.00,19.01,14709.00,999.00,19.10,1414.40,18.90,3.98
2026-06-07T06:15:52,1,3.86,30640.00,19.01,14709.00,999.00,19.10,1414.80,18.90,3.98
2026-06-07T06:15:52,1,3.88,30640.00,19.01,14709.00,999.00,19.10,1415.30,18.90,3.99
2026-06-07T06:15:52,1,3.87,30640.00,19.01,14709.00,999.00,19.10,1415.70,18.91,3.99
2026-06-07T06:15:52,1,3.84,30640.00,19.01,14709.00,999.00,19.09,1416.10,18.90,3.99
2026-06-07T06:15:53,1,3.86,30630.00,19.01,14705.00,999.00,19.10,1416.60,18.90,4.00
2026-06-07T06:15:53,1,3.88,30630.00,19.01,14705.00,999.00,19.10,1417.60,18.91,4.01
2026-06-07T06:15:53,1,3.86,30630.00,19.01,14705.00,999.00,19.09,1418.90,18.90,4.02
2026-06-07T06:15:53,1,3.85,30630.00,19.01,14705.00,999.00,19.10,1419.90,18.91,4.03
2026-06-07T06:15:53,1,3.86,30630.00,19.01,14705.00,999.00,19.10,1420.80,18.91,4.04
2026-06-07T06:15:54,1,3.84,30690.00,19.05,14735.00,999.00,19.10,1421.90,18.90,4.05
2026-06-07T06:15:54,1,3.86,30690.00,19.05,14735.00,999.00,19.10,1421.50,18.91,4.05
2026-06-07T06:15:54,1,3.88,30690.00,19.05,14735.00,999.00,19.09,1423.50,18.91,4.07
2026-06-07T06:15:54,1,3.84,30690.00,19.05,14735.00,999.00,19.10,1424.20,18.91,4.07
2026-06-07T06:15:54,1,3.85,30690.00,19.05,14735.00,999.00,19.09,1424.80,18.90,4.08
2026-06-07T06:15:55,1,3.88,30690.00,19.05,14736.00,999.00,19.10,1424.90,18.91,4.08
2026-06-07T06:15:55,1,3.88,30690.00,19.05,14736.00,999.00,19.10,1425.30,18.91,4.09
2026-06-07T06:15:55,1,3.89,30690.00,19.05,14736.00,999.00,19.10,1425.30,18.90,4.09
2026-06-07T06:15:55,1,3.86,30690.00,19.05,14736.00,999.00,19.09,1426.10,18.91,4.09
2026-06-07T06:15:55,1,3.86,30690.00,19.05,14736.00,999.00,19.10,1426.60,18.90,4.10
2026-06-07T06:15:56,1,3.88,30640.00,19.01,14711.00,999.00,19.09,1427.20,18.91,4.10
2026-06-07T06:15:56,1,3.86,30640.00,19.01,14711.00,999.00,19.09,1428.60,18.91,4.12
2026-06-07T06:15:56,1,3.89,30640.00,19.01,14711.00,999.00,19.09,1428.80,18.91,4.12
2026-06-07T06:15:56,1,3.86,30640.00,19.01,14711.00,999.00,19.10,1429.40,18.91,4.13
2026-06-07T06:15:56,1,3.85,30620.00,19.00,14700.00,999.00,19.10,1429.70,18.91,4.13
2026-06-07T06:15:57,1,3.87,30620.00,19.00,14700.00,999.00,19.10,1430.70,18.90,4.14
2026-06-07T06:15:57,1,3.85,30620.00,19.00,14700.00,999.00,19.09,1431.70,18.91,4.15
2026-06-07T06:15:57,1,3.84,30620.00,19.00,14700.00,999.00,19.10,1432.70,18.91,4.16
2026-06-07T06:15:57,1,3.83,30620.00,19.00,14700.00,999.00,19.09,1433.30,18.90,4.17
2026-06-07T06:15:57,1,3.86,30580.00,18.97,14682.00,999.00,19.10,1433.40,18.91,4.17
2026-06-07T06:15:58,1,3.88,30580.00,18.97,14682.00,999.00,19.10,1433.40,18.91,4.17
2026-06-07T06:15:58,1,3.86,30580.00,18.97,14682.00,999.00,19.10,1433.50,18.91,4.17
2026-06-07T06:15:58,1,3.86,30580.00,18.97,14682.00,999.00,19.10,1433.90,18.91,4.17
2026-06-07T06:15:58,1,3.86,30580.00,18.97,14682.00,999.00,19.10,1433.80,18.91,4.17
2026-06-07T06:15:58,1,3.87,30620.00,19.00,14702.00,999.00,19.10,1434.50,18.91,4.18
2026-06-07T06:15:59,1,3.88,30620.00,19.00,14702.00,999.00,19.10,1435.80,18.91,4.19
2026-06-07T06:15:59,1,3.87,30620.00,19.00,14702.00,999.00,19.10,1436.10,18.91,4.19
2026-06-07T06:15:59,1,3.85,30620.00,19.00,14702.00,999.00,19.10,1437.30,18.91,4.20
2026-06-07T06:15:59,1,3.86,30620.00,19.00,14702.00,999.00,19.10,1438.20,18.91,4.21
2026-06-07T06:16:00,1,3.85,30700.00,19.05,14740.00,999.00,19.10,1439.30,18.91,4.22
2026-06-07T06:16:00,1,3.88,30700.00,19.05,14740.00,999.00,19.10,1440.10,18.91,4.23
2026-06-07T06:16:00,1,3.87,30700.00,19.05,14740.00,999.00,19.09,1441.30,18.91,4.24
2026-06-07T06:16:00,1,3.84,30700.00,19.05,14740.00,999.00,19.09,1441.20,18.91,4.24
2026-06-07T06:16:00,1,3.83,30700.00,19.05,14740.00,999.00,19.10,1442.00,18.91,4.25
2026-06-07T06:16:01,1,3.86,30760.00,19.10,14769.00,999.00,19.10,1443.00,18.91,4.26
2026-06-07T06:16:01,1,3.88,30760.00,19.10,14769.00,999.00,19.10,1443.90,18.91,4.27
2026-06-07T06:16:01,1,3.88,30760.00,19.10,14769.00,999.00,19.10,1444.80,18.91,4.28
2026-06-07T06:16:01,1,3.85,30760.00,19.10,14769.00,999.00,19.09,1445.50,18.90,4.29
2026-06-07T06:16:01,1,3.86,30770.00,19.10,14774.00,999.00,19.09,1446.00,18.91,4.29
2026-06-07T06:16:02,1,3.88,30770.00,19.10,14774.00,999.00,19.10,1447.30,18.90,4.30
2026-06-07T06:16:02,1,3.88,30770.00,19.10,14774.00,999.00,19.09,1447.70,18.91,4.31
2026-06-07T06:16:02,1,3.86,30770.00,19.10,14774.00,999.00,19.10,1449.40,18.91,4.32
2026-06-07T06:16:02,1,3.86,30770.00,19.10,14774.00,999.00,19.10,1449.40,18.91,4.32
2026-06-07T06:16:02,1,3.86,30760.00,19.10,14768.00,999.00,19.09,1449.90,18.91,4.33
2026-06-07T06:16:03,1,3.86,30760.00,19.10,14768.00,999.00,19.09,1450.30,18.90,4.33
2026-06-07T06:16:03,1,3.87,30760.00,19.10,14768.00,999.00,19.10,1450.70,18.90,4.34
2026-06-07T06:16:03,1,3.86,30760.00,19.10,14768.00,999.00,19.10,1451.00,18.91,4.34
2026-06-07T06:16:03,1,3.86,30760.00,19.10,14768.00,999.00,19.10,1453.00,18.91,4.36
2026-06-07T06:16:04,1,3.86,30750.00,19.08,14760.00,999.00,19.09,1453.80,18.91,4.37
2026-06-07T06:16:04,1,3.85,30750.00,19.08,14760.00,999.00,19.10,1454.70,18.91,4.38
2026-06-07T06:16:04,1,3.88,30750.00,19.08,14760.00,999.00,19.10,1454.80,18.91,4.38
2026-06-07T06:16:04,1,3.88,30750.00,19.08,14760.00,999.00,19.10,1456.00,18.91,4.39
2026-06-07T06:16:04,1,3.86,30750.00,19.09,14765.00,999.00,19.09,1455.60,18.91,4.39
2026-06-07T06:16:05,1,3.85,30750.00,19.09,14765.00,999.00,19.10,1456.40,18.91,4.39
2026-06-07T06:16:05,1,3.84,30750.00,19.09,14765.00,999.00,19.09,1457.50,18.91,4.40
2026-06-07T06:16:05,1,3.86,30750.00,19.09,14765.00,999.00,19.09,1458.20,18.91,4.41
2026-06-07T06:16:05,1,3.86,30750.00,19.09,14765.00,999.00,19.10,1458.70,18.91,4.42
2026-06-07T06:16:05,1,3.88,30800.00,19.12,14787.00,999.00,19.10,1459.40,18.91,4.42
2026-06-07T06:16:06,1,3.88,30800.00,19.12,14787.00,999.00,19.09,1460.30,18.91,4.43
2026-06-07T06:16:06,1,3.88,30800.00,19.12,14787.00,999.00,19.10,1460.40,18.91,4.43
2026-06-07T06:16:06,1,3.86,30800.00,19.12,14787.00,999.00,19.09,1461.10,18.91,4.44
2026-06-07T06:16:06,1,3.86,30800.00,19.12,14787.00,999.00,19.10,1461.60,18.91,4.45
2026-06-07T06:16:06,1,3.88,30870.00,19.17,14821.00,999.00,19.09,1462.50,18.91,4.45
2026-06-07T06:16:07,1,3.85,30870.00,19.17,14821.00,999.00,19.09,1463.50,18.91,4.46
2026-06-07T06:16:07,1,3.84,30870.00,19.17,14821.00,999.00,19.09,1464.30,18.91,4.47
2026-06-07T06:16:07,1,3.86,30870.00,19.17,14821.00,999.00,19.09,1465.50,18.91,4.48
2026-06-07T06:16:07,1,3.85,30870.00,19.17,14821.00,999.00,19.09,1466.30,18.91,4.49
2026-06-07T06:16:07,1,3.88,30980.00,19.24,14871.00,999.00,19.09,1467.90,18.91,4.51
2026-06-07T06:16:08,1,3.86,30980.00,19.24,14871.00,999.00,19.09,1468.40,18.91,4.51
2026-06-07T06:16:08,1,3.87,30980.00,19.24,14871.00,999.00,19.09,1469.70,18.91,4.53
2026-06-07T06:16:08,1,3.85,30980.00,19.24,14871.00,999.00,19.09,1470.00,18.91,4.53
2026-06-07T06:16:08,1,3.83,30980.00,19.24,14871.00,999.00,19.09,1471.00,18.91,4.54
2026-06-07T06:16:08,1,3.88,31000.00,19.26,14884.00,999.00,19.09,1471.40,18.91,4.54
2026-06-07T06:16:09,1,3.88,31000.00,19.26,14884.00,999.00,19.09,1472.60,18.91,4.55
2026-06-07T06:16:09,1,3.88,31000.00,19.26,14884.00,999.00,19.09,1473.50,18.91,4.56
2026-06-07T06:16:09,1,3.87,31000.00,19.26,14884.00,999.00,19.09,1475.60,18.91,4.58
2026-06-07T06:16:09,1,3.87,31100.00,19.33,14930.00,999.00,19.09,1477.30,18.91,4.60
2026-06-07T06:16:09,1,3.88,31100.00,19.33,14930.00,999.00,19.09,1477.20,18.91,4.60
2026-06-07T06:16:10,1,3.88,31100.00,19.33,14930.00,999.00,19.09,1476.90,18.91,4.60
2026-06-07T06:16:10,1,3.85,31100.00,19.33,14930.00,999.00,19.09,1477.70,18.91,4.61
2026-06-07T06:16:10,1,3.85,31100.00,19.33,14930.00,999.00,19.08,1477.60,18.91,4.60
2026-06-07T06:16:10,1,3.85,31070.00,19.31,14916.00,999.00,19.08,1478.80,18.91,4.62
2026-06-07T06:16:11,1,3.86,31070.00,19.31,14916.00,999.00,19.08,1479.20,18.91,4.62
2026-06-07T06:16:11,1,3.87,31070.00,19.31,14916.00,999.00,19.08,1481.00,18.91,4.64
2026-06-07T06:16:11,1,3.86,31070.00,19.31,14916.00,999.00,19.09,1481.90,18.91,4.65
2026-06-07T06:16:11,1,3.86,31070.00,19.31,14916.00,999.00,19.08,1483.30,18.91,4.66
2026-06-07T06:16:11,1,3.86,31050.00,19.29,14906.00,999.00,19.08,1483.70,18.91,4.66
2026-06-07T06:16:12,1,3.87,31050.00,19.29,14906.00,999.00,19.09,1484.40,18.91,4.67
2026-06-07T06:16:12,1,3.87,31050.00,19.29,14906.00,999.00,19.08,1484.20,18.91,4.67
2026-06-07T06:16:12,1,3.85,31050.00,19.29,14906.00,999.00,19.08,1485.30,18.91,4.68
2026-06-07T06:16:12,1,3.86,31050.00,19.29,14906.00,999.00,19.09,1487.30,18.91,4.70
2026-06-07T06:16:12,1,3.86,31050.00,19.29,14904.00,999.00,19.09,1488.10,18.91,4.71
2026-06-07T06:16:13,1,3.87,31050.00,19.29,14904.00,999.00,19.09,1488.30,18.91,4.71
2026-06-07T06:16:13,1,3.88,31050.00,19.29,14904.00,999.00,19.08,1489.80,18.91,4.72
2026-06-07T06:16:13,1,3.85,31050.00,19.29,14904.00,999.00,19.08,1490.40,18.91,4.73
2026-06-07T06:16:13,1,3.86,31050.00,19.29,14904.00,999.00,19.09,1491.70,18.91,4.74
2026-06-07T06:16:13,1,3.88,31100.00,19.33,14930.00,999.00,19.09,1492.40,18.91,4.75
2026-06-07T06:16:14,1,3.84,31100.00,19.33,14930.00,999.00,19.08,1492.00,18.91,4.75
2026-06-07T06:16:14,1,3.86,31100.00,19.33,14930.00,999.00,19.09,1491.70,18.90,4.74
2026-06-07T06:16:14,1,3.85,31100.00,19.33,14930.00,999.00,19.08,1492.20,18.91,4.75
2026-06-07T06:16:14,1,3.88,31220.00,19.41,14989.00,999.00,19.08,1493.50,18.91,4.76
2026-06-07T06:16:14,1,3.87,31220.00,19.41,14989.00,999.00,19.08,1493.80,18.90,4.76
2026-06-07T06:16:15,1,3.88,31220.00,19.41,14989.00,999.00,19.08,1495.00,18.91,4.78
2026-06-07T06:16:15,1,3.87,31220.00,19.41,14989.00,999.00,19.08,1496.50,18.91,4.79
2026-06-07T06:16:15,1,3.86,31220.00,19.41,14989.00,999.00,19.08,1496.80,18.91,4.79
2026-06-07T06:16:15,1,3.88,31200.00,19.40,14980.00,999.00,19.08,1497.90,18.91,4.81
2026-06-07T06:16:16,1,3.86,31200.00,19.40,14980.00,999.00,19.08,1499.70,18.90,4.82
2026-06-07T06:16:16,1,3.86,31200.00,19.40,14980.00,999.00,19.08,1500.80,18.90,4.83
2026-06-07T06:16:16,1,3.86,31200.00,19.40,14980.00,999.00,19.08,1501.20,18.90,4.84
2026-06-07T06:16:16,1,3.84,31200.00,19.40,14980.00,999.00,19.08,1500.90,18.91,4.83
2026-06-07T06:16:16,1,3.86,31190.00,19.39,14972.00,999.00,19.08,1500.50,18.91,4.83
2026-06-07T06:16:17,1,3.87,31190.00,19.39,14972.00,999.00,19.08,1501.00,18.91,4.84
2026-06-07T06:16:17,1,3.86,31190.00,19.39,14972.00,999.00,19.08,1501.00,18.91,4.84
2026-06-07T06:16:17,1,3.86,31190.00,19.39,14972.00,999.00,19.08,1502.30,18.91,4.85
2026-06-07T06:16:17,1,3.84,31120.00,19.34,14940.00,999.00,19.08,1503.10,18.91,4.86
2026-06-07T06:16:17,1,3.83,31120.00,19.34,14940.00,999.00,19.08,1505.00,18.91,4.88
2026-06-07T06:16:18,1,3.86,31120.00,19.34,14940.00,999.00,19.08,1504.50,18.91,4.87
2026-06-07T06:16:18,1,3.85,31120.00,19.34,14940.00,999.00,19.08,1507.00,18.91,4.90
2026-06-07T06:16:18,1,3.86,31120.00,19.34,14940.00,999.00,19.08,1508.30,18.91,4.91
2026-06-07T06:16:18,1,3.88,31300.00,19.46,15026.00,999.00,19.08,1509.50,18.91,4.92
2026-06-07T06:16:18,1,3.88,31300.00,19.46,15026.00,999.00,19.08,1511.00,18.91,4.94
2026-06-07T06:16:19,1,3.86,31300.00,19.46,15026.00,999.00,19.08,1510.50,18.91,4.93
2026-06-07T06:16:19,1,3.85,31300.00,19.46,15026.00,999.00,19.08,1512.40,18.91,4.95
2026-06-07T06:16:19,1,3.86,31300.00,19.46,15026.00,999.00,19.08,1514.20,18.91,4.97
2026-06-07T06:16:19,1,3.89,31340.00,19.49,15046.00,999.00,19.08,1515.40,18.91,4.98
2026-06-07T06:16:19,1,3.85,31340.00,19.49,15046.00,999.00,19.08,1517.30,18.91,5.00
2026-06-07T06:16:20,1,3.85,31340.00,19.49,15046.00,999.00,19.07,1518.20,18.90,5.01
2026-06-07T06:16:20,1,3.86,31340.00,19.49,15046.00,999.00,19.07,1519.00,18.91,5.01
2026-06-07T06:16:20,1,3.87,31340.00,19.49,15046.00,999.00,19.07,1519.90,18.91,5.02
2026-06-07T06:16:20,1,3.86,31370.00,19.51,15059.00,999.00,19.08,1521.10,18.91,5.04
2026-06-07T06:16:20,1,3.87,31370.00,19.51,15059.00,999.00,19.08,1522.50,18.91,5.05
2026-06-07T06:16:21,1,3.85,31370.00,19.51,15059.00,999.00,19.07,1522.50,18.91,5.05
2026-06-07T06:16:21,1,3.84,31370.00,19.51,15059.00,999.00,19.07,1524.50,18.90,5.07
2026-06-07T06:16:21,1,3.84,31370.00,19.51,15059.00,999.00,19.07,1525.50,18.90,5.08
2026-06-07T06:16:21,1,3.88,31400.00,19.53,15076.00,999.00,19.08,1526.10,18.91,5.08
2026-06-07T06:16:21,1,3.88,31400.00,19.53,15076.00,999.00,19.07,1527.10,18.90,5.09
2026-06-07T06:16:22,1,3.85,31400.00,19.53,15076.00,999.00,19.07,1528.80,18.90,5.11
2026-06-07T06:16:22,1,3.85,31400.00,19.53,15076.00,999.00,19.07,1529.60,18.91,5.12
2026-06-07T06:16:22,1,3.85,31710.00,19.75,15226.00,999.00,19.07,1531.40,18.91,5.14
2026-06-07T06:16:22,1,3.87,31710.00,19.75,15226.00,999.00,19.06,1532.80,18.91,5.15
2026-06-07T06:16:23,1,3.88,31710.00,19.75,15226.00,999.00,19.06,1533.60,18.91,5.16
2026-06-07T06:16:23,1,3.86,31710.00,19.75,15226.00,999.00,19.06,1534.70,18.90,5.17
2026-06-07T06:16:23,1,3.86,31710.00,19.75,15226.00,999.00,19.06,1536.00,18.91,5.18
2026-06-07T06:16:23,1,3.86,32140.00,20.04,15429.00,999.00,19.06,1536.70,18.90,5.19
2026-06-07T06:16:23,1,3.87,32140.00,20.04,15429.00,999.00,19.06,1537.50,18.91,5.20
2026-06-07T06:16:24,1,3.87,32140.00,20.04,15429.00,999.00,19.06,1538.70,18.90,5.21
2026-06-07T06:16:24,1,3.84,32140.00,20.04,15429.00,999.00,19.06,1539.80,18.90,5.22
2026-06-07T06:16:24,1,3.85,32140.00,20.04,15429.00,999.00,19.06,1540.40,18.90,5.23
2026-06-07T06:16:24,1,3.89,32380.00,20.20,15545.00,999.00,19.06,1542.00,18.90,5.24
2026-06-07T06:16:24,1,3.88,32380.00,20.20,15545.00,999.00,19.05,1543.10,18.90,5.25
2026-06-07T06:16:25,1,3.87,32380.00,20.20,15545.00,999.00,19.05,1545.30,18.90,5.27
2026-06-07T06:16:25,1,3.86,32380.00,20.20,15545.00,999.00,19.05,1547.70,18.90,5.30
2026-06-07T06:16:25,1,3.85,32380.00,20.20,15545.00,999.00,19.05,1549.50,18.90,5.32
2026-06-07T06:16:25,1,3.86,32400.00,20.22,15554.00,999.00,19.04,1550.00,18.90,5.32
2026-06-07T06:16:25,1,3.86,32400.00,20.22,15554.00,999.00,19.04,1551.60,18.90,5.34
2026-06-07T06:16:26,1,3.86,32400.00,20.22,15554.00,999.00,19.04,1552.20,18.90,5.34
2026-06-07T06:16:26,1,3.86,32400.00,20.22,15554.00,999.00,19.04,1553.40,18.90,5.36
2026-06-07T06:16:26,1,3.84,32400.00,20.22,15554.00,999.00,19.04,1554.60,18.90,5.37
2026-06-07T06:16:26,1,3.87,32440.00,20.24,15571.00,999.00,19.04,1555.30,18.89,5.37
2026-06-07T06:16:26,1,3.86,32440.00,20.24,15571.00,999.00,19.03,1556.40,18.89,5.38
2026-06-07T06:16:27,1,3.84,32440.00,20.24,15571.00,999.00,19.04,1557.80,18.89,5.40
2026-06-07T06:16:27,1,3.86,32440.00,20.24,15571.00,999.00,19.03,1559.00,18.89,5.41
2026-06-07T06:16:27,1,3.87,32470.00,20.27,15589.00,999.00,19.03,1559.80,18.89,5.42
2026-06-07T06:16:27,1,3.88,32470.00,20.27,15589.00,999.00,19.03,1561.10,18.89,5.43
2026-06-07T06:16:28,1,3.88,32470.00,20.27,15589.00,999.00,19.03,1562.50,18.89,5.45
2026-06-07T06:16:28,1,3.86,32470.00,20.27,15589.00,999.00,19.03,1564.60,18.89,5.47
2026-06-07T06:16:28,1,3.83,32470.00,20.27,15589.00,999.00,19.03,1566.20,18.89,5.48
2026-06-07T06:16:28,1,3.88,32490.00,20.28,15597.00,999.00,19.03,1567.90,18.89,5.50
2026-06-07T06:16:28,1,3.88,32490.00,20.28,15597.00,999.00,19.03,1568.90,18.89,5.51
2026-06-07T06:16:29,1,3.87,32490.00,20.28,15597.00,999.00,19.03,1569.30,18.88,5.51
2026-06-07T06:16:29,1,3.85,32490.00,20.28,15597.00,999.00,19.03,1568.90,18.88,5.51
2026-06-07T06:16:29,1,3.86,32290.00,20.14,15501.00,999.00,19.03,1569.90,18.88,5.52
2026-06-07T06:16:29,1,3.86,32290.00,20.14,15501.00,999.00,19.03,1571.40,18.89,5.53
2026-06-07T06:16:29,1,3.86,32290.00,20.14,15501.00,999.00,19.02,1573.10,18.89,5.55
2026-06-07T06:16:30,1,3.85,32290.00,20.14,15501.00,999.00,19.03,1574.90,18.89,5.57
2026-06-07T06:16:30,1,3.83,32290.00,20.14,15501.00,999.00,19.04,1576.20,18.88,5.58
2026-06-07T06:16:30,1,3.86,31940.00,19.90,15333.00,999.00,19.04,1576.90,18.89,5.59
2026-06-07T06:16:30,1,3.88,31940.00,19.90,15333.00,999.00,19.04,1578.40,18.88,5.60
2026-06-07T06:16:30,1,3.88,31940.00,19.90,15333.00,999.00,19.04,1579.20,18.88,5.61
2026-06-07T06:16:31,1,3.86,31940.00,19.90,15333.00,999.00,19.04,1580.50,18.88,5.62
2026-06-07T06:16:31,1,3.86,31940.00,19.90,15333.00,999.00,19.05,1581.40,18.88,5.63
2026-06-07T06:16:31,1,3.86,31700.00,19.74,15218.00,999.00,19.05,1583.60,18.88,5.65
2026-06-07T06:16:31,1,3.86,31700.00,19.74,15218.00,999.00,19.06,1586.10,18.88,5.68
2026-06-07T06:16:31,1,3.88,31700.00,19.74,15218.00,999.00,19.05,1588.50,18.88,5.70
2026-06-07T06:16:32,1,3.86,31700.00,19.74,15218.00,999.00,19.06,1589.60,18.88,5.71
2026-06-07T06:16:32,1,3.84,31700.00,19.74,15218.00,999.00,19.06,1590.60,18.88,5.72
2026-06-07T06:16:32,1,3.86,32200.00,20.08,15460.00,999.00,19.05,1592.00,18.88,5.74
2026-06-07T06:16:32,1,3.87,32200.00,20.08,15460.00,999.00,19.05,1594.00,18.88,5.76
2026-06-07T06:16:32,1,3.85,32200.00,20.08,15460.00,999.00,19.04,1595.60,18.88,5.77
2026-06-07T06:16:33,1,3.85,32200.00,20.08,15460.00,999.00,19.04,1597.00,18.88,5.79
2026-06-07T06:16:33,1,3.86,32200.00,20.08,15460.00,999.00,19.03,1598.30,18.88,5.80
2026-06-07T06:16:33,1,3.86,32980.00,20.62,15834.00,999.00,19.03,1598.80,18.88,5.81
2026-06-07T06:16:33,1,3.88,32980.00,20.62,15834.00,999.00,19.03,1599.20,18.88,5.81
2026-06-07T06:16:34,1,3.86,32980.00,20.62,15834.00,999.00,19.02,1600.40,18.88,5.82
2026-06-07T06:16:34,1,3.85,32980.00,20.62,15834.00,999.00,19.02,1601.90,18.88,5.84
2026-06-07T06:16:34,1,3.85,32750.00,20.46,15723.00,999.00,19.02,1602.80,18.88,5.84
2026-06-07T06:16:34,1,3.87,32750.00,20.46,15723.00,999.00,19.02,1603.20,18.88,5.85
2026-06-07T06:16:34,1,3.85,32750.00,20.46,15723.00,999.00,19.02,1604.80,18.88,5.86
2026-06-07T06:16:35,1,3.84,32750.00,20.46,15723.00,999.00,19.02,1606.10,18.88,5.88
2026-06-07T06:16:35,1,3.86,32750.00,20.46,15723.00,999.00,19.02,1608.20,18.88,5.90
2026-06-07T06:16:35,1,3.87,33000.00,20.63,15844.00,999.00,19.01,1611.60,18.88,5.93
2026-06-07T06:16:35,1,3.86,33000.00,20.63,15844.00,999.00,19.01,1613.30,18.88,5.95
2026-06-07T06:16:35,1,3.87,33000.00,20.63,15844.00,999.00,19.01,1614.60,18.88,5.96
2026-06-07T06:16:36,1,3.86,33000.00,20.63,15844.00,999.00,19.01,1616.60,18.88,5.98
2026-06-07T06:16:36,1,3.86,33000.00,20.63,15844.00,999.00,19.01,1617.10,18.88,5.99
2026-06-07T06:16:36,1,3.88,33140.00,20.73,15909.00,999.00,19.01,1618.30,18.88,6.00
2026-06-07T06:16:36,1,3.87,33140.00,20.73,15909.00,999.00,19.00,1619.30,18.88,6.01
2026-06-07T06:16:36,1,3.87,33140.00,20.73,15909.00,999.00,19.00,1620.90,18.88,6.02
2026-06-07T06:16:37,1,3.85,33140.00,20.73,15909.00,999.00,19.00,1621.40,18.88,6.03
2026-06-07T06:16:37,1,3.85,33140.00,20.73,15909.00,999.00,19.00,1622.40,18.87,6.04
2026-06-07T06:16:37,1,3.88,33220.00,20.79,15950.00,999.00,19.00,1623.30,18.87,6.05
2026-06-07T06:16:37,1,3.86,33220.00,20.79,15950.00,999.00,19.00,1624.40,18.87,6.06
2026-06-07T06:16:37,1,3.86,33220.00,20.79,15950.00,999.00,19.00,1625.80,18.87,6.07
2026-06-07T06:16:38,1,3.86,33220.00,20.79,15950.00,999.00,19.00,1626.70,18.87,6.08
2026-06-07T06:16:38,1,3.84,33220.00,20.79,15950.00,999.00,19.00,1628.80,18.87,6.10
2026-06-07T06:16:38,1,3.88,32800.00,20.50,15748.00,999.00,19.00,1630.90,18.87,6.12
2026-06-07T06:16:38,1,3.88,32800.00,20.50,15748.00,999.00,19.00,1633.00,18.87,6.14
2026-06-07T06:16:38,1,3.88,32800.00,20.50,15748.00,999.00,19.00,1634.60,18.87,6.16
2026-06-07T06:16:39,1,3.86,32800.00,20.50,15748.00,999.00,19.00,1636.50,18.87,6.18
2026-06-07T06:16:39,1,3.86,33360.00,20.88,16016.00,999.00,19.00,1638.90,18.85,6.20
2026-06-07T06:16:39,1,3.88,33360.00,20.88,16016.00,999.00,19.00,1639.60,18.86,6.21
2026-06-07T06:16:39,1,3.87,33360.00,20.88,16016.00,999.00,19.00,1640.50,18.87,6.22
2026-06-07T06:16:40,1,3.86,33360.00,20.88,16016.00,999.00,19.00,1642.60,18.87,6.24
2026-06-07T06:16:40,1,3.86,33360.00,20.88,16016.00,999.00,19.00,1644.40,18.86,6.26
2026-06-07T06:16:40,1,3.85,33900.00,21.26,16276.00,999.00,19.00,1645.00,18.86,6.26
2026-06-07T06:16:40,1,3.86,33900.00,21.26,16276.00,999.00,18.99,1645.80,18.86,6.27
2026-06-07T06:16:40,1,3.86,33900.00,21.26,16276.00,999.00,18.99,1647.90,18.86,6.29
2026-06-07T06:16:41,1,3.85,33900.00,21.26,16276.00,999.00,18.98,1647.90,18.86,6.29
2026-06-07T06:16:41,1,3.86,33900.00,21.26,16276.00,999.00,18.98,1649.30,18.86,6.31
2026-06-07T06:16:41,1,3.86,34030.00,21.35,16338.00,999.00,18.97,1650.30,18.86,6.32
2026-06-07T06:16:41,1,3.85,34030.00,21.35,16338.00,999.00,18.97,1651.50,18.86,6.33
2026-06-07T06:16:41,1,3.85,34030.00,21.35,16338.00,999.00,18.95,1653.80,18.86,6.35
2026-06-07T06:16:42,1,3.83,34030.00,21.35,16338.00,999.00,18.94,1655.20,18.84,6.36
2026-06-07T06:16:42,1,3.85,34540.00,21.69,16580.00,999.00,18.93,1657.70,18.85,6.39
2026-06-07T06:16:42,1,3.87,34540.00,21.69,16580.00,999.00,18.93,1659.80,18.85,6.41
2026-06-07T06:16:42,1,3.88,34540.00,21.69,16580.00,999.00,18.92,1662.20,18.85,6.43
2026-06-07T06:16:42,1,3.86,34540.00,21.69,16580.00,999.00,18.91,1663.10,18.85,6.44
2026-06-07T06:16:43,1,3.85,34540.00,21.69,16580.00,999.00,18.91,1664.10,18.84,6.45
2026-06-07T06:16:43,1,3.85,34570.00,21.72,16594.00,999.00,18.91,1664.10,18.84,6.45
2026-06-07T06:16:43,1,3.88,34570.00,21.72,16594.00,999.00,18.90,1665.90,18.84,6.47
2026-06-07T06:16:43,1,3.86,34570.00,21.72,16594.00,999.00,18.90,1666.80,18.84,6.48
2026-06-07T06:16:43,1,3.86,34570.00,21.72,16594.00,999.00,18.90,1667.80,18.83,6.49
2026-06-07T06:16:44,1,3.84,34570.00,21.72,16594.00,999.00,18.89,1668.90,18.83,6.50
2026-06-07T06:16:44,1,3.88,34580.00,21.72,16601.00,999.00,18.89,1669.80,18.83,6.51
2026-06-07T06:16:44,1,3.86,34580.00,21.72,16601.00,999.00,18.89,1670.60,18.83,6.52
2026-06-07T06:16:44,1,3.86,34580.00,21.72,16601.00,999.00,18.89,1672.50,18.83,6.54
2026-06-07T06:16:45,1,3.85,34580.00,21.72,16601.00,999.00,18.89,1673.20,18.82,6.54
2026-06-07T06:16:45,1,3.84,34580.00,21.72,16601.00,999.00,18.87,1674.00,18.82,6.55
2026-06-07T06:16:45,1,3.87,34530.00,21.69,16579.00,999.00,18.88,1675.90,18.82,6.57
2026-06-07T06:16:45,1,3.88,34530.00,21.69,16579.00,999.00,18.88,1678.20,18.82,6.59
2026-06-07T06:16:45,1,3.88,34530.00,21.69,16579.00,999.00,18.88,1679.50,18.81,6.60
2026-06-07T06:16:46,1,3.85,34530.00,21.69,16579.00,999.00,18.88,1681.30,18.81,6.62
2026-06-07T06:16:46,1,3.87,34530.00,21.69,16579.00,999.00,18.88,1681.30,18.81,6.62
2026-06-07T06:16:46,1,3.87,34570.00,21.72,16597.00,999.00,18.88,1683.20,18.81,6.64
2026-06-07T06:16:46,1,3.88,34570.00,21.72,16597.00,999.00,18.87,1684.70,18.81,6.66
2026-06-07T06:16:46,1,3.86,34570.00,21.72,16597.00,999.00,18.88,1686.00,18.81,6.67
2026-06-07T06:16:47,1,3.86,34570.00,21.72,16597.00,999.00,18.88,1687.90,18.81,6.69
2026-06-07T06:16:47,1,3.85,34560.00,21.71,16592.00,999.00,18.88,1688.80,18.80,6.70
2026-06-07T06:16:47,1,3.87,34560.00,21.71,16592.00,999.00,18.87,1690.70,18.80,6.72
2026-06-07T06:16:47,1,3.86,34560.00,21.71,16592.00,999.00,18.87,1691.90,18.80,6.73
2026-06-07T06:16:47,1,3.83,34560.00,21.71,16592.00,999.00,18.87,1693.60,18.80,6.74
2026-06-07T06:16:48,1,3.84,34560.00,21.71,16592.00,999.00,18.87,1694.40,18.80,6.75
2026-06-07T06:16:48,1,3.88,34800.00,21.88,16708.00,999.00,18.87,1695.90,18.80,6.77
2026-06-07T06:16:48,1,3.88,34800.00,21.88,16708.00,999.00,18.86,1697.40,18.79,6.78
2026-06-07T06:16:48,1,3.86,34800.00,21.88,16708.00,999.00,18.86,1698.50,18.79,6.79
2026-06-07T06:16:48,1,3.86,34800.00,21.88,16708.00,999.00,18.86,1699.50,18.79,6.80
2026-06-07T06:16:49,1,3.86,34800.00,21.88,16708.00,999.00,18.86,1701.00,18.79,6.82
2026-06-07T06:16:49,1,3.86,34920.00,21.96,16762.00,999.00,18.86,1702.00,18.79,6.83
2026-06-07T06:16:49,1,3.88,34920.00,21.96,16762.00,999.00,18.85,1703.90,18.78,6.85
2026-06-07T06:16:49,1,3.86,34920.00,21.96,16762.00,999.00,18.86,1705.00,18.78,6.86
2026-06-07T06:16:49,1,3.84,34920.00,21.96,16762.00,999.00,18.85,1707.80,18.78,6.89
2026-06-07T06:16:50,1,3.83,34920.00,21.96,16762.00,999.00,18.85,1709.70,18.78,6.90
2026-06-07T06:16:50,1,3.87,34810.00,21.88,16711.00,999.00,18.85,1711.40,18.78,6.92
2026-06-07T06:16:50,1,3.88,34810.00,21.88,16711.00,999.00,18.85,1713.00,18.78,6.94
2026-06-07T06:16:50,1,3.88,34810.00,21.88,16711.00,999.00,18.84,1714.80,18.77,6.95
2026-06-07T06:16:50,1,3.86,34810.00,21.88,16711.00,999.00,18.85,1716.20,18.77,6.97
2026-06-07T06:16:51,1,3.84,34810.00,21.88,16711.00,999.00,18.86,1718.00,18.77,6.99
2026-06-07T06:16:51,1,3.88,34400.00,21.60,16517.00,999.00,18.86,1720.00,18.77,7.01
2026-06-07T06:16:51,1,3.86,34400.00,21.60,16517.00,999.00,18.86,1721.20,18.77,7.02
2026-06-07T06:16:51,1,3.86,34400.00,21.60,16517.00,999.00,18.87,1722.50,18.76,7.03
2026-06-07T06:16:52,1,3.83,34400.00,21.60,16517.00,999.00,18.86,1723.90,18.76,7.04
2026-06-07T06:16:52,1,3.88,34570.00,21.72,16597.00,999.00,18.86,1724.90,18.76,7.05
2026-06-07T06:16:52,1,3.87,34570.00,21.72,16597.00,999.00,18.86,1727.00,18.77,7.08
2026-06-07T06:16:52,1,3.88,34570.00,21.72,16597.00,999.00,18.87,1728.50,18.77,7.09
2026-06-07T06:16:52,1,3.84,34570.00,21.72,16597.00,999.00,18.87,1729.40,18.76,7.10
2026-06-07T06:16:53,1,3.85,34570.00,21.72,16597.00,999.00,18.87,1729.70,18.76,7.10
2026-06-07T06:16:53,1,3.88,34470.00,21.65,16549.00,999.00,18.87,1731.20,18.76,7.12
2026-06-07T06:16:53,1,3.88,34470.00,21.65,16549.00,999.00,18.87,1732.30,18.76,7.13
2026-06-07T06:16:53,1,3.87,34470.00,21.65,16549.00,999.00,18.88,1733.20,18.76,7.14
2026-06-07T06:16:53,1,3.85,34470.00,21.65,16549.00,999.00,18.88,1734.90,18.76,7.15
2026-06-07T06:16:54,1,3.86,34470.00,21.65,16549.00,999.00,18.88,1737.20,18.76,7.18
2026-06-07T06:16:54,1,3.88,34410.00,21.61,16519.00,999.00,18.88,1738.00,18.76,7.18
2026-06-07T06:16:54,1,3.86,34410.00,21.61,16519.00,999.00,18.88,1740.50,18.76,7.21
2026-06-07T06:16:54,1,3.86,34410.00,21.61,16519.00,999.00,18.88,1741.60,18.76,7.22
2026-06-07T06:16:54,1,3.86,34410.00,21.61,16519.00,999.00,18.87,1744.20,18.75,7.25
2026-06-07T06:16:55,1,3.88,34770.00,21.86,16693.00,999.00,18.87,1746.40,18.76,7.27
2026-06-07T06:16:55,1,3.86,34770.00,21.86,16693.00,999.00,18.87,1748.50,18.76,7.29
2026-06-07T06:16:55,1,3.88,34770.00,21.86,16693.00,999.00,18.86,1749.80,18.76,7.30
2026-06-07T06:16:55,1,3.83,34770.00,21.86,16693.00,999.00,18.86,1751.60,18.76,7.32
2026-06-07T06:16:55,1,3.85,34770.00,21.86,16693.00,999.00,18.86,1752.60,18.76,7.33
2026-06-07T06:16:56,1,3.86,34730.00,21.83,16674.00,999.00,18.86,1754.70,18.76,7.35
2026-06-07T06:16:56,1,3.87,34730.00,21.83,16674.00,999.00,18.86,1755.90,18.76,7.36
2026-06-07T06:16:56,1,3.86,34730.00,21.83,16674.00,999.00,18.86,1756.50,18.76,7.37
2026-06-07T06:16:56,1,3.85,34730.00,21.83,16674.00,999.00,18.86,1757.70,18.76,7.38
2026-06-07T06:16:57,1,3.85,34730.00,21.83,16674.00,999.00,18.86,1758.80,18.75,7.39
2026-06-07T06:16:57,1,3.87,34560.00,21.71,16592.00,999.00,18.86,1759.80,18.75,7.40
2026-06-07T06:16:57,1,3.87,34560.00,21.71,16592.00,999.00,18.86,1761.00,18.75,7.41
2026-06-07T06:16:57,1,3.88,34560.00,21.71,16592.00,999.00,18.86,1762.60,18.75,7.43
2026-06-07T06:16:57,1,3.85,34560.00,21.71,16592.00,999.00,18.86,1763.20,18.75,7.43
2026-06-07T06:16:58,1,3.86,34560.00,21.71,16592.00,999.00,18.86,1764.40,18.75,7.45
2026-06-07T06:16:58,1,3.85,34390.00,21.60,16512.00,999.00,18.87,1765.60,18.75,7.46
2026-06-07T06:16:58,1,3.86,34390.00,21.60,16512.00,999.00,18.87,1768.40,18.75,7.49
2026-06-07T06:16:58,1,3.85,34390.00,21.60,16512.00,999.00,18.87,1770.60,18.75,7.51
2026-06-07T06:16:58,1,3.86,34390.00,21.60,16512.00,999.00,18.87,1772.60,18.75,7.53
2026-06-07T06:16:59,1,3.85,34510.00,21.68,16569.00,999.00,18.87,1774.10,18.75,7.54
2026-06-07T06:16:59,1,3.86,34510.00,21.68,16569.00,999.00,18.87,1775.30,18.75,7.55
2026-06-07T06:16:59,1,3.86,34510.00,21.68,16569.00,999.00,18.87,1776.60,18.74,7.57
2026-06-07T06:16:59,1,3.85,34510.00,21.68,16569.00,999.00,18.87,1778.50,18.75,7.59
2026-06-07T06:16:59,1,3.87,34510.00,21.68,16569.00,999.00,18.87,1780.00,18.75,7.60
2026-06-07T06:17:00,1,3.88,34690.00,21.80,16656.00,999.00,18.87,1781.60,18.75,7.62
2026-06-07T06:17:00,1,3.88,34690.00,21.80,16656.00,999.00,18.86,1782.80,18.75,7.63
2026-06-07T06:17:00,1,3.86,34690.00,21.80,16656.00,999.00,18.86,1784.40,18.75,7.64
2026-06-07T06:17:00,1,3.86,34690.00,21.80,16656.00,999.00,18.86,1785.80,18.75,7.66
2026-06-07T06:17:00,1,3.87,34690.00,21.80,16656.00,999.00,18.87,1787.20,18.74,7.67
2026-06-07T06:17:01,1,3.87,34630.00,21.76,16625.00,999.00,18.86,1788.20,18.75,7.68
2026-06-07T06:17:01,1,3.85,34630.00,21.76,16625.00,999.00,18.86,1789.90,18.75,7.70
2026-06-07T06:17:01,1,3.86,34630.00,21.76,16625.00,999.00,18.86,1791.40,18.75,7.71
2026-06-07T06:17:01,1,3.85,34630.00,21.76,16625.00,999.00,18.87,1793.40,18.74,7.73
2026-06-07T06:17:01,1,3.86,34630.00,21.76,16625.00,999.00,18.86,1795.60,18.75,7.76
2026-06-07T06:17:02,1,3.85,34740.00,21.83,16676.00,999.00,18.86,1796.70,18.75,7.77
2026-06-07T06:17:02,1,3.86,34740.00,21.83,16676.00,999.00,18.86,1798.60,18.74,7.79
2026-06-07T06:17:02,1,3.86,34740.00,21.83,16676.00,999.00,18.86,1801.10,18.74,7.81
2026-06-07T06:17:02,1,3.85,34740.00,21.83,16676.00,999.00,18.86,1803.30,18.74,7.83
2026-06-07T06:17:02,1,3.85,34740.00,21.83,16676.00,999.00,18.86,1805.40,18.74,7.85
2026-06-07T06:17:03,1,3.87,35020.00,22.03,16814.00,999.00,18.85,1807.00,18.74,7.87
2026-06-07T06:17:03,1,3.88,35020.00,22.03,16814.00,999.00,18.84,1807.10,18.74,7.87
2026-06-07T06:17:03,1,3.88,35020.00,22.03,16814.00,999.00,18.84,1809.40,18.74,7.89
2026-06-07T06:17:03,1,3.86,35020.00,22.03,16814.00,999.00,18.84,1810.90,18.74,7.91
2026-06-07T06:17:04,1,3.85,34990.00,22.01,16800.00,999.00,18.84,1812.00,18.74,7.92
2026-06-07T06:17:04,1,3.88,34990.00,22.01,16800.00,999.00,18.84,1813.90,18.74,7.94
2026-06-07T06:17:04,1,3.87,34990.00,22.01,16800.00,999.00,18.84,1816.00,18.72,7.96
2026-06-07T06:17:04,1,3.85,34990.00,22.01,16800.00,999.00,18.83,1816.90,18.73,7.97
2026-06-07T06:17:04,1,3.85,34990.00,22.01,16800.00,999.00,18.84,1818.50,18.73,7.98
2026-06-07T06:17:05,1,3.88,35110.00,22.09,16854.00,999.00,18.83,1820.10,18.74,8.00
2026-06-07T06:17:05,1,3.86,35110.00,22.09,16854.00,999.00,18.82,1821.10,18.73,8.01
2026-06-07T06:17:05,1,3.88,35110.00,22.09,16854.00,999.00,18.82,1822.40,18.73,8.02
2026-06-07T06:17:05,1,3.83,35110.00,22.09,16854.00,999.00,18.82,1823.60,18.73,8.03
2026-06-07T06:17:05,1,3.87,35110.00,22.09,16854.00,999.00,18.83,1824.40,18.73,8.04
2026-06-07T06:17:06,1,3.88,34980.00,22.00,16790.00,999.00,18.83,1824.90,18.73,8.05
2026-06-07T06:17:06,1,3.88,34980.00,22.00,16790.00,999.00,18.83,1826.30,18.72,8.06
2026-06-07T06:17:06,1,3.88,34980.00,22.00,16790.00,999.00,18.83,1827.10,18.73,8.07
2026-06-07T06:17:06,1,3.86,34980.00,22.00,16790.00,999.00,18.83,1828.80,18.73,8.08
2026-06-07T06:17:06,1,3.86,34980.00,22.00,16790.00,999.00,18.83,1831.30,18.72,8.11
2026-06-07T06:17:07,1,3.88,35040.00,22.04,16822.00,999.00,18.83,1834.00,18.73,8.14
2026-06-07T06:17:07,1,3.86,35040.00,22.04,16822.00,999.00,18.83,1836.30,18.72,8.16
2026-06-07T06:17:07,1,3.85,35040.00,22.04,16822.00,999.00,18.83,1836.90,18.73,8.16
2026-06-07T06:17:07,1,3.86,35040.00,22.04,16822.00,999.00,18.83,1838.10,18.72,8.18
2026-06-07T06:17:08,1,3.88,35030.00,22.04,16817.00,999.00,18.82,1840.10,18.71,8.20
2026-06-07T06:17:08,1,3.88,35030.00,22.04,16817.00,999.00,18.83,1842.20,18.72,8.22
2026-06-07T06:17:08,1,3.85,35030.00,22.04,16817.00,999.00,18.83,1844.30,18.72,8.24
2026-06-07T06:17:08,1,3.85,35030.00,22.04,16817.00,999.00,18.83,1846.70,18.72,8.26
2026-06-07T06:17:08,1,3.85,35030.00,22.04,16817.00,999.00,18.83,1847.60,18.72,8.27
2026-06-07T06:17:09,1,3.86,35020.00,22.03,16812.00,999.00,18.83,1848.30,18.72,8.28
2026-06-07T06:17:09,1,3.86,35020.00,22.03,16812.00,999.00,18.83,1850.00,18.71,8.29
2026-06-07T06:17:09,1,3.87,35020.00,22.03,16812.00,999.00,18.83,1851.30,18.72,8.31
2026-06-07T06:17:09,1,3.86,35020.00,22.03,16812.00,999.00,18.83,1853.40,18.72,8.33
2026-06-07T06:17:09,1,3.86,35020.00,22.03,16812.00,999.00,18.82,1854.70,18.72,8.34
2026-06-07T06:17:10,1,3.86,35020.00,22.03,16814.00,999.00,18.83,1856.30,18.72,8.36
2026-06-07T06:17:10,1,3.85,35020.00,22.03,16814.00,999.00,18.83,1858.20,18.72,8.38
2026-06-07T06:17:10,1,3.88,35020.00,22.03,16814.00,999.00,18.83,1859.50,18.71,8.39
2026-06-07T06:17:10,1,3.87,35020.00,22.03,16814.00,999.00,18.82,1861.00,18.71,8.40
2026-06-07T06:17:10,1,3.85,35020.00,22.03,16814.00,999.00,18.82,1862.40,18.72,8.42
2026-06-07T06:17:11,1,3.86,35180.00,22.14,16889.00,999.00,18.82,1864.20,18.71,8.44
2026-06-07T06:17:11,1,3.86,35180.00,22.14,16889.00,999.00,18.82,1866.10,18.72,8.45
2026-06-07T06:17:11,1,3.85,35180.00,22.14,16889.00,999.00,18.82,1868.30,18.71,8.48
2026-06-07T06:17:11,1,3.86,35180.00,22.14,16889.00,999.00,18.81,1869.80,18.71,8.49
2026-06-07T06:17:11,1,3.86,35150.00,22.12,16875.00,999.00,18.82,1872.20,18.71,8.51
2026-06-07T06:17:12,1,3.86,35150.00,22.12,16875.00,999.00,18.81,1874.00,18.71,8.53
2026-06-07T06:17:12,1,3.88,35150.00,22.12,16875.00,999.00,18.81,1876.30,18.71,8.56
2026-06-07T06:17:12,1,3.86,35150.00,22.12,16875.00,999.00,18.81,1878.40,18.71,8.58
2026-06-07T06:17:12,1,3.86,35150.00,22.12,16875.00,999.00,18.81,1879.40,18.71,8.59
2026-06-07T06:17:12,1,3.88,35310.00,22.23,16951.00,999.00,18.81,1881.20,18.71,8.60
2026-06-07T06:17:13,1,3.87,35310.00,22.23,16951.00,999.00,18.80,1882.50,18.71,8.62
2026-06-07T06:17:13,1,3.87,35310.00,22.23,16951.00,999.00,18.80,1884.30,18.71,8.63
2026-06-07T06:17:13,1,3.83,35310.00,22.23,16951.00,999.00,18.80,1885.60,18.71,8.65
2026-06-07T06:17:13,1,3.85,35310.00,22.23,16951.00,999.00,18.79,1887.30,18.71,8.66
2026-06-07T06:17:13,1,3.86,35280.00,22.21,16939.00,999.00,18.79,1888.40,18.71,8.68
2026-06-07T06:17:14,1,3.88,35280.00,22.21,16939.00,999.00,18.80,1889.40,18.71,8.68
2026-06-07T06:17:14,1,3.83,35280.00,22.21,16939.00,999.00,18.79,1890.50,18.71,8.70
2026-06-07T06:17:14,1,3.83,35280.00,22.21,16939.00,999.00,18.79,1891.40,18.70,8.70
2026-06-07T06:17:14,1,3.86,35280.00,22.21,16939.00,999.00,18.80,1892.20,18.70,8.71
2026-06-07T06:17:14,1,3.86,35310.00,22.23,16950.00,999.00,18.79,1893.80,18.70,8.73
2026-06-07T06:17:15,1,3.86,35310.00,22.23,16950.00,999.00,18.80,1895.40,18.70,8.74
2026-06-07T06:17:15,1,3.86,35310.00,22.23,16950.00,999.00,18.79,1896.30,18.70,8.75
2026-06-07T06:17:15,1,3.86,35310.00,22.23,16950.00,999.00,18.79,1898.40,18.70,8.77
2026-06-07T06:17:15,1,3.86,35310.00,22.23,16950.00,999.00,18.79,1900.30,18.70,8.79
2026-06-07T06:17:16,1,3.87,35320.00,22.24,16954.00,999.00,18.79,1901.20,18.70,8.80
2026-06-07T06:17:16,1,3.88,35320.00,22.24,16954.00,999.00,18.79,1902.90,18.70,8.82
2026-06-07T06:17:16,1,3.86,35320.00,22.24,16954.00,999.00,18.79,1903.70,18.70,8.83
2026-06-07T06:17:16,1,3.86,35320.00,22.24,16954.00,999.00,18.79,1905.10,18.69,8.84
2026-06-07T06:17:16,1,3.86,35390.00,22.29,16989.00,999.00,18.79,1908.00,18.69,8.87
2026-06-07T06:17:17,1,3.86,35390.00,22.29,16989.00,999.00,18.79,1909.90,18.69,8.89
2026-06-07T06:17:17,1,3.85,35390.00,22.29,16989.00,999.00,18.79,1911.70,18.69,8.91
2026-06-07T06:17:17,1,3.85,35390.00,22.29,16989.00,999.00,18.79,1913.30,18.69,8.92
2026-06-07T06:17:17,1,3.84,35390.00,22.29,16989.00,999.00,18.79,1915.20,18.69,8.94
2026-06-07T06:17:17,1,3.85,35470.00,22.34,17027.00,999.00,18.79,1917.10,18.69,8.96
2026-06-07T06:17:18,1,3.85,35470.00,22.34,17027.00,999.00,18.78,1919.60,18.69,8.98
2026-06-07T06:17:18,1,3.85,35470.00,22.34,17027.00,999.00,18.78,1921.30,18.69,9.00
2026-06-07T06:17:18,1,3.84,35470.00,22.34,17027.00,999.00,18.78,1922.20,18.69,9.01
2026-06-07T06:17:18,1,3.86,35470.00,22.34,17027.00,999.00,18.78,1923.10,18.69,9.02
2026-06-07T06:17:18,1,3.88,35600.00,22.44,17093.00,999.00,18.77,1924.00,18.69,9.03
2026-06-07T06:17:19,1,3.86,35600.00,22.44,17093.00,999.00,18.77,1924.90,18.69,9.04
2026-06-07T06:17:19,1,3.87,35600.00,22.44,17093.00,999.00,18.77,1926.90,18.68,9.06
2026-06-07T06:17:19,1,3.86,35600.00,22.44,17093.00,999.00,18.76,1929.60,18.69,9.08
2026-06-07T06:17:19,1,3.85,35600.00,22.44,17093.00,999.00,18.76,1931.20,18.68,9.10
2026-06-07T06:17:19,1,3.86,35620.00,22.45,17099.00,999.00,18.76,1933.00,18.68,9.12
2026-06-07T06:17:20,1,3.87,35620.00,22.45,17099.00,999.00,18.75,1935.20,18.68,9.14
2026-06-07T06:17:20,1,3.84,35620.00,22.45,17099.00,999.00,18.75,1935.80,18.68,9.14
2026-06-07T06:17:20,1,3.85,35620.00,22.45,17099.00,999.00,18.76,1937.80,18.68,9.16
2026-06-07T06:17:20,1,3.86,35570.00,22.41,17074.00,999.00,18.75,1938.60,18.68,9.17
2026-06-07T06:17:21,1,3.88,35570.00,22.41,17074.00,999.00,18.75,1940.00,18.66,9.19
2026-06-07T06:17:21,1,3.88,35570.00,22.41,17074.00,999.00,18.75,1942.10,18.67,9.21
2026-06-07T06:17:21,1,3.86,35570.00,22.41,17074.00,999.00,18.75,1943.40,18.67,9.22
2026-06-07T06:17:21,1,3.85,35570.00,22.41,17074.00,999.00,18.76,1943.80,18.68,9.22
2026-06-07T06:17:21,1,3.85,35480.00,22.35,17033.00,999.00,18.76,1945.90,18.68,9.24
2026-06-07T06:17:22,1,3.88,35480.00,22.35,17033.00,999.00,18.76,1948.00,18.67,9.27
2026-06-07T06:17:22,1,3.86,35480.00,22.35,17033.00,999.00,18.76,1950.40,18.67,9.29
2026-06-07T06:17:22,1,3.86,35480.00,22.35,17033.00,999.00,18.76,1951.50,18.67,9.30
2026-06-07T06:17:22,1,3.86,35480.00,22.35,17033.00,999.00,18.75,1952.90,18.67,9.31
2026-06-07T06:17:22,1,3.87,35510.00,22.37,17047.00,999.00,18.76,1954.40,18.67,9.33
2026-06-07T06:17:23,1,3.87,35510.00,22.37,17047.00,999.00,18.76,1955.40,18.67,9.34
2026-06-07T06:17:23,1,3.88,35510.00,22.37,17047.00,999.00,18.75,1956.80,18.67,9.35
2026-06-07T06:17:23,1,3.84,35510.00,22.37,17047.00,999.00,18.76,1958.90,18.66,9.37
2026-06-07T06:17:23,1,3.86,35510.00,22.37,17047.00,999.00,18.75,1960.00,18.67,9.38
2026-06-07T06:17:23,1,3.88,35570.00,22.41,17075.00,999.00,18.76,1962.30,18.66,9.41
2026-06-07T06:17:24,1,3.85,35570.00,22.41,17075.00,999.00,18.75,1965.00,18.67,9.43
2026-06-07T06:17:24,1,3.85,35570.00,22.41,17075.00,999.00,18.75,1967.10,18.66,9.45
2026-06-07T06:17:24,1,3.86,35570.00,22.41,17075.00,999.00,18.75,1969.60,18.67,9.48
2026-06-07T06:17:24,1,3.86,35730.00,22.53,17155.00,999.00,18.74,1970.40,18.66,9.49
2026-06-07T06:17:24,1,3.88,35730.00,22.53,17155.00,999.00,18.74,1970.60,18.66,9.49
2026-06-07T06:17:25,1,3.88,35730.00,22.53,17155.00,999.00,18.74,1970.80,18.66,9.49
2026-06-07T06:17:25,1,3.86,35730.00,22.53,17155.00,999.00,18.73,1968.70,18.66,9.47
2026-06-07T06:17:25,1,3.85,35730.00,22.53,17155.00,999.00,18.73,1965.20,18.66,9.44
2026-06-07T06:17:25,1,3.86,35680.00,22.49,17127.00,999.00,18.73,1957.60,18.66,9.36
2026-06-07T06:17:25,1,3.88,35680.00,22.49,17127.00,999.00,18.73,1949.10,18.65,9.28
2026-06-07T06:17:26,1,3.87,35680.00,22.49,17127.00,999.00,18.73,1942.10,18.65,9.21
2026-06-07T06:17:26,1,3.86,35680.00,22.49,17127.00,999.00,18.74,1937.20,18.65,9.16
2026-06-07T06:17:26,1,3.85,35680.00,22.49,17127.00,999.00,18.73,1930.00,18.65,9.09
2026-06-07T06:17:26,1,3.85,35520.00,22.38,17051.00,999.00,18.74,1919.80,18.65,8.99
2026-06-07T06:17:27,1,3.88,35520.00,22.38,17051.00,999.00,18.74,1904.40,18.65,8.83
2026-06-07T06:17:27,1,3.85,35520.00,22.38,17051.00,999.00,18.74,1888.90,18.64,8.68
2026-06-07T06:17:27,1,3.83,35520.00,22.38,17051.00,999.00,18.75,1874.60,18.64,8.54
2026-06-07T06:17:27,1,3.85,35520.00,22.38,17051.00,999.00,18.75,1854.80,18.64,8.34
2026-06-07T06:17:27,1,3.88,35380.00,22.28,16985.00,999.00,18.75,1835.80,18.64,8.15
2026-06-07T06:17:28,1,3.88,35380.00,22.28,16985.00,999.00,18.76,1812.10,18.64,7.92
2026-06-07T06:17:28,1,3.88,35380.00,22.28,16985.00,999.00,18.77,1794.20,18.63,7.74
2026-06-07T06:17:28,1,3.85,35380.00,22.28,16985.00,999.00,18.78,1776.80,18.63,7.57
2026-06-07T06:17:28,1,3.84,35380.00,22.28,16985.00,999.00,18.79,1755.10,18.63,7.35
2026-06-07T06:17:28,1,3.85,35000.00,22.02,16802.00,999.00,18.79,1739.00,18.63,7.19
2026-06-07T06:17:29,1,3.88,35000.00,22.02,16802.00,999.00,18.80,1718.00,18.63,6.99
2026-06-07T06:17:29,1,3.86,35000.00,22.02,16802.00,999.00,18.81,1694.00,18.63,6.75
2026-06-07T06:17:29,1,3.85,35000.00,22.02,16802.00,999.00,18.82,1669.00,18.62,6.50
2026-06-07T06:17:29,1,3.86,34420.00,21.61,16524.00,999.00,18.82,1651.10,18.62,6.32
2026-06-07T06:17:29,1,3.88,34420.00,21.61,16524.00,999.00,18.84,1637.10,18.63,6.18
2026-06-07T06:17:30,1,3.86,34420.00,21.61,16524.00,999.00,18.85,1614.10,18.63,5.96
2026-06-07T06:17:30,1,3.84,34420.00,21.61,16524.00,999.00,18.87,1585.80,18.62,5.68
2026-06-07T06:17:30,1,3.86,34420.00,21.61,16524.00,999.00,18.90,1559.70,18.62,5.42
2026-06-07T06:17:30,1,3.88,32130.00,20.03,15426.00,999.00,18.91,1536.10,18.63,5.18
2026-06-07T06:17:30,1,3.86,32130.00,20.03,15426.00,999.00,18.94,1518.00,18.63,5.00
2026-06-07T06:17:31,1,3.88,32130.00,20.03,15426.00,999.00,18.95,1502.40,18.63,4.85
2026-06-07T06:17:31,1,3.85,32130.00,20.03,15426.00,999.00,18.97,1483.20,18.63,4.66
2026-06-07T06:17:31,1,3.87,32130.00,20.03,15426.00,999.00,18.99,1463.70,18.64,4.47
2026-06-07T06:17:31,1,3.85,31190.00,19.39,14975.00,999.00,19.00,1447.60,18.64,4.31
2026-06-07T06:17:31,1,3.86,31190.00,19.39,14975.00,999.00,19.00,1428.20,18.65,4.11
2026-06-07T06:17:32,1,3.85,31190.00,19.39,14975.00,999.00,19.01,1405.50,18.65,3.89
2026-06-07T06:17:32,1,3.84,31190.00,19.39,14975.00,999.00,19.02,1390.10,18.65,3.74
2026-06-07T06:17:32,1,3.85,30690.00,19.05,14734.00,999.00,19.03,1372.50,18.65,3.56
2026-06-07T06:17:32,1,3.88,30690.00,19.05,14734.00,999.00,19.04,1351.80,18.66,3.36
2026-06-07T06:17:33,1,3.88,30690.00,19.05,14734.00,999.00,19.05,1328.50,18.66,3.13
2026-06-07T06:17:33,1,3.86,30690.00,19.05,14734.00,999.00,19.05,1305.10,18.66,2.89
2026-06-07T06:17:33,1,3.86,30690.00,19.05,14734.00,999.00,19.06,1287.40,18.67,2.72
2026-06-07T06:17:33,1,3.87,30530.00,18.94,14658.00,999.00,19.06,1279.90,18.67,2.64
2026-06-07T06:17:33,1,3.85,30530.00,18.94,14658.00,999.00,19.06,1265.70,18.67,2.50
2026-06-07T06:17:34,1,3.88,30530.00,18.94,14658.00,999.00,19.06,1249.70,18.68,2.35
2026-06-07T06:17:34,1,3.86,30530.00,18.94,14658.00,999.00,19.07,1226.60,18.68,2.12
2026-06-07T06:17:34,1,3.84,30530.00,18.94,14658.00,999.00,19.07,1207.60,18.69,1.93
2026-06-07T06:17:34,1,3.86,30470.00,18.90,14628.00,999.00,19.07,1201.50,18.69,1.87
2026-06-07T06:17:34,1,3.86,30470.00,18.90,14628.00,999.00,19.08,1192.20,18.69,1.78
2026-06-07T06:17:35,1,3.87,30470.00,18.90,14628.00,999.00,19.08,1169.70,18.70,1.55
2026-06-07T06:17:35,1,3.85,30470.00,18.90,14628.00,999.00,19.07,1151.20,18.70,1.37
2026-06-07T06:17:35,1,3.83,30470.00,18.90,14628.00,999.00,19.08,1134.80,18.70,1.21
2026-06-07T06:17:35,1,3.84,30410.00,18.85,14599.00,999.00,19.08,1119.70,18.70,1.06
2026-06-07T06:17:35,1,3.87,30410.00,18.85,14599.00,999.00,19.08,1114.10,18.71,1.00
2026-06-07T06:17:36,1,3.85,30410.00,18.85,14599.00,999.00,19.08,1100.80,18.71,0.87
2026-06-07T06:17:36,1,3.85,30410.00,18.85,14599.00,999.00,19.08,1080.90,18.71,0.67
2026-06-07T06:17:36,1,3.86,30250.00,18.75,14524.00,999.00,19.08,1062.00,18.72,0.49
2026-06-07T06:17:36,1,3.86,30250.00,18.75,14524.00,999.00,19.08,1042.10,18.72,0.29
2026-06-07T06:17:36,1,3.88,30250.00,18.75,14524.00,999.00,19.09,1029.60,18.72,0.16
2026-06-07T06:17:37,1,3.85,30250.00,18.75,14524.00,999.00,19.09,1015.40,18.72,0.02
2026-06-07T06:17:37,1,3.85,30250.00,18.75,14524.00,999.00,19.09,1015.90,18.71,0.03
2026-06-07T06:17:37,1,3.86,17900.00,10.57,8596.00,999.00,19.08,1015.50,18.72,0.02
2026-06-07T06:17:37,1,3.85,17900.00,10.57,8596.00,999.00,19.06,1016.10,18.73,0.03
2026-06-07T06:17:38,1,3.86,17900.00,10.57,8596.00,999.00,18.94,1016.40,18.73,0.03
2026-06-07T06:17:38,1,3.85,17900.00,10.57,8596.00,999.00,18.79,1015.90,18.73,0.03
2026-06-07T06:17:38,1,3.84,17900.00,10.57,8596.00,999.00,18.65,1016.60,18.73,0.04
2026-06-07T06:17:38,1,3.86,9691.00,5.44,4652.00,999.00,18.54,1015.80,18.73,0.03
2026-06-07T06:17:38,1,3.83,9691.00,5.44,4652.00,999.00,18.47,1016.40,18.74,0.03
2026-06-07T06:17:39,1,3.88,9691.00,5.44,4652.00,999.00,18.42,1015.80,18.74,0.03
2026-06-07T06:17:39,1,3.85,9691.00,5.44,4652.00,999.00,18.36,1016.20,18.74,0.03
2026-06-07T06:17:39,1,3.87,9691.00,5.44,4652.00,999.00,18.28,1016.40,18.74,0.03
2026-06-07T06:17:39,1,3.88,8289.00,4.60,3979.00,999.00,18.24,1016.00,18.74,0.03
2026-06-07T06:17:39,1,3.87,8289.00,4.60,3979.00,999.00,18.21,1015.50,18.74,0.02
2026-06-07T06:17:40,1,3.86,8289.00,4.60,3979.00,999.00,18.18,1016.00,18.74,0.03
2026-06-07T06:17:40,1,3.84,8289.00,4.60,3979.00,999.00,18.17,1016.10,18.74,0.03
2026-06-07T06:17:40,1,3.87,8289.00,4.60,3979.00,999.00,18.12,1016.20,18.74,0.03
2026-06-07T06:17:40,1,3.86,8236.00,4.57,3953.00,999.00,18.09,1016.60,18.74,0.04
2026-06-07T06:17:40,1,3.86,8236.00,4.57,3953.00,999.00,18.04,1016.20,18.74,0.03
2026-06-07T06:17:41,1,3.85,8236.00,4.57,3953.00,999.00,18.00,1016.30,18.74,0.03
2026-06-07T06:17:41,1,3.85,8236.00,4.57,3953.00,999.00,17.96,1016.20,18.74,0.03
2026-06-07T06:17:41,1,3.86,6824.00,3.74,3276.00,999.00,17.90,1016.30,18.73,0.03
2026-06-07T06:17:41,1,3.88,6824.00,3.74,3276.00,999.00,17.78,1016.20,18.74,0.03
2026-06-07T06:17:41,1,3.85,6824.00,3.74,3276.00,999.00,17.63,1016.30,18.72,0.03
2026-06-07T06:17:42,1,3.83,6824.00,3.74,3276.00,999.00,17.54,1015.80,18.73,0.03
2026-06-07T06:17:42,1,3.86,6824.00,3.74,3276.00,999.00,17.47,1015.70,18.73,0.03
2026-06-07T06:17:42,1,3.86,6374.00,3.47,3060.00,999.00,17.41,1015.90,18.73,0.03
2026-06-07T06:17:42,1,3.88,6374.00,3.47,3060.00,999.00,17.38,1016.10,18.72,0.03
2026-06-07T06:17:42,1,3.88,6374.00,3.47,3060.00,999.00,17.35,1016.30,18.73,0.03
2026-06-07T06:17:43,1,3.86,6374.00,3.47,3060.00,999.00,17.32,1015.70,18.72,0.03
2026-06-07T06:17:43,1,3.86,6374.00,3.47,3060.00,999.00,17.27,1016.30,18.72,0.03
2026-06-07T06:17:43,1,3.85,5550.00,3.00,2664.00,999.00,17.23,1016.10,18.71,0.03
2026-06-07T06:17:43,1,3.88,5550.00,3.00,2664.00,999.00,17.19,1016.40,18.71,0.03
2026-06-07T06:17:44,1,3.88,5550.00,3.00,2664.00,999.00,17.15,1016.70,18.71,0.04
2026-06-07T06:17:44,1,3.87,5550.00,3.00,2664.00,999.00,17.12,1015.90,18.70,0.03
2026-06-07T06:17:44,1,3.84,5550.00,3.00,2664.00,999.00,17.11,1016.50,18.70,0.03
2026-06-07T06:17:44,1,3.86,7263.00,3.99,3486.00,999.00,17.09,1016.00,18.70,0.03
2026-06-07T06:17:44,1,3.86,7263.00,3.99,3486.00,999.00,17.04,1016.10,18.70,0.03
2026-06-07T06:17:45,1,3.87,7263.00,3.99,3486.00,999.00,17.00,1016.10,18.69,0.03
2026-06-07T06:17:45,1,3.86,7263.00,3.99,3486.00,999.00,16.97,1016.10,18.69,0.03
2026-06-07T06:17:45,1,3.88,6447.00,3.52,3095.00,999.00,16.93,1016.20,18.68,0.03
2026-06-07T06:17:45,1,3.86,6447.00,3.52,3095.00,999.00,16.90,1016.40,18.68,0.03
2026-06-07T06:17:45,1,3.85,6447.00,3.52,3095.00,999.00,16.86,1016.10,18.68,0.03
2026-06-07T06:17:46,1,3.86,6447.00,3.52,3095.00,999.00,16.82,1016.20,18.67,0.03
2026-06-07T06:17:46,1,3.85,6447.00,3.52,3095.00,999.00,16.79,1016.00,18.67,0.03
2026-06-07T06:17:46,1,3.87,6668.00,3.64,3201.00,999.00,16.76,1016.30,18.66,0.03
2026-06-07T06:17:46,1,3.86,6668.00,3.64,3201.00,999.00,16.74,1016.10,18.66,0.03
2026-06-07T06:17:46,1,3.86,6668.00,3.64,3201.00,999.00,16.72,1015.90,18.65,0.03
2026-06-07T06:17:47,1,3.86,6668.00,3.64,3201.00,999.00,16.70,1016.50,18.65,0.03
2026-06-07T06:17:47,1,3.88,6668.00,3.64,3201.00,999.00,16.69,1016.20,18.65,0.03
2026-06-07T06:17:47,1,3.88,6524.00,3.56,3132.00,999.00,16.67,1015.80,18.65,0.03
2026-06-07T06:17:47,1,3.88,6524.00,3.56,3132.00,999.00,16.64,1016.20,18.64,0.03
2026-06-07T06:17:47,1,3.87,6524.00,3.56,3132.00,999.00,16.62,1016.00,18.64,0.03
2026-06-07T06:17:48,1,3.84,6524.00,3.56,3132.00,999.00,16.61,1016.00,18.63,0.03
2026-06-07T06:17:48,1,3.86,6524.00,3.56,3132.00,999.00,16.60,1015.70,18.63,0.03
2026-06-07T06:17:48,1,3.87,6517.00,3.56,3128.00,999.00,16.57,1015.80,18.63,0.03
2026-06-07T06:17:48,1,3.86,6517.00,3.56,3128.00,999.00,16.55,1016.10,18.62,0.03
2026-06-07T06:17:48,1,3.87,6517.00,3.56,3128.00,999.00,16.54,1015.90,18.62,0.03
2026-06-07T06:17:49,1,3.85,6517.00,3.56,3128.00,999.00,16.52,1016.10,18.62,0.03
2026-06-07T06:17:49,1,3.86,6509.00,3.55,3124.00,999.00,16.49,1015.90,18.61,0.03
2026-06-07T06:17:49,1,3.88,6509.00,3.55,3124.00,999.00,16.47,1016.10,18.61,0.03
2026-06-07T06:17:49,1,3.85,6509.00,3.55,3124.00,999.00,16.45,1015.60,18.60,0.03
2026-06-07T06:17:50,1,3.84,6509.00,3.55,3124.00,999.00,16.43,1015.90,18.60,0.03
2026-06-07T06:17:50,1,3.86,6509.00,3.55,3124.00,999.00,16.41,1015.90,18.60,0.03
2026-06-07T06:17:50,1,3.86,6414.00,3.50,3079.00,999.00,16.39,1015.60,18.60,0.03
2026-06-07T06:17:50,1,3.85,6414.00,3.50,3079.00,999.00,16.37,1015.80,18.59,0.03
2026-06-07T06:17:50,1,3.87,6414.00,3.50,3079.00,999.00,16.36,1015.30,18.59,0.02
2026-06-07T06:17:51,1,3.84,6414.00,3.50,3079.00,999.00,16.34,1015.70,18.58,0.03
2026-06-07T06:17:51,1,3.86,6414.00,3.50,3079.00,999.00,16.33,1015.40,18.58,0.02
2026-06-07T06:17:51,1,3.86,6432.00,3.51,3087.00,999.00,16.31,1015.50,18.57,0.02
2026-06-07T06:17:51,1,3.88,6432.00,3.51,3087.00,999.00,16.29,1015.90,18.57,0.03
2026-06-07T06:17:51,1,3.88,6432.00,3.51,3087.00,999.00,16.26,1015.70,18.56,0.03
2026-06-07T06:17:52,1,3.84,6432.00,3.51,3087.00,999.00,16.19,1015.90,18.56,0.03
2026-06-07T06:17:52,1,3.83,6432.00,3.51,3087.00,999.00,16.09,1015.40,18.55,0.02
2026-06-07T06:17:52,1,3.87,6646.00,3.63,3190.00,999.00,15.99,1015.80,18.55,0.03
2026-06-07T06:17:52,1,3.86,6646.00,3.63,3190.00,999.00,15.92,1015.10,18.54,0.02
2026-06-07T06:17:52,1,3.85,6646.00,3.63,3190.00,999.00,15.86,1015.80,18.54,0.03
2026-06-07T06:17:53,1,3.85,6646.00,3.63,3190.00,999.00,15.81,1015.60,18.53,0.03
2026-06-07T06:17:53,1,3.85,6646.00,3.63,3190.00,999.00,15.76,1015.70,18.52,0.03
2026-06-07T06:17:53,1,3.85,6603.00,3.61,3170.00,999.00,15.71,1015.30,18.52,0.02
2026-06-07T06:17:53,1,3.88,6603.00,3.61,3170.00,999.00,15.64,1015.70,18.51,0.03
2026-06-07T06:17:53,1,3.87,6603.00,3.61,3170.00,999.00,15.54,1016.00,18.51,0.03
2026-06-07T06:17:54,1,3.85,6603.00,3.61,3170.00,999.00,15.46,1015.70,18.50,0.03
2026-06-07T06:17:54,1,3.85,6417.00,3.50,3080.00,999.00,15.39,1015.30,18.50,0.02
2026-06-07T06:17:54,1,3.86,6417.00,3.50,3080.00,999.00,15.35,1015.50,18.47,0.02
2026-06-07T06:17:54,1,3.88,6417.00,3.50,3080.00,999.00,15.31,1015.50,18.47,0.02
2026-06-07T06:17:54,1,3.85,6417.00,3.50,3080.00,999.00,15.28,1015.50,18.47,0.02
2026-06-07T06:17:55,1,3.87,6417.00,3.50,3080.00,999.00,15.24,1015.30,18.46,0.02
2026-06-07T06:17:55,1,3.84,6075.00,3.30,2916.00,999.00,15.19,1015.30,18.46,0.02
2026-06-07T06:17:55,1,3.85,6075.00,3.30,2916.00,999.00,15.15,1015.60,18.45,0.03
2026-06-07T06:17:55,1,3.86,6075.00,3.30,2916.00,999.00,15.12,1015.10,18.44,0.02
2026-06-07T06:17:56,1,3.87,6075.00,3.30,2916.00,999.00,15.09,1015.10,18.43,0.02
2026-06-07T06:17:56,1,3.86,6075.00,3.30,2916.00,999.00,15.05,1015.80,18.42,0.03
2026-06-07T06:17:56,1,3.88,5225.00,2.81,2508.00,999.00,15.00,1015.60,18.42,0.03
2026-06-07T06:17:56,1,3.88,5225.00,2.81,2508.00,999.00,14.97,1014.90,18.41,0.02
2026-06-07T06:17:56,1,3.88,5225.00,2.81,2508.00,999.00,14.95,1015.40,18.40,0.02
2026-06-07T06:17:57,1,3.86,5225.00,2.81,2508.00,999.00,14.90,1015.40,18.40,0.02
2026-06-07T06:17:57,1,3.88,5225.00,2.81,2508.00,999.00,14.86,1015.30,18.39,0.02
2026-06-07T06:17:57,1,3.86,983.10,0.48,472.00,999.00,14.81,1015.30,18.38,0.02
2026-06-07T06:17:57,1,3.85,983.10,0.48,472.00,999.00,14.77,1016.20,18.34,0.03
2026-06-07T06:17:57,1,3.85,983.10,0.48,472.00,999.00,14.75,1015.90,18.30,0.03
2026-06-07T06:17:58,1,3.87,983.10,0.48,472.00,999.00,14.74,1018.80,18.17,0.06
2026-06-07T06:17:58,1,3.87,1517.00,0.76,729.00,999.00,14.73,1018.70,18.18,0.06
2026-06-07T06:17:58,1,3.88,1517.00,0.76,729.00,999.00,14.72,1016.50,18.29,0.03
2026-06-07T06:17:58,1,3.86,1517.00,0.76,729.00,999.00,14.70,1016.70,18.28,0.04
2026-06-07T06:17:58,1,3.86,1517.00,0.76,729.00,999.00,14.69,1017.10,18.28,0.04
2026-06-07T06:17:59,1,3.86,1517.00,0.76,729.00,999.00,14.69,1015.30,18.21,0.02
2026-06-07T06:17:59,1,3.86,1581.00,0.80,759.00,999.00,14.69,1015.10,18.30,0.02
2026-06-07T06:17:59,1,3.88,1581.00,0.80,759.00,999.00,14.68,1015.50,18.32,0.02
2026-06-07T06:17:59,1,3.87,1581.00,0.80,759.00,999.00,14.66,1015.20,18.30,0.02
2026-06-07T06:17:59,1,3.85,1581.00,0.80,759.00,999.00,14.65,1015.60,18.29,0.03
2026-06-07T06:18:00,1,3.87,1581.00,0.80,759.00,999.00,14.62,1015.80,18.29,0.03
2026-06-07T06:18:00,1,3.88,974.30,0.48,468.00,999.00,14.61,1015.40,18.29,0.02
2026-06-07T06:18:00,1,3.88,974.30,0.48,468.00,999.00,14.59,1016.20,18.28,0.03
2026-06-07T06:18:00,1,3.85,974.30,0.48,468.00,999.00,14.58,1015.60,18.28,0.03
2026-06-07T06:18:00,1,3.87,974.30,0.48,468.00,999.00,14.57,1015.90,18.27,0.03
2026-06-07T06:18:01,1,3.85,974.30,0.48,468.00,999.00,14.55,1015.30,18.26,0.02
2026-06-07T06:18:01,1,3.84,1059.00,0.52,509.00,999.00,14.52,1015.20,18.25,0.02
2026-06-07T06:18:01,1,3.86,1059.00,0.52,509.00,999.00,14.50,1015.60,18.25,0.03
2026-06-07T06:18:01,1,3.85,1059.00,0.52,509.00,999.00,14.46,1015.10,18.25,0.02
2026-06-07T06:18:02,1,3.85,1059.00,0.52,509.00,999.00,14.45,1015.20,18.24,0.02
2026-06-07T06:18:02,1,3.87,1304.00,0.65,626.00,999.00,14.46,1015.60,18.23,0.03
2026-06-07T06:18:02,1,3.87,1304.00,0.65,626.00,999.00,14.49,1015.50,18.22,0.02
2026-06-07T06:18:02,1,3.86,1304.00,0.65,626.00,999.00,14.50,1015.90,18.22,0.03
2026-06-07T06:18:02,1,3.87,1304.00,0.65,626.00,999.00,14.53,1016.40,18.21,0.03
2026-06-07T06:18:03,1,3.85,1304.00,0.65,626.00,999.00,14.52,1016.10,18.21,0.03
2026-06-07T06:18:03,1,3.86,2114.00,1.08,1015.00,999.00,14.51,1016.00,18.20,0.03
2026-06-07T06:18:03,1,3.85,2114.00,1.08,1015.00,999.00,14.51,1015.50,18.19,0.02
2026-06-07T06:18:03,1,3.88,2114.00,1.08,1015.00,999.00,14.51,1015.30,18.19,0.02
2026-06-07T06:18:03,1,3.87,2114.00,1.08,1015.00,999.00,14.51,1015.30,18.14,0.02
2026-06-07T06:18:04,1,3.86,2114.00,1.08,1015.00,999.00,14.52,1013.20,18.14,0.00
2026-06-07T06:18:04,1,3.85,1267.00,0.63,608.00,999.00,14.51,1015.30,18.14,0.02
2026-06-07T06:18:04,1,3.87,1267.00,0.63,608.00,999.00,14.52,1016.00,18.15,0.03
2026-06-07T06:18:04,1,3.88,1267.00,0.63,608.00,999.00,14.52,1016.60,18.17,0.04
2026-06-07T06:18:04,1,3.87,1267.00,0.63,608.00,999.00,14.53,1016.10,18.17,0.03
2026-06-07T06:18:05,1,3.86,1267.00,0.63,608.00,999.00,14.55,1018.90,18.16,0.06
2026-06-07T06:18:05,1,3.82,1508.00,0.76,724.00,999.00,14.56,1015.50,18.16,0.02
2026-06-07T06:18:05,1,3.88,1508.00,0.76,724.00,999.00,14.57,1016.20,18.16,0.03
2026-06-07T06:18:05,1,3.88,1508.00,0.76,724.00,999.00,14.58,1016.10,18.15,0.03
2026-06-07T06:18:05,1,3.85,1508.00,0.76,724.00,999.00,14.59,1016.70,18.07,0.04
2026-06-07T06:18:06,1,3.84,1508.00,0.76,724.00,999.00,14.60,1016.60,18.06,0.04
2026-06-07T06:18:06,1,3.86,1591.00,0.80,764.00,999.00,14.61,1016.20,18.06,0.03
2026-06-07T06:18:06,1,3.88,1591.00,0.80,764.00,999.00,14.61,1016.50,18.04,0.03
2026-06-07T06:18:06,1,3.85,1591.00,0.80,764.00,999.00,14.63,1016.20,18.04,0.03
2026-06-07T06:18:06,1,3.84,1591.00,0.80,764.00,999.00,14.64,1015.70,18.05,0.03
2026-06-07T06:18:07,1,3.86,1580.00,0.79,759.00,999.00,14.65,1017.20,18.02,0.04
2026-06-07T06:18:07,1,3.88,1580.00,0.79,759.00,999.00,14.66,1022.40,18.02,0.09
2026-06-07T06:18:07,1,3.87,1580.00,0.79,759.00,999.00,14.69,1018.50,18.06,0.05
2026-06-07T06:18:07,1,3.86,1580.00,0.79,759.00,999.00,14.70,1018.90,18.05,0.06
2026-06-07T06:18:08,1,3.85,1580.00,0.79,759.00,999.00,14.71,1019.40,18.04,0.06
2026-06-07T06:18:08,1,3.86,1254.00,0.62,602.00,999.00,14.73,1019.40,18.05,0.06
2026-06-07T06:18:08,1,3.86,1254.00,0.62,602.00,999.00,14.74,1019.20,18.04,0.06
2026-06-07T06:18:08,1,3.85,1254.00,0.62,602.00,999.00,14.76,1019.20,18.04,0.06
2026-06-07T06:18:08,1,3.86,1254.00,0.62,602.00,999.00,14.78,1019.50,18.04,0.06
2026-06-07T06:18:09,1,3.85,1254.00,0.62,602.00,999.00,14.79,1019.30,18.05,0.06
2026-06-07T06:18:09,1,3.88,1328.00,0.66,638.00,999.00,14.80,1018.90,18.04,0.06
2026-06-07T06:18:09,1,3.85,1328.00,0.66,638.00,999.00,14.82,1018.90,18.04,0.06
2026-06-07T06:18:09,1,3.88,1328.00,0.66,638.00,999.00,14.82,1019.10,18.05,0.06
2026-06-07T06:18:09,1,3.87,1328.00,0.66,638.00,999.00,14.82,1018.70,18.05,0.06
2026-06-07T06:18:10,1,3.85,1328.00,0.66,638.00,999.00,14.82,1018.90,18.05,0.06
2026-06-07T06:18:10,1,3.87,1356.00,0.68,651.00,999.00,14.81,1018.20,18.06,0.05
2026-06-07T06:18:10,1,3.86,1356.00,0.68,651.00,999.00,14.81,1018.80,18.06,0.06
2026-06-07T06:18:10,1,3.86,1356.00,0.68,651.00,999.00,14.80,1019.00,18.06,0.06
2026-06-07T06:18:10,1,3.87,1356.00,0.68,651.00,999.00,14.80,1018.20,18.07,0.05
2026-06-07T06:18:11,1,3.85,1339.00,0.67,643.00,999.00,14.81,1018.50,18.07,0.05
2026-06-07T06:18:11,1,3.88,1339.00,0.67,643.00,999.00,14.82,1018.70,18.06,0.06
2026-06-07T06:18:11,1,3.88,1339.00,0.67,643.00,999.00,14.83,1018.90,18.06,0.06
2026-06-07T06:18:11,1,3.85,1339.00,0.67,643.00,999.00,14.84,1018.90,18.06,0.06
2026-06-07T06:18:11,1,3.87,1339.00,0.67,643.00,999.00,14.85,1018.60,18.07,0.06
2026-06-07T06:18:12,1,3.87,1338.00,0.67,643.00,999.00,14.87,1019.30,18.03,0.06
