time,deviceMode,vBat,ec,sal,tds,slowDallasTemp,fastBRTemp,slowBRPres,slowBRTemp,slowBRDepth
2026-06-09T08:07:29,1,3.65,999.00,999.00,999.00,999.00,17.14,1017.10,19.06,0.04
2026-06-09T08:07:31,1,3.63,999.00,999.00,999.00,999.00,17.15,1017.50,19.08,0.04
2026-06-09T08:07:31,1,3.70,3444.00,1.80,1653.00,999.00,17.15,1017.40,19.09,0.04
2026-06-09T08:07:31,1,3.67,3444.00,1.80,1653.00,999.00,17.15,1017.00,19.10,0.04
2026-06-09T08:07:32,1,3.69,3444.00,1.80,1653.00,999.00,17.14,1017.10,19.10,0.04
2026-06-09T08:07:32,1,3.70,3367.00,1.76,1616.00,999.00,17.15,1016.90,19.11,0.04
2026-06-09T08:07:32,1,3.69,3367.00,1.76,1616.00,999.00,17.13,1017.00,19.11,0.04
2026-06-09T08:07:32,1,3.69,3367.00,1.76,1616.00,999.00,17.13,1016.70,19.10,0.04
2026-06-09T08:07:33,1,3.66,3367.00,1.76,1616.00,999.00,17.14,1017.30,19.11,0.04
2026-06-09T08:07:33,1,3.67,3369.00,1.76,1617.00,999.00,17.14,1017.00,19.11,0.04
2026-06-09T08:07:33,1,3.69,3369.00,1.76,1617.00,999.00,17.14,1017.30,19.12,0.04
2026-06-09T08:07:33,1,3.68,3369.00,1.76,1617.00,999.00,17.14,1017.10,19.12,0.04
2026-06-09T08:07:33,1,3.69,3369.00,1.76,1617.00,999.00,17.15,1017.00,19.12,0.04
2026-06-09T08:07:34,1,3.68,3369.00,1.76,1617.00,999.00,17.16,1016.90,19.12,0.04
2026-06-09T08:07:34,1,3.68,3667.00,1.93,1761.00,999.00,17.16,1016.50,19.12,0.03
2026-06-09T08:07:34,1,3.70,3667.00,1.93,1761.00,999.00,17.16,1016.70,19.12,0.04
2026-06-09T08:07:34,1,3.68,3667.00,1.93,1761.00,999.00,17.17,1017.10,19.12,0.04
2026-06-09T08:07:34,1,3.67,3667.00,1.93,1761.00,999.00,17.16,1017.30,19.12,0.04
2026-06-09T08:07:35,1,3.70,3667.00,1.93,1761.00,999.00,17.18,1017.30,19.12,0.04
2026-06-09T08:07:35,1,3.68,3487.00,1.83,1674.00,999.00,17.19,1017.30,19.12,0.04
2026-06-09T08:07:35,1,3.69,3487.00,1.83,1674.00,999.00,17.19,1016.90,19.12,0.04
2026-06-09T08:07:35,1,3.70,3487.00,1.83,1674.00,999.00,17.19,1017.20,19.13,0.04
2026-06-09T08:07:35,1,3.68,3487.00,1.83,1674.00,999.00,17.19,1017.20,19.12,0.04
2026-06-09T08:07:36,1,3.70,3487.00,1.83,1674.00,999.00,17.20,1017.00,19.13,0.04
2026-06-09T08:07:36,1,3.70,3058.00,1.59,1468.00,999.00,17.20,1017.20,19.13,0.04
2026-06-09T08:07:36,1,3.70,3058.00,1.59,1468.00,999.00,17.20,1017.30,19.13,0.04
2026-06-09T08:07:36,1,3.70,3058.00,1.59,1468.00,999.00,17.21,1017.00,19.13,0.04
2026-06-09T08:07:37,1,3.68,3058.00,1.59,1468.00,999.00,17.22,1016.90,19.13,0.04
2026-06-09T08:07:37,1,3.68,2783.00,1.44,1336.00,999.00,17.22,1017.00,19.13,0.04
2026-06-09T08:07:37,1,3.68,2783.00,1.44,1336.00,999.00,17.22,1016.90,19.13,0.04
2026-06-09T08:07:37,1,3.68,2783.00,1.44,1336.00,999.00,17.22,1016.90,19.13,0.04
2026-06-09T08:07:37,1,3.69,2783.00,1.44,1336.00,999.00,17.21,1017.20,19.13,0.04
2026-06-09T08:07:38,1,3.67,2783.00,1.44,1336.00,999.00,17.20,1017.30,19.13,0.04
2026-06-09T08:07:38,1,3.69,2218.00,1.13,1065.00,999.00,17.19,1016.80,19.13,0.04
2026-06-09T08:07:38,1,3.68,2218.00,1.13,1065.00,999.00,17.17,1017.10,19.13,0.04
2026-06-09T08:07:38,1,3.70,2218.00,1.13,1065.00,999.00,17.16,1016.90,19.12,0.04
2026-06-09T08:07:38,1,3.68,2218.00,1.13,1065.00,999.00,17.14,1017.10,19.13,0.04
2026-06-09T08:07:39,1,3.69,2218.00,1.13,1065.00,999.00,17.13,1016.80,19.12,0.04
2026-06-09T08:07:39,1,3.68,3610.00,1.90,1733.00,999.00,17.12,1017.00,19.11,0.04
2026-06-09T08:07:39,1,3.70,3610.00,1.90,1733.00,999.00,17.10,1017.20,19.11,0.04
2026-06-09T08:07:39,1,3.68,3610.00,1.90,1733.00,999.00,17.09,1017.00,19.12,0.04
2026-06-09T08:07:39,1,3.70,3610.00,1.90,1733.00,999.00,17.08,1017.40,19.12,0.04
2026-06-09T08:07:40,1,3.69,5292.00,2.85,2540.00,999.00,17.06,1017.30,19.12,0.04
2026-06-09T08:07:40,1,3.69,5292.00,2.85,2540.00,999.00,17.05,1017.40,19.12,0.04
2026-06-09T08:07:40,1,3.70,5292.00,2.85,2540.00,999.00,17.04,1017.00,19.12,0.04
2026-06-09T08:07:40,1,3.68,5292.00,2.85,2540.00,999.00,17.04,1017.10,19.12,0.04
2026-06-09T08:07:40,1,3.69,5292.00,2.85,2540.00,999.00,17.04,1017.30,19.12,0.04
2026-06-09T08:07:41,1,3.70,4191.00,2.22,2012.00,999.00,17.03,1017.40,19.12,0.04
2026-06-09T08:07:41,1,3.68,4191.00,2.22,2012.00,999.00,17.03,1017.20,19.12,0.04
2026-06-09T08:07:41,1,3.70,4191.00,2.22,2012.00,999.00,17.02,1017.30,19.12,0.04
2026-06-09T08:07:41,1,3.70,4191.00,2.22,2012.00,999.00,17.02,1016.50,19.12,0.03
2026-06-09T08:07:42,1,3.67,4191.00,2.22,2012.00,999.00,17.02,1016.60,19.12,0.04
2026-06-09T08:07:42,1,3.68,2918.00,1.51,1401.00,999.00,17.02,1016.90,19.12,0.04
2026-06-09T08:07:42,1,3.68,2918.00,1.51,1401.00,999.00,17.03,1016.90,19.12,0.04
2026-06-09T08:07:42,1,3.68,2918.00,1.51,1401.00,999.00,17.03,1017.30,19.12,0.04
2026-06-09T08:07:42,1,3.69,2918.00,1.51,1401.00,999.00,17.03,1017.00,19.12,0.04
2026-06-09T08:07:43,1,3.68,2918.00,1.51,1401.00,999.00,17.03,1016.90,19.12,0.04
2026-06-09T08:07:43,1,3.69,2228.00,1.14,1070.00,999.00,17.03,1017.00,19.12,0.04
2026-06-09T08:07:43,1,3.67,2228.00,1.14,1070.00,999.00,17.03,1016.70,19.12,0.04
2026-06-09T08:07:43,1,3.70,2228.00,1.14,1070.00,999.00,17.03,1017.10,19.11,0.04
2026-06-09T08:07:43,1,3.69,2228.00,1.14,1070.00,999.00,17.04,1016.80,19.11,0.04
2026-06-09T08:07:44,1,3.70,1384.00,0.69,665.00,999.00,17.03,1016.80,19.12,0.04
2026-06-09T08:07:44,1,3.68,1384.00,0.69,665.00,999.00,17.03,1017.10,19.11,0.04
2026-06-09T08:07:44,1,3.68,1384.00,0.69,665.00,999.00,17.02,1017.00,19.11,0.04
2026-06-09T08:07:44,1,3.69,1384.00,0.69,665.00,999.00,17.02,1016.80,19.11,0.04
2026-06-09T08:07:44,1,3.68,1384.00,0.69,665.00,999.00,17.03,1016.60,19.11,0.04
2026-06-09T08:07:45,1,3.70,1477.00,0.74,709.00,999.00,17.02,1016.70,19.11,0.04
2026-06-09T08:07:45,1,3.70,1477.00,0.74,709.00,999.00,17.03,1017.40,19.11,0.04
2026-06-09T08:07:45,1,3.68,1477.00,0.74,709.00,999.00,17.03,1017.20,19.10,0.04
2026-06-09T08:07:45,1,3.70,1477.00,0.74,709.00,999.00,17.03,1016.90,19.10,0.04
2026-06-09T08:07:46,1,3.68,1477.00,0.74,709.00,999.00,17.03,1016.90,19.11,0.04
2026-06-09T08:07:46,1,3.68,1351.00,0.67,649.00,999.00,17.03,1017.10,19.11,0.04
2026-06-09T08:07:46,1,3.69,1351.00,0.67,649.00,999.00,17.02,1017.00,19.11,0.04
2026-06-09T08:07:46,1,3.68,1351.00,0.67,649.00,999.00,17.01,1017.00,19.10,0.04
2026-06-09T08:07:46,1,3.69,1351.00,0.67,649.00,999.00,17.02,1017.10,19.10,0.04
2026-06-09T08:07:47,1,3.70,1351.00,0.67,649.00,999.00,17.02,1016.80,19.10,0.04
2026-06-09T08:07:47,1,3.70,388.30,0.19,186.00,999.00,17.02,1016.70,19.10,0.04
2026-06-09T08:07:47,1,3.70,388.30,0.19,186.00,999.00,17.02,1017.10,19.10,0.04
2026-06-09T08:07:47,1,3.70,388.30,0.19,186.00,999.00,17.02,1017.10,19.10,0.04
2026-06-09T08:07:47,1,3.68,388.30,0.19,186.00,999.00,17.02,1017.10,19.10,0.04
2026-06-09T08:07:48,1,3.69,369.50,0.18,177.00,999.00,17.01,1017.00,19.10,0.04
2026-06-09T08:07:48,1,3.70,369.50,0.18,177.00,999.00,17.02,1016.60,19.10,0.04
2026-06-09T08:07:48,1,3.70,369.50,0.18,177.00,999.00,17.02,1017.00,19.10,0.04
2026-06-09T08:07:48,1,3.69,369.50,0.18,177.00,999.00,17.02,1017.10,19.09,0.04
2026-06-09T08:07:48,1,3.69,369.50,0.18,177.00,999.00,17.02,1017.00,19.10,0.04
2026-06-09T08:07:49,1,3.68,321.80,0.16,154.00,999.00,17.02,1017.30,19.09,0.04
2026-06-09T08:07:49,1,3.70,321.80,0.16,154.00,999.00,17.01,1016.80,19.09,0.04
2026-06-09T08:07:49,1,3.68,321.80,0.16,154.00,999.00,17.00,1016.80,19.09,0.04
2026-06-09T08:07:49,1,3.70,321.80,0.16,154.00,999.00,16.97,1017.00,19.09,0.04
2026-06-09T08:07:49,1,3.67,321.80,0.16,154.00,999.00,16.96,1017.00,19.09,0.04
2026-06-09T08:07:50,1,3.68,300.40,0.14,144.00,999.00,16.94,1017.20,19.09,0.04
2026-06-09T08:07:50,1,3.70,300.40,0.14,144.00,999.00,16.93,1017.40,19.08,0.04
2026-06-09T08:07:50,1,3.70,300.40,0.14,144.00,999.00,16.92,1016.90,19.09,0.04
2026-06-09T08:07:50,1,3.70,300.40,0.14,144.00,999.00,16.92,1017.10,19.08,0.04
2026-06-09T08:07:50,1,3.68,300.40,0.14,144.00,999.00,16.92,1017.10,19.08,0.04
2026-06-09T08:07:51,1,3.68,298.30,0.14,143.00,999.00,16.91,1017.10,19.08,0.04
2026-06-09T08:07:51,1,3.69,298.30,0.14,143.00,999.00,16.92,1017.10,19.08,0.04
2026-06-09T08:07:51,1,3.68,298.30,0.14,143.00,999.00,16.93,1016.90,19.08,0.04
2026-06-09T08:07:51,1,3.70,298.30,0.14,143.00,999.00,16.92,1016.90,19.08,0.04
2026-06-09T08:07:52,1,3.69,296.80,0.14,142.00,999.00,16.93,1017.40,19.07,0.04
2026-06-09T08:07:52,1,3.70,296.80,0.14,142.00,999.00,16.92,1017.40,19.07,0.04
2026-06-09T08:07:52,1,3.67,296.80,0.14,142.00,999.00,16.91,1017.70,19.06,0.05
2026-06-09T08:07:52,1,3.68,296.80,0.14,142.00,999.00,16.90,1016.80,19.07,0.04
2026-06-09T08:07:52,1,3.70,296.80,0.14,142.00,999.00,16.90,1017.20,19.07,0.04
2026-06-09T08:07:53,1,3.70,296.70,0.14,142.00,999.00,16.88,1017.50,19.07,0.04
2026-06-09T08:07:53,1,3.70,296.70,0.14,142.00,999.00,16.87,1017.50,19.06,0.04
2026-06-09T08:07:53,1,3.68,296.70,0.14,142.00,999.00,16.85,1017.40,19.07,0.04
2026-06-09T08:07:53,1,3.68,296.70,0.14,142.00,999.00,16.83,1017.10,19.06,0.04
2026-06-09T08:07:53,1,3.70,296.70,0.14,142.00,999.00,16.83,1017.10,19.06,0.04
2026-06-09T08:07:54,1,3.68,290.70,0.14,140.00,999.00,16.82,1017.10,19.06,0.04
2026-06-09T08:07:54,1,3.69,290.70,0.14,140.00,999.00,16.81,1017.40,19.06,0.04
2026-06-09T08:07:54,1,3.68,290.70,0.14,140.00,999.00,16.80,1017.20,19.06,0.04
2026-06-09T08:07:54,1,3.69,290.70,0.14,140.00,999.00,16.79,1017.30,19.05,0.04
2026-06-09T08:07:54,1,3.69,286.10,0.14,137.00,999.00,16.78,1017.30,19.05,0.04
2026-06-09T08:07:55,1,3.68,286.10,0.14,137.00,999.00,16.77,1017.50,19.06,0.04
2026-06-09T08:07:55,1,3.68,286.10,0.14,137.00,999.00,16.76,1017.50,19.05,0.04
2026-06-09T08:07:55,1,3.70,286.10,0.14,137.00,999.00,16.76,1017.20,19.05,0.04
2026-06-09T08:07:55,1,3.70,286.10,0.14,137.00,999.00,16.76,1017.40,19.05,0.04
2026-06-09T08:07:55,1,3.68,286.90,0.14,138.00,999.00,16.75,1017.30,19.05,0.04
2026-06-09T08:07:56,1,3.71,286.90,0.14,138.00,999.00,16.74,1017.20,19.05,0.04
2026-06-09T08:07:56,1,3.70,286.90,0.14,138.00,999.00,16.74,1017.30,19.05,0.04
2026-06-09T08:07:56,1,3.67,286.90,0.14,138.00,999.00,16.73,1017.80,19.04,0.05
2026-06-09T08:07:56,1,3.70,286.90,0.14,138.00,999.00,16.73,1017.40,19.04,0.04
2026-06-09T08:07:57,1,3.69,285.40,0.14,137.00,999.00,16.72,1017.50,19.04,0.04
2026-06-09T08:07:57,1,3.70,285.40,0.14,137.00,999.00,16.71,1017.40,19.04,0.04
2026-06-09T08:07:57,1,3.70,285.40,0.14,137.00,999.00,16.72,1017.50,19.04,0.04
2026-06-09T08:07:57,1,3.67,285.40,0.14,137.00,999.00,16.72,1017.50,19.04,0.04
2026-06-09T08:07:57,1,3.68,285.40,0.14,137.00,999.00,16.71,1017.90,19.04,0.05
2026-06-09T08:07:58,1,3.70,286.90,0.14,138.00,999.00,16.71,1017.50,19.02,0.04
2026-06-09T08:07:58,1,3.70,286.90,0.14,138.00,999.00,16.70,1017.70,19.03,0.05
2026-06-09T08:07:58,1,3.68,286.90,0.14,138.00,999.00,16.71,1017.70,19.03,0.05
2026-06-09T08:07:58,1,3.68,286.90,0.14,138.00,999.00,16.71,1017.50,19.03,0.04
2026-06-09T08:07:58,1,3.68,284.40,0.14,136.00,999.00,16.72,1017.50,19.03,0.04
2026-06-09T08:07:59,1,3.68,284.40,0.14,136.00,999.00,16.72,1017.60,19.03,0.05
2026-06-09T08:07:59,1,3.70,284.40,0.14,136.00,999.00,16.72,1017.80,19.03,0.05
2026-06-09T08:07:59,1,3.69,284.40,0.14,136.00,999.00,16.73,1017.40,19.03,0.04
2026-06-09T08:07:59,1,3.69,284.40,0.14,136.00,999.00,16.74,1017.60,19.03,0.05
2026-06-09T08:07:59,1,3.69,283.10,0.14,136.00,999.00,16.75,1016.70,19.02,0.04
2026-06-09T08:08:00,1,3.70,283.10,0.14,136.00,999.00,16.76,1017.10,19.02,0.04
2026-06-09T08:08:00,1,3.68,283.10,0.14,136.00,999.00,16.81,1017.60,19.02,0.05
2026-06-09T08:08:00,1,3.66,283.10,0.14,136.00,999.00,17.04,1017.50,19.02,0.04
2026-06-09T08:08:00,1,3.68,283.10,0.14,136.00,999.00,17.28,1019.00,19.03,0.06
2026-06-09T08:08:01,1,3.70,30840.00,19.15,14806.00,999.00,17.50,1019.50,19.02,0.06
2026-06-09T08:08:01,1,3.70,30840.00,19.15,14806.00,999.00,17.70,1019.80,19.02,0.07
2026-06-09T08:08:01,1,3.70,30840.00,19.15,14806.00,999.00,17.89,1018.50,19.02,0.05
2026-06-09T08:08:01,1,3.68,30840.00,19.15,14806.00,999.00,18.04,1018.50,19.02,0.05
2026-06-09T08:08:01,1,3.67,30880.00,19.17,14823.00,999.00,18.16,1018.80,19.02,0.06
2026-06-09T08:08:02,1,3.68,30880.00,19.17,14823.00,999.00,18.27,1018.40,19.02,0.05
2026-06-09T08:08:02,1,3.70,30880.00,19.17,14823.00,999.00,18.37,1018.40,19.02,0.05
2026-06-09T08:08:02,1,3.67,30880.00,19.17,14823.00,999.00,18.44,1020.40,19.02,0.07
2026-06-09T08:08:02,1,3.67,30880.00,19.17,14823.00,999.00,18.51,1022.00,19.02,0.09
2026-06-09T08:08:02,1,3.70,30860.00,19.16,14816.00,999.00,18.58,1021.50,19.02,0.08
2026-06-09T08:08:03,1,3.68,30860.00,19.16,14816.00,999.00,18.64,1019.70,19.02,0.07
2026-06-09T08:08:03,1,3.70,30860.00,19.16,14816.00,999.00,18.69,1020.40,19.02,0.07
2026-06-09T08:08:03,1,3.66,30860.00,19.16,14816.00,999.00,18.74,1020.60,19.03,0.08
2026-06-09T08:08:03,1,3.69,30860.00,19.16,14816.00,999.00,18.78,1021.20,19.03,0.08
2026-06-09T08:08:03,1,3.68,30880.00,19.17,14824.00,999.00,18.81,1020.10,19.03,0.07
2026-06-09T08:08:04,1,3.70,30880.00,19.17,14824.00,999.00,18.86,1019.00,19.03,0.06
2026-06-09T08:08:04,1,3.66,30880.00,19.17,14824.00,999.00,18.87,1019.30,19.03,0.06
2026-06-09T08:08:04,1,3.69,30880.00,19.17,14824.00,999.00,18.90,1020.10,19.03,0.07
2026-06-09T08:08:04,1,3.68,30880.00,19.17,14824.00,999.00,18.93,1021.30,19.03,0.08
2026-06-09T08:08:04,1,3.70,30860.00,19.16,14813.00,999.00,18.95,1021.80,19.03,0.09
2026-06-09T08:08:05,1,3.68,30860.00,19.16,14813.00,999.00,18.97,1021.70,19.03,0.09
2026-06-09T08:08:05,1,3.70,30860.00,19.16,14813.00,999.00,18.99,1020.40,19.04,0.07
2026-06-09T08:08:05,1,3.69,30860.00,19.16,14813.00,999.00,19.00,1020.30,19.03,0.07
2026-06-09T08:08:05,1,3.70,30850.00,19.16,14810.00,999.00,19.01,1020.40,19.04,0.07
2026-06-09T08:08:06,1,3.70,30850.00,19.16,14810.00,999.00,19.03,1020.50,19.04,0.07
2026-06-09T08:08:06,1,3.70,30850.00,19.16,14810.00,999.00,19.04,1020.60,19.04,0.08
2026-06-09T08:08:06,1,3.68,30850.00,19.16,14810.00,999.00,19.05,1020.90,19.04,0.08
2026-06-09T08:08:06,1,3.67,30850.00,19.16,14810.00,999.00,19.06,1022.30,19.04,0.09
2026-06-09T08:08:06,1,3.68,30870.00,19.17,14818.00,999.00,19.06,1022.90,19.05,0.10
2026-06-09T08:08:07,1,3.70,30870.00,19.17,14818.00,999.00,19.07,1022.40,19.05,0.09
2026-06-09T08:08:07,1,3.68,30870.00,19.17,14818.00,999.00,19.08,1022.80,19.05,0.10
2026-06-09T08:08:07,1,3.66,30870.00,19.17,14818.00,999.00,19.09,1023.10,19.05,0.10
2026-06-09T08:08:07,1,3.69,30870.00,19.17,14818.00,999.00,19.09,1021.30,19.05,0.08
2026-06-09T08:08:07,1,3.68,30890.00,19.18,14829.00,999.00,19.10,1019.60,19.05,0.07
2026-06-09T08:08:08,1,3.70,30890.00,19.18,14829.00,999.00,19.09,1020.20,19.05,0.07
2026-06-09T08:08:08,1,3.70,30890.00,19.18,14829.00,999.00,19.10,1021.40,19.05,0.08
2026-06-09T08:08:08,1,3.68,30890.00,19.18,14829.00,999.00,19.10,1021.50,19.06,0.08
2026-06-09T08:08:08,1,3.66,30890.00,19.18,14829.00,999.00,19.11,1022.00,19.06,0.09
2026-06-09T08:08:08,1,3.68,30850.00,19.16,14811.00,999.00,19.12,1023.10,19.06,0.10
2026-06-09T08:08:09,1,3.67,30850.00,19.16,14811.00,999.00,19.12,1023.20,19.06,0.10
2026-06-09T08:08:09,1,3.69,30850.00,19.16,14811.00,999.00,19.13,1022.60,19.06,0.10
2026-06-09T08:08:09,1,3.69,30850.00,19.16,14811.00,999.00,19.13,1021.40,19.07,0.08
2026-06-09T08:08:09,1,3.68,30840.00,19.15,14806.00,999.00,19.13,1020.80,19.07,0.08
2026-06-09T08:08:09,1,3.68,30840.00,19.15,14806.00,999.00,19.13,1020.80,19.07,0.08
2026-06-09T08:08:10,1,3.68,30840.00,19.15,14806.00,999.00,19.13,1021.60,19.07,0.09
2026-06-09T08:08:10,1,3.66,30840.00,19.15,14806.00,999.00,19.15,1021.60,19.07,0.09
2026-06-09T08:08:10,1,3.70,30840.00,19.15,14806.00,999.00,19.15,1022.60,19.07,0.10
2026-06-09T08:08:10,1,3.69,30820.00,19.14,14797.00,999.00,19.16,1023.30,19.08,0.10
2026-06-09T08:08:11,1,3.68,30820.00,19.14,14797.00,999.00,19.17,1022.50,19.06,0.09
2026-06-09T08:08:11,1,3.66,30820.00,19.14,14797.00,999.00,19.18,1021.10,19.08,0.08
2026-06-09T08:08:11,1,3.68,30820.00,19.14,14797.00,999.00,19.18,1021.80,19.08,0.09
2026-06-09T08:08:11,1,3.69,30820.00,19.14,14797.00,999.00,19.19,1022.10,19.08,0.09
2026-06-09T08:08:11,1,3.70,30810.00,19.13,14790.00,999.00,19.20,1022.30,19.08,0.09
2026-06-09T08:08:12,1,3.69,30810.00,19.13,14790.00,999.00,19.20,1022.40,19.09,0.09
2026-06-09T08:08:12,1,3.69,30810.00,19.13,14790.00,999.00,19.20,1022.50,19.09,0.09
2026-06-09T08:08:12,1,3.68,30810.00,19.13,14790.00,999.00,19.20,1022.80,19.09,0.10
2026-06-09T08:08:12,1,3.69,30820.00,19.13,14795.00,999.00,19.20,1023.40,19.09,0.10
2026-06-09T08:08:12,1,3.70,30820.00,19.13,14795.00,999.00,19.20,1024.00,19.09,0.11
2026-06-09T08:08:13,1,3.68,30820.00,19.13,14795.00,999.00,19.20,1023.80,19.09,0.11
2026-06-09T08:08:13,1,3.68,30820.00,19.13,14795.00,999.00,19.20,1020.90,19.10,0.08
2026-06-09T08:08:13,1,3.68,30820.00,19.13,14795.00,999.00,19.20,1020.90,19.10,0.08
2026-06-09T08:08:13,1,3.70,30800.00,19.12,14788.00,999.00,19.20,1021.30,19.10,0.08
2026-06-09T08:08:13,1,3.68,30800.00,19.12,14788.00,999.00,19.20,1022.00,19.10,0.09
2026-06-09T08:08:14,1,3.70,30800.00,19.12,14788.00,999.00,19.20,1024.10,19.10,0.11
2026-06-09T08:08:14,1,3.69,30800.00,19.12,14788.00,999.00,19.20,1023.90,19.10,0.11
2026-06-09T08:08:14,1,3.69,30800.00,19.12,14788.00,999.00,19.20,1022.00,19.10,0.09
2026-06-09T08:08:14,1,3.69,30810.00,19.13,14792.00,999.00,19.20,1020.70,19.11,0.08
2026-06-09T08:08:14,1,3.68,30810.00,19.13,14792.00,999.00,19.20,1021.60,19.11,0.09
2026-06-09T08:08:15,1,3.65,30810.00,19.13,14792.00,999.00,19.20,1023.50,19.11,0.10
2026-06-09T08:08:15,1,3.68,30810.00,19.13,14792.00,999.00,19.20,1024.00,19.11,0.11
2026-06-09T08:08:15,1,3.67,30810.00,19.13,14792.00,999.00,19.20,1023.00,19.12,0.10
2026-06-09T08:08:15,1,3.71,30800.00,19.12,14788.00,999.00,19.21,1021.90,19.12,0.09
2026-06-09T08:08:16,1,3.69,30800.00,19.12,14788.00,999.00,19.20,1022.70,19.12,0.10
2026-06-09T08:08:16,1,3.68,30800.00,19.12,14788.00,999.00,19.20,1023.20,19.12,0.10
2026-06-09T08:08:16,1,3.69,30800.00,19.12,14788.00,999.00,19.20,1023.10,19.12,0.10
2026-06-09T08:08:16,1,3.62,30800.00,19.12,14784.00,999.00,19.20,1022.70,19.12,0.10
2026-06-09T08:08:16,1,3.69,30800.00,19.12,14784.00,999.00,19.20,1021.00,19.12,0.08
2026-06-09T08:08:17,1,3.69,30800.00,19.12,14784.00,999.00,19.20,1020.90,19.13,0.08
2026-06-09T08:08:17,1,3.69,30800.00,19.12,14784.00,999.00,19.20,1022.90,19.13,0.10
2026-06-09T08:08:17,1,3.65,30800.00,19.12,14784.00,999.00,19.20,1024.40,19.13,0.11
2026-06-09T08:08:17,1,3.70,30820.00,19.14,14797.00,999.00,19.20,1024.70,19.13,0.12
2026-06-09T08:08:17,1,3.70,30820.00,19.14,14797.00,999.00,19.20,1023.90,19.13,0.11
2026-06-09T08:08:18,1,3.68,30820.00,19.14,14797.00,999.00,19.20,1023.50,19.14,0.10
2026-06-09T08:08:18,1,3.68,30820.00,19.14,14797.00,999.00,19.21,1023.50,19.14,0.10
2026-06-09T08:08:18,1,3.67,30820.00,19.14,14797.00,999.00,19.21,1024.40,19.13,0.11
2026-06-09T08:08:18,1,3.68,30810.00,19.13,14791.00,999.00,19.22,1023.90,19.14,0.11
2026-06-09T08:08:18,1,3.70,30810.00,19.13,14791.00,999.00,19.21,1023.10,19.14,0.10
2026-06-09T08:08:19,1,3.70,30810.00,19.13,14791.00,999.00,19.21,1024.20,19.14,0.11
2026-06-09T08:08:19,1,3.66,30810.00,19.13,14791.00,999.00,19.22,1025.10,19.14,0.12
2026-06-09T08:08:19,1,3.69,30800.00,19.12,14787.00,999.00,19.22,1026.80,19.14,0.14
2026-06-09T08:08:19,1,3.68,30800.00,19.12,14787.00,999.00,19.21,1027.20,19.14,0.14
2026-06-09T08:08:20,1,3.70,30800.00,19.12,14787.00,999.00,19.23,1026.40,19.15,0.13
2026-06-09T08:08:20,1,3.69,30800.00,19.12,14787.00,999.00,19.22,1026.50,19.15,0.13
2026-06-09T08:08:20,1,3.67,30800.00,19.12,14787.00,999.00,19.22,1028.00,19.15,0.15
2026-06-09T08:08:20,1,3.68,30800.00,19.12,14787.00,999.00,19.22,1029.50,19.15,0.16
2026-06-09T08:08:20,1,3.70,30800.00,19.12,14787.00,999.00,19.22,1029.00,19.15,0.16
2026-06-09T08:08:21,1,3.67,30800.00,19.12,14787.00,999.00,19.22,1027.60,19.16,0.14
2026-06-09T08:08:21,1,3.66,30800.00,19.12,14787.00,999.00,19.22,1027.50,19.16,0.14
2026-06-09T08:08:21,1,3.68,30800.00,19.12,14787.00,999.00,19.22,1029.70,19.16,0.17
2026-06-09T08:08:21,1,3.69,30780.00,19.11,14779.00,999.00,19.22,1031.90,19.16,0.19
2026-06-09T08:08:21,1,3.68,30780.00,19.11,14779.00,999.00,19.21,1033.00,19.16,0.20
2026-06-09T08:08:22,1,3.68,30780.00,19.11,14779.00,999.00,19.21,1032.60,19.16,0.19
2026-06-09T08:08:22,1,3.68,30780.00,19.11,14779.00,999.00,19.21,1031.90,19.16,0.19
2026-06-09T08:08:22,1,3.66,30780.00,19.11,14779.00,999.00,19.21,1031.70,19.16,0.19
2026-06-09T08:08:22,1,3.68,30820.00,19.14,14797.00,999.00,19.20,1031.80,19.16,0.19
2026-06-09T08:08:22,1,3.71,30820.00,19.14,14797.00,999.00,19.21,1031.50,19.16,0.18
2026-06-09T08:08:23,1,3.67,30820.00,19.14,14797.00,999.00,19.20,1031.30,19.16,0.18
2026-06-09T08:08:23,1,3.68,30820.00,19.14,14797.00,999.00,19.20,1031.80,19.16,0.19
2026-06-09T08:08:23,1,3.66,30800.00,19.12,14789.00,999.00,19.20,1032.10,19.17,0.19
2026-06-09T08:08:23,1,3.69,30800.00,19.12,14789.00,999.00,19.20,1034.40,19.15,0.21
2026-06-09T08:08:23,1,3.68,30800.00,19.12,14789.00,999.00,19.20,1034.90,19.16,0.22
2026-06-09T08:08:24,1,3.68,30800.00,19.12,14789.00,999.00,19.20,1035.60,19.17,0.22
2026-06-09T08:08:24,1,3.68,30800.00,19.12,14789.00,999.00,19.20,1035.00,19.17,0.22
2026-06-09T08:08:24,1,3.70,30830.00,19.14,14802.00,999.00,19.20,1034.10,19.17,0.21
2026-06-09T08:08:24,1,3.70,30830.00,19.14,14802.00,999.00,19.20,1033.80,19.17,0.21
2026-06-09T08:08:25,1,3.68,30830.00,19.14,14802.00,999.00,19.20,1035.20,19.17,0.22
2026-06-09T08:08:25,1,3.67,30830.00,19.14,14802.00,999.00,19.20,1036.00,19.17,0.23
2026-06-09T08:08:25,1,3.68,30830.00,19.14,14802.00,999.00,19.19,1036.50,19.17,0.23
2026-06-09T08:08:25,1,3.68,30810.00,19.13,14791.00,999.00,19.20,1036.40,19.17,0.23
2026-06-09T08:08:25,1,3.68,30810.00,19.13,14791.00,999.00,19.19,1037.60,19.17,0.24
2026-06-09T08:08:26,1,3.68,30810.00,19.13,14791.00,999.00,19.19,1037.40,19.17,0.24
2026-06-09T08:08:26,1,3.65,30810.00,19.13,14791.00,999.00,19.19,1037.40,19.17,0.24
2026-06-09T08:08:26,1,3.69,30800.00,19.12,14785.00,999.00,19.19,1037.10,19.17,0.24
2026-06-09T08:08:26,1,3.69,30800.00,19.12,14785.00,999.00,19.19,1036.80,19.17,0.24
2026-06-09T08:08:26,1,3.68,30800.00,19.12,14785.00,999.00,19.19,1038.10,19.17,0.25
2026-06-09T08:08:27,1,3.67,30800.00,19.12,14785.00,999.00,19.19,1039.10,19.17,0.26
2026-06-09T08:08:27,1,3.67,30800.00,19.12,14785.00,999.00,19.19,1039.30,19.17,0.26
2026-06-09T08:08:27,1,3.70,30800.00,19.12,14787.00,999.00,19.19,1039.50,19.17,0.26
2026-06-09T08:08:27,1,3.69,30800.00,19.12,14787.00,999.00,19.19,1038.90,19.18,0.26
2026-06-09T08:08:27,1,3.69,30800.00,19.12,14787.00,999.00,19.19,1039.20,19.17,0.26
2026-06-09T08:08:28,1,3.66,30800.00,19.12,14787.00,999.00,19.19,1040.10,19.18,0.27
2026-06-09T08:08:28,1,3.68,30800.00,19.12,14787.00,999.00,19.20,1040.90,19.17,0.28
2026-06-09T08:08:28,1,3.68,30790.00,19.12,14782.00,999.00,19.18,1041.30,19.17,0.28
2026-06-09T08:08:28,1,3.68,30790.00,19.12,14782.00,999.00,19.20,1041.00,19.18,0.28
2026-06-09T08:08:28,1,3.70,30790.00,19.12,14782.00,999.00,19.19,1040.90,19.17,0.28
2026-06-09T08:08:29,1,3.68,30790.00,19.12,14782.00,999.00,19.20,1041.70,19.18,0.28
2026-06-09T08:08:29,1,3.68,30790.00,19.12,14782.00,999.00,19.19,1042.80,19.18,0.30
2026-06-09T08:08:29,1,3.70,30790.00,19.12,14784.00,999.00,19.19,1044.10,19.18,0.31
2026-06-09T08:08:29,1,3.68,30790.00,19.12,14784.00,999.00,19.20,1045.10,19.17,0.32
2026-06-09T08:08:29,1,3.69,30790.00,19.12,14784.00,999.00,19.20,1044.50,19.17,0.31
2026-06-09T08:08:30,1,3.67,30790.00,19.12,14784.00,999.00,19.20,1044.60,19.17,0.31
2026-06-09T08:08:30,1,3.66,30800.00,19.12,14786.00,999.00,19.19,1045.30,19.18,0.32
2026-06-09T08:08:30,1,3.71,30800.00,19.12,14786.00,999.00,19.19,1046.40,19.17,0.33
2026-06-09T08:08:30,1,3.69,30800.00,19.12,14786.00,999.00,19.20,1047.30,19.17,0.34
2026-06-09T08:08:31,1,3.68,30800.00,19.12,14786.00,999.00,19.19,1047.80,19.18,0.34
2026-06-09T08:08:31,1,3.66,30800.00,19.12,14786.00,999.00,19.19,1048.10,19.18,0.35
2026-06-09T08:08:31,1,3.70,30820.00,19.13,14794.00,999.00,19.20,1047.70,19.18,0.34
2026-06-09T08:08:31,1,3.69,30820.00,19.13,14794.00,999.00,19.19,1047.50,19.17,0.34
2026-06-09T08:08:31,1,3.69,30820.00,19.13,14794.00,999.00,19.19,1048.00,19.17,0.35
2026-06-09T08:08:32,1,3.68,30820.00,19.13,14794.00,999.00,19.20,1049.40,19.17,0.36
2026-06-09T08:08:32,1,3.69,30820.00,19.13,14794.00,999.00,19.19,1051.20,19.18,0.38
2026-06-09T08:08:32,1,3.70,30810.00,19.13,14794.00,999.00,19.20,1052.20,19.18,0.39
2026-06-09T08:08:32,1,3.68,30810.00,19.13,14794.00,999.00,19.20,1052.00,19.17,0.39
2026-06-09T08:08:32,1,3.70,30810.00,19.13,14794.00,999.00,19.20,1051.40,19.18,0.38
2026-06-09T08:08:33,1,3.66,30810.00,19.13,14794.00,999.00,19.20,1052.00,19.18,0.39
2026-06-09T08:08:33,1,3.65,30830.00,19.15,14803.00,999.00,19.20,1052.70,19.18,0.39
2026-06-09T08:08:33,1,3.68,30830.00,19.15,14803.00,999.00,19.20,1053.70,19.18,0.40
2026-06-09T08:08:33,1,3.66,30830.00,19.15,14803.00,999.00,19.20,1053.90,19.18,0.41
2026-06-09T08:08:33,1,3.68,30830.00,19.15,14803.00,999.00,19.20,1055.00,19.18,0.42
2026-06-09T08:08:34,1,3.66,30830.00,19.15,14803.00,999.00,19.20,1055.70,19.18,0.42
2026-06-09T08:08:34,1,3.70,30800.00,19.12,14788.00,999.00,19.20,1056.30,19.18,0.43
2026-06-09T08:08:34,1,3.68,30800.00,19.12,14788.00,999.00,19.20,1057.00,19.18,0.44
2026-06-09T08:08:34,1,3.70,30800.00,19.12,14788.00,999.00,19.20,1058.20,19.18,0.45
2026-06-09T08:08:35,1,3.67,30800.00,19.12,14788.00,999.00,19.20,1057.90,19.18,0.44
2026-06-09T08:08:35,1,3.66,30800.00,19.12,14788.00,999.00,19.20,1057.80,19.18,0.44
2026-06-09T08:08:35,1,3.70,30820.00,19.13,14794.00,999.00,19.20,1058.80,19.18,0.45
2026-06-09T08:08:35,1,3.70,30820.00,19.13,14794.00,999.00,19.20,1059.30,19.18,0.46
2026-06-09T08:08:35,1,3.69,30820.00,19.13,14794.00,999.00,19.20,1059.90,19.18,0.46
2026-06-09T08:08:36,1,3.66,30820.00,19.13,14794.00,999.00,19.20,1061.20,19.18,0.48
2026-06-09T08:08:36,1,3.68,30820.00,19.13,14794.00,999.00,19.20,1062.30,19.18,0.49
2026-06-09T08:08:36,1,3.68,30810.00,19.13,14792.00,999.00,19.20,1061.70,19.17,0.48
2026-06-09T08:08:36,1,3.70,30810.00,19.13,14792.00,999.00,19.19,1061.30,19.18,0.48
2026-06-09T08:08:36,1,3.68,30810.00,19.13,14792.00,999.00,19.20,1061.70,19.18,0.48
2026-06-09T08:08:37,1,3.68,30810.00,19.13,14792.00,999.00,19.20,1061.70,19.18,0.48
2026-06-09T08:08:37,1,3.68,30820.00,19.13,14796.00,999.00,19.20,1061.90,19.18,0.48
2026-06-09T08:08:37,1,3.68,30820.00,19.13,14796.00,999.00,19.19,1063.80,19.18,0.50
2026-06-09T08:08:37,1,3.70,30820.00,19.13,14796.00,999.00,19.19,1065.20,19.18,0.52
2026-06-09T08:08:37,1,3.67,30820.00,19.13,14796.00,999.00,19.19,1066.40,19.18,0.53
2026-06-09T08:08:38,1,3.68,30820.00,19.13,14796.00,999.00,19.19,1066.10,19.18,0.53
2026-06-09T08:08:38,1,3.68,30830.00,19.14,14801.00,999.00,19.19,1065.40,19.18,0.52
2026-06-09T08:08:38,1,3.68,30830.00,19.14,14801.00,999.00,19.18,1064.10,19.18,0.51
2026-06-09T08:08:38,1,3.69,30830.00,19.14,14801.00,999.00,19.18,1063.10,19.18,0.50
2026-06-09T08:08:38,1,3.68,30830.00,19.14,14801.00,999.00,19.19,1063.10,19.18,0.50
2026-06-09T08:08:39,1,3.67,30830.00,19.14,14801.00,999.00,19.19,1064.40,19.18,0.51
2026-06-09T08:08:39,1,3.68,30840.00,19.15,14806.00,999.00,19.18,1065.70,19.18,0.52
2026-06-09T08:08:39,1,3.68,30840.00,19.15,14806.00,999.00,19.18,1068.40,19.18,0.55
2026-06-09T08:08:39,1,3.68,30840.00,19.15,14806.00,999.00,19.17,1069.90,19.18,0.56
2026-06-09T08:08:40,1,3.67,30840.00,19.15,14806.00,999.00,19.16,1070.40,19.19,0.57
2026-06-09T08:08:40,1,3.66,30840.00,19.15,14806.00,999.00,19.15,1069.30,19.18,0.56
2026-06-09T08:08:40,1,3.70,30900.00,19.19,14833.00,999.00,19.15,1067.80,19.18,0.54
2026-06-09T08:08:40,1,3.68,30900.00,19.19,14833.00,999.00,19.14,1067.10,19.18,0.54
2026-06-09T08:08:40,1,3.69,30900.00,19.19,14833.00,999.00,19.13,1067.90,19.18,0.54
2026-06-09T08:08:41,1,3.69,30900.00,19.19,14833.00,999.00,19.13,1069.20,19.18,0.56
2026-06-09T08:08:41,1,3.68,30870.00,19.17,14821.00,999.00,19.13,1070.20,19.18,0.57
2026-06-09T08:08:41,1,3.68,30870.00,19.17,14821.00,999.00,19.13,1071.50,19.18,0.58
2026-06-09T08:08:41,1,3.68,30870.00,19.17,14821.00,999.00,19.13,1071.80,19.18,0.58
2026-06-09T08:08:41,1,3.66,30870.00,19.17,14821.00,999.00,19.13,1072.20,19.18,0.59
2026-06-09T08:08:42,1,3.66,30870.00,19.17,14821.00,999.00,19.14,1072.20,19.18,0.59
2026-06-09T08:08:42,1,3.68,30860.00,19.16,14813.00,999.00,19.14,1072.70,19.17,0.59
2026-06-09T08:08:42,1,3.67,30860.00,19.16,14813.00,999.00,19.14,1073.00,19.18,0.59
2026-06-09T08:08:42,1,3.69,30860.00,19.16,14813.00,999.00,19.14,1072.50,19.17,0.59
2026-06-09T08:08:42,1,3.67,30860.00,19.16,14813.00,999.00,19.14,1072.10,19.17,0.59
2026-06-09T08:08:43,1,3.69,30860.00,19.16,14813.00,999.00,19.14,1072.20,19.17,0.59
2026-06-09T08:08:43,1,3.69,30860.00,19.16,14814.00,999.00,19.14,1073.10,19.17,0.60
2026-06-09T08:08:43,1,3.68,30860.00,19.16,14814.00,999.00,19.14,1075.30,19.17,0.62
2026-06-09T08:08:43,1,3.70,30860.00,19.16,14814.00,999.00,19.14,1076.40,19.17,0.63
2026-06-09T08:08:43,1,3.66,30860.00,19.16,14814.00,999.00,19.14,1077.00,19.17,0.63
2026-06-09T08:08:44,1,3.69,30860.00,19.16,14814.00,999.00,19.15,1077.60,19.17,0.64
2026-06-09T08:08:44,1,3.68,30900.00,19.19,14832.00,999.00,19.14,1077.70,19.17,0.64
2026-06-09T08:08:44,1,3.68,30900.00,19.19,14832.00,999.00,19.14,1077.50,19.17,0.64
2026-06-09T08:08:44,1,3.66,30900.00,19.19,14832.00,999.00,19.13,1076.70,19.15,0.63
2026-06-09T08:08:45,1,3.68,30900.00,19.19,14832.00,999.00,19.13,1076.60,19.16,0.63
2026-06-09T08:08:45,1,3.68,30880.00,19.18,14826.00,999.00,19.13,1077.40,19.16,0.64
2026-06-09T08:08:45,1,3.70,30880.00,19.18,14826.00,999.00,19.13,1077.90,19.17,0.64
2026-06-09T08:08:45,1,3.68,30880.00,19.18,14826.00,999.00,19.13,1078.90,19.17,0.65
2026-06-09T08:08:45,1,3.66,30880.00,19.18,14826.00,999.00,19.13,1079.60,19.17,0.66
2026-06-09T08:08:46,1,3.66,30880.00,19.18,14826.00,999.00,19.13,1079.10,19.17,0.66
2026-06-09T08:08:46,1,3.69,30910.00,19.19,14837.00,999.00,19.13,1078.80,19.16,0.65
2026-06-09T08:08:46,1,3.70,30910.00,19.19,14837.00,999.00,19.13,1079.30,19.16,0.66
2026-06-09T08:08:46,1,3.70,30910.00,19.19,14837.00,999.00,19.12,1079.70,19.16,0.66
2026-06-09T08:08:46,1,3.68,30910.00,19.19,14837.00,999.00,19.12,1080.70,19.16,0.67
2026-06-09T08:08:47,1,3.66,30910.00,19.19,14837.00,999.00,19.12,1081.00,19.16,0.67
2026-06-09T08:08:47,1,3.70,30910.00,19.19,14838.00,999.00,19.11,1081.40,19.16,0.68
2026-06-09T08:08:47,1,3.70,30910.00,19.19,14838.00,999.00,19.11,1082.00,19.16,0.68
2026-06-09T08:08:47,1,3.65,30910.00,19.19,14838.00,999.00,19.11,1082.00,19.16,0.68
2026-06-09T08:08:47,1,3.68,30910.00,19.19,14838.00,999.00,19.11,1082.20,19.16,0.69
2026-06-09T08:08:48,1,3.66,30900.00,19.19,14836.00,999.00,19.11,1081.90,19.16,0.68
2026-06-09T08:08:48,1,3.70,30900.00,19.19,14836.00,999.00,19.10,1081.30,19.16,0.68
2026-06-09T08:08:48,1,3.68,30900.00,19.19,14836.00,999.00,19.10,1081.30,19.16,0.68
2026-06-09T08:08:48,1,3.69,30900.00,19.19,14836.00,999.00,19.10,1081.20,19.15,0.68
2026-06-09T08:08:48,1,3.68,30900.00,19.19,14836.00,999.00,19.10,1083.10,19.16,0.69
2026-06-09T08:08:49,1,3.70,30920.00,19.21,14846.00,999.00,19.10,1084.60,19.14,0.71
2026-06-09T08:08:49,1,3.70,30920.00,19.21,14846.00,999.00,19.10,1085.40,19.15,0.72
2026-06-09T08:08:49,1,3.68,30920.00,19.21,14846.00,999.00,19.10,1085.40,19.15,0.72
2026-06-09T08:08:49,1,3.68,30920.00,19.21,14846.00,999.00,19.10,1085.00,19.15,0.71
2026-06-09T08:08:50,1,3.66,30920.00,19.21,14846.00,999.00,19.10,1084.50,19.15,0.71
2026-06-09T08:08:50,1,3.70,30910.00,19.20,14838.00,999.00,19.09,1084.30,19.15,0.71
2026-06-09T08:08:50,1,3.68,30910.00,19.20,14838.00,999.00,19.10,1085.80,19.15,0.72
2026-06-09T08:08:50,1,3.70,30910.00,19.20,14838.00,999.00,19.09,1086.30,19.15,0.73
2026-06-09T08:08:50,1,3.68,30910.00,19.20,14838.00,999.00,19.09,1086.70,19.15,0.73
2026-06-09T08:08:51,1,3.70,30920.00,19.20,14844.00,999.00,19.09,1087.20,19.15,0.74
2026-06-09T08:08:51,1,3.68,30920.00,19.20,14844.00,999.00,19.09,1086.60,19.15,0.73
2026-06-09T08:08:51,1,3.69,30920.00,19.20,14844.00,999.00,19.09,1087.30,19.14,0.74
2026-06-09T08:08:51,1,3.66,30920.00,19.20,14844.00,999.00,19.09,1087.20,19.14,0.74
2026-06-09T08:08:51,1,3.68,30920.00,19.20,14844.00,999.00,19.08,1087.20,19.14,0.74
2026-06-09T08:08:52,1,3.70,30930.00,19.21,14848.00,999.00,19.08,1087.40,19.14,0.74
2026-06-09T08:08:52,1,3.68,30930.00,19.21,14848.00,999.00,19.09,1087.60,19.15,0.74
2026-06-09T08:08:52,1,3.68,30930.00,19.21,14848.00,999.00,19.09,1088.00,19.14,0.74
2026-06-09T08:08:52,1,3.66,30930.00,19.21,14848.00,999.00,19.08,1088.20,19.14,0.75
2026-06-09T08:08:52,1,3.68,30930.00,19.21,14848.00,999.00,19.09,1089.10,19.14,0.75
2026-06-09T08:08:53,1,3.66,30870.00,19.17,14822.00,999.00,19.09,1089.80,19.14,0.76
2026-06-09T08:08:53,1,3.70,30870.00,19.17,14822.00,999.00,19.09,1089.70,19.14,0.76
2026-06-09T08:08:53,1,3.68,30870.00,19.17,14822.00,999.00,19.10,1090.60,19.14,0.77
2026-06-09T08:08:53,1,3.66,30870.00,19.17,14822.00,999.00,19.10,1090.60,19.14,0.77
2026-06-09T08:08:54,1,3.68,30870.00,19.17,14822.00,999.00,19.10,1091.00,19.14,0.77
2026-06-09T08:08:54,1,3.68,30890.00,19.19,14831.00,999.00,19.11,1091.30,19.14,0.78
2026-06-09T08:08:54,1,3.68,30890.00,19.19,14831.00,999.00,19.11,1092.20,19.14,0.78
2026-06-09T08:08:54,1,3.68,30890.00,19.19,14831.00,999.00,19.11,1091.80,19.14,0.78
2026-06-09T08:08:54,1,3.66,30890.00,19.19,14831.00,999.00,19.13,1092.10,19.14,0.78
2026-06-09T08:08:55,1,3.68,30850.00,19.16,14811.00,999.00,19.12,1092.00,19.14,0.78
2026-06-09T08:08:55,1,3.67,30850.00,19.16,14811.00,999.00,19.12,1092.20,19.14,0.78
2026-06-09T08:08:55,1,3.66,30850.00,19.16,14811.00,999.00,19.12,1092.70,19.13,0.79
2026-06-09T08:08:55,1,3.68,30850.00,19.16,14811.00,999.00,19.13,1093.10,19.13,0.79
2026-06-09T08:08:55,1,3.68,30850.00,19.16,14811.00,999.00,19.13,1093.30,19.13,0.80
2026-06-09T08:08:56,1,3.70,30870.00,19.17,14819.00,999.00,19.13,1093.80,19.13,0.80
2026-06-09T08:08:56,1,3.68,30870.00,19.17,14819.00,999.00,19.13,1093.90,19.14,0.80
2026-06-09T08:08:56,1,3.69,30870.00,19.17,14819.00,999.00,19.13,1094.30,19.14,0.81
2026-06-09T08:08:56,1,3.66,30870.00,19.17,14819.00,999.00,19.13,1094.80,19.13,0.81
2026-06-09T08:08:56,1,3.68,30870.00,19.17,14819.00,999.00,19.13,1094.40,19.14,0.81
2026-06-09T08:08:57,1,3.70,30890.00,19.18,14828.00,999.00,19.13,1095.40,19.14,0.82
2026-06-09T08:08:57,1,3.68,30890.00,19.18,14828.00,999.00,19.13,1095.30,19.13,0.82
2026-06-09T08:08:57,1,3.70,30890.00,19.18,14828.00,999.00,19.12,1095.30,19.13,0.82
2026-06-09T08:08:57,1,3.68,30890.00,19.18,14828.00,999.00,19.13,1095.90,19.13,0.82
2026-06-09T08:08:57,1,3.69,30870.00,19.17,14819.00,999.00,19.13,1096.20,19.13,0.82
2026-06-09T08:08:58,1,3.68,30870.00,19.17,14819.00,999.00,19.13,1096.90,19.13,0.83
2026-06-09T08:08:58,1,3.70,30870.00,19.17,14819.00,999.00,19.13,1097.10,19.13,0.83
2026-06-09T08:08:58,1,3.67,30870.00,19.17,14819.00,999.00,19.13,1096.80,19.13,0.83
2026-06-09T08:08:58,1,3.67,30870.00,19.17,14819.00,999.00,19.13,1097.50,19.13,0.84
2026-06-09T08:08:59,1,3.70,30870.00,19.17,14818.00,999.00,19.13,1097.90,19.13,0.84
2026-06-09T08:08:59,1,3.69,30870.00,19.17,14818.00,999.00,19.13,1097.70,19.13,0.84
2026-06-09T08:08:59,1,3.70,30870.00,19.17,14818.00,999.00,19.13,1098.30,19.13,0.85
2026-06-09T08:08:59,1,3.65,30870.00,19.17,14818.00,999.00,19.13,1098.50,19.13,0.85
2026-06-09T08:08:59,1,3.68,30870.00,19.17,14818.00,999.00,19.13,1099.60,19.14,0.86
2026-06-09T08:09:00,1,3.68,30840.00,19.15,14807.00,999.00,19.13,1100.90,19.14,0.87
2026-06-09T08:09:00,1,3.69,30840.00,19.15,14807.00,999.00,19.14,1102.40,19.13,0.89
2026-06-09T08:09:00,1,3.69,30840.00,19.15,14807.00,999.00,19.13,1102.10,19.13,0.88
2026-06-09T08:09:00,1,3.68,30840.00,19.15,14807.00,999.00,19.13,1103.20,19.13,0.89
2026-06-09T08:09:00,1,3.67,30840.00,19.15,14807.00,999.00,19.13,1103.60,19.13,0.90
2026-06-09T08:09:01,1,3.68,30810.00,19.13,14789.00,999.00,19.13,1103.80,19.13,0.90
2026-06-09T08:09:01,1,3.70,30810.00,19.13,14789.00,999.00,19.13,1104.00,19.13,0.90
2026-06-09T08:09:01,1,3.70,30810.00,19.13,14789.00,999.00,19.13,1104.90,19.13,0.91
2026-06-09T08:09:01,1,3.67,30810.00,19.13,14789.00,999.00,19.13,1105.90,19.13,0.92
2026-06-09T08:09:01,1,3.70,30810.00,19.13,14789.00,999.00,19.13,1106.30,19.12,0.92
2026-06-09T08:09:02,1,3.68,30810.00,19.13,14789.00,999.00,19.14,1106.80,19.13,0.93
2026-06-09T08:09:02,1,3.68,30810.00,19.13,14789.00,999.00,19.13,1106.70,19.13,0.93
2026-06-09T08:09:02,1,3.67,30810.00,19.13,14789.00,999.00,19.13,1106.80,19.13,0.93
2026-06-09T08:09:02,1,3.68,30810.00,19.13,14789.00,999.00,19.13,1106.70,19.14,0.93
2026-06-09T08:09:03,1,3.68,30810.00,19.13,14792.00,999.00,19.13,1107.30,19.14,0.93
2026-06-09T08:09:03,1,3.70,30810.00,19.13,14792.00,999.00,19.13,1108.30,19.13,0.94
2026-06-09T08:09:03,1,3.68,30810.00,19.13,14792.00,999.00,19.13,1108.70,19.14,0.95
2026-06-09T08:09:03,1,3.67,30810.00,19.13,14792.00,999.00,19.13,1109.90,19.13,0.96
2026-06-09T08:09:03,1,3.68,30810.00,19.13,14792.00,999.00,19.13,1109.40,19.13,0.96
2026-06-09T08:09:04,1,3.68,30800.00,19.12,14789.00,999.00,19.13,1110.00,19.14,0.96
2026-06-09T08:09:04,1,3.69,30800.00,19.12,14789.00,999.00,19.13,1110.00,19.13,0.96
2026-06-09T08:09:04,1,3.68,30800.00,19.12,14789.00,999.00,19.13,1110.80,19.13,0.97
2026-06-09T08:09:04,1,3.69,30800.00,19.12,14789.00,999.00,19.13,1110.80,19.13,0.97
2026-06-09T08:09:04,1,3.66,30830.00,19.14,14802.00,999.00,19.13,1111.30,19.13,0.97
2026-06-09T08:09:05,1,3.70,30830.00,19.14,14802.00,999.00,19.13,1111.20,19.13,0.97
2026-06-09T08:09:05,1,3.67,30830.00,19.14,14802.00,999.00,19.13,1110.90,19.13,0.97
2026-06-09T08:09:05,1,3.66,30830.00,19.14,14802.00,999.00,19.13,1111.20,19.13,0.97
2026-06-09T08:09:05,1,3.66,30830.00,19.14,14802.00,999.00,19.13,1112.00,19.13,0.98
2026-06-09T08:09:05,1,3.70,30850.00,19.16,14810.00,999.00,19.13,1112.50,19.14,0.99
2026-06-09T08:09:06,1,3.70,30850.00,19.16,14810.00,999.00,19.13,1113.10,19.13,0.99
2026-06-09T08:09:06,1,3.70,30850.00,19.16,14810.00,999.00,19.13,1112.90,19.13,0.99
2026-06-09T08:09:06,1,3.68,30850.00,19.16,14810.00,999.00,19.12,1113.10,19.13,0.99
2026-06-09T08:09:06,1,3.66,30850.00,19.16,14810.00,999.00,19.12,1113.60,19.13,1.00
2026-06-09T08:09:06,1,3.70,30860.00,19.16,14815.00,999.00,19.13,1113.70,19.13,1.00
2026-06-09T08:09:07,1,3.70,30860.00,19.16,14815.00,999.00,19.13,1114.00,19.14,1.00
2026-06-09T08:09:07,1,3.70,30860.00,19.16,14815.00,999.00,19.12,1114.80,19.13,1.01
2026-06-09T08:09:07,1,3.66,30860.00,19.16,14815.00,999.00,19.12,1114.70,19.13,1.01
2026-06-09T08:09:07,1,3.68,30860.00,19.16,14815.00,999.00,19.13,1115.00,19.13,1.01
2026-06-09T08:09:07,1,3.70,30860.00,19.17,14817.00,999.00,19.12,1115.30,19.13,1.01
2026-06-09T08:09:08,1,3.68,30860.00,19.17,14817.00,999.00,19.12,1115.10,19.13,1.01
2026-06-09T08:09:08,1,3.70,30860.00,19.17,14817.00,999.00,19.12,1115.30,19.13,1.01
2026-06-09T08:09:08,1,3.68,30860.00,19.17,14817.00,999.00,19.12,1115.60,19.13,1.02
2026-06-09T08:09:08,1,3.65,30880.00,19.17,14823.00,999.00,19.12,1116.10,19.13,1.02
2026-06-09T08:09:09,1,3.68,30880.00,19.17,14823.00,999.00,19.12,1116.70,19.13,1.03
2026-06-09T08:09:09,1,3.67,30880.00,19.17,14823.00,999.00,19.12,1117.50,19.13,1.04
2026-06-09T08:09:09,1,3.67,30880.00,19.17,14823.00,999.00,19.11,1119.40,19.13,1.05
2026-06-09T08:09:09,1,3.68,30880.00,19.17,14823.00,999.00,19.11,1119.80,19.13,1.06
2026-06-09T08:09:09,1,3.68,30890.00,19.18,14827.00,999.00,19.12,1119.90,19.13,1.06
2026-06-09T08:09:10,1,3.68,30890.00,19.18,14827.00,999.00,19.12,1119.90,19.13,1.06
2026-06-09T08:09:10,1,3.69,30890.00,19.18,14827.00,999.00,19.11,1119.40,19.13,1.05
2026-06-09T08:09:10,1,3.67,30890.00,19.18,14827.00,999.00,19.11,1118.60,19.13,1.05
2026-06-09T08:09:10,1,3.66,30890.00,19.18,14827.00,999.00,19.12,1118.60,19.13,1.05
2026-06-09T08:09:10,1,3.68,30880.00,19.18,14825.00,999.00,19.11,1119.80,19.12,1.06
2026-06-09T08:09:11,1,3.68,30880.00,19.18,14825.00,999.00,19.11,1121.00,19.13,1.07
2026-06-09T08:09:11,1,3.70,30880.00,19.18,14825.00,999.00,19.11,1121.80,19.13,1.08
2026-06-09T08:09:11,1,3.69,30880.00,19.18,14825.00,999.00,19.11,1123.00,19.13,1.09
2026-06-09T08:09:11,1,3.69,30880.00,19.18,14825.00,999.00,19.10,1123.20,19.13,1.09
2026-06-09T08:09:11,1,3.68,30850.00,19.16,14811.00,999.00,19.11,1123.10,19.13,1.09
2026-06-09T08:09:12,1,3.69,30850.00,19.16,14811.00,999.00,19.11,1123.10,19.13,1.09
2026-06-09T08:09:12,1,3.67,30850.00,19.16,14811.00,999.00,19.11,1123.70,19.13,1.10
2026-06-09T08:09:12,1,3.67,30850.00,19.16,14811.00,999.00,19.11,1124.00,19.13,1.10
2026-06-09T08:09:12,1,3.70,30830.00,19.14,14802.00,999.00,19.10,1124.80,19.13,1.11
2026-06-09T08:09:13,1,3.68,30830.00,19.14,14802.00,999.00,19.11,1125.30,19.13,1.11
2026-06-09T08:09:13,1,3.70,30830.00,19.14,14802.00,999.00,19.11,1125.40,19.13,1.11
2026-06-09T08:09:13,1,3.66,30830.00,19.14,14802.00,999.00,19.11,1125.80,19.13,1.12
2026-06-09T08:09:13,1,3.66,30830.00,19.14,14802.00,999.00,19.10,1125.80,19.12,1.12
2026-06-09T08:09:13,1,3.70,30890.00,19.18,14829.00,999.00,19.11,1126.80,19.12,1.13
2026-06-09T08:09:14,1,3.69,30890.00,19.18,14829.00,999.00,19.12,1126.60,19.12,1.13
2026-06-09T08:09:14,1,3.70,30890.00,19.18,14829.00,999.00,19.11,1127.60,19.12,1.14
2026-06-09T08:09:14,1,3.66,30890.00,19.18,14829.00,999.00,19.11,1127.80,19.12,1.14
2026-06-09T08:09:14,1,3.68,30890.00,19.18,14829.00,999.00,19.11,1129.40,19.12,1.15
2026-06-09T08:09:14,1,3.69,30890.00,19.18,14828.00,999.00,19.11,1129.40,19.12,1.15
2026-06-09T08:09:15,1,3.70,30890.00,19.18,14828.00,999.00,19.11,1130.50,19.13,1.16
2026-06-09T08:09:15,1,3.68,30890.00,19.18,14828.00,999.00,19.11,1130.60,19.12,1.17
2026-06-09T08:09:15,1,3.66,30890.00,19.18,14828.00,999.00,19.11,1131.40,19.12,1.17
2026-06-09T08:09:15,1,3.66,30880.00,19.18,14827.00,999.00,19.11,1130.80,19.13,1.17
2026-06-09T08:09:15,1,3.69,30880.00,19.18,14827.00,999.00,19.11,1130.90,19.12,1.17
2026-06-09T08:09:16,1,3.70,30880.00,19.18,14827.00,999.00,19.11,1131.40,19.12,1.17
2026-06-09T08:09:16,1,3.67,30880.00,19.18,14827.00,999.00,19.10,1132.00,19.12,1.18
2026-06-09T08:09:16,1,3.66,30880.00,19.18,14827.00,999.00,19.10,1132.80,19.12,1.19
2026-06-09T08:09:16,1,3.69,30880.00,19.18,14827.00,999.00,19.11,1133.10,19.12,1.19
2026-06-09T08:09:16,1,3.69,30880.00,19.18,14827.00,999.00,19.10,1133.80,19.12,1.20
2026-06-09T08:09:17,1,3.68,30880.00,19.18,14827.00,999.00,19.11,1133.90,19.12,1.20
2026-06-09T08:09:17,1,3.68,30880.00,19.18,14827.00,999.00,19.10,1134.10,19.12,1.20
2026-06-09T08:09:17,1,3.67,30880.00,19.18,14827.00,999.00,19.11,1134.60,19.12,1.21
2026-06-09T08:09:17,1,3.67,30890.00,19.19,14831.00,999.00,19.10,1135.00,19.12,1.21
2026-06-09T08:09:18,1,3.67,30890.00,19.19,14831.00,999.00,19.10,1135.60,19.12,1.21
2026-06-09T08:09:18,1,3.70,30890.00,19.19,14831.00,999.00,19.10,1135.60,19.12,1.21
2026-06-09T08:09:18,1,3.66,30890.00,19.19,14831.00,999.00,19.10,1136.30,19.12,1.22
2026-06-09T08:09:18,1,3.68,30890.00,19.19,14831.00,999.00,19.10,1136.60,19.12,1.22
2026-06-09T08:09:18,1,3.69,30910.00,19.20,14840.00,999.00,19.10,1137.10,19.12,1.23
2026-06-09T08:09:19,1,3.70,30910.00,19.20,14840.00,999.00,19.10,1137.00,19.12,1.23
2026-06-09T08:09:19,1,3.68,30910.00,19.20,14840.00,999.00,19.10,1137.70,19.12,1.24
2026-06-09T08:09:19,1,3.69,30910.00,19.20,14840.00,999.00,19.10,1137.90,19.12,1.24
2026-06-09T08:09:19,1,3.66,30900.00,19.19,14833.00,999.00,19.10,1138.20,19.12,1.24
2026-06-09T08:09:19,1,3.69,30900.00,19.19,14833.00,999.00,19.09,1138.40,19.12,1.24
2026-06-09T08:09:20,1,3.68,30900.00,19.19,14833.00,999.00,19.09,1139.20,19.12,1.25
2026-06-09T08:09:20,1,3.68,30900.00,19.19,14833.00,999.00,19.10,1139.50,19.12,1.25
2026-06-09T08:09:20,1,3.68,30900.00,19.19,14833.00,999.00,19.10,1140.10,19.12,1.26
2026-06-09T08:09:20,1,3.68,30920.00,19.20,14842.00,999.00,19.10,1139.90,19.12,1.26
2026-06-09T08:09:20,1,3.70,30920.00,19.20,14842.00,999.00,19.09,1140.10,19.12,1.26
2026-06-09T08:09:21,1,3.70,30920.00,19.20,14842.00,999.00,19.10,1140.60,19.12,1.26
2026-06-09T08:09:21,1,3.66,30920.00,19.20,14842.00,999.00,19.10,1140.60,19.12,1.26
2026-06-09T08:09:21,1,3.66,30920.00,19.20,14842.00,999.00,19.09,1141.20,19.12,1.27
2026-06-09T08:09:21,1,3.68,30920.00,19.20,14845.00,999.00,19.09,1142.00,19.12,1.28
2026-06-09T08:09:21,1,3.68,30920.00,19.20,14845.00,999.00,19.08,1142.30,19.12,1.28
2026-06-09T08:09:22,1,3.71,30920.00,19.20,14845.00,999.00,19.10,1142.20,19.12,1.28
2026-06-09T08:09:22,1,3.66,30920.00,19.20,14845.00,999.00,19.09,1142.10,19.12,1.28
2026-06-09T08:09:22,1,3.66,30920.00,19.20,14845.00,999.00,19.09,1143.00,19.12,1.29
2026-06-09T08:09:22,1,3.71,30900.00,19.19,14833.00,999.00,19.09,1142.80,19.12,1.29
2026-06-09T08:09:22,1,3.68,30900.00,19.19,14833.00,999.00,19.09,1143.60,19.11,1.29
2026-06-09T08:09:23,1,3.68,30900.00,19.19,14833.00,999.00,19.09,1143.90,19.12,1.30
2026-06-09T08:09:23,1,3.66,30900.00,19.19,14833.00,999.00,19.09,1144.30,19.12,1.30
2026-06-09T08:09:23,1,3.66,30890.00,19.19,14832.00,999.00,19.09,1145.20,19.12,1.31
2026-06-09T08:09:23,1,3.69,30890.00,19.19,14832.00,999.00,19.09,1145.00,19.11,1.31
2026-06-09T08:09:24,1,3.69,30890.00,19.19,14832.00,999.00,19.09,1145.70,19.10,1.32
2026-06-09T08:09:24,1,3.66,30890.00,19.19,14832.00,999.00,19.09,1146.00,19.11,1.32
2026-06-09T08:09:24,1,3.66,30890.00,19.19,14832.00,999.00,19.09,1146.20,19.11,1.32
2026-06-09T08:09:24,1,3.69,30900.00,19.19,14833.00,999.00,19.10,1146.70,19.11,1.32
2026-06-09T08:09:24,1,3.69,30900.00,19.19,14833.00,999.00,19.09,1146.40,19.11,1.32
2026-06-09T08:09:25,1,3.69,30900.00,19.19,14833.00,999.00,19.10,1147.00,19.11,1.33
2026-06-09T08:09:25,1,3.69,30900.00,19.19,14833.00,999.00,19.10,1147.00,19.11,1.33
2026-06-09T08:09:25,1,3.66,30900.00,19.19,14833.00,999.00,19.10,1147.60,19.11,1.33
2026-06-09T08:09:25,1,3.70,30900.00,19.19,14832.00,999.00,19.09,1148.00,19.11,1.34
2026-06-09T08:09:25,1,3.69,30900.00,19.19,14832.00,999.00,19.09,1148.20,19.11,1.34
2026-06-09T08:09:26,1,3.70,30900.00,19.19,14832.00,999.00,19.09,1148.90,19.11,1.35
2026-06-09T08:09:26,1,3.66,30900.00,19.19,14832.00,999.00,19.10,1149.00,19.11,1.35
2026-06-09T08:09:26,1,3.67,30880.00,19.17,14824.00,999.00,19.10,1149.30,19.11,1.35
2026-06-09T08:09:26,1,3.68,30880.00,19.17,14824.00,999.00,19.10,1149.90,19.11,1.36
2026-06-09T08:09:26,1,3.68,30880.00,19.17,14824.00,999.00,19.10,1149.80,19.11,1.36
2026-06-09T08:09:27,1,3.69,30880.00,19.17,14824.00,999.00,19.09,1150.60,19.11,1.36
2026-06-09T08:09:27,1,3.68,30880.00,19.17,14824.00,999.00,19.10,1151.20,19.10,1.37
2026-06-09T08:09:27,1,3.70,30870.00,19.17,14820.00,999.00,19.10,1151.70,19.11,1.37
2026-06-09T08:09:27,1,3.70,30870.00,19.17,14820.00,999.00,19.09,1152.10,19.11,1.38
2026-06-09T08:09:28,1,3.69,30870.00,19.17,14820.00,999.00,19.10,1152.20,19.11,1.38
2026-06-09T08:09:28,1,3.66,30870.00,19.17,14820.00,999.00,19.10,1152.80,19.11,1.39
2026-06-09T08:09:28,1,3.66,30870.00,19.17,14820.00,999.00,19.11,1152.40,19.11,1.38
2026-06-09T08:09:28,1,3.70,30860.00,19.16,14815.00,999.00,19.11,1153.00,19.11,1.39
2026-06-09T08:09:28,1,3.68,30860.00,19.16,14815.00,999.00,19.10,1153.50,19.11,1.39
2026-06-09T08:09:29,1,3.68,30860.00,19.16,14815.00,999.00,19.11,1153.30,19.11,1.39
2026-06-09T08:09:29,1,3.66,30860.00,19.16,14815.00,999.00,19.11,1154.10,19.11,1.40
2026-06-09T08:09:29,1,3.66,30870.00,19.17,14821.00,999.00,19.11,1154.70,19.11,1.40
2026-06-09T08:09:29,1,3.68,30870.00,19.17,14821.00,999.00,19.11,1155.10,19.11,1.41
2026-06-09T08:09:29,1,3.68,30870.00,19.17,14821.00,999.00,19.11,1154.90,19.11,1.41
2026-06-09T08:09:30,1,3.68,30870.00,19.17,14821.00,999.00,19.12,1155.80,19.11,1.42
2026-06-09T08:09:30,1,3.66,30870.00,19.17,14821.00,999.00,19.11,1156.20,19.11,1.42
2026-06-09T08:09:30,1,3.70,30870.00,19.17,14818.00,999.00,19.11,1156.20,19.11,1.42
2026-06-09T08:09:30,1,3.68,30870.00,19.17,14818.00,999.00,19.12,1157.00,19.11,1.43
2026-06-09T08:09:30,1,3.66,30870.00,19.17,14818.00,999.00,19.11,1157.20,19.11,1.43
2026-06-09T08:09:31,1,3.68,30870.00,19.17,14818.00,999.00,19.12,1157.40,19.11,1.43
2026-06-09T08:09:31,1,3.69,30870.00,19.17,14818.00,999.00,19.12,1157.40,19.11,1.43
2026-06-09T08:09:31,1,3.70,30880.00,19.18,14825.00,999.00,19.11,1158.10,19.11,1.44
2026-06-09T08:09:31,1,3.70,30880.00,19.18,14825.00,999.00,19.11,1158.30,19.11,1.44
2026-06-09T08:09:32,1,3.69,30880.00,19.18,14825.00,999.00,19.11,1159.00,19.11,1.45
2026-06-09T08:09:32,1,3.68,30880.00,19.18,14825.00,999.00,19.11,1158.80,19.11,1.44
2026-06-09T08:09:32,1,3.66,30880.00,19.18,14825.00,999.00,19.11,1158.50,19.11,1.44
2026-06-09T08:09:32,1,3.70,30870.00,19.17,14818.00,999.00,19.11,1159.50,19.11,1.45
2026-06-09T08:09:32,1,3.70,30870.00,19.17,14818.00,999.00,19.11,1159.70,19.11,1.45
2026-06-09T08:09:33,1,3.69,30870.00,19.17,14818.00,999.00,19.11,1160.00,19.11,1.46
2026-06-09T08:09:33,1,3.70,30870.00,19.17,14818.00,999.00,19.10,1160.60,19.11,1.46
2026-06-09T08:09:33,1,3.69,30860.00,19.17,14817.00,999.00,19.11,1161.00,19.11,1.47
2026-06-09T08:09:33,1,3.68,30860.00,19.17,14817.00,999.00,19.11,1161.40,19.11,1.47
2026-06-09T08:09:33,1,3.68,30860.00,19.17,14817.00,999.00,19.11,1161.60,19.11,1.47
2026-06-09T08:09:34,1,3.66,30860.00,19.17,14817.00,999.00,19.11,1162.20,19.11,1.48
2026-06-09T08:09:34,1,3.66,30860.00,19.17,14817.00,999.00,19.12,1162.20,19.11,1.48
2026-06-09T08:09:34,1,3.70,30860.00,19.17,14817.00,999.00,19.11,1162.20,19.11,1.48
2026-06-09T08:09:34,1,3.66,30860.00,19.17,14817.00,999.00,19.11,1163.20,19.11,1.49
2026-06-09T08:09:34,1,3.69,30860.00,19.17,14817.00,999.00,19.11,1163.30,19.11,1.49
2026-06-09T08:09:35,1,3.68,30860.00,19.17,14817.00,999.00,19.12,1163.90,19.11,1.50
2026-06-09T08:09:35,1,3.68,30860.00,19.17,14817.00,999.00,19.12,1164.00,19.11,1.50
2026-06-09T08:09:35,1,3.70,30880.00,19.18,14826.00,999.00,19.11,1164.80,19.11,1.50
2026-06-09T08:09:35,1,3.70,30880.00,19.18,14826.00,999.00,19.11,1164.80,19.11,1.50
2026-06-09T08:09:35,1,3.68,30880.00,19.18,14826.00,999.00,19.12,1165.30,19.11,1.51
2026-06-09T08:09:36,1,3.67,30880.00,19.18,14826.00,999.00,19.11,1165.30,19.11,1.51
2026-06-09T08:09:36,1,3.68,30880.00,19.18,14826.00,999.00,19.11,1165.80,19.11,1.51
2026-06-09T08:09:36,1,3.69,30900.00,19.19,14833.00,999.00,19.11,1166.10,19.11,1.52
2026-06-09T08:09:36,1,3.70,30900.00,19.19,14833.00,999.00,19.10,1166.50,19.11,1.52
2026-06-09T08:09:37,1,3.69,30900.00,19.19,14833.00,999.00,19.10,1167.10,19.10,1.53
2026-06-09T08:09:37,1,3.66,30900.00,19.19,14833.00,999.00,19.11,1167.80,19.11,1.53
2026-06-09T08:09:37,1,3.70,30910.00,19.20,14838.00,999.00,19.10,1168.00,19.11,1.54
2026-06-09T08:09:37,1,3.68,30910.00,19.20,14838.00,999.00,19.10,1168.70,19.11,1.54
2026-06-09T08:09:37,1,3.69,30910.00,19.20,14838.00,999.00,19.10,1170.00,19.11,1.56
2026-06-09T08:09:38,1,3.66,30910.00,19.20,14838.00,999.00,19.10,1170.60,19.11,1.56
2026-06-09T08:09:38,1,3.68,30910.00,19.20,14838.00,999.00,19.09,1170.10,19.11,1.56
2026-06-09T08:09:38,1,3.65,30920.00,19.20,14843.00,999.00,19.09,1170.10,19.11,1.56
2026-06-09T08:09:38,1,3.68,30920.00,19.20,14843.00,999.00,19.09,1170.00,19.11,1.56
2026-06-09T08:09:38,1,3.68,30920.00,19.20,14843.00,999.00,19.10,1170.20,19.11,1.56
2026-06-09T08:09:39,1,3.66,30920.00,19.20,14843.00,999.00,19.10,1170.60,19.11,1.56
2026-06-09T08:09:39,1,3.68,30920.00,19.20,14843.00,999.00,19.09,1170.90,19.11,1.56
2026-06-09T08:09:39,1,3.68,30930.00,19.21,14849.00,999.00,19.09,1172.20,19.11,1.58
2026-06-09T08:09:39,1,3.70,30930.00,19.21,14849.00,999.00,19.09,1173.60,19.11,1.59
2026-06-09T08:09:39,1,3.68,30930.00,19.21,14849.00,999.00,19.09,1173.90,19.11,1.59
2026-06-09T08:09:40,1,3.68,30930.00,19.21,14849.00,999.00,19.09,1174.20,19.10,1.60
2026-06-09T08:09:40,1,3.69,30930.00,19.21,14848.00,999.00,19.09,1174.10,19.11,1.60
2026-06-09T08:09:40,1,3.68,30930.00,19.21,14848.00,999.00,19.09,1173.50,19.11,1.59
2026-06-09T08:09:40,1,3.70,30930.00,19.21,14848.00,999.00,19.09,1174.20,19.11,1.60
2026-06-09T08:09:41,1,3.67,30930.00,19.21,14848.00,999.00,19.09,1174.20,19.11,1.60
2026-06-09T08:09:41,1,3.68,30930.00,19.21,14848.00,999.00,19.08,1175.00,19.11,1.61
2026-06-09T08:09:41,1,3.68,30930.00,19.21,14851.00,999.00,19.09,1175.60,19.11,1.61
2026-06-09T08:09:41,1,3.67,30930.00,19.21,14851.00,999.00,19.09,1175.90,19.11,1.61
2026-06-09T08:09:41,1,3.68,30930.00,19.21,14851.00,999.00,19.08,1176.90,19.11,1.62
2026-06-09T08:09:42,1,3.65,30930.00,19.21,14851.00,999.00,19.08,1177.70,19.11,1.63
2026-06-09T08:09:42,1,3.68,30930.00,19.21,14851.00,999.00,19.09,1177.50,19.11,1.63
2026-06-09T08:09:42,1,3.70,30920.00,19.20,14843.00,999.00,19.09,1177.40,19.10,1.63
2026-06-09T08:09:42,1,3.70,30920.00,19.20,14843.00,999.00,19.09,1178.30,19.11,1.64
2026-06-09T08:09:42,1,3.69,30920.00,19.20,14843.00,999.00,19.08,1178.20,19.11,1.64
2026-06-09T08:09:43,1,3.66,30920.00,19.20,14843.00,999.00,19.09,1178.30,19.11,1.64
2026-06-09T08:09:43,1,3.68,30940.00,19.22,14855.00,999.00,19.08,1179.60,19.10,1.65
2026-06-09T08:09:43,1,3.70,30940.00,19.22,14855.00,999.00,19.08,1179.60,19.10,1.65
2026-06-09T08:09:43,1,3.67,30940.00,19.22,14855.00,999.00,19.09,1180.50,19.10,1.66
2026-06-09T08:09:43,1,3.67,30940.00,19.22,14855.00,999.00,19.08,1180.60,19.10,1.66
2026-06-09T08:09:44,1,3.66,30940.00,19.22,14855.00,999.00,19.08,1180.60,19.10,1.66
2026-06-09T08:09:44,1,3.70,30920.00,19.20,14843.00,999.00,19.09,1181.40,19.10,1.67
2026-06-09T08:09:44,1,3.68,30920.00,19.20,14843.00,999.00,19.08,1181.80,19.10,1.67
2026-06-09T08:09:44,1,3.68,30920.00,19.20,14843.00,999.00,19.08,1182.20,19.10,1.68
2026-06-09T08:09:44,1,3.67,30920.00,19.20,14843.00,999.00,19.09,1182.50,19.10,1.68
2026-06-09T08:09:45,1,3.68,30920.00,19.20,14843.00,999.00,19.08,1182.80,19.11,1.68
2026-06-09T08:09:45,1,3.69,30930.00,19.21,14850.00,999.00,19.08,1182.90,19.10,1.68
2026-06-09T08:09:45,1,3.70,30930.00,19.21,14850.00,999.00,19.08,1182.70,19.10,1.68
2026-06-09T08:09:45,1,3.70,30930.00,19.21,14850.00,999.00,19.08,1182.80,19.10,1.68
2026-06-09T08:09:45,1,3.67,30930.00,19.21,14850.00,999.00,19.08,1183.70,19.10,1.69
2026-06-09T08:09:46,1,3.66,30930.00,19.21,14850.00,999.00,19.08,1183.60,19.10,1.69
2026-06-09T08:09:46,1,3.68,30940.00,19.22,14854.00,999.00,19.08,1184.70,19.10,1.70
2026-06-09T08:09:46,1,3.68,30940.00,19.22,14854.00,999.00,19.08,1185.20,19.10,1.71
2026-06-09T08:09:46,1,3.67,30940.00,19.22,14854.00,999.00,19.08,1186.00,19.10,1.71
2026-06-09T08:09:47,1,3.68,30940.00,19.22,14854.00,999.00,19.09,1186.40,19.10,1.72
2026-06-09T08:09:47,1,3.66,30940.00,19.22,14854.00,999.00,19.08,1186.50,19.10,1.72
2026-06-09T08:09:47,1,3.69,30940.00,19.22,14854.00,999.00,19.08,1187.00,19.10,1.72
2026-06-09T08:09:47,1,3.68,30940.00,19.22,14854.00,999.00,19.08,1186.70,19.10,1.72
2026-06-09T08:09:47,1,3.66,30940.00,19.22,14854.00,999.00,19.08,1186.70,19.10,1.72
2026-06-09T08:09:48,1,3.68,30940.00,19.22,14854.00,999.00,19.08,1187.20,19.10,1.73
2026-06-09T08:09:48,1,3.70,30940.00,19.22,14854.00,999.00,19.08,1187.90,19.10,1.73
2026-06-09T08:09:48,1,3.70,30940.00,19.22,14854.00,999.00,19.08,1187.90,19.10,1.73
2026-06-09T08:09:48,1,3.68,30940.00,19.22,14854.00,999.00,19.08,1188.60,19.10,1.74
2026-06-09T08:09:48,1,3.66,30940.00,19.22,14854.00,999.00,19.08,1188.80,19.10,1.74
2026-06-09T08:09:49,1,3.67,30940.00,19.22,14854.00,999.00,19.08,1189.20,19.10,1.75
2026-06-09T08:09:49,1,3.69,30950.00,19.22,14856.00,999.00,19.08,1189.20,19.10,1.75
2026-06-09T08:09:49,1,3.68,30950.00,19.22,14856.00,999.00,19.08,1189.50,19.10,1.75
2026-06-09T08:09:49,1,3.67,30950.00,19.22,14856.00,999.00,19.08,1189.50,19.10,1.75
2026-06-09T08:09:49,1,3.68,30950.00,19.22,14856.00,999.00,19.08,1190.00,19.10,1.75
2026-06-09T08:09:50,1,3.65,30950.00,19.22,14856.00,999.00,19.08,1190.50,19.09,1.76
2026-06-09T08:09:50,1,3.66,30960.00,19.23,14866.00,999.00,19.08,1191.50,19.10,1.77
2026-06-09T08:09:50,1,3.70,30960.00,19.23,14866.00,999.00,19.08,1191.20,19.10,1.77
2026-06-09T08:09:50,1,3.68,30960.00,19.23,14866.00,999.00,19.08,1192.00,19.10,1.77
2026-06-09T08:09:51,1,3.67,30960.00,19.23,14866.00,999.00,19.07,1192.40,19.10,1.78
2026-06-09T08:09:51,1,3.69,30940.00,19.22,14856.00,999.00,19.08,1192.50,19.10,1.78
2026-06-09T08:09:51,1,3.70,30940.00,19.22,14856.00,999.00,19.08,1192.90,19.09,1.78
2026-06-09T08:09:51,1,3.68,30940.00,19.22,14856.00,999.00,19.08,1193.60,19.10,1.79
2026-06-09T08:09:51,1,3.66,30940.00,19.22,14856.00,999.00,19.08,1194.10,19.09,1.79
2026-06-09T08:09:52,1,3.66,30940.00,19.22,14856.00,999.00,19.08,1194.60,19.09,1.80
2026-06-09T08:09:52,1,3.71,30960.00,19.23,14861.00,999.00,19.07,1194.70,19.09,1.80
2026-06-09T08:09:52,1,3.70,30960.00,19.23,14861.00,999.00,19.07,1195.30,19.09,1.81
2026-06-09T08:09:52,1,3.68,30960.00,19.23,14861.00,999.00,19.08,1196.10,19.09,1.81
2026-06-09T08:09:52,1,3.68,30960.00,19.23,14861.00,999.00,19.08,1196.30,19.09,1.82
2026-06-09T08:09:53,1,3.67,30960.00,19.23,14861.00,999.00,19.07,1196.70,19.08,1.82
2026-06-09T08:09:53,1,3.69,30960.00,19.23,14861.00,999.00,19.08,1196.90,19.09,1.82
2026-06-09T08:09:53,1,3.68,30960.00,19.23,14861.00,999.00,19.08,1197.10,19.09,1.82
2026-06-09T08:09:53,1,3.67,30960.00,19.23,14861.00,999.00,19.07,1197.70,19.09,1.83
2026-06-09T08:09:53,1,3.69,30960.00,19.23,14861.00,999.00,19.08,1198.10,19.09,1.83
2026-06-09T08:09:54,1,3.70,30910.00,19.20,14842.00,999.00,19.08,1198.20,19.09,1.84
2026-06-09T08:09:54,1,3.69,30910.00,19.20,14842.00,999.00,19.08,1198.90,19.09,1.84
2026-06-09T08:09:54,1,3.69,30910.00,19.20,14842.00,999.00,19.08,1199.30,19.09,1.85
2026-06-09T08:09:54,1,3.68,30910.00,19.20,14842.00,999.00,19.08,1199.80,19.09,1.85
2026-06-09T08:09:54,1,3.66,30910.00,19.20,14842.00,999.00,19.08,1200.10,19.09,1.85
2026-06-09T08:09:55,1,3.68,30930.00,19.21,14847.00,999.00,19.08,1200.40,19.09,1.86
2026-06-09T08:09:55,1,3.68,30930.00,19.21,14847.00,999.00,19.08,1200.80,19.09,1.86
2026-06-09T08:09:55,1,3.70,30930.00,19.21,14847.00,999.00,19.08,1200.50,19.09,1.86
2026-06-09T08:09:55,1,3.69,30930.00,19.21,14847.00,999.00,19.08,1201.30,19.09,1.87
2026-06-09T08:09:56,1,3.68,30930.00,19.21,14847.00,999.00,19.08,1201.80,19.09,1.87
2026-06-09T08:09:56,1,3.70,30900.00,19.19,14836.00,999.00,19.08,1202.30,19.09,1.88
2026-06-09T08:09:56,1,3.70,30900.00,19.19,14836.00,999.00,19.07,1202.60,19.09,1.88
2026-06-09T08:09:56,1,3.69,30900.00,19.19,14836.00,999.00,19.08,1203.20,19.09,1.88
2026-06-09T08:09:56,1,3.66,30900.00,19.19,14836.00,999.00,19.09,1203.30,19.09,1.89
2026-06-09T08:09:57,1,3.66,30900.00,19.19,14836.00,999.00,19.08,1203.80,19.09,1.89
2026-06-09T08:09:57,1,3.70,30920.00,19.21,14846.00,999.00,19.08,1204.20,19.09,1.89
2026-06-09T08:09:57,1,3.68,30920.00,19.21,14846.00,999.00,19.08,1204.70,19.09,1.90
2026-06-09T08:09:57,1,3.68,30920.00,19.21,14846.00,999.00,19.09,1204.80,19.09,1.90
2026-06-09T08:09:57,1,3.66,30920.00,19.21,14846.00,999.00,19.09,1205.10,19.09,1.90
2026-06-09T08:09:58,1,3.68,30930.00,19.21,14848.00,999.00,19.09,1205.20,19.09,1.90
2026-06-09T08:09:58,1,3.70,30930.00,19.21,14848.00,999.00,19.08,1205.60,19.09,1.91
2026-06-09T08:09:58,1,3.66,30930.00,19.21,14848.00,999.00,19.08,1206.00,19.09,1.91
2026-06-09T08:09:58,1,3.69,30930.00,19.21,14848.00,999.00,19.08,1206.70,19.09,1.92
2026-06-09T08:09:58,1,3.68,30930.00,19.21,14848.00,999.00,19.09,1207.00,19.09,1.92
2026-06-09T08:09:59,1,3.70,30940.00,19.21,14852.00,999.00,19.09,1207.70,19.09,1.93
2026-06-09T08:09:59,1,3.68,30940.00,19.21,14852.00,999.00,19.09,1207.10,19.09,1.92
2026-06-09T08:09:59,1,3.68,30940.00,19.21,14852.00,999.00,19.08,1207.80,19.09,1.93
2026-06-09T08:09:59,1,3.69,30940.00,19.21,14852.00,999.00,19.09,1207.70,19.09,1.93
2026-06-09T08:09:59,1,3.69,30940.00,19.21,14852.00,999.00,19.09,1207.80,19.09,1.93
2026-06-09T08:10:00,1,3.69,30940.00,19.22,14853.00,999.00,19.09,1208.80,19.09,1.94
2026-06-09T08:10:00,1,3.68,30940.00,19.22,14853.00,999.00,19.08,1209.40,19.09,1.95
2026-06-09T08:10:00,1,3.68,30940.00,19.22,14853.00,999.00,19.09,1209.90,19.09,1.95
2026-06-09T08:10:00,1,3.68,30940.00,19.22,14853.00,999.00,19.08,1210.50,19.09,1.96
2026-06-09T08:10:00,1,3.68,30940.00,19.22,14853.00,999.00,19.09,1211.20,19.09,1.96
2026-06-09T08:10:01,1,3.69,30950.00,19.22,14858.00,999.00,19.09,1212.00,19.09,1.97
2026-06-09T08:10:01,1,3.68,30950.00,19.22,14858.00,999.00,19.09,1212.00,19.09,1.97
2026-06-09T08:10:01,1,3.66,30950.00,19.22,14858.00,999.00,19.09,1212.70,19.09,1.98
2026-06-09T08:10:01,1,3.66,30950.00,19.22,14858.00,999.00,19.09,1212.80,19.09,1.98
2026-06-09T08:10:02,1,3.66,30940.00,19.22,14854.00,999.00,19.09,1213.00,19.09,1.98
2026-06-09T08:10:02,1,3.70,30940.00,19.22,14854.00,999.00,19.08,1213.00,19.09,1.98
2026-06-09T08:10:02,1,3.70,30940.00,19.22,14854.00,999.00,19.09,1213.80,19.09,1.99
2026-06-09T08:10:02,1,3.67,30940.00,19.22,14854.00,999.00,19.08,1213.50,19.09,1.99
2026-06-09T08:10:02,1,3.66,30940.00,19.22,14854.00,999.00,19.08,1214.50,19.09,2.00
2026-06-09T08:10:03,1,3.70,30940.00,19.22,14853.00,999.00,19.08,1214.90,19.09,2.00
2026-06-09T08:10:03,1,3.68,30940.00,19.22,14853.00,999.00,19.09,1215.60,19.08,2.01
2026-06-09T08:10:03,1,3.68,30940.00,19.22,14853.00,999.00,19.09,1216.60,19.08,2.02
2026-06-09T08:10:03,1,3.68,30940.00,19.22,14853.00,999.00,19.08,1216.90,19.09,2.02
2026-06-09T08:10:03,1,3.68,30940.00,19.22,14853.00,999.00,19.08,1217.90,19.09,2.03
2026-06-09T08:10:04,1,3.70,30940.00,19.22,14854.00,999.00,19.08,1218.10,19.09,2.03
2026-06-09T08:10:04,1,3.71,30940.00,19.22,14854.00,999.00,19.08,1219.00,19.09,2.04
2026-06-09T08:10:04,1,3.68,30940.00,19.22,14854.00,999.00,19.08,1219.40,19.09,2.05
2026-06-09T08:10:04,1,3.66,30940.00,19.22,14854.00,999.00,19.08,1220.00,19.09,2.05
2026-06-09T08:10:04,1,3.66,30940.00,19.22,14854.00,999.00,19.08,1220.60,19.09,2.06
2026-06-09T08:10:05,1,3.67,30940.00,19.22,14854.00,999.00,19.07,1221.80,19.09,2.07
2026-06-09T08:10:05,1,3.70,30940.00,19.22,14854.00,999.00,19.08,1222.10,19.09,2.07
2026-06-09T08:10:05,1,3.66,30940.00,19.22,14854.00,999.00,19.08,1222.90,19.08,2.08
2026-06-09T08:10:05,1,3.65,30940.00,19.22,14854.00,999.00,19.09,1223.80,19.09,2.09
2026-06-09T08:10:06,1,3.70,30960.00,19.23,14865.00,999.00,19.08,1223.40,19.09,2.09
2026-06-09T08:10:06,1,3.68,30960.00,19.23,14865.00,999.00,19.08,1223.90,19.09,2.09
2026-06-09T08:10:06,1,3.68,30960.00,19.23,14865.00,999.00,19.09,1224.90,19.09,2.10
2026-06-09T08:10:06,1,3.67,30960.00,19.23,14865.00,999.00,19.08,1224.80,19.09,2.10
2026-06-09T08:10:06,1,3.68,30960.00,19.23,14865.00,999.00,19.08,1226.00,19.09,2.11
2026-06-09T08:10:07,1,3.68,30960.00,19.23,14863.00,999.00,19.08,1226.00,19.09,2.11
2026-06-09T08:10:07,1,3.68,30960.00,19.23,14863.00,999.00,19.08,1226.70,19.09,2.12
2026-06-09T08:10:07,1,3.69,30960.00,19.23,14863.00,999.00,19.08,1226.90,19.09,2.12
2026-06-09T08:10:07,1,3.68,30960.00,19.23,14863.00,999.00,19.08,1226.90,19.09,2.12
2026-06-09T08:10:07,1,3.68,30940.00,19.22,14854.00,999.00,19.08,1228.10,19.09,2.13
2026-06-09T08:10:08,1,3.68,30940.00,19.22,14854.00,999.00,19.08,1228.00,19.09,2.13
2026-06-09T08:10:08,1,3.70,30940.00,19.22,14854.00,999.00,19.08,1228.40,19.09,2.13
2026-06-09T08:10:08,1,3.68,30940.00,19.22,14854.00,999.00,19.08,1229.00,19.09,2.14
2026-06-09T08:10:08,1,3.67,30940.00,19.22,14854.00,999.00,19.08,1229.10,19.09,2.14
2026-06-09T08:10:08,1,3.68,30930.00,19.21,14851.00,999.00,19.08,1229.60,19.09,2.15
2026-06-09T08:10:09,1,3.70,30930.00,19.21,14851.00,999.00,19.08,1230.20,19.09,2.15
2026-06-09T08:10:09,1,3.70,30930.00,19.21,14851.00,999.00,19.08,1230.90,19.09,2.16
2026-06-09T08:10:09,1,3.68,30930.00,19.21,14851.00,999.00,19.09,1231.30,19.09,2.16
2026-06-09T08:10:09,1,3.69,30930.00,19.21,14851.00,999.00,19.07,1231.80,19.09,2.17
2026-06-09T08:10:10,1,3.68,30930.00,19.21,14849.00,999.00,19.08,1232.20,19.09,2.17
2026-06-09T08:10:10,1,3.70,30930.00,19.21,14849.00,999.00,19.09,1232.60,19.08,2.18
2026-06-09T08:10:10,1,3.70,30930.00,19.21,14849.00,999.00,19.08,1233.30,19.08,2.18
2026-06-09T08:10:10,1,3.66,30930.00,19.21,14849.00,999.00,19.08,1233.40,19.09,2.18
2026-06-09T08:10:10,1,3.67,30930.00,19.21,14849.00,999.00,19.08,1233.90,19.09,2.19
2026-06-09T08:10:11,1,3.68,30940.00,19.22,14853.00,999.00,19.08,1234.00,19.09,2.19
2026-06-09T08:10:11,1,3.70,30940.00,19.22,14853.00,999.00,19.08,1235.20,19.09,2.20
2026-06-09T08:10:11,1,3.66,30940.00,19.22,14853.00,999.00,19.08,1235.30,19.09,2.20
2026-06-09T08:10:11,1,3.68,30940.00,19.22,14853.00,999.00,19.08,1235.30,19.09,2.20
2026-06-09T08:10:11,1,3.66,30920.00,19.21,14845.00,999.00,19.08,1235.90,19.09,2.21
2026-06-09T08:10:12,1,3.68,30920.00,19.21,14845.00,999.00,19.07,1236.30,19.09,2.21
2026-06-09T08:10:12,1,3.70,30920.00,19.21,14845.00,999.00,19.08,1236.40,19.09,2.21
2026-06-09T08:10:12,1,3.68,30920.00,19.21,14845.00,999.00,19.08,1236.90,19.08,2.22
2026-06-09T08:10:12,1,3.66,30920.00,19.21,14845.00,999.00,19.09,1237.60,19.09,2.23
2026-06-09T08:10:12,1,3.69,30930.00,19.21,14851.00,999.00,19.08,1238.40,19.09,2.23
2026-06-09T08:10:13,1,3.70,30930.00,19.21,14851.00,999.00,19.08,1238.40,19.09,2.23
2026-06-09T08:10:13,1,3.68,30930.00,19.21,14851.00,999.00,19.09,1238.60,19.08,2.24
2026-06-09T08:10:13,1,3.65,30930.00,19.21,14851.00,999.00,19.09,1238.90,19.08,2.24
2026-06-09T08:10:13,1,3.68,30930.00,19.21,14851.00,999.00,19.08,1239.30,19.08,2.24
2026-06-09T08:10:13,1,3.70,30950.00,19.23,14861.00,999.00,19.08,1239.60,19.09,2.25
2026-06-09T08:10:14,1,3.70,30950.00,19.23,14861.00,999.00,19.09,1240.10,19.09,2.25
2026-06-09T08:10:14,1,3.68,30950.00,19.23,14861.00,999.00,19.08,1240.00,19.09,2.25
2026-06-09T08:10:14,1,3.66,30950.00,19.23,14861.00,999.00,19.09,1240.40,19.09,2.25
2026-06-09T08:10:14,1,3.68,30950.00,19.23,14861.00,999.00,19.08,1241.30,19.09,2.26
2026-06-09T08:10:14,1,3.68,30960.00,19.23,14862.00,999.00,19.09,1241.20,19.09,2.26
2026-06-09T08:10:15,1,3.70,30960.00,19.23,14862.00,999.00,19.08,1241.90,19.09,2.27
2026-06-09T08:10:15,1,3.66,30960.00,19.23,14862.00,999.00,19.08,1242.60,19.08,2.28
2026-06-09T08:10:15,1,3.68,30960.00,19.23,14862.00,999.00,19.08,1242.70,19.09,2.28
2026-06-09T08:10:15,1,3.68,30940.00,19.22,14854.00,999.00,19.08,1243.80,19.08,2.29
2026-06-09T08:10:16,1,3.70,30940.00,19.22,14854.00,999.00,19.08,1243.90,19.08,2.29
2026-06-09T08:10:16,1,3.68,30940.00,19.22,14854.00,999.00,19.08,1244.80,19.08,2.30
2026-06-09T08:10:16,1,3.68,30940.00,19.22,14854.00,999.00,19.08,1245.40,19.08,2.30
2026-06-09T08:10:16,1,3.68,30940.00,19.22,14854.00,999.00,19.08,1245.50,19.09,2.30
2026-06-09T08:10:16,1,3.69,30950.00,19.22,14858.00,999.00,19.08,1246.20,19.09,2.31
2026-06-09T08:10:17,1,3.70,30950.00,19.22,14858.00,999.00,19.07,1247.20,19.09,2.32
2026-06-09T08:10:17,1,3.69,30950.00,19.22,14858.00,999.00,19.08,1248.00,19.09,2.33
2026-06-09T08:10:17,1,3.68,30950.00,19.22,14858.00,999.00,19.08,1248.10,19.09,2.33
2026-06-09T08:10:17,1,3.65,30950.00,19.22,14858.00,999.00,19.08,1248.20,19.09,2.33
2026-06-09T08:10:17,1,3.69,30950.00,19.22,14858.00,999.00,19.08,1249.10,19.08,2.34
2026-06-09T08:10:18,1,3.68,30950.00,19.22,14858.00,999.00,19.08,1249.80,19.08,2.35
2026-06-09T08:10:18,1,3.66,30950.00,19.22,14858.00,999.00,19.08,1250.10,19.07,2.35
2026-06-09T08:10:18,1,3.66,30950.00,19.22,14858.00,999.00,19.08,1249.80,19.08,2.35
2026-06-09T08:10:18,1,3.68,30920.00,19.20,14845.00,999.00,19.07,1250.30,19.08,2.35
2026-06-09T08:10:19,1,3.70,30920.00,19.20,14845.00,999.00,19.08,1250.80,19.08,2.36
2026-06-09T08:10:19,1,3.68,30920.00,19.20,14845.00,999.00,19.08,1251.60,19.08,2.36
2026-06-09T08:10:19,1,3.66,30920.00,19.20,14845.00,999.00,19.08,1251.90,19.08,2.37
2026-06-09T08:10:19,1,3.68,30920.00,19.20,14845.00,999.00,19.08,1252.10,19.08,2.37
2026-06-09T08:10:19,1,3.70,30930.00,19.21,14850.00,999.00,19.08,1252.60,19.08,2.37
2026-06-09T08:10:20,1,3.70,30930.00,19.21,14850.00,999.00,19.08,1252.90,19.09,2.38
2026-06-09T08:10:20,1,3.68,30930.00,19.21,14850.00,999.00,19.08,1253.60,19.08,2.38
2026-06-09T08:10:20,1,3.66,30930.00,19.21,14850.00,999.00,19.08,1253.70,19.09,2.39
2026-06-09T08:10:20,1,3.68,30930.00,19.21,14850.00,999.00,19.08,1254.30,19.08,2.39
2026-06-09T08:10:20,1,3.67,30960.00,19.23,14862.00,999.00,19.08,1254.00,19.09,2.39
2026-06-09T08:10:21,1,3.70,30960.00,19.23,14862.00,999.00,19.08,1254.90,19.08,2.40
2026-06-09T08:10:21,1,3.67,30960.00,19.23,14862.00,999.00,19.08,1255.30,19.08,2.40
2026-06-09T08:10:21,1,3.69,30960.00,19.23,14862.00,999.00,19.08,1255.70,19.08,2.41
2026-06-09T08:10:21,1,3.66,30950.00,19.22,14857.00,999.00,19.08,1256.60,19.08,2.41
2026-06-09T08:10:21,1,3.68,30950.00,19.22,14857.00,999.00,19.07,1257.20,19.09,2.42
2026-06-09T08:10:22,1,3.70,30950.00,19.22,14857.00,999.00,19.08,1257.40,19.08,2.42
2026-06-09T08:10:22,1,3.66,30950.00,19.22,14857.00,999.00,19.09,1258.40,19.08,2.43
2026-06-09T08:10:22,1,3.68,30950.00,19.22,14857.00,999.00,19.08,1258.50,19.08,2.43
2026-06-09T08:10:22,1,3.68,30950.00,19.22,14857.00,999.00,19.08,1258.70,19.08,2.43
2026-06-09T08:10:22,1,3.70,30950.00,19.22,14857.00,999.00,19.08,1259.20,19.08,2.44
2026-06-09T08:10:23,1,3.67,30950.00,19.22,14857.00,999.00,19.08,1259.30,19.08,2.44
2026-06-09T08:10:23,1,3.66,30950.00,19.22,14857.00,999.00,19.08,1258.90,19.08,2.44
2026-06-09T08:10:23,1,3.68,30950.00,19.22,14857.00,999.00,19.08,1260.10,19.08,2.45
2026-06-09T08:10:23,1,3.69,30950.00,19.22,14858.00,999.00,19.08,1260.20,19.08,2.45
2026-06-09T08:10:23,1,3.68,30950.00,19.22,14858.00,999.00,19.08,1260.90,19.08,2.46
2026-06-09T08:10:24,1,3.69,30950.00,19.22,14858.00,999.00,19.08,1261.70,19.08,2.46
2026-06-09T08:10:24,1,3.68,30950.00,19.22,14858.00,999.00,19.08,1262.50,19.08,2.47
2026-06-09T08:10:24,1,3.68,30950.00,19.22,14858.00,999.00,19.08,1263.10,19.08,2.48
2026-06-09T08:10:24,1,3.70,30960.00,19.23,14861.00,999.00,19.08,1263.50,19.08,2.48
2026-06-09T08:10:25,1,3.70,30960.00,19.23,14861.00,999.00,19.08,1264.40,19.08,2.49
2026-06-09T08:10:25,1,3.68,30960.00,19.23,14861.00,999.00,19.08,1265.40,19.08,2.50
2026-06-09T08:10:25,1,3.68,30960.00,19.23,14861.00,999.00,19.08,1265.60,19.08,2.50
2026-06-09T08:10:25,1,3.69,30940.00,19.22,14854.00,999.00,19.07,1266.20,19.08,2.51
2026-06-09T08:10:25,1,3.69,30940.00,19.22,14854.00,999.00,19.08,1266.40,19.08,2.51
2026-06-09T08:10:26,1,3.70,30940.00,19.22,14854.00,999.00,19.08,1266.60,19.08,2.51
2026-06-09T08:10:26,1,3.66,30940.00,19.22,14854.00,999.00,19.08,1267.20,19.08,2.52
2026-06-09T08:10:26,1,3.68,30940.00,19.22,14854.00,999.00,19.09,1267.50,19.08,2.52
2026-06-09T08:10:26,1,3.66,30940.00,19.22,14855.00,999.00,19.08,1267.90,19.08,2.53
2026-06-09T08:10:26,1,3.70,30940.00,19.22,14855.00,999.00,19.08,1268.00,19.08,2.53
2026-06-09T08:10:27,1,3.69,30940.00,19.22,14855.00,999.00,19.08,1268.60,19.08,2.53
2026-06-09T08:10:27,1,3.68,30940.00,19.22,14855.00,999.00,19.08,1269.30,19.08,2.54
2026-06-09T08:10:27,1,3.67,30940.00,19.22,14855.00,999.00,19.08,1269.30,19.08,2.54
2026-06-09T08:10:27,1,3.67,30950.00,19.23,14860.00,999.00,19.08,1269.70,19.08,2.54
2026-06-09T08:10:27,1,3.70,30950.00,19.23,14860.00,999.00,19.08,1269.90,19.08,2.55
2026-06-09T08:10:28,1,3.68,30950.00,19.23,14860.00,999.00,19.08,1270.50,19.08,2.55
2026-06-09T08:10:28,1,3.66,30950.00,19.23,14860.00,999.00,19.08,1270.50,19.08,2.55
2026-06-09T08:10:28,1,3.69,30950.00,19.23,14860.00,999.00,19.08,1271.00,19.08,2.56
2026-06-09T08:10:28,1,3.67,30950.00,19.23,14861.00,999.00,19.07,1271.30,19.08,2.56
2026-06-09T08:10:28,1,3.70,30950.00,19.23,14861.00,999.00,19.08,1271.30,19.08,2.56
2026-06-09T08:10:29,1,3.69,30950.00,19.23,14861.00,999.00,19.08,1271.60,19.08,2.56
2026-06-09T08:10:29,1,3.68,30950.00,19.23,14861.00,999.00,19.08,1272.10,19.07,2.57
2026-06-09T08:10:29,1,3.68,30950.00,19.23,14861.00,999.00,19.08,1272.50,19.08,2.57
2026-06-09T08:10:29,1,3.70,30950.00,19.23,14861.00,999.00,19.08,1272.80,19.08,2.57
2026-06-09T08:10:30,1,3.70,30950.00,19.23,14861.00,999.00,19.08,1273.10,19.08,2.58
2026-06-09T08:10:30,1,3.65,30950.00,19.23,14861.00,999.00,19.08,1273.80,19.08,2.58
2026-06-09T08:10:30,1,3.66,30950.00,19.23,14861.00,999.00,19.08,1273.70,19.08,2.58
2026-06-09T08:10:30,1,3.71,30960.00,19.23,14863.00,999.00,19.08,1274.00,19.08,2.59
2026-06-09T08:10:30,1,3.70,30960.00,19.23,14863.00,999.00,19.08,1273.90,19.08,2.59
2026-06-09T08:10:31,1,3.68,30960.00,19.23,14863.00,999.00,19.07,1274.30,19.07,2.59
2026-06-09T08:10:31,1,3.66,30960.00,19.23,14863.00,999.00,19.07,1274.40,19.08,2.59
2026-06-09T08:10:31,1,3.66,30970.00,19.23,14866.00,999.00,19.08,1274.50,19.08,2.59
2026-06-09T08:10:31,1,3.68,30970.00,19.23,14866.00,999.00,19.08,1274.70,19.08,2.59
2026-06-09T08:10:31,1,3.68,30970.00,19.23,14866.00,999.00,19.08,1274.10,19.08,2.59
2026-06-09T08:10:32,1,3.67,30970.00,19.23,14866.00,999.00,19.08,1275.30,19.08,2.60
2026-06-09T08:10:32,1,3.66,30970.00,19.23,14866.00,999.00,19.08,1275.50,19.08,2.60
2026-06-09T08:10:32,1,3.68,30960.00,19.23,14863.00,999.00,19.07,1275.70,19.08,2.60
2026-06-09T08:10:32,1,3.70,30960.00,19.23,14863.00,999.00,19.08,1275.80,19.08,2.60
2026-06-09T08:10:32,1,3.69,30960.00,19.23,14863.00,999.00,19.07,1276.10,19.08,2.61
2026-06-09T08:10:33,1,3.69,30960.00,19.23,14863.00,999.00,19.08,1276.30,19.08,2.61
2026-06-09T08:10:33,1,3.66,30960.00,19.23,14863.00,999.00,19.07,1277.10,19.08,2.62
2026-06-09T08:10:33,1,3.68,30950.00,19.23,14860.00,999.00,19.07,1277.00,19.08,2.62
2026-06-09T08:10:33,1,3.68,30950.00,19.23,14860.00,999.00,19.08,1277.00,19.08,2.62
2026-06-09T08:10:34,1,3.68,30950.00,19.23,14860.00,999.00,19.08,1277.50,19.08,2.62
2026-06-09T08:10:34,1,3.66,30950.00,19.23,14860.00,999.00,19.08,1277.80,19.08,2.62
2026-06-09T08:10:34,1,3.68,30950.00,19.23,14860.00,999.00,19.08,1277.90,19.08,2.63
2026-06-09T08:10:34,1,3.68,30920.00,19.20,14845.00,999.00,19.07,1279.20,19.08,2.64
2026-06-09T08:10:34,1,3.70,30920.00,19.20,14845.00,999.00,19.09,1279.30,19.08,2.64
2026-06-09T08:10:35,1,3.68,30920.00,19.20,14845.00,999.00,19.08,1279.90,19.08,2.64
2026-06-09T08:10:35,1,3.66,30920.00,19.20,14845.00,999.00,19.08,1280.50,19.08,2.65
2026-06-09T08:10:35,1,3.68,30930.00,19.21,14851.00,999.00,19.08,1280.60,19.08,2.65
2026-06-09T08:10:35,1,3.68,30930.00,19.21,14851.00,999.00,19.08,1281.10,19.08,2.66
2026-06-09T08:10:35,1,3.69,30930.00,19.21,14851.00,999.00,19.08,1281.10,19.08,2.66
2026-06-09T08:10:36,1,3.68,30930.00,19.21,14851.00,999.00,19.08,1282.40,19.08,2.67
2026-06-09T08:10:36,1,3.67,30930.00,19.21,14851.00,999.00,19.07,1282.00,19.08,2.67
2026-06-09T08:10:36,1,3.68,30940.00,19.22,14854.00,999.00,19.08,1283.20,19.08,2.68
2026-06-09T08:10:36,1,3.69,30940.00,19.22,14854.00,999.00,19.08,1283.80,19.08,2.68
2026-06-09T08:10:36,1,3.68,30940.00,19.22,14854.00,999.00,19.08,1284.00,19.08,2.69
2026-06-09T08:10:37,1,3.67,30940.00,19.22,14854.00,999.00,19.08,1284.40,19.08,2.69
2026-06-09T08:10:37,1,3.68,30940.00,19.22,14854.00,999.00,19.08,1284.90,19.08,2.69
2026-06-09T08:10:37,1,3.69,30970.00,19.24,14869.00,999.00,19.08,1285.20,19.08,2.70
2026-06-09T08:10:37,1,3.70,30970.00,19.24,14869.00,999.00,19.09,1285.30,19.08,2.70
2026-06-09T08:10:37,1,3.68,30970.00,19.24,14869.00,999.00,19.08,1285.20,19.08,2.70
2026-06-09T08:10:38,1,3.66,30970.00,19.24,14869.00,999.00,19.08,1286.00,19.08,2.71
2026-06-09T08:10:38,1,3.66,30970.00,19.24,14869.00,999.00,19.08,1285.30,19.08,2.70
2026-06-09T08:10:38,1,3.68,30950.00,19.22,14859.00,999.00,19.08,1286.10,19.08,2.71
2026-06-09T08:10:38,1,3.68,30950.00,19.22,14859.00,999.00,19.08,1286.20,19.08,2.71
2026-06-09T08:10:39,1,3.66,30950.00,19.22,14859.00,999.00,19.07,1286.40,19.08,2.71
2026-06-09T08:10:39,1,3.69,30950.00,19.22,14859.00,999.00,19.08,1287.40,19.08,2.72
2026-06-09T08:10:39,1,3.66,30970.00,19.24,14867.00,999.00,19.08,1287.70,19.08,2.72
2026-06-09T08:10:39,1,3.69,30970.00,19.24,14867.00,999.00,19.08,1288.10,19.08,2.73
2026-06-09T08:10:39,1,3.71,30970.00,19.24,14867.00,999.00,19.08,1288.30,19.08,2.73
2026-06-09T08:10:40,1,3.67,30970.00,19.24,14867.00,999.00,19.08,1288.50,19.08,2.73
2026-06-09T08:10:40,1,3.65,30970.00,19.24,14867.00,999.00,19.08,1288.40,19.08,2.73
2026-06-09T08:10:40,1,3.68,30980.00,19.24,14871.00,999.00,19.08,1288.90,19.08,2.73
2026-06-09T08:10:40,1,3.70,30980.00,19.24,14871.00,999.00,19.08,1289.90,19.08,2.74
2026-06-09T08:10:40,1,3.67,30980.00,19.24,14871.00,999.00,19.08,1290.10,19.08,2.75
2026-06-09T08:10:41,1,3.68,30980.00,19.24,14871.00,999.00,19.08,1290.40,19.08,2.75
2026-06-09T08:10:41,1,3.68,30980.00,19.24,14871.00,999.00,19.08,1290.70,19.08,2.75
2026-06-09T08:10:41,1,3.71,30960.00,19.23,14865.00,999.00,19.08,1291.40,19.08,2.76
2026-06-09T08:10:41,1,3.68,30960.00,19.23,14865.00,999.00,19.08,1291.70,19.08,2.76
2026-06-09T08:10:41,1,3.70,30960.00,19.23,14865.00,999.00,19.08,1292.10,19.08,2.77
2026-06-09T08:10:42,1,3.66,30960.00,19.23,14865.00,999.00,19.08,1293.20,19.08,2.78
2026-06-09T08:10:42,1,3.66,30960.00,19.23,14865.00,999.00,19.07,1294.00,19.08,2.78
2026-06-09T08:10:42,1,3.70,30960.00,19.23,14863.00,999.00,19.08,1294.00,19.07,2.78
2026-06-09T08:10:42,1,3.70,30960.00,19.23,14863.00,999.00,19.08,1294.50,19.08,2.79
2026-06-09T08:10:42,1,3.66,30960.00,19.23,14863.00,999.00,19.08,1294.90,19.08,2.79
2026-06-09T08:10:43,1,3.65,30960.00,19.23,14863.00,999.00,19.08,1295.00,19.08,2.79
2026-06-09T08:10:43,1,3.70,30960.00,19.23,14863.00,999.00,19.08,1295.90,19.08,2.80
2026-06-09T08:10:43,1,3.70,30960.00,19.23,14863.00,999.00,19.08,1295.60,19.08,2.80
2026-06-09T08:10:43,1,3.70,30960.00,19.23,14863.00,999.00,19.08,1296.40,19.07,2.81
2026-06-09T08:10:44,1,3.66,30960.00,19.23,14863.00,999.00,19.08,1296.50,19.07,2.81
2026-06-09T08:10:44,1,3.66,30960.00,19.23,14863.00,999.00,19.08,1297.10,19.08,2.82
2026-06-09T08:10:44,1,3.70,30980.00,19.25,14874.00,999.00,19.08,1297.70,19.08,2.82
2026-06-09T08:10:44,1,3.70,30980.00,19.25,14874.00,999.00,19.08,1298.80,19.08,2.83
2026-06-09T08:10:44,1,3.70,30980.00,19.25,14874.00,999.00,19.08,1299.30,19.08,2.84
2026-06-09T08:10:45,1,3.70,30980.00,19.25,14874.00,999.00,19.08,1299.90,19.08,2.84
2026-06-09T08:10:45,1,3.65,30980.00,19.25,14874.00,999.00,19.08,1300.00,19.08,2.84
2026-06-09T08:10:45,1,3.70,30980.00,19.25,14874.00,999.00,19.09,1300.50,19.08,2.85
2026-06-09T08:10:45,1,3.70,30980.00,19.25,14874.00,999.00,19.07,1300.30,19.08,2.85
2026-06-09T08:10:45,1,3.68,30980.00,19.25,14874.00,999.00,19.08,1301.10,19.08,2.86
2026-06-09T08:10:46,1,3.67,30980.00,19.25,14874.00,999.00,19.08,1302.80,19.08,2.87
2026-06-09T08:10:46,1,3.68,30980.00,19.24,14872.00,999.00,19.08,1303.10,19.08,2.87
2026-06-09T08:10:46,1,3.68,30980.00,19.24,14872.00,999.00,19.07,1303.60,19.08,2.88
2026-06-09T08:10:46,1,3.66,30980.00,19.24,14872.00,999.00,19.07,1304.60,19.08,2.89
2026-06-09T08:10:46,1,3.68,30980.00,19.24,14872.00,999.00,19.07,1304.80,19.08,2.89
2026-06-09T08:10:47,1,3.66,30980.00,19.24,14872.00,999.00,19.07,1305.20,19.08,2.90
2026-06-09T08:10:47,1,3.70,30980.00,19.24,14872.00,999.00,19.07,1305.70,19.08,2.90
2026-06-09T08:10:47,1,3.70,30980.00,19.24,14872.00,999.00,19.08,1306.20,19.08,2.91
2026-06-09T08:10:47,1,3.69,30980.00,19.24,14872.00,999.00,19.07,1306.60,19.08,2.91
2026-06-09T08:10:48,1,3.69,30980.00,19.24,14872.00,999.00,19.07,1307.50,19.08,2.92
2026-06-09T08:10:48,1,3.66,30980.00,19.24,14872.00,999.00,19.07,1308.50,19.08,2.93
2026-06-09T08:10:48,1,3.70,31010.00,19.27,14888.00,999.00,19.07,1309.10,19.08,2.93
2026-06-09T08:10:48,1,3.70,31010.00,19.27,14888.00,999.00,19.07,1309.40,19.08,2.94
2026-06-09T08:10:48,1,3.70,31010.00,19.27,14888.00,999.00,19.07,1310.70,19.08,2.95
2026-06-09T08:10:49,1,3.66,31010.00,19.27,14888.00,999.00,19.07,1310.80,19.08,2.95
2026-06-09T08:10:49,1,3.68,31010.00,19.27,14888.00,999.00,19.07,1311.40,19.08,2.96
2026-06-09T08:10:49,1,3.70,31010.00,19.26,14886.00,999.00,19.07,1311.00,19.08,2.95
2026-06-09T08:10:49,1,3.69,31010.00,19.26,14886.00,999.00,19.07,1312.10,19.08,2.96
2026-06-09T08:10:49,1,3.66,31010.00,19.26,14886.00,999.00,19.07,1312.80,19.08,2.97
2026-06-09T08:10:50,1,3.65,31010.00,19.26,14886.00,999.00,19.07,1313.00,19.08,2.97
2026-06-09T08:10:50,1,3.68,30990.00,19.25,14878.00,999.00,19.07,1314.40,19.08,2.99
2026-06-09T08:10:50,1,3.69,30990.00,19.25,14878.00,999.00,19.08,1313.80,19.08,2.98
2026-06-09T08:10:50,1,3.68,30990.00,19.25,14878.00,999.00,19.07,1315.20,19.08,2.99
2026-06-09T08:10:50,1,3.68,30990.00,19.25,14878.00,999.00,19.07,1315.40,19.08,3.00
2026-06-09T08:10:51,1,3.67,30990.00,19.25,14878.00,999.00,19.07,1315.90,19.08,3.00
2026-06-09T08:10:51,1,3.70,31030.00,19.28,14897.00,999.00,19.07,1316.70,19.08,3.01
2026-06-09T08:10:51,1,3.70,31030.00,19.28,14897.00,999.00,19.07,1317.40,19.08,3.02
2026-06-09T08:10:51,1,3.70,31030.00,19.28,14897.00,999.00,19.07,1317.70,19.08,3.02
2026-06-09T08:10:51,1,3.68,31030.00,19.28,14897.00,999.00,19.06,1318.60,19.08,3.03
2026-06-09T08:10:52,1,3.66,31030.00,19.28,14897.00,999.00,19.07,1319.10,19.08,3.03
2026-06-09T08:10:52,1,3.70,31000.00,19.26,14882.00,999.00,19.06,1319.30,19.08,3.04
2026-06-09T08:10:52,1,3.69,31000.00,19.26,14882.00,999.00,19.07,1320.00,19.08,3.04
2026-06-09T08:10:52,1,3.70,31000.00,19.26,14882.00,999.00,19.06,1320.40,19.08,3.05
2026-06-09T08:10:52,1,3.67,31000.00,19.26,14882.00,999.00,19.07,1320.80,19.08,3.05
2026-06-09T08:10:53,1,3.67,31000.00,19.26,14882.00,999.00,19.07,1321.70,19.08,3.06
2026-06-09T08:10:53,1,3.70,31010.00,19.26,14885.00,999.00,19.07,1322.50,19.08,3.07
2026-06-09T08:10:53,1,3.68,31010.00,19.26,14885.00,999.00,19.07,1323.00,19.07,3.07
2026-06-09T08:10:53,1,3.69,31010.00,19.26,14885.00,999.00,19.07,1322.70,19.08,3.07
2026-06-09T08:10:54,1,3.66,31010.00,19.26,14885.00,999.00,19.07,1322.90,19.07,3.07
2026-06-09T08:10:54,1,3.68,30980.00,19.25,14874.00,999.00,19.06,1323.50,19.08,3.08
2026-06-09T08:10:54,1,3.70,30980.00,19.25,14874.00,999.00,19.07,1323.50,19.07,3.08
2026-06-09T08:10:54,1,3.70,30980.00,19.25,14874.00,999.00,19.08,1323.50,19.07,3.08
2026-06-09T08:10:54,1,3.68,30980.00,19.25,14874.00,999.00,19.07,1323.50,19.08,3.08
2026-06-09T08:10:55,1,3.65,30980.00,19.25,14874.00,999.00,19.07,1324.60,19.08,3.09
2026-06-09T08:10:55,1,3.68,31000.00,19.26,14882.00,999.00,19.07,1324.90,19.08,3.09
2026-06-09T08:10:55,1,3.68,31000.00,19.26,14882.00,999.00,19.07,1325.10,19.08,3.09
2026-06-09T08:10:55,1,3.71,31000.00,19.26,14882.00,999.00,19.07,1326.30,19.06,3.10
2026-06-09T08:10:55,1,3.69,31000.00,19.26,14882.00,999.00,19.07,1326.80,19.07,3.11
2026-06-09T08:10:56,1,3.67,31000.00,19.26,14882.00,999.00,19.07,1327.70,19.07,3.12
2026-06-09T08:10:56,1,3.67,30990.00,19.25,14877.00,999.00,19.07,1328.00,19.06,3.12
2026-06-09T08:10:56,1,3.67,30990.00,19.25,14877.00,999.00,19.07,1328.40,19.07,3.13
2026-06-09T08:10:56,1,3.68,30990.00,19.25,14877.00,999.00,19.06,1329.30,19.07,3.13
2026-06-09T08:10:57,1,3.68,30990.00,19.25,14877.00,999.00,19.07,1329.40,19.07,3.14
2026-06-09T08:10:57,1,3.67,31000.00,19.26,14883.00,999.00,19.07,1329.40,19.07,3.14
2026-06-09T08:10:57,1,3.70,31000.00,19.26,14883.00,999.00,19.07,1330.80,19.07,3.15
2026-06-09T08:10:57,1,3.68,31000.00,19.26,14883.00,999.00,19.07,1331.20,19.07,3.15
2026-06-09T08:10:57,1,3.66,31000.00,19.26,14883.00,999.00,19.07,1331.10,19.07,3.15
2026-06-09T08:10:58,1,3.66,31000.00,19.26,14883.00,999.00,19.07,1331.10,19.08,3.15
2026-06-09T08:10:58,1,3.70,30990.00,19.25,14877.00,999.00,19.07,1331.70,19.07,3.16
2026-06-09T08:10:58,1,3.70,30990.00,19.25,14877.00,999.00,19.07,1332.00,19.07,3.16
2026-06-09T08:10:58,1,3.69,30990.00,19.25,14877.00,999.00,19.07,1332.20,19.07,3.16
2026-06-09T08:10:58,1,3.66,30990.00,19.25,14877.00,999.00,19.07,1332.90,19.07,3.17
2026-06-09T08:10:59,1,3.68,30990.00,19.25,14877.00,999.00,19.07,1333.60,19.07,3.18
2026-06-09T08:10:59,1,3.69,31030.00,19.28,14895.00,999.00,19.07,1334.40,19.07,3.19
2026-06-09T08:10:59,1,3.68,31030.00,19.28,14895.00,999.00,19.07,1335.20,19.07,3.19
2026-06-09T08:10:59,1,3.69,31030.00,19.28,14895.00,999.00,19.08,1335.90,19.07,3.20
2026-06-09T08:10:59,1,3.67,31030.00,19.28,14895.00,999.00,19.07,1337.50,19.07,3.22
2026-06-09T08:11:00,1,3.68,31010.00,19.26,14886.00,999.00,19.06,1338.40,19.08,3.22
2026-06-09T08:11:00,1,3.70,31010.00,19.26,14886.00,999.00,19.07,1339.80,19.07,3.24
2026-06-09T08:11:00,1,3.70,31010.00,19.26,14886.00,999.00,19.07,1341.10,19.07,3.25
2026-06-09T08:11:00,1,3.68,31010.00,19.26,14886.00,999.00,19.07,1341.30,19.07,3.25
2026-06-09T08:11:00,1,3.68,31010.00,19.26,14886.00,999.00,19.07,1342.50,19.07,3.27
2026-06-09T08:11:01,1,3.71,31020.00,19.27,14893.00,999.00,19.06,1342.70,19.08,3.27
2026-06-09T08:11:01,1,3.66,31020.00,19.27,14893.00,999.00,19.07,1342.70,19.07,3.27
2026-06-09T08:11:01,1,3.69,31020.00,19.27,14893.00,999.00,19.07,1344.40,19.07,3.28
2026-06-09T08:11:01,1,3.67,31020.00,19.27,14893.00,999.00,19.06,1344.20,19.07,3.28
2026-06-09T08:11:01,1,3.67,31020.00,19.27,14893.00,999.00,19.06,1345.50,19.07,3.30
2026-06-09T08:11:02,1,3.69,31020.00,19.27,14894.00,999.00,19.06,1346.30,19.07,3.30
2026-06-09T08:11:02,1,3.67,31020.00,19.27,14894.00,999.00,19.06,1346.50,19.08,3.30
2026-06-09T08:11:02,1,3.69,31020.00,19.27,14894.00,999.00,19.06,1347.60,19.07,3.32
2026-06-09T08:11:02,1,3.66,31020.00,19.27,14894.00,999.00,19.06,1347.80,19.07,3.32
2026-06-09T08:11:03,1,3.69,31020.00,19.27,14894.00,999.00,19.07,1348.40,19.07,3.32
2026-06-09T08:11:03,1,3.66,31050.00,19.29,14907.00,999.00,19.07,1349.30,19.07,3.33
2026-06-09T08:11:03,1,3.66,31050.00,19.29,14907.00,999.00,19.06,1349.30,19.07,3.33
2026-06-09T08:11:03,1,3.70,31050.00,19.29,14907.00,999.00,19.06,1350.10,19.07,3.34
2026-06-09T08:11:03,1,3.65,31050.00,19.29,14907.00,999.00,19.06,1350.80,19.08,3.35
2026-06-09T08:11:04,1,3.66,31070.00,19.31,14917.00,999.00,19.06,1351.40,19.07,3.35
2026-06-09T08:11:04,1,3.68,31070.00,19.31,14917.00,999.00,19.06,1351.50,19.07,3.35
2026-06-09T08:11:04,1,3.70,31070.00,19.31,14917.00,999.00,19.06,1352.10,19.07,3.36
2026-06-09T08:11:04,1,3.69,31070.00,19.31,14917.00,999.00,19.07,1352.00,19.07,3.36
2026-06-09T08:11:04,1,3.68,31070.00,19.31,14917.00,999.00,19.06,1352.50,19.07,3.36
2026-06-09T08:11:05,1,3.70,31030.00,19.28,14895.00,999.00,19.07,1353.10,19.07,3.37
2026-06-09T08:11:05,1,3.70,31030.00,19.28,14895.00,999.00,19.06,1353.10,19.07,3.37
2026-06-09T08:11:05,1,3.68,31030.00,19.28,14895.00,999.00,19.06,1353.70,19.07,3.38
2026-06-09T08:11:05,1,3.68,31030.00,19.28,14895.00,999.00,19.06,1354.60,19.07,3.39
2026-06-09T08:11:05,1,3.66,31030.00,19.28,14895.00,999.00,19.06,1355.60,19.07,3.40
2026-06-09T08:11:06,1,3.70,31080.00,19.32,14923.00,999.00,19.06,1355.90,19.07,3.40
2026-06-09T08:11:06,1,3.70,31080.00,19.32,14923.00,999.00,19.06,1356.40,19.07,3.40
2026-06-09T08:11:06,1,3.70,31080.00,19.32,14923.00,999.00,19.06,1357.10,19.07,3.41
2026-06-09T08:11:06,1,3.66,31080.00,19.32,14923.00,999.00,19.06,1357.40,19.07,3.41
2026-06-09T08:11:06,1,3.66,31080.00,19.32,14923.00,999.00,19.07,1358.80,19.07,3.43
2026-06-09T08:11:07,1,3.70,31090.00,19.32,14926.00,999.00,19.07,1358.90,19.07,3.43
2026-06-09T08:11:07,1,3.68,31090.00,19.32,14926.00,999.00,19.06,1359.80,19.07,3.44
2026-06-09T08:11:07,1,3.68,31090.00,19.32,14926.00,999.00,19.06,1360.10,19.07,3.44
2026-06-09T08:11:07,1,3.66,31090.00,19.32,14926.00,999.00,19.06,1360.90,19.07,3.45
2026-06-09T08:11:07,1,3.66,31080.00,19.31,14919.00,999.00,19.07,1362.40,19.07,3.46
2026-06-09T08:11:08,1,3.70,31080.00,19.31,14919.00,999.00,19.06,1363.40,19.07,3.47
2026-06-09T08:11:08,1,3.68,31080.00,19.31,14919.00,999.00,19.07,1364.50,19.07,3.48
2026-06-09T08:11:08,1,3.67,31080.00,19.31,14919.00,999.00,19.06,1365.70,19.06,3.50
2026-06-09T08:11:08,1,3.68,31080.00,19.31,14919.00,999.00,19.06,1366.00,19.07,3.50
2026-06-09T08:11:09,1,3.69,31100.00,19.32,14929.00,999.00,19.06,1366.90,19.06,3.51
2026-06-09T08:11:09,1,3.70,31100.00,19.32,14929.00,999.00,19.06,1368.30,19.06,3.52
2026-06-09T08:11:09,1,3.70,31100.00,19.32,14929.00,999.00,19.06,1369.00,19.07,3.53
2026-06-09T08:11:09,1,3.66,31100.00,19.32,14929.00,999.00,19.06,1369.50,19.07,3.53
2026-06-09T08:11:09,1,3.69,31110.00,19.33,14936.00,999.00,19.06,1370.20,19.07,3.54
2026-06-09T08:11:10,1,3.69,31110.00,19.33,14936.00,999.00,19.06,1371.20,19.07,3.55
2026-06-09T08:11:10,1,3.70,31110.00,19.33,14936.00,999.00,19.06,1372.50,19.07,3.56
2026-06-09T08:11:10,1,3.68,31110.00,19.33,14936.00,999.00,19.06,1373.50,19.07,3.57
2026-06-09T08:11:10,1,3.66,31110.00,19.33,14936.00,999.00,19.06,1374.20,19.07,3.58
2026-06-09T08:11:10,1,3.68,31060.00,19.30,14912.00,999.00,19.06,1374.30,19.07,3.58
2026-06-09T08:11:11,1,3.68,31060.00,19.30,14912.00,999.00,19.06,1375.70,19.07,3.59
2026-06-09T08:11:11,1,3.70,31060.00,19.30,14912.00,999.00,19.07,1377.80,19.07,3.62
2026-06-09T08:11:11,1,3.68,31060.00,19.30,14912.00,999.00,19.06,1378.50,19.07,3.62
2026-06-09T08:11:11,1,3.66,31060.00,19.30,14912.00,999.00,19.06,1378.70,19.07,3.62
2026-06-09T08:11:12,1,3.70,31100.00,19.33,14931.00,999.00,19.06,1379.10,19.07,3.63
2026-06-09T08:11:12,1,3.68,31100.00,19.33,14931.00,999.00,19.06,1379.80,19.07,3.63
2026-06-09T08:11:12,1,3.67,31100.00,19.33,14931.00,999.00,19.06,1380.70,19.07,3.64
2026-06-09T08:11:12,1,3.66,31100.00,19.33,14931.00,999.00,19.06,1380.80,19.07,3.64
2026-06-09T08:11:12,1,3.66,31100.00,19.33,14931.00,999.00,19.06,1382.40,19.07,3.66
2026-06-09T08:11:13,1,3.70,31120.00,19.34,14939.00,999.00,19.06,1382.80,19.07,3.66
2026-06-09T08:11:13,1,3.68,31120.00,19.34,14939.00,999.00,19.06,1383.10,19.07,3.67
2026-06-09T08:11:13,1,3.70,31120.00,19.34,14939.00,999.00,19.06,1384.20,19.07,3.68
2026-06-09T08:11:13,1,3.68,31120.00,19.34,14939.00,999.00,19.06,1384.60,19.07,3.68
2026-06-09T08:11:13,1,3.68,31090.00,19.32,14924.00,999.00,19.06,1385.00,19.06,3.69
2026-06-09T08:11:14,1,3.68,31090.00,19.32,14924.00,999.00,19.06,1386.10,19.07,3.70
2026-06-09T08:11:14,1,3.68,31090.00,19.32,14924.00,999.00,19.06,1386.10,19.07,3.70
2026-06-09T08:11:14,1,3.68,31090.00,19.32,14924.00,999.00,19.06,1385.80,19.07,3.69
2026-06-09T08:11:14,1,3.68,31090.00,19.32,14924.00,999.00,19.06,1386.70,19.07,3.70
2026-06-09T08:11:14,1,3.68,31130.00,19.35,14944.00,999.00,19.06,1387.30,19.06,3.71
2026-06-09T08:11:15,1,3.70,31130.00,19.35,14944.00,999.00,19.06,1387.50,19.06,3.71
2026-06-09T08:11:15,1,3.68,31130.00,19.35,14944.00,999.00,19.06,1388.40,19.07,3.72
2026-06-09T08:11:15,1,3.68,31130.00,19.35,14944.00,999.00,19.06,1388.40,19.06,3.72
2026-06-09T08:11:15,1,3.66,31130.00,19.35,14944.00,999.00,19.06,1389.10,19.07,3.73
2026-06-09T08:11:15,1,3.68,31140.00,19.35,14950.00,999.00,19.06,1389.60,19.06,3.73
2026-06-09T08:11:16,1,3.69,31140.00,19.35,14950.00,999.00,19.06,1390.10,19.07,3.74
2026-06-09T08:11:16,1,3.67,31140.00,19.35,14950.00,999.00,19.06,1390.40,19.07,3.74
2026-06-09T08:11:16,1,3.68,31140.00,19.35,14950.00,999.00,19.06,1391.60,19.06,3.75
2026-06-09T08:11:16,1,3.68,31140.00,19.35,14950.00,999.00,19.06,1392.10,19.07,3.76
2026-06-09T08:11:16,1,3.69,31120.00,19.34,14941.00,999.00,19.06,1392.20,19.07,3.76
2026-06-09T08:11:17,1,3.70,31120.00,19.34,14941.00,999.00,19.06,1392.80,19.07,3.76
2026-06-09T08:11:17,1,3.67,31120.00,19.34,14941.00,999.00,19.06,1393.30,19.07,3.77
2026-06-09T08:11:17,1,3.68,31120.00,19.34,14941.00,999.00,19.06,1394.10,19.07,3.78
2026-06-09T08:11:17,1,3.66,31110.00,19.33,14935.00,999.00,19.06,1394.50,19.06,3.78
2026-06-09T08:11:18,1,3.67,31110.00,19.33,14935.00,999.00,19.06,1394.20,19.06,3.78
2026-06-09T08:11:18,1,3.70,31110.00,19.33,14935.00,999.00,19.06,1395.10,19.06,3.79
2026-06-09T08:11:18,1,3.67,31110.00,19.33,14935.00,999.00,19.06,1395.00,19.06,3.79
2026-06-09T08:11:18,1,3.69,31110.00,19.33,14935.00,999.00,19.06,1395.50,19.06,3.79
2026-06-09T08:11:18,1,3.68,31150.00,19.36,14953.00,999.00,19.06,1395.40,19.06,3.79
2026-06-09T08:11:19,1,3.70,31150.00,19.36,14953.00,999.00,19.06,1395.80,19.06,3.79
2026-06-09T08:11:19,1,3.70,31150.00,19.36,14953.00,999.00,19.06,1396.30,19.06,3.80
2026-06-09T08:11:19,1,3.68,31150.00,19.36,14953.00,999.00,19.06,1396.80,19.06,3.80
2026-06-09T08:11:19,1,3.69,31150.00,19.36,14953.00,999.00,19.06,1397.60,19.06,3.81
2026-06-09T08:11:19,1,3.66,31130.00,19.34,14942.00,999.00,19.06,1397.50,19.06,3.81
2026-06-09T08:11:20,1,3.68,31130.00,19.34,14942.00,999.00,19.06,1398.50,19.06,3.82
2026-06-09T08:11:20,1,3.68,31130.00,19.34,14942.00,999.00,19.06,1398.80,19.06,3.82
2026-06-09T08:11:20,1,3.69,31130.00,19.34,14942.00,999.00,19.06,1399.40,19.06,3.83
2026-06-09T08:11:20,1,3.68,31130.00,19.34,14942.00,999.00,19.06,1400.70,19.06,3.84
2026-06-09T08:11:20,1,3.70,31180.00,19.38,14969.00,999.00,19.06,1401.60,19.06,3.85
2026-06-09T08:11:21,1,3.69,31180.00,19.38,14969.00,999.00,19.06,1401.40,19.06,3.85
2026-06-09T08:11:21,1,3.68,31180.00,19.38,14969.00,999.00,19.06,1402.10,19.07,3.86
2026-06-09T08:11:21,1,3.66,31180.00,19.38,14969.00,999.00,19.06,1402.40,19.06,3.86
2026-06-09T08:11:21,1,3.68,31130.00,19.35,14947.00,999.00,19.06,1403.30,19.05,3.87
2026-06-09T08:11:22,1,3.66,31130.00,19.35,14947.00,999.00,19.06,1404.00,19.06,3.87
2026-06-09T08:11:22,1,3.68,31130.00,19.35,14947.00,999.00,19.06,1404.20,19.06,3.88
2026-06-09T08:11:22,1,3.66,31130.00,19.35,14947.00,999.00,19.06,1404.70,19.06,3.88
2026-06-09T08:11:22,1,3.65,31130.00,19.35,14947.00,999.00,19.06,1405.10,19.06,3.89
2026-06-09T08:11:22,1,3.70,31120.00,19.34,14942.00,999.00,19.06,1405.80,19.06,3.89
2026-06-09T08:11:23,1,3.69,31120.00,19.34,14942.00,999.00,19.06,1406.60,19.06,3.90
2026-06-09T08:11:23,1,3.67,31120.00,19.34,14942.00,999.00,19.06,1407.20,19.06,3.91
2026-06-09T08:11:23,1,3.64,31120.00,19.34,14942.00,999.00,19.06,1407.40,19.06,3.91
2026-06-09T08:11:23,1,3.68,31120.00,19.34,14942.00,999.00,19.06,1407.50,19.06,3.91
2026-06-09T08:11:23,1,3.70,31130.00,19.35,14946.00,999.00,19.06,1407.90,19.06,3.91
2026-06-09T08:11:24,1,3.68,31130.00,19.35,14946.00,999.00,19.06,1408.40,19.06,3.92
2026-06-09T08:11:24,1,3.68,31130.00,19.35,14946.00,999.00,19.06,1408.60,19.06,3.92
2026-06-09T08:11:24,1,3.66,31130.00,19.35,14946.00,999.00,19.06,1409.40,19.06,3.93
2026-06-09T08:11:24,1,3.70,31120.00,19.34,14938.00,999.00,19.06,1409.80,19.06,3.93
2026-06-09T08:11:24,1,3.68,31120.00,19.34,14938.00,999.00,19.06,1411.20,19.06,3.95
2026-06-09T08:11:25,1,3.68,31120.00,19.34,14938.00,999.00,19.06,1411.70,19.06,3.95
2026-06-09T08:11:25,1,3.66,31120.00,19.34,14938.00,999.00,19.06,1411.90,19.06,3.95
2026-06-09T08:11:25,1,3.66,31120.00,19.34,14938.00,999.00,19.06,1412.00,19.06,3.95
2026-06-09T08:11:25,1,3.70,31120.00,19.34,14941.00,999.00,19.06,1412.00,19.06,3.95
2026-06-09T08:11:26,1,3.67,31120.00,19.34,14941.00,999.00,19.06,1412.10,19.06,3.95
2026-06-09T08:11:26,1,3.66,31120.00,19.34,14941.00,999.00,19.06,1413.00,19.06,3.96
2026-06-09T08:11:26,1,3.68,31120.00,19.34,14941.00,999.00,19.06,1413.20,19.06,3.97
2026-06-09T08:11:26,1,3.66,31120.00,19.34,14941.00,999.00,19.06,1413.20,19.06,3.97
2026-06-09T08:11:26,1,3.67,31160.00,19.37,14961.00,999.00,19.06,1414.30,19.06,3.98
2026-06-09T08:11:27,1,3.70,31160.00,19.37,14961.00,999.00,19.06,1414.40,19.06,3.98
2026-06-09T08:11:27,1,3.67,31160.00,19.37,14961.00,999.00,19.06,1414.70,19.06,3.98
2026-06-09T08:11:27,1,3.69,31160.00,19.37,14961.00,999.00,19.06,1414.60,19.06,3.98
2026-06-09T08:11:27,1,3.68,31160.00,19.37,14961.00,999.00,19.06,1415.70,19.06,3.99
2026-06-09T08:11:27,1,3.69,31150.00,19.36,14953.00,999.00,19.06,1415.60,19.06,3.99
2026-06-09T08:11:28,1,3.68,31150.00,19.36,14953.00,999.00,19.06,1416.00,19.06,3.99
2026-06-09T08:11:28,1,3.66,31150.00,19.36,14953.00,999.00,19.06,1416.30,19.06,4.00
2026-06-09T08:11:28,1,3.69,31150.00,19.36,14953.00,999.00,19.06,1416.30,19.06,4.00
2026-06-09T08:11:28,1,3.66,31160.00,19.37,14960.00,999.00,19.05,1416.60,19.06,4.00
2026-06-09T08:11:28,1,3.70,31160.00,19.37,14960.00,999.00,19.06,1417.30,19.06,4.01
2026-06-09T08:11:29,1,3.69,31160.00,19.37,14960.00,999.00,19.06,1417.70,19.06,4.01
2026-06-09T08:11:29,1,3.67,31160.00,19.37,14960.00,999.00,19.06,1418.40,19.06,4.02
2026-06-09T08:11:29,1,3.68,31160.00,19.37,14960.00,999.00,19.06,1418.50,19.06,4.02
2026-06-09T08:11:29,1,3.68,31170.00,19.38,14966.00,999.00,19.06,1419.20,19.06,4.03
2026-06-09T08:11:29,1,3.68,31170.00,19.38,14966.00,999.00,19.06,1419.90,19.06,4.03
2026-06-09T08:11:30,1,3.68,31170.00,19.38,14966.00,999.00,19.06,1420.00,19.06,4.03
2026-06-09T08:11:30,1,3.67,31170.00,19.38,14966.00,999.00,19.06,1420.50,19.06,4.04
2026-06-09T08:11:30,1,3.66,31170.00,19.38,14966.00,999.00,19.06,1421.00,19.06,4.04
2026-06-09T08:11:30,1,3.68,31160.00,19.36,14957.00,999.00,19.06,1421.10,19.06,4.04
2026-06-09T08:11:30,1,3.66,31160.00,19.36,14957.00,999.00,19.06,1420.90,19.06,4.04
2026-06-09T08:11:31,1,3.68,31160.00,19.36,14957.00,999.00,19.06,1421.50,19.06,4.05
2026-06-09T08:11:31,1,3.66,31160.00,19.36,14957.00,999.00,19.06,1421.70,19.06,4.05
2026-06-09T08:11:31,1,3.68,31160.00,19.36,14957.00,999.00,19.06,1421.60,19.05,4.05
2026-06-09T08:11:31,1,3.67,31160.00,19.37,14959.00,999.00,19.06,1422.70,19.05,4.06
2026-06-09T08:11:32,1,3.67,31160.00,19.37,14959.00,999.00,19.06,1422.80,19.06,4.06
2026-06-09T08:11:32,1,3.68,31160.00,19.37,14959.00,999.00,19.06,1423.60,19.06,4.07
2026-06-09T08:11:32,1,3.68,31160.00,19.37,14959.00,999.00,19.06,1423.50,19.06,4.07
2026-06-09T08:11:32,1,3.68,31190.00,19.39,14975.00,999.00,19.05,1424.10,19.06,4.07
2026-06-09T08:11:32,1,3.68,31190.00,19.39,14975.00,999.00,19.06,1424.10,19.06,4.07
2026-06-09T08:11:33,1,3.70,31190.00,19.39,14975.00,999.00,19.06,1425.40,19.06,4.09
2026-06-09T08:11:33,1,3.67,31190.00,19.39,14975.00,999.00,19.06,1426.20,19.06,4.09
2026-06-09T08:11:33,1,3.68,31190.00,19.39,14975.00,999.00,19.06,1426.80,19.06,4.10
2026-06-09T08:11:33,1,3.68,31170.00,19.37,14964.00,999.00,19.06,1427.00,19.06,4.10
2026-06-09T08:11:33,1,3.68,31170.00,19.37,14964.00,999.00,19.06,1428.30,19.06,4.12
2026-06-09T08:11:34,1,3.68,31170.00,19.37,14964.00,999.00,19.06,1428.80,19.06,4.12
2026-06-09T08:11:34,1,3.68,31170.00,19.37,14964.00,999.00,19.05,1430.70,19.06,4.14
2026-06-09T08:11:34,1,3.68,31170.00,19.37,14964.00,999.00,19.06,1431.00,19.05,4.14
2026-06-09T08:11:34,1,3.69,31160.00,19.37,14959.00,999.00,19.06,1431.90,19.05,4.15
2026-06-09T08:11:35,1,3.68,31160.00,19.37,14959.00,999.00,19.06,1432.80,19.04,4.16
2026-06-09T08:11:35,1,3.66,31160.00,19.37,14959.00,999.00,19.06,1433.10,19.05,4.16
2026-06-09T08:11:35,1,3.68,31160.00,19.37,14959.00,999.00,19.06,1434.00,19.06,4.17
2026-06-09T08:11:35,1,3.70,31210.00,19.40,14983.00,999.00,19.06,1434.40,19.05,4.18
2026-06-09T08:11:35,1,3.68,31210.00,19.40,14983.00,999.00,19.06,1434.80,19.05,4.18
2026-06-09T08:11:36,1,3.70,31210.00,19.40,14983.00,999.00,19.05,1434.80,19.06,4.18
2026-06-09T08:11:36,1,3.69,31210.00,19.40,14983.00,999.00,19.06,1434.90,19.06,4.18
2026-06-09T08:11:36,1,3.69,31210.00,19.40,14983.00,999.00,19.06,1435.20,19.05,4.18
2026-06-09T08:11:36,1,3.68,31230.00,19.42,14994.00,999.00,19.06,1435.90,19.06,4.19
2026-06-09T08:11:36,1,3.68,31230.00,19.42,14994.00,999.00,19.06,1436.10,19.05,4.19
2026-06-09T08:11:37,1,3.70,31230.00,19.42,14994.00,999.00,19.06,1437.00,19.06,4.20
2026-06-09T08:11:37,1,3.68,31230.00,19.42,14994.00,999.00,19.06,1437.40,19.05,4.21
2026-06-09T08:11:37,1,3.69,31230.00,19.42,14994.00,999.00,19.06,1438.00,19.05,4.21
2026-06-09T08:11:37,1,3.70,31240.00,19.42,14995.00,999.00,19.06,1438.30,19.05,4.21
2026-06-09T08:11:37,1,3.70,31240.00,19.42,14995.00,999.00,19.05,1439.70,19.06,4.23
2026-06-09T08:11:38,1,3.68,31240.00,19.42,14995.00,999.00,19.05,1440.30,19.06,4.23
2026-06-09T08:11:38,1,3.66,31240.00,19.42,14995.00,999.00,19.05,1441.60,19.06,4.25
2026-06-09T08:11:38,1,3.68,31420.00,19.54,15082.00,999.00,19.05,1441.60,19.05,4.25
2026-06-09T08:11:38,1,3.69,31420.00,19.54,15082.00,999.00,19.05,1442.80,19.05,4.26
2026-06-09T08:11:38,1,3.67,31420.00,19.54,15082.00,999.00,19.06,1442.70,19.05,4.26
2026-06-09T08:11:39,1,3.67,31420.00,19.54,15082.00,999.00,19.05,1443.20,19.06,4.26
2026-06-09T08:11:39,1,3.68,31420.00,19.54,15082.00,999.00,19.06,1443.80,19.05,4.27
2026-06-09T08:11:39,1,3.70,31600.00,19.67,15169.00,999.00,19.06,1444.00,19.06,4.27
2026-06-09T08:11:39,1,3.68,31600.00,19.67,15169.00,999.00,19.06,1444.40,19.05,4.28
2026-06-09T08:11:39,1,3.70,31600.00,19.67,15169.00,999.00,19.05,1444.80,19.05,4.28
2026-06-09T08:11:40,1,3.65,31600.00,19.67,15169.00,999.00,19.05,1444.70,19.05,4.28
2026-06-09T08:11:40,1,3.65,31600.00,19.67,15169.00,999.00,19.05,1445.20,19.05,4.28
2026-06-09T08:11:40,1,3.70,31580.00,19.66,15163.00,999.00,19.05,1445.60,19.05,4.29
2026-06-09T08:11:40,1,3.68,31580.00,19.66,15163.00,999.00,19.05,1445.70,19.05,4.29
2026-06-09T08:11:41,1,3.68,31580.00,19.66,15163.00,999.00,19.05,1447.10,19.05,4.30
2026-06-09T08:11:41,1,3.68,31580.00,19.66,15163.00,999.00,19.05,1447.00,19.05,4.30
2026-06-09T08:11:41,1,3.65,31580.00,19.66,15163.00,999.00,19.05,1447.70,19.05,4.31
2026-06-09T08:11:41,1,3.70,31640.00,19.69,15188.00,999.00,19.05,1447.50,19.05,4.31
2026-06-09T08:11:41,1,3.66,31640.00,19.69,15188.00,999.00,19.04,1448.10,19.05,4.31
2026-06-09T08:11:42,1,3.69,31640.00,19.69,15188.00,999.00,19.05,1448.70,19.05,4.32
2026-06-09T08:11:42,1,3.69,31640.00,19.69,15188.00,999.00,19.04,1448.80,19.06,4.32
2026-06-09T08:11:42,1,3.69,31590.00,19.66,15167.00,999.00,19.05,1449.00,19.05,4.32
2026-06-09T08:11:42,1,3.70,31590.00,19.66,15167.00,999.00,19.05,1450.20,19.05,4.33
2026-06-09T08:11:42,1,3.70,31590.00,19.66,15167.00,999.00,19.04,1450.90,19.05,4.34
2026-06-09T08:11:43,1,3.66,31590.00,19.66,15167.00,999.00,19.05,1450.60,19.05,4.34
2026-06-09T08:11:43,1,3.68,31590.00,19.66,15167.00,999.00,19.05,1451.40,19.05,4.34
2026-06-09T08:11:43,1,3.69,31680.00,19.73,15210.00,999.00,19.04,1452.90,19.05,4.36
2026-06-09T08:11:43,1,3.70,31680.00,19.73,15210.00,999.00,19.04,1453.40,19.05,4.36
2026-06-09T08:11:43,1,3.69,31680.00,19.73,15210.00,999.00,19.04,1454.00,19.05,4.37
2026-06-09T08:11:44,1,3.66,31680.00,19.73,15210.00,999.00,19.04,1454.90,19.05,4.38
2026-06-09T08:11:44,1,3.68,31680.00,19.73,15210.00,999.00,19.05,1455.40,19.05,4.38
2026-06-09T08:11:44,1,3.68,31680.00,19.73,15211.00,999.00,19.04,1456.20,19.05,4.39
2026-06-09T08:11:44,1,3.70,31680.00,19.73,15211.00,999.00,19.05,1457.30,19.05,4.40
2026-06-09T08:11:44,1,3.67,31680.00,19.73,15211.00,999.00,19.05,1458.00,19.05,4.41
2026-06-09T08:11:45,1,3.68,31680.00,19.73,15211.00,999.00,19.04,1458.40,19.05,4.41
2026-06-09T08:11:45,1,3.68,31680.00,19.73,15211.00,999.00,19.05,1460.50,19.05,4.43
2026-06-09T08:11:45,1,3.68,31670.00,19.71,15202.00,999.00,19.04,1460.70,19.05,4.44
2026-06-09T08:11:45,1,3.70,31670.00,19.71,15202.00,999.00,19.04,1460.90,19.05,4.44
2026-06-09T08:11:45,1,3.69,31670.00,19.71,15202.00,999.00,19.05,1461.90,19.05,4.45
2026-06-09T08:11:46,1,3.63,31670.00,19.71,15202.00,999.00,19.04,1462.40,19.05,4.45
2026-06-09T08:11:46,1,3.68,31640.00,19.70,15190.00,999.00,19.04,1462.70,19.05,4.46
2026-06-09T08:11:46,1,3.68,31640.00,19.70,15190.00,999.00,19.04,1463.70,19.05,4.47
2026-06-09T08:11:46,1,3.70,31640.00,19.70,15190.00,999.00,19.05,1463.60,19.04,4.47
2026-06-09T08:11:47,1,3.68,31640.00,19.70,15190.00,999.00,19.04,1464.60,19.05,4.48
2026-06-09T08:11:47,1,3.68,31640.00,19.70,15190.00,999.00,19.05,1465.00,19.04,4.48
2026-06-09T08:11:47,1,3.70,31620.00,19.68,15179.00,999.00,19.04,1465.50,19.05,4.48
2026-06-09T08:11:47,1,3.69,31620.00,19.68,15179.00,999.00,19.04,1465.80,19.05,4.49
2026-06-09T08:11:47,1,3.68,31620.00,19.68,15179.00,999.00,19.04,1466.80,19.04,4.50
2026-06-09T08:11:48,1,3.68,31620.00,19.68,15179.00,999.00,19.05,1467.90,19.04,4.51
2026-06-09T08:11:48,1,3.66,31630.00,19.69,15187.00,999.00,19.04,1468.20,19.04,4.51
2026-06-09T08:11:48,1,3.70,31630.00,19.69,15187.00,999.00,19.04,1468.50,19.04,4.51
2026-06-09T08:11:48,1,3.70,31630.00,19.69,15187.00,999.00,19.04,1468.90,19.05,4.52
2026-06-09T08:11:48,1,3.68,31630.00,19.69,15187.00,999.00,19.04,1469.30,19.05,4.52
2026-06-09T08:11:49,1,3.69,31630.00,19.69,15187.00,999.00,19.04,1469.40,19.04,4.52
2026-06-09T08:11:49,1,3.68,31620.00,19.68,15179.00,999.00,19.04,1470.90,19.05,4.54
2026-06-09T08:11:49,1,3.68,31620.00,19.68,15179.00,999.00,19.04,1471.20,19.04,4.54
2026-06-09T08:11:49,1,3.69,31620.00,19.68,15179.00,999.00,19.04,1471.20,19.04,4.54
2026-06-09T08:11:50,1,3.68,31620.00,19.68,15179.00,999.00,19.04,1472.10,19.04,4.55
2026-06-09T08:11:50,1,3.68,31620.00,19.68,15179.00,999.00,19.05,1472.50,19.05,4.55
2026-06-09T08:11:50,1,3.69,31630.00,19.69,15184.00,999.00,19.04,1472.60,19.04,4.55
2026-06-09T08:11:50,1,3.67,31630.00,19.69,15184.00,999.00,19.04,1473.40,19.04,4.56
2026-06-09T08:11:50,1,3.67,31630.00,19.69,15184.00,999.00,19.04,1474.00,19.04,4.57
2026-06-09T08:11:51,1,3.68,31630.00,19.69,15184.00,999.00,19.04,1474.70,19.05,4.58
2026-06-09T08:11:51,1,3.68,31630.00,19.69,15184.00,999.00,19.04,1475.20,19.04,4.58
2026-06-09T08:11:51,1,3.70,31680.00,19.72,15209.00,999.00,19.04,1476.40,19.05,4.59
2026-06-09T08:11:51,1,3.69,31680.00,19.72,15209.00,999.00,19.04,1477.20,19.04,4.60
2026-06-09T08:11:51,1,3.70,31680.00,19.72,15209.00,999.00,19.04,1477.70,19.04,4.61
2026-06-09T08:11:52,1,3.65,31680.00,19.72,15209.00,999.00,19.03,1478.30,19.04,4.61
2026-06-09T08:11:52,1,3.69,31670.00,19.72,15204.00,999.00,19.04,1478.40,19.04,4.61
2026-06-09T08:11:52,1,3.68,31670.00,19.72,15204.00,999.00,19.04,1479.00,19.04,4.62
2026-06-09T08:11:52,1,3.68,31670.00,19.72,15204.00,999.00,19.05,1479.80,19.04,4.63
2026-06-09T08:11:52,1,3.68,31670.00,19.72,15204.00,999.00,19.04,1479.40,19.05,4.62
2026-06-09T08:11:53,1,3.67,31670.00,19.72,15204.00,999.00,19.04,1479.90,19.04,4.63
2026-06-09T08:11:53,1,3.68,31730.00,19.76,15231.00,999.00,19.04,1480.50,19.04,4.63
2026-06-09T08:11:53,1,3.68,31730.00,19.76,15231.00,999.00,19.04,1481.10,19.04,4.64
2026-06-09T08:11:53,1,3.67,31730.00,19.76,15231.00,999.00,19.04,1481.30,19.04,4.64
2026-06-09T08:11:53,1,3.69,31730.00,19.76,15231.00,999.00,19.04,1481.40,19.04,4.64
2026-06-09T08:11:54,1,3.66,31730.00,19.76,15231.00,999.00,19.04,1481.80,19.04,4.65
2026-06-09T08:11:54,1,3.68,31720.00,19.75,15228.00,999.00,19.04,1482.00,19.04,4.65
2026-06-09T08:11:54,1,3.70,31720.00,19.75,15228.00,999.00,19.04,1482.70,19.04,4.65
2026-06-09T08:11:54,1,3.69,31720.00,19.75,15228.00,999.00,19.04,1482.70,19.04,4.65
2026-06-09T08:11:54,1,3.68,31720.00,19.75,15228.00,999.00,19.04,1483.00,19.04,4.66
2026-06-09T08:11:55,1,3.68,31720.00,19.75,15228.00,999.00,19.04,1483.50,19.04,4.66
2026-06-09T08:11:55,1,3.70,31800.00,19.81,15266.00,999.00,19.04,1484.20,19.04,4.67
2026-06-09T08:11:55,1,3.68,31800.00,19.81,15266.00,999.00,19.04,1484.60,19.04,4.67
2026-06-09T08:11:55,1,3.68,31800.00,19.81,15266.00,999.00,19.05,1486.00,19.04,4.69
2026-06-09T08:11:56,1,3.68,31800.00,19.81,15266.00,999.00,19.03,1486.30,19.04,4.69
2026-06-09T08:11:56,1,3.68,31830.00,19.82,15279.00,999.00,19.04,1487.00,19.04,4.70
2026-06-09T08:11:56,1,3.69,31830.00,19.82,15279.00,999.00,19.04,1487.40,19.04,4.70
2026-06-09T08:11:56,1,3.70,31830.00,19.82,15279.00,999.00,19.04,1488.40,19.04,4.71
2026-06-09T08:11:56,1,3.67,31830.00,19.82,15279.00,999.00,19.05,1488.70,19.04,4.71
2026-06-09T08:11:57,1,3.68,31830.00,19.82,15279.00,999.00,19.04,1489.70,19.04,4.72
2026-06-09T08:11:57,1,3.68,31830.00,19.83,15280.00,999.00,19.04,1490.20,19.04,4.73
2026-06-09T08:11:57,1,3.69,31830.00,19.83,15280.00,999.00,19.03,1490.80,19.04,4.73
2026-06-09T08:11:57,1,3.68,31830.00,19.83,15280.00,999.00,19.03,1491.30,19.04,4.74
2026-06-09T08:11:57,1,3.66,31830.00,19.83,15280.00,999.00,19.04,1492.10,19.04,4.75
2026-06-09T08:11:58,1,3.68,31830.00,19.83,15280.00,999.00,19.03,1492.10,19.04,4.75
2026-06-09T08:11:58,1,3.69,31800.00,19.81,15268.00,999.00,19.04,1492.20,19.04,4.75
2026-06-09T08:11:58,1,3.70,31800.00,19.81,15268.00,999.00,19.04,1492.80,19.04,4.75
2026-06-09T08:11:58,1,3.69,31800.00,19.81,15268.00,999.00,19.04,1493.60,19.04,4.76
2026-06-09T08:11:58,1,3.68,31800.00,19.81,15268.00,999.00,19.04,1494.50,19.04,4.77
2026-06-09T08:11:59,1,3.68,31800.00,19.81,15268.00,999.00,19.03,1495.00,19.03,4.78
2026-06-09T08:11:59,1,3.69,31840.00,19.83,15285.00,999.00,19.04,1495.30,19.04,4.78
2026-06-09T08:11:59,1,3.68,31840.00,19.83,15285.00,999.00,19.04,1496.40,19.04,4.79
2026-06-09T08:11:59,1,3.70,31840.00,19.83,15285.00,999.00,19.04,1496.50,19.04,4.79
2026-06-09T08:12:00,1,3.66,31840.00,19.83,15285.00,999.00,19.04,1497.10,19.03,4.80
2026-06-09T08:12:00,1,3.70,31820.00,19.82,15275.00,999.00,19.04,1498.60,19.03,4.81
2026-06-09T08:12:00,1,3.68,31820.00,19.82,15275.00,999.00,19.03,1498.60,19.03,4.81
2026-06-09T08:12:00,1,3.67,31820.00,19.82,15275.00,999.00,19.03,1499.10,19.04,4.82
2026-06-09T08:12:00,1,3.68,31820.00,19.82,15275.00,999.00,19.03,1500.10,19.04,4.83
2026-06-09T08:12:01,1,3.68,31820.00,19.82,15275.00,999.00,19.04,1500.60,19.03,4.83
2026-06-09T08:12:01,1,3.68,31850.00,19.84,15292.00,999.00,19.04,1501.20,19.03,4.84
2026-06-09T08:12:01,1,3.67,31850.00,19.84,15292.00,999.00,19.03,1501.90,19.03,4.84
2026-06-09T08:12:01,1,3.68,31850.00,19.84,15292.00,999.00,19.04,1502.50,19.04,4.85
2026-06-09T08:12:01,1,3.68,31850.00,19.84,15292.00,999.00,19.04,1503.00,19.04,4.86
2026-06-09T08:12:02,1,3.68,31850.00,19.84,15292.00,999.00,19.03,1503.60,19.04,4.86
2026-06-09T08:12:02,1,3.66,31830.00,19.83,15280.00,999.00,19.03,1504.80,19.03,4.87
2026-06-09T08:12:02,1,3.69,31830.00,19.83,15280.00,999.00,19.04,1505.30,19.03,4.88
2026-06-09T08:12:02,1,3.66,31830.00,19.83,15280.00,999.00,19.04,1505.80,19.03,4.88
2026-06-09T08:12:02,1,3.69,31830.00,19.83,15280.00,999.00,19.03,1506.60,19.04,4.89
2026-06-09T08:12:03,1,3.68,31820.00,19.82,15274.00,999.00,19.04,1507.00,19.04,4.90
2026-06-09T08:12:03,1,3.70,31820.00,19.82,15274.00,999.00,19.03,1507.20,19.03,4.90
2026-06-09T08:12:03,1,3.70,31820.00,19.82,15274.00,999.00,19.03,1508.10,19.04,4.91
2026-06-09T08:12:03,1,3.66,31820.00,19.82,15274.00,999.00,19.03,1508.80,19.03,4.91
2026-06-09T08:12:04,1,3.66,31820.00,19.82,15274.00,999.00,19.03,1509.60,19.04,4.92
2026-06-09T08:12:04,1,3.68,31840.00,19.83,15286.00,999.00,19.04,1509.30,19.03,4.92
2026-06-09T08:12:04,1,3.70,31840.00,19.83,15286.00,999.00,19.04,1510.10,19.03,4.93
2026-06-09T08:12:04,1,3.70,31840.00,19.83,15286.00,999.00,19.04,1510.40,19.03,4.93
2026-06-09T08:12:04,1,3.67,31840.00,19.83,15286.00,999.00,19.03,1511.60,19.03,4.94
2026-06-09T08:12:05,1,3.68,31840.00,19.83,15286.00,999.00,19.03,1511.30,19.03,4.94
2026-06-09T08:12:05,1,3.68,31830.00,19.83,15281.00,999.00,19.03,1511.80,19.04,4.94
2026-06-09T08:12:05,1,3.70,31830.00,19.83,15281.00,999.00,19.04,1512.80,19.04,4.95
2026-06-09T08:12:05,1,3.70,31830.00,19.83,15281.00,999.00,19.03,1513.00,19.03,4.95
2026-06-09T08:12:05,1,3.68,31830.00,19.83,15281.00,999.00,19.03,1513.60,19.03,4.96
2026-06-09T08:12:06,1,3.69,31830.00,19.83,15281.00,999.00,19.03,1513.50,19.03,4.96
2026-06-09T08:12:06,1,3.70,31830.00,19.83,15281.00,999.00,19.03,1514.00,19.03,4.96
2026-06-09T08:12:06,1,3.70,31830.00,19.83,15281.00,999.00,19.03,1514.40,19.03,4.97
2026-06-09T08:12:06,1,3.68,31830.00,19.83,15281.00,999.00,19.03,1514.90,19.03,4.97
2026-06-09T08:12:06,1,3.66,31830.00,19.83,15281.00,999.00,19.03,1515.00,19.03,4.97
2026-06-09T08:12:07,1,3.66,31850.00,19.84,15292.00,999.00,19.03,1515.60,19.03,4.98
2026-06-09T08:12:07,1,3.68,31850.00,19.84,15292.00,999.00,19.03,1515.80,19.03,4.98
2026-06-09T08:12:07,1,3.68,31850.00,19.84,15292.00,999.00,19.04,1516.50,19.03,4.99
2026-06-09T08:12:07,1,3.69,31850.00,19.84,15292.00,999.00,19.03,1516.30,19.03,4.99
2026-06-09T08:12:07,1,3.66,31850.00,19.84,15292.00,999.00,19.04,1516.60,19.03,4.99
2026-06-09T08:12:08,1,3.68,31830.00,19.83,15281.00,999.00,19.03,1516.90,19.03,4.99
2026-06-09T08:12:08,1,3.68,31830.00,19.83,15281.00,999.00,19.03,1517.60,19.03,5.00
2026-06-09T08:12:08,1,3.70,31830.00,19.83,15281.00,999.00,19.03,1518.40,19.03,5.01
2026-06-09T08:12:08,1,3.68,31830.00,19.83,15281.00,999.00,19.03,1518.50,19.03,5.01
2026-06-09T08:12:08,1,3.68,31830.00,19.83,15281.00,999.00,19.03,1518.90,19.03,5.01
2026-06-09T08:12:09,1,3.68,31870.00,19.85,15300.00,999.00,19.03,1519.30,19.03,5.02
2026-06-09T08:12:09,1,3.69,31870.00,19.85,15300.00,999.00,19.03,1520.20,19.03,5.03
2026-06-09T08:12:09,1,3.67,31870.00,19.85,15300.00,999.00,19.03,1520.20,19.03,5.03
2026-06-09T08:12:09,1,3.68,31870.00,19.85,15300.00,999.00,19.04,1521.00,19.03,5.03
2026-06-09T08:12:10,1,3.69,31870.00,19.85,15300.00,999.00,19.03,1521.50,19.03,5.04
2026-06-09T08:12:10,1,3.68,31850.00,19.84,15290.00,999.00,19.03,1522.10,19.03,5.05
2026-06-09T08:12:10,1,3.67,31850.00,19.84,15290.00,999.00,19.03,1523.10,19.03,5.05
2026-06-09T08:12:10,1,3.68,31850.00,19.84,15290.00,999.00,19.03,1523.20,19.03,5.06
2026-06-09T08:12:10,1,3.68,31850.00,19.84,15290.00,999.00,19.03,1523.40,19.03,5.06
2026-06-09T08:12:11,1,3.69,31860.00,19.85,15295.00,999.00,19.04,1524.30,19.03,5.07
2026-06-09T08:12:11,1,3.66,31860.00,19.85,15295.00,999.00,19.03,1524.80,19.03,5.07
2026-06-09T08:12:11,1,3.70,31860.00,19.85,15295.00,999.00,19.03,1525.20,19.03,5.08
2026-06-09T08:12:11,1,3.66,31860.00,19.85,15295.00,999.00,19.03,1526.10,19.03,5.08
2026-06-09T08:12:11,1,3.66,31860.00,19.85,15295.00,999.00,19.04,1526.70,19.02,5.09
2026-06-09T08:12:12,1,3.70,31890.00,19.87,15308.00,999.00,19.03,1527.30,19.03,5.10
2026-06-09T08:12:12,1,3.69,31890.00,19.87,15308.00,999.00,19.03,1527.60,19.03,5.10
2026-06-09T08:12:12,1,3.68,31890.00,19.87,15308.00,999.00,19.04,1528.00,19.03,5.10
2026-06-09T08:12:12,1,3.66,31890.00,19.87,15308.00,999.00,19.03,1528.80,19.02,5.11
2026-06-09T08:12:12,1,3.68,31890.00,19.87,15308.00,999.00,19.03,1529.90,19.03,5.12
2026-06-09T08:12:13,1,3.70,31910.00,19.88,15320.00,999.00,19.03,1529.90,19.03,5.12
2026-06-09T08:12:13,1,3.68,31910.00,19.88,15320.00,999.00,19.04,1530.50,19.03,5.13
2026-06-09T08:12:13,1,3.66,31910.00,19.88,15320.00,999.00,19.04,1530.50,19.03,5.13
2026-06-09T08:12:13,1,3.67,31910.00,19.88,15320.00,999.00,19.03,1531.20,19.03,5.14
2026-06-09T08:12:13,1,3.68,31940.00,19.90,15335.00,999.00,19.03,1531.70,19.03,5.14
2026-06-09T08:12:14,1,3.69,31940.00,19.90,15335.00,999.00,19.03,1532.00,19.02,5.14
2026-06-09T08:12:14,1,3.69,31940.00,19.90,15335.00,999.00,19.03,1532.60,19.03,5.15
2026-06-09T08:12:14,1,3.68,31940.00,19.90,15335.00,999.00,19.03,1533.40,19.02,5.16
2026-06-09T08:12:14,1,3.67,31940.00,19.90,15335.00,999.00,19.03,1533.20,19.03,5.16
2026-06-09T08:12:15,1,3.70,31890.00,19.87,15311.00,999.00,19.03,1533.80,19.03,5.16
2026-06-09T08:12:15,1,3.69,31890.00,19.87,15311.00,999.00,19.03,1534.40,19.03,5.17
2026-06-09T08:12:15,1,3.69,31890.00,19.87,15311.00,999.00,19.02,1534.80,19.03,5.17
2026-06-09T08:12:15,1,3.66,31890.00,19.87,15311.00,999.00,19.03,1535.20,19.03,5.17
2026-06-09T08:12:15,1,3.68,31890.00,19.87,15311.00,999.00,19.03,1535.60,19.03,5.18
2026-06-09T08:12:16,1,3.68,32010.00,19.95,15368.00,999.00,19.03,1536.50,19.03,5.19
2026-06-09T08:12:16,1,3.69,32010.00,19.95,15368.00,999.00,19.02,1537.30,19.03,5.20
2026-06-09T08:12:16,1,3.66,32010.00,19.95,15368.00,999.00,19.03,1537.30,19.03,5.20
2026-06-09T08:12:16,1,3.67,32010.00,19.95,15368.00,999.00,19.03,1538.20,19.03,5.20
2026-06-09T08:12:16,1,3.66,32060.00,19.99,15392.00,999.00,19.02,1538.70,19.03,5.21
2026-06-09T08:12:17,1,3.69,32060.00,19.99,15392.00,999.00,19.03,1538.90,19.03,5.21
2026-06-09T08:12:17,1,3.70,32060.00,19.99,15392.00,999.00,19.02,1539.30,19.03,5.22
2026-06-09T08:12:17,1,3.68,32060.00,19.99,15392.00,999.00,19.03,1540.10,19.03,5.22
2026-06-09T08:12:17,1,3.68,32060.00,19.99,15392.00,999.00,19.02,1540.30,19.02,5.23
2026-06-09T08:12:18,1,3.68,32090.00,20.00,15405.00,999.00,19.02,1540.90,19.03,5.23
2026-06-09T08:12:18,1,3.69,32090.00,20.00,15405.00,999.00,19.01,1541.10,19.03,5.23
2026-06-09T08:12:18,1,3.70,32090.00,20.00,15405.00,999.00,19.01,1541.50,19.03,5.24
2026-06-09T08:12:18,1,3.66,32090.00,20.00,15405.00,999.00,19.02,1542.00,19.03,5.24
2026-06-09T08:12:18,1,3.66,32090.00,20.00,15405.00,999.00,19.03,1542.10,19.03,5.24
2026-06-09T08:12:19,1,3.71,32110.00,20.02,15413.00,999.00,19.01,1542.90,19.03,5.25
2026-06-09T08:12:19,1,3.70,32110.00,20.02,15413.00,999.00,19.01,1543.30,19.03,5.26
2026-06-09T08:12:19,1,3.70,32110.00,20.02,15413.00,999.00,19.01,1544.00,19.03,5.26
2026-06-09T08:12:19,1,3.66,32110.00,20.02,15413.00,999.00,19.01,1544.60,19.03,5.27
2026-06-09T08:12:19,1,3.68,32160.00,20.06,15441.00,999.00,19.01,1545.60,19.03,5.28
2026-06-09T08:12:20,1,3.68,32160.00,20.06,15441.00,999.00,19.02,1545.90,19.02,5.28
2026-06-09T08:12:20,1,3.67,32160.00,20.06,15441.00,999.00,19.01,1546.50,19.03,5.29
2026-06-09T08:12:20,1,3.68,32160.00,20.06,15441.00,999.00,19.01,1546.90,19.03,5.29
2026-06-09T08:12:20,1,3.68,32160.00,20.06,15441.00,999.00,19.01,1547.60,19.03,5.30
2026-06-09T08:12:20,1,3.70,32240.00,20.11,15476.00,999.00,19.02,1548.40,19.03,5.31
2026-06-09T08:12:21,1,3.70,32240.00,20.11,15476.00,999.00,19.01,1548.60,19.03,5.31
2026-06-09T08:12:21,1,3.69,32240.00,20.11,15476.00,999.00,19.01,1549.50,19.03,5.32
2026-06-09T08:12:21,1,3.68,32240.00,20.11,15476.00,999.00,19.01,1549.20,19.03,5.31
2026-06-09T08:12:21,1,3.67,32240.00,20.11,15476.00,999.00,19.00,1550.60,19.03,5.33
2026-06-09T08:12:21,1,3.69,32250.00,20.11,15482.00,999.00,19.00,1550.70,19.03,5.33
2026-06-09T08:12:22,1,3.67,32250.00,20.11,15482.00,999.00,19.00,1551.00,19.02,5.33
2026-06-09T08:12:22,1,3.68,32250.00,20.11,15482.00,999.00,19.01,1551.60,19.03,5.34
2026-06-09T08:12:22,1,3.68,32250.00,20.11,15482.00,999.00,19.00,1552.70,19.02,5.35
2026-06-09T08:12:22,1,3.66,32250.00,20.11,15482.00,999.00,19.01,1553.60,19.02,5.36
2026-06-09T08:12:23,1,3.69,32320.00,20.17,15518.00,999.00,19.01,1554.80,19.02,5.37
2026-06-09T08:12:23,1,3.69,32320.00,20.17,15518.00,999.00,19.00,1556.40,19.02,5.38
2026-06-09T08:12:23,1,3.69,32320.00,20.17,15518.00,999.00,19.01,1558.90,19.02,5.41
2026-06-09T08:12:23,1,3.64,32320.00,20.17,15518.00,999.00,19.00,1559.50,19.02,5.42
2026-06-09T08:12:23,1,3.68,32270.00,20.13,15493.00,999.00,19.00,1561.30,19.02,5.43
2026-06-09T08:12:24,1,3.67,32270.00,20.13,15493.00,999.00,19.00,1562.00,19.02,5.44
2026-06-09T08:12:24,1,3.69,32270.00,20.13,15493.00,999.00,19.00,1562.90,19.02,5.45
2026-06-09T08:12:24,1,3.68,32270.00,20.13,15493.00,999.00,19.00,1563.30,19.02,5.45
2026-06-09T08:12:24,1,3.63,32270.00,20.13,15493.00,999.00,19.00,1564.50,19.02,5.47
2026-06-09T08:12:24,1,3.68,32360.00,20.19,15536.00,999.00,19.00,1565.60,19.02,5.48
2026-06-09T08:12:25,1,3.68,32360.00,20.19,15536.00,999.00,19.00,1566.60,19.02,5.49
2026-06-09T08:12:25,1,3.70,32360.00,20.19,15536.00,999.00,19.00,1566.60,19.02,5.49
2026-06-09T08:12:25,1,3.66,32360.00,20.19,15536.00,999.00,19.00,1567.70,19.02,5.50
2026-06-09T08:12:25,1,3.68,32360.00,20.19,15536.00,999.00,19.00,1568.60,19.02,5.51
2026-06-09T08:12:25,1,3.70,32410.00,20.22,15559.00,999.00,19.00,1569.60,19.02,5.52
2026-06-09T08:12:26,1,3.68,32410.00,20.22,15559.00,999.00,19.00,1570.00,19.02,5.52
2026-06-09T08:12:26,1,3.70,32410.00,20.22,15559.00,999.00,19.00,1571.10,19.02,5.53
2026-06-09T08:12:26,1,3.66,32410.00,20.22,15559.00,999.00,19.00,1572.10,19.02,5.54
2026-06-09T08:12:26,1,3.65,32410.00,20.22,15559.00,999.00,19.00,1572.60,19.02,5.55
2026-06-09T08:12:26,1,3.70,32500.00,20.29,15603.00,999.00,19.00,1573.20,19.02,5.55
2026-06-09T08:12:27,1,3.69,32500.00,20.29,15603.00,999.00,19.00,1574.20,19.01,5.56
2026-06-09T08:12:27,1,3.68,32500.00,20.29,15603.00,999.00,18.99,1574.60,19.02,5.57
2026-06-09T08:12:27,1,3.68,32500.00,20.29,15603.00,999.00,18.99,1574.80,19.01,5.57
2026-06-09T08:12:27,1,3.67,32510.00,20.29,15608.00,999.00,19.00,1575.90,19.02,5.58
2026-06-09T08:12:28,1,3.68,32510.00,20.29,15608.00,999.00,18.99,1576.40,19.01,5.58
2026-06-09T08:12:28,1,3.68,32510.00,20.29,15608.00,999.00,19.00,1577.20,19.02,5.59
2026-06-09T08:12:28,1,3.68,32510.00,20.29,15608.00,999.00,18.99,1577.60,19.02,5.60
2026-06-09T08:12:28,1,3.67,32510.00,20.29,15608.00,999.00,19.00,1578.00,19.01,5.60
2026-06-09T08:12:28,1,3.70,32540.00,20.32,15623.00,999.00,18.99,1578.90,19.01,5.61
2026-06-09T08:12:29,1,3.70,32540.00,20.32,15623.00,999.00,18.99,1579.10,19.01,5.61
2026-06-09T08:12:29,1,3.70,32540.00,20.32,15623.00,999.00,18.99,1579.10,19.01,5.61
2026-06-09T08:12:29,1,3.65,32540.00,20.32,15623.00,999.00,18.99,1580.20,19.01,5.62
2026-06-09T08:12:29,1,3.68,32540.00,20.32,15623.00,999.00,18.98,1580.40,19.01,5.62
2026-06-09T08:12:29,1,3.68,32530.00,20.31,15617.00,999.00,18.99,1580.70,19.01,5.63
2026-06-09T08:12:30,1,3.70,32530.00,20.31,15617.00,999.00,18.99,1581.50,19.01,5.63
2026-06-09T08:12:30,1,3.69,32530.00,20.31,15617.00,999.00,18.99,1581.50,19.01,5.63
2026-06-09T08:12:30,1,3.65,32530.00,20.31,15617.00,999.00,18.99,1582.50,19.00,5.64
2026-06-09T08:12:30,1,3.70,32560.00,20.33,15631.00,999.00,18.99,1582.80,19.01,5.65
2026-06-09T08:12:30,1,3.68,32560.00,20.33,15631.00,999.00,18.99,1582.90,19.01,5.65
2026-06-09T08:12:31,1,3.70,32560.00,20.33,15631.00,999.00,18.99,1583.60,19.01,5.65
2026-06-09T08:12:31,1,3.68,32560.00,20.33,15631.00,999.00,18.98,1583.90,19.01,5.66
2026-06-09T08:12:31,1,3.66,32560.00,20.33,15631.00,999.00,18.99,1583.80,19.01,5.66
2026-06-09T08:12:31,1,3.71,32570.00,20.34,15638.00,999.00,18.99,1585.20,19.00,5.67
2026-06-09T08:12:32,1,3.68,32570.00,20.34,15638.00,999.00,18.99,1585.80,19.01,5.68
2026-06-09T08:12:32,1,3.67,32570.00,20.34,15638.00,999.00,18.98,1585.80,19.01,5.68
2026-06-09T08:12:32,1,3.68,32570.00,20.34,15638.00,999.00,18.98,1586.60,19.00,5.68
2026-06-09T08:12:32,1,3.66,32570.00,20.34,15638.00,999.00,18.98,1587.50,19.01,5.69
2026-06-09T08:12:32,1,3.70,32640.00,20.38,15668.00,999.00,18.97,1587.70,19.01,5.70
2026-06-09T08:12:33,1,3.68,32640.00,20.38,15668.00,999.00,18.98,1588.30,19.00,5.70
2026-06-09T08:12:33,1,3.67,32640.00,20.38,15668.00,999.00,18.98,1588.70,19.00,5.71
2026-06-09T08:12:33,1,3.66,32640.00,20.38,15668.00,999.00,18.98,1589.30,19.00,5.71
2026-06-09T08:12:33,1,3.66,32640.00,20.38,15670.00,999.00,18.98,1590.00,19.00,5.72
2026-06-09T08:12:33,1,3.68,32640.00,20.38,15670.00,999.00,18.98,1590.20,19.00,5.72
2026-06-09T08:12:34,1,3.69,32640.00,20.38,15670.00,999.00,18.98,1590.80,19.00,5.73
2026-06-09T08:12:34,1,3.65,32640.00,20.38,15670.00,999.00,18.98,1591.70,19.00,5.73
2026-06-09T08:12:34,1,3.68,32640.00,20.38,15670.00,999.00,18.98,1591.80,19.00,5.74
2026-06-09T08:12:34,1,3.67,32630.00,20.38,15665.00,999.00,18.98,1592.20,19.00,5.74
2026-06-09T08:12:34,1,3.70,32630.00,20.38,15665.00,999.00,18.98,1593.00,19.00,5.75
2026-06-09T08:12:35,1,3.68,32630.00,20.38,15665.00,999.00,18.97,1594.70,19.00,5.76
2026-06-09T08:12:35,1,3.67,32630.00,20.38,15665.00,999.00,18.97,1595.70,19.00,5.77
2026-06-09T08:12:35,1,3.68,32630.00,20.38,15665.00,999.00,18.98,1595.80,19.00,5.78
2026-06-09T08:12:35,1,3.68,32700.00,20.42,15698.00,999.00,18.97,1596.70,19.00,5.78
2026-06-09T08:12:35,1,3.69,32700.00,20.42,15698.00,999.00,18.97,1598.20,19.00,5.80
2026-06-09T08:12:36,1,3.68,32700.00,20.42,15698.00,999.00,18.97,1599.70,19.00,5.81
2026-06-09T08:12:36,1,3.66,32700.00,20.42,15698.00,999.00,18.97,1600.30,19.00,5.82
2026-06-09T08:12:36,1,3.68,32700.00,20.42,15698.00,999.00,18.97,1600.80,19.00,5.82
2026-06-09T08:12:36,1,3.68,32840.00,20.52,15766.00,999.00,18.97,1601.80,19.00,5.83
2026-06-09T08:12:36,1,3.66,32840.00,20.52,15766.00,999.00,18.97,1602.30,19.00,5.84
2026-06-09T08:12:37,1,3.70,32840.00,20.52,15766.00,999.00,18.96,1603.30,19.00,5.85
2026-06-09T08:12:37,1,3.68,32840.00,20.52,15766.00,999.00,18.96,1604.80,19.00,5.86
2026-06-09T08:12:37,1,3.68,32960.00,20.60,15823.00,999.00,18.96,1605.00,19.00,5.87
2026-06-09T08:12:37,1,3.69,32960.00,20.60,15823.00,999.00,18.95,1605.70,19.00,5.87
2026-06-09T08:12:38,1,3.68,32960.00,20.60,15823.00,999.00,18.95,1607.10,19.00,5.89
2026-06-09T08:12:38,1,3.66,32960.00,20.60,15823.00,999.00,18.95,1609.00,18.99,5.91
2026-06-09T08:12:38,1,3.68,32960.00,20.60,15823.00,999.00,18.95,1609.80,18.99,5.91
2026-06-09T08:12:38,1,3.70,32960.00,20.60,15822.00,999.00,18.95,1610.60,18.99,5.92
2026-06-09T08:12:38,1,3.68,32960.00,20.60,15822.00,999.00,18.94,1611.10,18.99,5.93
2026-06-09T08:12:39,1,3.69,32960.00,20.60,15822.00,999.00,18.94,1611.80,18.99,5.93
2026-06-09T08:12:39,1,3.68,32960.00,20.60,15822.00,999.00,18.94,1612.40,18.99,5.94
2026-06-09T08:12:39,1,3.66,32960.00,20.60,15822.00,999.00,18.94,1613.40,18.99,5.95
2026-06-09T08:12:39,1,3.65,32990.00,20.63,15838.00,999.00,18.94,1614.90,18.99,5.96
2026-06-09T08:12:39,1,3.68,32990.00,20.63,15838.00,999.00,18.93,1614.90,18.99,5.96
2026-06-09T08:12:40,1,3.67,32990.00,20.63,15838.00,999.00,18.94,1615.70,18.99,5.97
2026-06-09T08:12:40,1,3.69,32990.00,20.63,15838.00,999.00,18.93,1617.10,18.98,5.99
2026-06-09T08:12:40,1,3.67,33050.00,20.66,15865.00,999.00,18.93,1617.30,18.98,5.99
2026-06-09T08:12:40,1,3.70,33050.00,20.66,15865.00,999.00,18.93,1617.40,18.98,5.99
2026-06-09T08:12:40,1,3.70,33050.00,20.66,15865.00,999.00,18.93,1618.20,18.98,6.00
2026-06-09T08:12:41,1,3.65,33050.00,20.66,15865.00,999.00,18.93,1619.20,18.98,6.01
2026-06-09T08:12:41,1,3.67,33050.00,20.66,15865.00,999.00,18.92,1619.30,18.98,6.01
2026-06-09T08:12:41,1,3.68,33050.00,20.67,15867.00,999.00,18.93,1619.50,18.98,6.01
2026-06-09T08:12:41,1,3.68,33050.00,20.67,15867.00,999.00,18.92,1620.40,18.98,6.02
2026-06-09T08:12:42,1,3.68,33050.00,20.67,15867.00,999.00,18.92,1621.40,18.98,6.03
2026-06-09T08:12:42,1,3.68,33050.00,20.67,15867.00,999.00,18.92,1621.70,18.98,6.03
2026-06-09T08:12:42,1,3.68,33050.00,20.67,15867.00,999.00,18.92,1621.60,18.98,6.03
2026-06-09T08:12:42,1,3.68,33080.00,20.68,15879.00,999.00,18.92,1622.30,18.98,6.04
2026-06-09T08:12:42,1,3.68,33080.00,20.68,15879.00,999.00,18.91,1623.10,18.98,6.05
2026-06-09T08:12:43,1,3.70,33080.00,20.68,15879.00,999.00,18.92,1623.20,18.98,6.05
2026-06-09T08:12:43,1,3.67,33080.00,20.68,15879.00,999.00,18.92,1624.40,18.97,6.06
2026-06-09T08:12:43,1,3.66,33080.00,20.68,15879.00,999.00,18.91,1624.30,18.97,6.06
2026-06-09T08:12:43,1,3.68,33070.00,20.68,15876.00,999.00,18.92,1625.10,18.97,6.07
2026-06-09T08:12:43,1,3.68,33070.00,20.68,15876.00,999.00,18.91,1625.90,18.97,6.07
2026-06-09T08:12:44,1,3.69,33070.00,20.68,15876.00,999.00,18.91,1626.20,18.97,6.08
2026-06-09T08:12:44,1,3.67,33070.00,20.68,15876.00,999.00,18.91,1627.00,18.97,6.08
2026-06-09T08:12:44,1,3.68,33070.00,20.68,15877.00,999.00,18.91,1627.20,18.97,6.09
2026-06-09T08:12:44,1,3.66,33070.00,20.68,15877.00,999.00,18.91,1628.20,18.97,6.10
2026-06-09T08:12:44,1,3.68,33070.00,20.68,15877.00,999.00,18.91,1627.80,18.97,6.09
2026-06-09T08:12:45,1,3.69,33070.00,20.68,15877.00,999.00,18.92,1628.30,18.97,6.10
2026-06-09T08:12:45,1,3.68,33070.00,20.68,15877.00,999.00,18.92,1628.90,18.97,6.10
2026-06-09T08:12:45,1,3.68,33060.00,20.67,15869.00,999.00,18.91,1629.10,18.97,6.11
2026-06-09T08:12:45,1,3.70,33060.00,20.67,15869.00,999.00,18.91,1629.90,18.97,6.11
2026-06-09T08:12:45,1,3.66,33060.00,20.67,15869.00,999.00,18.91,1629.40,18.97,6.11
2026-06-09T08:12:46,1,3.66,33060.00,20.67,15869.00,999.00,18.91,1630.10,18.96,6.12
2026-06-09T08:12:46,1,3.68,33060.00,20.67,15869.00,999.00,18.91,1630.60,18.97,6.12
2026-06-09T08:12:46,1,3.68,33050.00,20.67,15868.00,999.00,18.91,1630.80,18.97,6.12
2026-06-09T08:12:46,1,3.69,33050.00,20.67,15868.00,999.00,18.91,1631.50,18.97,6.13
2026-06-09T08:12:47,1,3.69,33050.00,20.67,15868.00,999.00,18.91,1631.70,18.96,6.13
2026-06-09T08:12:47,1,3.66,33050.00,20.67,15868.00,999.00,18.92,1632.20,18.96,6.14
2026-06-09T08:12:47,1,3.69,33050.00,20.67,15868.00,999.00,18.91,1632.80,18.96,6.14
2026-06-09T08:12:47,1,3.69,33060.00,20.67,15869.00,999.00,18.91,1633.00,18.96,6.14
2026-06-09T08:12:47,1,3.68,33060.00,20.67,15869.00,999.00,18.90,1633.00,18.96,6.14
2026-06-09T08:12:48,1,3.67,33060.00,20.67,15869.00,999.00,18.91,1633.70,18.96,6.15
2026-06-09T08:12:48,1,3.69,33060.00,20.67,15869.00,999.00,18.91,1633.90,18.96,6.15
2026-06-09T08:12:48,1,3.70,33050.00,20.67,15868.00,999.00,18.91,1634.30,18.96,6.16
2026-06-09T08:12:48,1,3.67,33050.00,20.67,15868.00,999.00,18.90,1635.70,18.96,6.17
2026-06-09T08:12:48,1,3.68,33050.00,20.67,15868.00,999.00,18.91,1636.60,18.96,6.18
2026-06-09T08:12:49,1,3.67,33050.00,20.67,15868.00,999.00,18.91,1636.70,18.96,6.18
2026-06-09T08:12:49,1,3.66,33050.00,20.67,15868.00,999.00,18.91,1638.10,18.96,6.19
2026-06-09T08:12:49,1,3.68,33100.00,20.70,15891.00,999.00,18.91,1638.70,18.95,6.20
2026-06-09T08:12:49,1,3.67,33100.00,20.70,15891.00,999.00,18.91,1639.60,18.95,6.21
2026-06-09T08:12:49,1,3.66,33100.00,20.70,15891.00,999.00,18.90,1640.90,18.95,6.22
2026-06-09T08:12:50,1,3.68,33100.00,20.70,15891.00,999.00,18.91,1641.00,18.96,6.22
2026-06-09T08:12:50,1,3.66,33100.00,20.70,15891.00,999.00,18.91,1642.30,18.95,6.24
2026-06-09T08:12:50,1,3.67,33110.00,20.71,15895.00,999.00,18.90,1642.80,18.95,6.24
2026-06-09T08:12:50,1,3.70,33110.00,20.71,15895.00,999.00,18.91,1643.20,18.95,6.25
2026-06-09T08:12:50,1,3.67,33110.00,20.71,15895.00,999.00,18.91,1642.70,18.95,6.24
2026-06-09T08:12:51,1,3.68,33110.00,20.71,15895.00,999.00,18.90,1644.10,18.95,6.25
2026-06-09T08:12:51,1,3.68,33110.00,20.71,15895.00,999.00,18.90,1645.10,18.95,6.26
2026-06-09T08:12:51,1,3.66,33110.00,20.71,15896.00,999.00,18.91,1645.60,18.95,6.27
2026-06-09T08:12:51,1,3.70,33110.00,20.71,15896.00,999.00,18.90,1646.40,18.95,6.28
2026-06-09T08:12:52,1,3.67,33110.00,20.71,15896.00,999.00,18.90,1647.60,18.95,6.29
2026-06-09T08:12:52,1,3.68,33110.00,20.71,15896.00,999.00,18.91,1648.80,18.95,6.30
2026-06-09T08:12:52,1,3.67,33110.00,20.71,15895.00,999.00,18.90,1649.40,18.95,6.31
2026-06-09T08:12:52,1,3.68,33110.00,20.71,15895.00,999.00,18.90,1649.70,18.95,6.31
2026-06-09T08:12:52,1,3.70,33110.00,20.71,15895.00,999.00,18.91,1650.80,18.95,6.32
2026-06-09T08:12:53,1,3.66,33110.00,20.71,15895.00,999.00,18.90,1650.70,18.95,6.32
2026-06-09T08:12:53,1,3.66,33110.00,20.71,15895.00,999.00,18.90,1652.50,18.95,6.34
2026-06-09T08:12:53,1,3.67,33110.00,20.71,15894.00,999.00,18.90,1652.70,18.94,6.34
2026-06-09T08:12:53,1,3.68,33110.00,20.71,15894.00,999.00,18.90,1653.70,18.94,6.35
2026-06-09T08:12:53,1,3.70,33110.00,20.71,15894.00,999.00,18.90,1654.20,18.94,6.35
2026-06-09T08:12:54,1,3.67,33110.00,20.71,15894.00,999.00,18.90,1654.80,18.94,6.36
2026-06-09T08:12:54,1,3.65,33110.00,20.71,15894.00,999.00,18.91,1655.90,18.94,6.37
2026-06-09T08:12:54,1,3.70,33100.00,20.70,15892.00,999.00,18.90,1656.00,18.94,6.37
2026-06-09T08:12:54,1,3.70,33100.00,20.70,15892.00,999.00,18.90,1657.20,18.94,6.38
2026-06-09T08:12:54,1,3.68,33100.00,20.70,15892.00,999.00,18.90,1657.30,18.94,6.38
2026-06-09T08:12:55,1,3.67,33100.00,20.70,15892.00,999.00,18.90,1658.40,18.94,6.40
2026-06-09T08:12:55,1,3.68,33150.00,20.73,15912.00,999.00,18.90,1658.70,18.94,6.40
2026-06-09T08:12:55,1,3.69,33150.00,20.73,15912.00,999.00,18.89,1658.90,18.94,6.40
2026-06-09T08:12:55,1,3.70,33150.00,20.73,15912.00,999.00,18.90,1659.30,18.94,6.40
2026-06-09T08:12:56,1,3.68,33150.00,20.73,15912.00,999.00,18.90,1660.50,18.93,6.42
2026-06-09T08:12:56,1,3.66,33150.00,20.73,15912.00,999.00,18.90,1660.90,18.94,6.42
2026-06-09T08:12:56,1,3.68,33160.00,20.74,15919.00,999.00,18.90,1661.00,18.94,6.42
2026-06-09T08:12:56,1,3.68,33160.00,20.74,15919.00,999.00,18.90,1661.90,18.94,6.43
2026-06-09T08:12:56,1,3.67,33160.00,20.74,15919.00,999.00,18.90,1662.70,18.94,6.44
2026-06-09T08:12:57,1,3.66,33160.00,20.74,15919.00,999.00,18.90,1663.30,18.94,6.44
2026-06-09T08:12:57,1,3.67,33160.00,20.74,15919.00,999.00,18.90,1664.00,18.94,6.45
2026-06-09T08:12:57,1,3.68,33160.00,20.74,15920.00,999.00,18.91,1664.30,18.94,6.45
2026-06-09T08:12:57,1,3.69,33160.00,20.74,15920.00,999.00,18.90,1665.20,18.94,6.46
2026-06-09T08:12:57,1,3.66,33160.00,20.74,15920.00,999.00,18.90,1665.40,18.94,6.47
2026-06-09T08:12:58,1,3.67,33160.00,20.74,15920.00,999.00,18.90,1666.00,18.94,6.47
2026-06-09T08:12:58,1,3.65,33170.00,20.75,15926.00,999.00,18.90,1666.70,18.94,6.48
2026-06-09T08:12:58,1,3.70,33170.00,20.75,15926.00,999.00,18.90,1666.80,18.93,6.48
2026-06-09T08:12:58,1,3.68,33170.00,20.75,15926.00,999.00,18.90,1667.60,18.94,6.49
2026-06-09T08:12:58,1,3.66,33170.00,20.75,15926.00,999.00,18.90,1667.40,18.94,6.48
2026-06-09T08:12:59,1,3.66,33170.00,20.75,15926.00,999.00,18.90,1668.10,18.94,6.49
2026-06-09T08:12:59,1,3.69,33160.00,20.74,15918.00,999.00,18.89,1668.80,18.93,6.50
2026-06-09T08:12:59,1,3.70,33160.00,20.74,15918.00,999.00,18.89,1669.60,18.93,6.51
2026-06-09T08:12:59,1,3.68,33160.00,20.74,15918.00,999.00,18.90,1668.70,18.93,6.50
2026-06-09T08:12:59,1,3.68,33160.00,20.74,15918.00,999.00,18.90,1670.00,18.94,6.51
2026-06-09T08:13:00,1,3.68,33160.00,20.74,15918.00,999.00,18.90,1670.40,18.94,6.51
2026-06-09T08:13:00,1,3.70,33170.00,20.75,15924.00,999.00,18.89,1670.80,18.93,6.52
2026-06-09T08:13:00,1,3.70,33170.00,20.75,15924.00,999.00,18.90,1671.70,18.93,6.53
2026-06-09T08:13:00,1,3.68,33170.00,20.75,15924.00,999.00,18.89,1672.40,18.93,6.53
2026-06-09T08:13:01,1,3.66,33170.00,20.75,15924.00,999.00,18.90,1673.10,18.93,6.54
2026-06-09T08:13:01,1,3.68,33170.00,20.75,15924.00,999.00,18.90,1673.70,18.93,6.55
2026-06-09T08:13:01,1,3.70,33180.00,20.75,15928.00,999.00,18.89,1674.30,18.93,6.55
2026-06-09T08:13:01,1,3.70,33180.00,20.75,15928.00,999.00,18.90,1674.40,18.93,6.55
2026-06-09T08:13:01,1,3.65,33180.00,20.75,15928.00,999.00,18.89,1674.40,18.93,6.55
2026-06-09T08:13:02,1,3.68,33180.00,20.75,15928.00,999.00,18.89,1675.50,18.93,6.57
2026-06-09T08:13:02,1,3.66,33180.00,20.75,15927.00,999.00,18.89,1676.00,18.93,6.57
2026-06-09T08:13:02,1,3.70,33180.00,20.75,15927.00,999.00,18.90,1676.10,18.93,6.57
2026-06-09T08:13:02,1,3.65,33180.00,20.75,15927.00,999.00,18.89,1676.50,18.93,6.58
2026-06-09T08:13:02,1,3.68,33180.00,20.75,15927.00,999.00,18.89,1677.50,18.93,6.59
2026-06-09T08:13:03,1,3.66,33180.00,20.75,15927.00,999.00,18.89,1678.30,18.93,6.59
2026-06-09T08:13:03,1,3.69,33200.00,20.77,15937.00,999.00,18.89,1678.60,18.93,6.60
2026-06-09T08:13:03,1,3.68,33200.00,20.77,15937.00,999.00,18.89,1678.80,18.93,6.60
2026-06-09T08:13:03,1,3.70,33200.00,20.77,15937.00,999.00,18.89,1679.10,18.93,6.60
2026-06-09T08:13:03,1,3.66,33200.00,20.77,15937.00,999.00,18.89,1679.40,18.93,6.60
2026-06-09T08:13:04,1,3.66,33200.00,20.77,15937.00,999.00,18.90,1679.70,18.93,6.61
2026-06-09T08:13:04,1,3.67,33210.00,20.77,15942.00,999.00,18.90,1679.80,18.93,6.61
2026-06-09T08:13:04,1,3.69,33210.00,20.77,15942.00,999.00,18.89,1680.80,18.93,6.62
2026-06-09T08:13:04,1,3.68,33210.00,20.77,15942.00,999.00,18.89,1681.20,18.93,6.62
2026-06-09T08:13:04,1,3.68,33210.00,20.77,15942.00,999.00,18.88,1681.40,18.93,6.62
2026-06-09T08:13:05,1,3.66,33210.00,20.77,15942.00,999.00,18.89,1681.40,18.93,6.62
2026-06-09T08:13:05,1,3.68,33230.00,20.79,15951.00,999.00,18.89,1681.90,18.93,6.63
2026-06-09T08:13:05,1,3.69,33230.00,20.79,15951.00,999.00,18.88,1682.90,18.92,6.64
2026-06-09T08:13:05,1,3.69,33230.00,20.79,15951.00,999.00,18.89,1683.00,18.93,6.64
2026-06-09T08:13:05,1,3.67,33230.00,20.79,15951.00,999.00,18.89,1683.20,18.92,6.64
2026-06-09T08:13:06,1,3.64,33240.00,20.79,15955.00,999.00,18.89,1683.50,18.92,6.64
2026-06-09T08:13:06,1,3.70,33240.00,20.79,15955.00,999.00,18.89,1685.40,18.92,6.66
2026-06-09T08:13:06,1,3.68,33240.00,20.79,15955.00,999.00,18.88,1685.70,18.92,6.67
2026-06-09T08:13:06,1,3.69,33240.00,20.79,15955.00,999.00,18.89,1686.60,18.92,6.68
2026-06-09T08:13:07,1,3.66,33240.00,20.79,15955.00,999.00,18.89,1686.80,18.92,6.68
2026-06-09T08:13:07,1,3.70,33230.00,20.79,15952.00,999.00,18.88,1687.80,18.92,6.69
2026-06-09T08:13:07,1,3.70,33230.00,20.79,15952.00,999.00,18.89,1688.70,18.93,6.70
2026-06-09T08:13:07,1,3.70,33230.00,20.79,15952.00,999.00,18.89,1689.60,18.93,6.70
2026-06-09T08:13:07,1,3.66,33230.00,20.79,15952.00,999.00,18.88,1689.70,18.92,6.71
2026-06-09T08:13:08,1,3.68,33230.00,20.79,15952.00,999.00,18.88,1689.70,18.92,6.71
2026-06-09T08:13:08,1,3.69,33230.00,20.79,15955.00,999.00,18.88,1690.70,18.92,6.72
2026-06-09T08:13:08,1,3.70,33230.00,20.79,15955.00,999.00,18.89,1691.20,18.92,6.72
2026-06-09T08:13:08,1,3.68,33230.00,20.79,15955.00,999.00,18.88,1692.00,18.91,6.73
2026-06-09T08:13:08,1,3.68,33230.00,20.79,15955.00,999.00,18.88,1692.40,18.92,6.73
2026-06-09T08:13:09,1,3.69,33230.00,20.79,15954.00,999.00,18.89,1693.50,18.92,6.74
2026-06-09T08:13:09,1,3.70,33230.00,20.79,15954.00,999.00,18.88,1693.40,18.92,6.74
2026-06-09T08:13:09,1,3.70,33230.00,20.79,15954.00,999.00,18.88,1694.10,18.92,6.75
2026-06-09T08:13:09,1,3.68,33230.00,20.79,15954.00,999.00,18.88,1694.70,18.92,6.76
2026-06-09T08:13:10,1,3.66,33230.00,20.79,15954.00,999.00,18.88,1694.30,18.92,6.75
2026-06-09T08:13:10,1,3.70,33250.00,20.80,15961.00,999.00,18.88,1694.60,18.92,6.75
2026-06-09T08:13:10,1,3.69,33250.00,20.80,15961.00,999.00,18.88,1696.10,18.92,6.77
2026-06-09T08:13:10,1,3.70,33250.00,20.80,15961.00,999.00,18.88,1695.70,18.92,6.77
2026-06-09T08:13:10,1,3.66,33250.00,20.80,15961.00,999.00,18.88,1696.80,18.92,6.78
2026-06-09T08:13:11,1,3.68,33250.00,20.80,15961.00,999.00,18.88,1698.00,18.92,6.79
2026-06-09T08:13:11,1,3.67,33220.00,20.78,15946.00,999.00,18.89,1699.00,18.92,6.80
2026-06-09T08:13:11,1,3.70,33220.00,20.78,15946.00,999.00,18.88,1698.90,18.92,6.80
2026-06-09T08:13:11,1,3.67,33220.00,20.78,15946.00,999.00,18.89,1700.60,18.92,6.81
2026-06-09T08:13:11,1,3.68,33220.00,20.78,15946.00,999.00,18.88,1701.00,18.92,6.82
2026-06-09T08:13:12,1,3.68,33230.00,20.79,15952.00,999.00,18.88,1701.70,18.92,6.82
2026-06-09T08:13:12,1,3.68,33230.00,20.79,15952.00,999.00,18.88,1702.50,18.92,6.83
2026-06-09T08:13:12,1,3.69,33230.00,20.79,15952.00,999.00,18.89,1703.00,18.92,6.84
2026-06-09T08:13:12,1,3.66,33230.00,20.79,15952.00,999.00,18.89,1703.20,18.92,6.84
2026-06-09T08:13:12,1,3.69,33230.00,20.79,15952.00,999.00,18.88,1704.00,18.92,6.85
2026-06-09T08:13:13,1,3.67,33240.00,20.79,15955.00,999.00,18.88,1705.10,18.92,6.86
2026-06-09T08:13:13,1,3.67,33240.00,20.79,15955.00,999.00,18.89,1705.30,18.92,6.86
2026-06-09T08:13:13,1,3.70,33240.00,20.79,15955.00,999.00,18.88,1705.80,18.92,6.87
2026-06-09T08:13:13,1,3.66,33240.00,20.79,15955.00,999.00,18.88,1705.60,18.92,6.86
2026-06-09T08:13:13,1,3.68,33240.00,20.79,15955.00,999.00,18.88,1706.80,18.92,6.88
2026-06-09T08:13:14,1,3.69,33240.00,20.80,15956.00,999.00,18.88,1707.50,18.92,6.88
2026-06-09T08:13:14,1,3.68,33240.00,20.80,15956.00,999.00,18.88,1707.50,18.92,6.88
2026-06-09T08:13:14,1,3.70,33240.00,20.80,15956.00,999.00,18.89,1708.40,18.92,6.89
2026-06-09T08:13:14,1,3.67,33240.00,20.80,15956.00,999.00,18.88,1708.50,18.92,6.89
2026-06-09T08:13:14,1,3.67,33240.00,20.80,15956.00,999.00,18.88,1709.80,18.92,6.91
2026-06-09T08:13:15,1,3.70,33260.00,20.81,15967.00,999.00,18.89,1710.60,18.92,6.91
2026-06-09T08:13:15,1,3.69,33260.00,20.81,15967.00,999.00,18.88,1711.50,18.92,6.92
2026-06-09T08:13:15,1,3.70,33260.00,20.81,15967.00,999.00,18.88,1712.10,18.91,6.93
2026-06-09T08:13:15,1,3.68,33260.00,20.81,15967.00,999.00,18.88,1712.70,18.91,6.93
2026-06-09T08:13:16,1,3.68,33290.00,20.83,15980.00,999.00,18.88,1712.80,18.91,6.93
2026-06-09T08:13:16,1,3.70,33290.00,20.83,15980.00,999.00,18.88,1713.90,18.92,6.95
2026-06-09T08:13:16,1,3.69,33290.00,20.83,15980.00,999.00,18.89,1714.00,18.91,6.95
2026-06-09T08:13:16,1,3.67,33290.00,20.83,15980.00,999.00,18.89,1715.30,18.91,6.96
2026-06-09T08:13:16,1,3.68,33290.00,20.83,15980.00,999.00,18.88,1716.50,18.92,6.97
2026-06-09T08:13:17,1,3.67,33260.00,20.81,15966.00,999.00,18.88,1717.20,18.91,6.98
2026-06-09T08:13:17,1,3.67,33260.00,20.81,15966.00,999.00,18.88,1717.90,18.91,6.99
2026-06-09T08:13:17,1,3.69,33260.00,20.81,15966.00,999.00,18.87,1718.10,18.92,6.99
2026-06-09T08:13:17,1,3.66,33260.00,20.81,15966.00,999.00,18.88,1719.20,18.91,7.00
2026-06-09T08:13:17,1,3.68,33260.00,20.81,15966.00,999.00,18.88,1720.40,18.91,7.01
2026-06-09T08:13:18,1,3.68,33260.00,20.81,15967.00,999.00,18.88,1721.10,18.91,7.02
2026-06-09T08:13:18,1,3.66,33260.00,20.81,15967.00,999.00,18.88,1722.50,18.91,7.03
2026-06-09T08:13:18,1,3.69,33260.00,20.81,15967.00,999.00,18.88,1723.70,18.91,7.04
2026-06-09T08:13:18,1,3.68,33260.00,20.81,15967.00,999.00,18.88,1725.30,18.91,7.06
2026-06-09T08:13:18,1,3.68,33260.00,20.81,15967.00,999.00,18.88,1725.70,18.91,7.06
2026-06-09T08:13:19,1,3.67,33310.00,20.85,15992.00,999.00,18.88,1726.20,18.91,7.07
2026-06-09T08:13:19,1,3.68,33310.00,20.85,15992.00,999.00,18.88,1726.60,18.91,7.07
2026-06-09T08:13:19,1,3.68,33310.00,20.85,15992.00,999.00,18.87,1727.50,18.90,7.08
2026-06-09T08:13:19,1,3.65,33310.00,20.85,15992.00,999.00,18.88,1727.50,18.91,7.08
2026-06-09T08:13:20,1,3.70,33300.00,20.84,15989.00,999.00,18.88,1728.30,18.91,7.09
2026-06-09T08:13:20,1,3.68,33300.00,20.84,15989.00,999.00,18.88,1729.20,18.91,7.10
2026-06-09T08:13:20,1,3.69,33300.00,20.84,15989.00,999.00,18.88,1731.10,18.91,7.12
2026-06-09T08:13:20,1,3.68,33300.00,20.84,15989.00,999.00,18.88,1731.40,18.91,7.12
2026-06-09T08:13:20,1,3.67,33300.00,20.84,15989.00,999.00,18.87,1732.80,18.91,7.13
2026-06-09T08:13:21,1,3.66,33300.00,20.84,15986.00,999.00,18.87,1733.90,18.91,7.14
2026-06-09T08:13:21,1,3.70,33300.00,20.84,15986.00,999.00,18.87,1735.90,18.91,7.16
2026-06-09T08:13:21,1,3.68,33300.00,20.84,15986.00,999.00,18.87,1736.40,18.90,7.17
2026-06-09T08:13:21,1,3.66,33300.00,20.84,15986.00,999.00,18.87,1737.40,18.91,7.18
2026-06-09T08:13:21,1,3.68,33350.00,20.87,16009.00,999.00,18.87,1738.70,18.91,7.19
2026-06-09T08:13:22,1,3.70,33350.00,20.87,16009.00,999.00,18.88,1738.70,18.91,7.19
2026-06-09T08:13:22,1,3.68,33350.00,20.87,16009.00,999.00,18.87,1740.00,18.91,7.20
2026-06-09T08:13:22,1,3.68,33350.00,20.87,16009.00,999.00,18.87,1740.30,18.91,7.21
2026-06-09T08:13:22,1,3.68,33350.00,20.87,16009.00,999.00,18.87,1742.70,18.91,7.23
2026-06-09T08:13:22,1,3.69,33350.00,20.87,16011.00,999.00,18.88,1744.40,18.91,7.25
2026-06-09T08:13:23,1,3.68,33350.00,20.87,16011.00,999.00,18.87,1743.50,18.91,7.24
2026-06-09T08:13:23,1,3.67,33350.00,20.87,16011.00,999.00,18.87,1744.40,18.91,7.25
2026-06-09T08:13:23,1,3.68,33350.00,20.87,16011.00,999.00,18.87,1744.90,18.91,7.25
2026-06-09T08:13:23,1,3.67,33350.00,20.87,16011.00,999.00,18.87,1745.30,18.91,7.26
2026-06-09T08:13:24,1,3.67,33370.00,20.88,16018.00,999.00,18.87,1746.80,18.91,7.27
2026-06-09T08:13:24,1,3.70,33370.00,20.88,16018.00,999.00,18.87,1747.50,18.91,7.28
2026-06-09T08:13:24,1,3.70,33370.00,20.88,16018.00,999.00,18.87,1747.90,18.91,7.28
2026-06-09T08:13:24,1,3.66,33370.00,20.88,16018.00,999.00,18.86,1748.80,18.91,7.29
2026-06-09T08:13:24,1,3.66,33370.00,20.88,16018.00,999.00,18.87,1750.10,18.90,7.30
2026-06-09T08:13:25,1,3.68,33350.00,20.87,16011.00,999.00,18.87,1751.00,18.91,7.31
2026-06-09T08:13:25,1,3.68,33350.00,20.87,16011.00,999.00,18.87,1751.30,18.90,7.32
2026-06-09T08:13:25,1,3.68,33350.00,20.87,16011.00,999.00,18.87,1752.30,18.90,7.33
2026-06-09T08:13:25,1,3.68,33350.00,20.87,16011.00,999.00,18.87,1753.10,18.90,7.33
2026-06-09T08:13:25,1,3.68,33340.00,20.87,16005.00,999.00,18.87,1753.30,18.90,7.34
2026-06-09T08:13:26,1,3.68,33340.00,20.87,16005.00,999.00,18.87,1754.70,18.91,7.35
2026-06-09T08:13:26,1,3.67,33340.00,20.87,16005.00,999.00,18.87,1755.10,18.90,7.35
2026-06-09T08:13:26,1,3.66,33340.00,20.87,16005.00,999.00,18.86,1755.70,18.90,7.36
2026-06-09T08:13:26,1,3.68,33340.00,20.87,16005.00,999.00,18.86,1757.20,18.90,7.37
2026-06-09T08:13:26,1,3.70,33330.00,20.86,16003.00,999.00,18.87,1757.90,18.90,7.38
2026-06-09T08:13:27,1,3.68,33330.00,20.86,16003.00,999.00,18.87,1757.70,18.90,7.38
2026-06-09T08:13:27,1,3.70,33330.00,20.86,16003.00,999.00,18.87,1758.20,18.90,7.38
2026-06-09T08:13:27,1,3.68,33330.00,20.86,16003.00,999.00,18.87,1758.80,18.90,7.39
2026-06-09T08:13:27,1,3.66,33330.00,20.86,16003.00,999.00,18.87,1759.30,18.90,7.40
2026-06-09T08:13:27,1,3.68,33330.00,20.86,15998.00,999.00,18.87,1760.10,18.90,7.40
2026-06-09T08:13:28,1,3.70,33330.00,20.86,15998.00,999.00,18.87,1760.90,18.90,7.41
2026-06-09T08:13:28,1,3.68,33330.00,20.86,15998.00,999.00,18.86,1762.00,18.90,7.42
2026-06-09T08:13:28,1,3.68,33330.00,20.86,15998.00,999.00,18.87,1762.30,18.90,7.43
2026-06-09T08:13:28,1,3.66,33330.00,20.86,15998.00,999.00,18.86,1763.70,18.90,7.44
2026-06-09T08:13:28,1,3.67,33340.00,20.87,16008.00,999.00,18.87,1764.30,18.90,7.45
2026-06-09T08:13:29,1,3.70,33340.00,20.87,16008.00,999.00,18.87,1764.90,18.90,7.45
2026-06-09T08:13:29,1,3.68,33340.00,20.87,16008.00,999.00,18.87,1765.50,18.90,7.46
2026-06-09T08:13:29,1,3.67,33340.00,20.87,16008.00,999.00,18.88,1766.30,18.90,7.47
2026-06-09T08:13:29,1,3.68,33330.00,20.86,16003.00,999.00,18.87,1767.30,18.90,7.47
2026-06-09T08:13:30,1,3.69,33330.00,20.86,16003.00,999.00,18.86,1768.30,18.90,7.48
2026-06-09T08:13:30,1,3.68,33330.00,20.86,16003.00,999.00,18.86,1768.00,18.89,7.48
2026-06-09T08:13:30,1,3.66,33330.00,20.86,16003.00,999.00,18.86,1768.60,18.90,7.49
2026-06-09T08:13:30,1,3.68,33330.00,20.86,16003.00,999.00,18.86,1768.30,18.90,7.48
2026-06-09T08:13:30,1,3.70,33340.00,20.86,16004.00,999.00,18.86,1770.00,18.90,7.50
2026-06-09T08:13:31,1,3.69,33340.00,20.86,16004.00,999.00,18.86,1771.30,18.90,7.51
2026-06-09T08:13:31,1,3.70,33340.00,20.86,16004.00,999.00,18.87,1771.10,18.90,7.51
2026-06-09T08:13:31,1,3.68,33340.00,20.86,16004.00,999.00,18.87,1771.60,18.89,7.52
2026-06-09T08:13:31,1,3.68,33340.00,20.86,16004.00,999.00,18.87,1772.90,18.90,7.53
2026-06-09T08:13:31,1,3.70,33370.00,20.88,16018.00,999.00,18.87,1773.30,18.90,7.53
2026-06-09T08:13:32,1,3.68,33370.00,20.88,16018.00,999.00,18.87,1774.70,18.90,7.55
2026-06-09T08:13:32,1,3.69,33370.00,20.88,16018.00,999.00,18.86,1776.00,18.89,7.56
2026-06-09T08:13:32,1,3.68,33370.00,20.88,16018.00,999.00,18.87,1776.30,18.90,7.56
2026-06-09T08:13:32,1,3.68,33370.00,20.88,16018.00,999.00,18.86,1777.60,18.89,7.58
2026-06-09T08:13:32,1,3.69,33380.00,20.89,16024.00,999.00,18.86,1777.90,18.89,7.58
2026-06-09T08:13:33,1,3.69,33380.00,20.89,16024.00,999.00,18.86,1779.20,18.89,7.59
2026-06-09T08:13:33,1,3.66,33380.00,20.89,16024.00,999.00,18.86,1779.60,18.90,7.60
2026-06-09T08:13:33,1,3.67,33380.00,20.89,16024.00,999.00,18.87,1780.20,18.89,7.60
2026-06-09T08:13:33,1,3.68,33370.00,20.88,16018.00,999.00,18.86,1780.70,18.89,7.61
2026-06-09T08:13:34,1,3.66,33370.00,20.88,16018.00,999.00,18.86,1781.50,18.90,7.62
2026-06-09T08:13:34,1,3.68,33370.00,20.88,16018.00,999.00,18.87,1782.40,18.88,7.62
2026-06-09T08:13:34,1,3.68,33370.00,20.88,16018.00,999.00,18.86,1782.50,18.89,7.63
2026-06-09T08:13:34,1,3.65,33370.00,20.88,16018.00,999.00,18.86,1783.00,18.89,7.63
2026-06-09T08:13:34,1,3.69,33350.00,20.87,16011.00,999.00,18.86,1783.10,18.89,7.63
2026-06-09T08:13:35,1,3.70,33350.00,20.87,16011.00,999.00,18.86,1783.80,18.89,7.64
2026-06-09T08:13:35,1,3.66,33350.00,20.87,16011.00,999.00,18.86,1783.50,18.89,7.64
2026-06-09T08:13:35,1,3.68,33350.00,20.87,16011.00,999.00,18.87,1784.40,18.89,7.64
2026-06-09T08:13:35,1,3.67,33350.00,20.87,16011.00,999.00,18.86,1785.20,18.89,7.65
2026-06-09T08:13:35,1,3.68,33360.00,20.88,16013.00,999.00,18.86,1785.60,18.89,7.66
2026-06-09T08:13:36,1,3.68,33360.00,20.88,16013.00,999.00,18.86,1785.80,18.89,7.66
2026-06-09T08:13:36,1,3.68,33360.00,20.88,16013.00,999.00,18.87,1786.40,18.89,7.66
2026-06-09T08:13:36,1,3.68,33360.00,20.88,16013.00,999.00,18.86,1786.80,18.89,7.67
2026-06-09T08:13:36,1,3.68,33370.00,20.88,16018.00,999.00,18.86,1787.80,18.89,7.68
2026-06-09T08:13:36,1,3.70,33370.00,20.88,16018.00,999.00,18.86,1787.90,18.89,7.68
2026-06-09T08:13:37,1,3.70,33370.00,20.88,16018.00,999.00,18.86,1787.60,18.89,7.68
2026-06-09T08:13:37,1,3.68,33370.00,20.88,16018.00,999.00,18.86,1788.40,18.89,7.68
2026-06-09T08:13:37,1,3.68,33370.00,20.88,16018.00,999.00,18.87,1788.70,18.89,7.69
2026-06-09T08:13:37,1,3.68,33380.00,20.89,16023.00,999.00,18.86,1788.70,18.89,7.69
2026-06-09T08:13:37,1,3.68,33380.00,20.89,16023.00,999.00,18.86,1789.50,18.89,7.69
2026-06-09T08:13:38,1,3.70,33380.00,20.89,16023.00,999.00,18.86,1790.30,18.89,7.70
2026-06-09T08:13:38,1,3.68,33380.00,20.89,16023.00,999.00,18.86,1790.50,18.89,7.70
2026-06-09T08:13:38,1,3.68,33380.00,20.89,16023.00,999.00,18.86,1791.10,18.89,7.71
2026-06-09T08:13:38,1,3.70,33370.00,20.89,16022.00,999.00,18.86,1791.50,18.89,7.71
2026-06-09T08:13:39,1,3.70,33370.00,20.89,16022.00,999.00,18.86,1792.20,18.89,7.72
2026-06-09T08:13:39,1,3.69,33370.00,20.89,16022.00,999.00,18.86,1792.60,18.89,7.73
2026-06-09T08:13:39,1,3.67,33370.00,20.89,16022.00,999.00,18.86,1794.40,18.89,7.74
2026-06-09T08:13:39,1,3.68,33370.00,20.89,16022.00,999.00,18.86,1795.80,18.89,7.76
2026-06-09T08:13:39,1,3.68,33390.00,20.90,16031.00,999.00,18.86,1796.60,18.89,7.77
2026-06-09T08:13:40,1,3.68,33390.00,20.90,16031.00,999.00,18.86,1797.80,18.89,7.78
2026-06-09T08:13:40,1,3.68,33390.00,20.90,16031.00,999.00,18.86,1798.70,18.89,7.79
2026-06-09T08:13:40,1,3.68,33390.00,20.90,16031.00,999.00,18.86,1798.60,18.89,7.79
2026-06-09T08:13:40,1,3.68,33410.00,20.92,16040.00,999.00,18.86,1799.50,18.89,7.79
2026-06-09T08:13:40,1,3.69,33410.00,20.92,16040.00,999.00,18.86,1800.10,18.89,7.80
2026-06-09T08:13:41,1,3.69,33410.00,20.92,16040.00,999.00,18.86,1801.70,18.89,7.82
2026-06-09T08:13:41,1,3.66,33410.00,20.92,16040.00,999.00,18.86,1803.00,18.89,7.83
2026-06-09T08:13:41,1,3.67,33410.00,20.92,16040.00,999.00,18.86,1803.00,18.89,7.83
2026-06-09T08:13:41,1,3.68,33410.00,20.91,16037.00,999.00,18.86,1803.00,18.89,7.83
2026-06-09T08:13:41,1,3.68,33410.00,20.91,16037.00,999.00,18.86,1803.60,18.89,7.83
2026-06-09T08:13:42,1,3.70,33410.00,20.91,16037.00,999.00,18.86,1804.60,18.89,7.84
2026-06-09T08:13:42,1,3.68,33410.00,20.91,16037.00,999.00,18.86,1804.80,18.89,7.85
2026-06-09T08:13:42,1,3.67,33410.00,20.91,16037.00,999.00,18.86,1805.70,18.89,7.86
2026-06-09T08:13:42,1,3.68,33400.00,20.91,16036.00,999.00,18.86,1806.10,18.89,7.86
2026-06-09T08:13:42,1,3.69,33400.00,20.91,16036.00,999.00,18.86,1806.30,18.89,7.86
2026-06-09T08:13:43,1,3.68,33400.00,20.91,16036.00,999.00,18.86,1807.50,18.89,7.87
2026-06-09T08:13:43,1,3.68,33400.00,20.91,16036.00,999.00,18.86,1808.90,18.89,7.89
2026-06-09T08:13:43,1,3.68,33400.00,20.91,16036.00,999.00,18.86,1810.40,18.89,7.90
2026-06-09T08:13:43,1,3.68,33400.00,20.91,16034.00,999.00,18.86,1811.20,18.88,7.91
2026-06-09T08:13:43,1,3.70,33400.00,20.91,16034.00,999.00,18.86,1812.10,18.89,7.92
2026-06-09T08:13:44,1,3.66,33400.00,20.91,16034.00,999.00,18.86,1812.60,18.89,7.92
2026-06-09T08:13:44,1,3.68,33400.00,20.91,16034.00,999.00,18.86,1812.90,18.89,7.93
2026-06-09T08:13:44,1,3.66,33420.00,20.92,16042.00,999.00,18.86,1813.00,18.89,7.93
2026-06-09T08:13:44,1,3.67,33420.00,20.92,16042.00,999.00,18.86,1813.60,18.89,7.93
2026-06-09T08:13:45,1,3.68,33420.00,20.92,16042.00,999.00,18.86,1813.90,18.89,7.94
2026-06-09T08:13:45,1,3.68,33420.00,20.92,16042.00,999.00,18.86,1815.60,18.89,7.95
2026-06-09T08:13:45,1,3.68,33420.00,20.92,16042.00,999.00,18.86,1816.20,18.89,7.96
2026-06-09T08:13:45,1,3.68,33450.00,20.94,16058.00,999.00,18.86,1817.60,18.88,7.97
2026-06-09T08:13:45,1,3.68,33450.00,20.94,16058.00,999.00,18.86,1819.40,18.88,7.99
2026-06-09T08:13:46,1,3.68,33450.00,20.94,16058.00,999.00,18.86,1820.40,18.88,8.00
2026-06-09T08:13:46,1,3.67,33450.00,20.94,16058.00,999.00,18.86,1821.90,18.88,8.02
2026-06-09T08:13:46,1,3.66,33450.00,20.94,16058.00,999.00,18.86,1822.80,18.88,8.02
2026-06-09T08:13:46,1,3.68,33510.00,20.98,16088.00,999.00,18.85,1822.70,18.88,8.02
2026-06-09T08:13:46,1,3.70,33510.00,20.98,16088.00,999.00,18.86,1823.60,18.87,8.03
2026-06-09T08:13:47,1,3.66,33510.00,20.98,16088.00,999.00,18.86,1823.90,18.88,8.04
2026-06-09T08:13:47,1,3.65,33510.00,20.98,16088.00,999.00,18.85,1825.20,18.88,8.05
2026-06-09T08:13:47,1,3.70,33520.00,20.99,16091.00,999.00,18.85,1825.80,18.88,8.05
2026-06-09T08:13:47,1,3.68,33520.00,20.99,16091.00,999.00,18.85,1827.10,18.88,8.07
2026-06-09T08:13:48,1,3.68,33520.00,20.99,16091.00,999.00,18.85,1827.70,18.88,8.07
2026-06-09T08:13:48,1,3.66,33520.00,20.99,16091.00,999.00,18.84,1828.90,18.88,8.09
2026-06-09T08:13:48,1,3.67,33520.00,20.99,16091.00,999.00,18.85,1828.30,18.88,8.08
2026-06-09T08:13:48,1,3.68,33550.00,21.01,16108.00,999.00,18.85,1829.30,18.88,8.09
2026-06-09T08:13:48,1,3.68,33550.00,21.01,16108.00,999.00,18.85,1830.00,18.88,8.10
2026-06-09T08:13:49,1,3.68,33550.00,21.01,16108.00,999.00,18.85,1830.80,18.88,8.10
2026-06-09T08:13:49,1,3.66,33550.00,21.01,16108.00,999.00,18.85,1831.70,18.88,8.11
2026-06-09T08:13:49,1,3.68,33550.00,21.01,16108.00,999.00,18.84,1833.50,18.88,8.13
2026-06-09T08:13:49,1,3.68,33550.00,21.01,16107.00,999.00,18.85,1835.00,18.88,8.15
2026-06-09T08:13:49,1,3.68,33550.00,21.01,16107.00,999.00,18.84,1835.20,18.88,8.15
2026-06-09T08:13:50,1,3.66,33550.00,21.01,16107.00,999.00,18.85,1835.70,18.88,8.15
2026-06-09T08:13:50,1,3.68,33550.00,21.01,16107.00,999.00,18.84,1836.80,18.88,8.16
2026-06-09T08:13:50,1,3.67,33550.00,21.01,16104.00,999.00,18.84,1837.00,18.88,8.17
2026-06-09T08:13:50,1,3.67,33550.00,21.01,16104.00,999.00,18.84,1837.20,18.88,8.17
2026-06-09T08:13:50,1,3.70,33550.00,21.01,16104.00,999.00,18.84,1838.30,18.88,8.18
2026-06-09T08:13:51,1,3.68,33550.00,21.01,16104.00,999.00,18.84,1839.40,18.88,8.19
2026-06-09T08:13:51,1,3.68,33550.00,21.01,16104.00,999.00,18.84,1841.50,18.87,8.21
2026-06-09T08:13:51,1,3.70,33560.00,21.02,16111.00,999.00,18.84,1842.50,18.87,8.22
2026-06-09T08:13:51,1,3.68,33560.00,21.02,16111.00,999.00,18.84,1844.00,18.87,8.24
2026-06-09T08:13:51,1,3.70,33560.00,21.02,16111.00,999.00,18.84,1845.00,18.88,8.24
2026-06-09T08:13:52,1,3.66,33560.00,21.02,16111.00,999.00,18.84,1845.70,18.87,8.25
2026-06-09T08:13:52,1,3.66,33560.00,21.02,16111.00,999.00,18.84,1845.80,18.87,8.25
2026-06-09T08:13:52,1,3.70,33580.00,21.03,16122.00,999.00,18.84,1846.70,18.87,8.26
2026-06-09T08:13:52,1,3.69,33580.00,21.03,16122.00,999.00,18.83,1847.90,18.87,8.27
2026-06-09T08:13:53,1,3.67,33580.00,21.03,16122.00,999.00,18.84,1849.40,18.87,8.29
2026-06-09T08:13:53,1,3.68,33580.00,21.03,16122.00,999.00,18.84,1849.90,18.87,8.29
2026-06-09T08:13:53,1,3.67,33580.00,21.03,16122.00,999.00,18.83,1849.70,18.87,8.29
2026-06-09T08:13:53,1,3.70,33580.00,21.03,16123.00,999.00,18.84,1850.90,18.87,8.30
2026-06-09T08:13:53,1,3.70,33580.00,21.03,16123.00,999.00,18.84,1851.90,18.87,8.31
2026-06-09T08:13:54,1,3.70,33580.00,21.03,16123.00,999.00,18.83,1853.40,18.87,8.33
2026-06-09T08:13:54,1,3.67,33580.00,21.03,16123.00,999.00,18.84,1853.40,18.87,8.33
2026-06-09T08:13:54,1,3.66,33610.00,21.05,16134.00,999.00,18.83,1853.40,18.87,8.33
2026-06-09T08:13:54,1,3.68,33610.00,21.05,16134.00,999.00,18.84,1853.40,18.87,8.33
2026-06-09T08:13:54,1,3.70,33610.00,21.05,16134.00,999.00,18.83,1854.00,18.87,8.33
2026-06-09T08:13:55,1,3.66,33610.00,21.05,16134.00,999.00,18.84,1855.00,18.87,8.34
2026-06-09T08:13:55,1,3.68,33610.00,21.05,16134.00,999.00,18.83,1856.00,18.87,8.35
2026-06-09T08:13:55,1,3.68,33580.00,21.03,16121.00,999.00,18.83,1856.00,18.87,8.35
2026-06-09T08:13:55,1,3.68,33580.00,21.03,16121.00,999.00,18.84,1856.00,18.87,8.35
2026-06-09T08:13:55,1,3.68,33580.00,21.03,16121.00,999.00,18.83,1856.50,18.87,8.36
2026-06-09T08:13:56,1,3.68,33580.00,21.03,16121.00,999.00,18.83,1857.10,18.87,8.36
2026-06-09T08:13:56,1,3.66,33580.00,21.03,16121.00,999.00,18.83,1857.90,18.87,8.37
2026-06-09T08:13:56,1,3.70,33580.00,21.03,16121.00,999.00,18.84,1858.10,18.87,8.37
2026-06-09T08:13:56,1,3.68,33580.00,21.03,16121.00,999.00,18.83,1859.20,18.86,8.39
2026-06-09T08:13:56,1,3.70,33580.00,21.03,16121.00,999.00,18.83,1858.50,18.86,8.38
2026-06-09T08:13:57,1,3.66,33580.00,21.03,16121.00,999.00,18.84,1859.10,18.86,8.38
2026-06-09T08:13:57,1,3.66,33580.00,21.03,16121.00,999.00,18.84,1859.70,18.86,8.39
2026-06-09T08:13:57,1,3.70,33580.00,21.03,16119.00,999.00,18.84,1860.30,18.87,8.40
2026-06-09T08:13:57,1,3.70,33580.00,21.03,16119.00,999.00,18.84,1860.70,18.87,8.40
2026-06-09T08:13:57,1,3.70,33580.00,21.03,16119.00,999.00,18.82,1861.20,18.86,8.41
2026-06-09T08:13:58,1,3.68,33580.00,21.03,16119.00,999.00,18.83,1861.50,18.86,8.41
2026-06-09T08:13:58,1,3.68,33580.00,21.03,16123.00,999.00,18.84,1862.30,18.86,8.42
2026-06-09T08:13:58,1,3.68,33580.00,21.03,16123.00,999.00,18.83,1863.10,18.86,8.42
2026-06-09T08:13:58,1,3.69,33580.00,21.03,16123.00,999.00,18.83,1863.90,18.85,8.43
2026-06-09T08:13:59,1,3.68,33580.00,21.03,16123.00,999.00,18.83,1864.90,18.86,8.44
2026-06-09T08:13:59,1,3.66,33580.00,21.03,16123.00,999.00,18.83,1866.00,18.86,8.45
2026-06-09T08:13:59,1,3.70,33580.00,21.03,16121.00,999.00,18.83,1866.60,18.86,8.46
2026-06-09T08:13:59,1,3.70,33580.00,21.03,16121.00,999.00,18.83,1868.30,18.85,8.48
2026-06-09T08:13:59,1,3.67,33580.00,21.03,16121.00,999.00,18.83,1869.30,18.86,8.49
2026-06-09T08:14:00,1,3.67,33580.00,21.03,16121.00,999.00,18.84,1869.40,18.86,8.49
2026-06-09T08:14:00,1,3.66,33610.00,21.05,16135.00,999.00,18.83,1869.90,18.86,8.49
2026-06-09T08:14:00,1,3.70,33610.00,21.05,16135.00,999.00,18.83,1870.90,18.86,8.50
2026-06-09T08:14:00,1,3.68,33610.00,21.05,16135.00,999.00,18.82,1871.20,18.86,8.50
2026-06-09T08:14:00,1,3.67,33610.00,21.05,16135.00,999.00,18.83,1871.90,18.86,8.51
2026-06-09T08:14:01,1,3.66,33610.00,21.05,16135.00,999.00,18.83,1872.10,18.86,8.51
2026-06-09T08:14:01,1,3.67,33610.00,21.05,16134.00,999.00,18.83,1873.50,18.86,8.53
2026-06-09T08:14:01,1,3.68,33610.00,21.05,16134.00,999.00,18.83,1874.20,18.86,8.53
2026-06-09T08:14:01,1,3.67,33610.00,21.05,16134.00,999.00,18.84,1875.30,18.86,8.55
2026-06-09T08:14:02,1,3.69,33610.00,21.05,16134.00,999.00,18.82,1875.20,18.86,8.54
2026-06-09T08:14:02,1,3.65,33610.00,21.05,16134.00,999.00,18.83,1876.50,18.86,8.56
2026-06-09T08:14:02,1,3.67,33600.00,21.05,16132.00,999.00,18.83,1877.20,18.86,8.56
2026-06-09T08:14:02,1,3.68,33600.00,21.05,16132.00,999.00,18.82,1877.50,18.86,8.57
2026-06-09T08:14:02,1,3.70,33600.00,21.05,16132.00,999.00,18.83,1878.00,18.86,8.57
2026-06-09T08:14:03,1,3.68,33600.00,21.05,16132.00,999.00,18.82,1879.30,18.86,8.58
2026-06-09T08:14:03,1,3.67,33600.00,21.05,16132.00,999.00,18.83,1880.50,18.86,8.60
2026-06-09T08:14:03,1,3.70,33590.00,21.04,16123.00,999.00,18.83,1882.20,18.86,8.61
2026-06-09T08:14:03,1,3.70,33590.00,21.04,16123.00,999.00,18.83,1883.20,18.86,8.62
2026-06-09T08:14:03,1,3.70,33590.00,21.04,16123.00,999.00,18.83,1883.70,18.86,8.63
2026-06-09T08:14:04,1,3.66,33590.00,21.04,16123.00,999.00,18.83,1885.20,18.85,8.64
2026-06-09T08:14:04,1,3.68,33610.00,21.05,16135.00,999.00,18.83,1886.30,18.86,8.65
2026-06-09T08:14:04,1,3.68,33610.00,21.05,16135.00,999.00,18.83,1887.30,18.86,8.66
2026-06-09T08:14:04,1,3.69,33610.00,21.05,16135.00,999.00,18.83,1888.80,18.85,8.68
2026-06-09T08:14:04,1,3.68,33610.00,21.05,16135.00,999.00,18.83,1889.60,18.86,8.69
2026-06-09T08:14:05,1,3.68,33610.00,21.05,16135.00,999.00,18.83,1890.30,18.86,8.69
2026-06-09T08:14:05,1,3.69,33600.00,21.05,16131.00,999.00,18.83,1891.10,18.85,8.70
2026-06-09T08:14:05,1,3.70,33600.00,21.05,16131.00,999.00,18.83,1892.00,18.85,8.71
2026-06-09T08:14:05,1,3.68,33600.00,21.05,16131.00,999.00,18.83,1892.60,18.86,8.72
2026-06-09T08:14:05,1,3.68,33600.00,21.05,16131.00,999.00,18.83,1892.50,18.85,8.72
2026-06-09T08:14:06,1,3.68,33600.00,21.05,16131.00,999.00,18.83,1893.10,18.86,8.72
2026-06-09T08:14:06,1,3.70,33590.00,21.04,16127.00,999.00,18.83,1893.30,18.85,8.72
2026-06-09T08:14:06,1,3.67,33590.00,21.04,16127.00,999.00,18.83,1893.80,18.85,8.73
2026-06-09T08:14:06,1,3.70,33590.00,21.04,16127.00,999.00,18.83,1894.00,18.86,8.73
2026-06-09T08:14:06,1,3.66,33590.00,21.04,16127.00,999.00,18.84,1895.40,18.85,8.74
2026-06-09T08:14:07,1,3.67,33590.00,21.04,16127.00,999.00,18.83,1895.70,18.85,8.75
2026-06-09T08:14:07,1,3.68,33610.00,21.05,16133.00,999.00,18.83,1896.10,18.85,8.75
2026-06-09T08:14:07,1,3.69,33610.00,21.05,16133.00,999.00,18.83,1897.20,18.85,8.76
2026-06-09T08:14:07,1,3.70,33610.00,21.05,16133.00,999.00,18.83,1898.80,18.85,8.78
2026-06-09T08:14:08,1,3.63,33610.00,21.05,16133.00,999.00,18.83,1898.10,18.85,8.77
2026-06-09T08:14:08,1,3.66,33630.00,21.07,16145.00,999.00,18.83,1899.60,18.85,8.79
2026-06-09T08:14:08,1,3.66,33630.00,21.07,16145.00,999.00,18.82,1900.80,18.85,8.80
2026-06-09T08:14:08,1,3.68,33630.00,21.07,16145.00,999.00,18.83,1901.70,18.85,8.81
2026-06-09T08:14:08,1,3.66,33630.00,21.07,16145.00,999.00,18.82,1902.80,18.85,8.82
2026-06-09T08:14:09,1,3.67,33630.00,21.07,16145.00,999.00,18.83,1903.00,18.85,8.82
2026-06-09T08:14:09,1,3.69,33620.00,21.06,16138.00,999.00,18.82,1904.30,18.85,8.83
2026-06-09T08:14:09,1,3.69,33620.00,21.06,16138.00,999.00,18.82,1905.70,18.85,8.85
2026-06-09T08:14:09,1,3.70,33620.00,21.06,16138.00,999.00,18.83,1906.50,18.85,8.85
2026-06-09T08:14:09,1,3.68,33620.00,21.06,16138.00,999.00,18.83,1907.00,18.85,8.86
2026-06-09T08:14:10,1,3.68,33620.00,21.06,16138.00,999.00,18.83,1907.80,18.85,8.87
2026-06-09T08:14:10,1,3.68,33590.00,21.04,16126.00,999.00,18.83,1909.00,18.85,8.88
2026-06-09T08:14:10,1,3.70,33590.00,21.04,16126.00,999.00,18.83,1910.00,18.85,8.89
2026-06-09T08:14:10,1,3.70,33590.00,21.04,16126.00,999.00,18.83,1910.90,18.85,8.90
2026-06-09T08:14:10,1,3.66,33590.00,21.04,16126.00,999.00,18.83,1912.10,18.85,8.91
2026-06-09T08:14:11,1,3.68,33590.00,21.04,16126.00,999.00,18.82,1913.90,18.85,8.93
2026-06-09T08:14:11,1,3.70,33600.00,21.05,16132.00,999.00,18.83,1915.40,18.85,8.94
2026-06-09T08:14:11,1,3.68,33600.00,21.05,16132.00,999.00,18.82,1915.90,18.85,8.95
2026-06-09T08:14:11,1,3.68,33600.00,21.05,16132.00,999.00,18.82,1916.90,18.85,8.96
2026-06-09T08:14:12,1,3.68,33600.00,21.05,16132.00,999.00,18.83,1918.30,18.84,8.97
2026-06-09T08:14:12,1,3.67,33620.00,21.06,16139.00,999.00,18.83,1919.40,18.85,8.98
2026-06-09T08:14:12,1,3.70,33620.00,21.06,16139.00,999.00,18.83,1921.00,18.84,9.00
2026-06-09T08:14:12,1,3.68,33620.00,21.06,16139.00,999.00,18.82,1922.60,18.85,9.01
2026-06-09T08:14:12,1,3.66,33620.00,21.06,16139.00,999.00,18.83,1923.50,18.85,9.02
2026-06-09T08:14:13,1,3.68,33620.00,21.06,16139.00,999.00,18.83,1924.60,18.85,9.03
2026-06-09T08:14:13,1,3.68,33620.00,21.06,16139.00,999.00,18.82,1926.60,18.85,9.05
2026-06-09T08:14:13,1,3.69,33620.00,21.06,16139.00,999.00,18.83,1928.10,18.85,9.07
2026-06-09T08:14:13,1,3.69,33620.00,21.06,16139.00,999.00,18.82,1929.50,18.85,9.08
2026-06-09T08:14:13,1,3.66,33620.00,21.06,16139.00,999.00,18.82,1930.50,18.85,9.09
2026-06-09T08:14:14,1,3.69,33620.00,21.06,16139.00,999.00,18.83,1931.70,18.85,9.10
2026-06-09T08:14:14,1,3.70,33620.00,21.06,16138.00,999.00,18.83,1933.60,18.85,9.12
2026-06-09T08:14:14,1,3.67,33620.00,21.06,16138.00,999.00,18.83,1935.80,18.85,9.14
2026-06-09T08:14:14,1,3.68,33620.00,21.06,16138.00,999.00,18.83,1937.00,18.85,9.16
2026-06-09T08:14:14,1,3.66,33620.00,21.06,16138.00,999.00,18.83,1938.10,18.85,9.17
2026-06-09T08:14:15,1,3.66,33640.00,21.07,16147.00,999.00,18.82,1939.80,18.85,9.18
2026-06-09T08:14:15,1,3.70,33640.00,21.07,16147.00,999.00,18.83,1941.20,18.85,9.20
2026-06-09T08:14:15,1,3.70,33640.00,21.07,16147.00,999.00,18.83,1942.70,18.85,9.21
2026-06-09T08:14:15,1,3.64,33640.00,21.07,16147.00,999.00,18.82,1945.00,18.85,9.24
2026-06-09T08:14:15,1,3.68,33640.00,21.07,16147.00,999.00,18.83,1945.80,18.85,9.24
2026-06-09T08:14:16,1,3.70,33630.00,21.06,16143.00,999.00,18.83,1946.70,18.85,9.25
2026-06-09T08:14:16,1,3.70,33630.00,21.06,16143.00,999.00,18.83,1947.70,18.85,9.26
2026-06-09T08:14:16,1,3.70,33630.00,21.06,16143.00,999.00,18.82,1948.10,18.85,9.27
2026-06-09T08:14:16,1,3.67,33630.00,21.06,16143.00,999.00,18.82,1948.50,18.85,9.27
2026-06-09T08:14:17,1,3.66,33630.00,21.06,16143.00,999.00,18.83,1949.60,18.85,9.28
2026-06-09T08:14:17,1,3.68,33620.00,21.06,16140.00,999.00,18.82,1949.40,18.85,9.28
2026-06-09T08:14:17,1,3.66,33620.00,21.06,16140.00,999.00,18.82,1950.60,18.85,9.29
2026-06-09T08:14:17,1,3.69,33620.00,21.06,16140.00,999.00,18.83,1950.80,18.85,9.29
2026-06-09T08:14:17,1,3.68,33620.00,21.06,16140.00,999.00,18.83,1951.00,18.85,9.30
2026-06-09T08:14:18,1,3.68,33620.00,21.06,16140.00,999.00,18.83,1952.60,18.85,9.31
2026-06-09T08:14:18,1,3.68,33620.00,21.06,16139.00,999.00,18.83,1953.20,18.84,9.32
2026-06-09T08:14:18,1,3.68,33620.00,21.06,16139.00,999.00,18.83,1954.00,18.85,9.33
2026-06-09T08:14:18,1,3.70,33620.00,21.06,16139.00,999.00,18.82,1955.40,18.85,9.34
2026-06-09T08:14:18,1,3.69,33620.00,21.06,16139.00,999.00,18.83,1955.80,18.85,9.34
2026-06-09T08:14:19,1,3.68,33640.00,21.07,16148.00,999.00,18.82,1956.30,18.85,9.35
2026-06-09T08:14:19,1,3.67,33640.00,21.07,16148.00,999.00,18.82,1957.60,18.85,9.36
2026-06-09T08:14:19,1,3.69,33640.00,21.07,16148.00,999.00,18.82,1957.70,18.85,9.36
2026-06-09T08:14:19,1,3.66,33640.00,21.07,16148.00,999.00,18.82,1958.60,18.85,9.37
2026-06-09T08:14:19,1,3.68,33640.00,21.07,16148.00,999.00,18.82,1959.70,18.84,9.38
2026-06-09T08:14:20,1,3.68,33640.00,21.08,16152.00,999.00,18.82,1960.10,18.84,9.39
2026-06-09T08:14:20,1,3.70,33640.00,21.08,16152.00,999.00,18.82,1961.00,18.84,9.39
2026-06-09T08:14:20,1,3.70,33640.00,21.08,16152.00,999.00,18.82,1962.60,18.85,9.41
2026-06-09T08:14:20,1,3.66,33640.00,21.08,16152.00,999.00,18.83,1963.20,18.85,9.42
2026-06-09T08:14:20,1,3.67,33640.00,21.08,16152.00,999.00,18.83,1962.50,18.85,9.41
2026-06-09T08:14:21,1,3.70,33610.00,21.06,16137.00,999.00,18.83,1963.20,18.85,9.42
2026-06-09T08:14:21,1,3.67,33610.00,21.06,16137.00,999.00,18.83,1963.50,18.84,9.42
2026-06-09T08:14:21,1,3.70,33610.00,21.06,16137.00,999.00,18.83,1964.00,18.85,9.42
2026-06-09T08:14:21,1,3.68,33610.00,21.06,16137.00,999.00,18.83,1965.40,18.84,9.44
2026-06-09T08:14:21,1,3.66,33610.00,21.06,16137.00,999.00,18.83,1965.70,18.84,9.44
2026-06-09T08:14:22,1,3.68,33630.00,21.07,16145.00,999.00,18.83,1966.40,18.84,9.45
2026-06-09T08:14:22,1,3.68,33630.00,21.07,16145.00,999.00,18.82,1967.40,18.85,9.46
2026-06-09T08:14:22,1,3.69,33630.00,21.07,16145.00,999.00,18.83,1968.50,18.84,9.47
2026-06-09T08:14:22,1,3.69,33630.00,21.07,16145.00,999.00,18.83,1969.40,18.85,9.48
2026-06-09T08:14:23,1,3.68,33630.00,21.07,16145.00,999.00,18.83,1969.80,18.84,9.48
2026-06-09T08:14:23,1,3.67,33630.00,21.07,16145.00,999.00,18.83,1970.90,18.85,9.49
2026-06-09T08:14:23,1,3.68,33630.00,21.07,16145.00,999.00,18.83,1972.40,18.84,9.51
2026-06-09T08:14:23,1,3.66,33630.00,21.07,16145.00,999.00,18.83,1973.20,18.84,9.52
2026-06-09T08:14:23,1,3.66,33630.00,21.07,16145.00,999.00,18.83,1973.90,18.85,9.52
2026-06-09T08:14:24,1,3.68,33620.00,21.06,16140.00,999.00,18.83,1973.80,18.84,9.52
2026-06-09T08:14:24,1,3.68,33620.00,21.06,16140.00,999.00,18.83,1974.20,18.84,9.53
2026-06-09T08:14:24,1,3.68,33620.00,21.06,16140.00,999.00,18.83,1975.20,18.84,9.54
2026-06-09T08:14:24,1,3.68,33620.00,21.06,16140.00,999.00,18.83,1975.00,18.84,9.53
2026-06-09T08:14:24,1,3.68,33620.00,21.06,16140.00,999.00,18.82,1975.00,18.84,9.53
2026-06-09T08:14:25,1,3.68,33620.00,21.06,16140.00,999.00,18.83,1975.30,18.83,9.54
2026-06-09T08:14:25,1,3.68,33620.00,21.06,16140.00,999.00,18.83,1975.40,18.84,9.54
2026-06-09T08:14:25,1,3.66,33620.00,21.06,16140.00,999.00,18.83,1975.50,18.84,9.54
2026-06-09T08:14:25,1,3.68,33620.00,21.06,16140.00,999.00,18.83,1975.60,18.84,9.54
2026-06-09T08:14:26,1,3.71,33620.00,21.06,16141.00,999.00,18.82,1975.30,18.84,9.54
2026-06-09T08:14:26,1,3.69,33620.00,21.06,16141.00,999.00,18.83,1976.50,18.84,9.55
2026-06-09T08:14:26,1,3.68,33620.00,21.06,16141.00,999.00,18.83,1977.60,18.84,9.56
2026-06-09T08:14:26,1,3.66,33620.00,21.06,16141.00,999.00,18.83,1977.60,18.85,9.56
2026-06-09T08:14:26,1,3.65,33620.00,21.06,16141.00,999.00,18.83,1975.00,18.84,9.53
2026-06-09T08:14:27,1,3.70,33620.00,21.06,16141.00,999.00,18.83,1966.90,18.84,9.45
2026-06-09T08:14:27,1,3.67,33620.00,21.06,16141.00,999.00,18.82,1955.10,18.84,9.34
2026-06-09T08:14:27,1,3.69,33620.00,21.06,16141.00,999.00,18.83,1949.20,18.84,9.28
2026-06-09T08:14:27,1,3.68,33620.00,21.06,16141.00,999.00,18.83,1955.10,18.84,9.34
2026-06-09T08:14:27,1,3.65,33620.00,21.06,16141.00,999.00,18.82,1967.80,18.84,9.46
2026-06-09T08:14:28,1,3.69,33640.00,21.07,16149.00,999.00,18.82,1974.60,18.84,9.53
2026-06-09T08:14:28,1,3.70,33640.00,21.07,16149.00,999.00,18.83,1975.70,18.84,9.54
2026-06-09T08:14:28,1,3.68,33640.00,21.07,16149.00,999.00,18.83,1976.20,18.84,9.55
2026-06-09T08:14:28,1,3.66,33640.00,21.07,16149.00,999.00,18.82,1973.60,18.84,9.52
2026-06-09T08:14:28,1,3.68,33620.00,21.06,16140.00,999.00,18.83,1963.10,18.84,9.42
2026-06-09T08:14:29,1,3.67,33620.00,21.06,16140.00,999.00,18.83,1950.50,18.84,9.29
2026-06-09T08:14:29,1,3.70,33620.00,21.06,16140.00,999.00,18.83,1941.00,18.83,9.20
2026-06-09T08:14:29,1,3.68,33620.00,21.06,16140.00,999.00,18.82,1926.50,18.84,9.05
2026-06-09T08:14:29,1,3.68,33620.00,21.06,16140.00,999.00,18.82,1905.40,18.83,8.84
2026-06-09T08:14:29,1,3.69,33620.00,21.06,16138.00,999.00,18.83,1879.60,18.83,8.59
2026-06-09T08:14:30,1,3.70,33620.00,21.06,16138.00,999.00,18.82,1849.40,18.83,8.29
2026-06-09T08:14:30,1,3.68,33620.00,21.06,16138.00,999.00,18.83,1819.20,18.83,7.99
2026-06-09T08:14:30,1,3.68,33620.00,21.06,16138.00,999.00,18.83,1794.70,18.83,7.75
2026-06-09T08:14:30,1,3.67,33620.00,21.06,16138.00,999.00,18.83,1782.70,18.82,7.63
2026-06-09T08:14:31,1,3.68,33600.00,21.05,16130.00,999.00,18.82,1773.90,18.82,7.54
2026-06-09T08:14:31,1,3.69,33600.00,21.05,16130.00,999.00,18.82,1766.10,18.82,7.46
2026-06-09T08:14:31,1,3.68,33600.00,21.05,16130.00,999.00,18.82,1747.70,18.82,7.28
2026-06-09T08:14:31,1,3.68,33600.00,21.05,16130.00,999.00,18.83,1716.50,18.82,6.97
2026-06-09T08:14:31,1,3.68,33600.00,21.05,16130.00,999.00,18.84,1686.90,18.82,6.68
2026-06-09T08:14:32,1,3.67,33460.00,20.95,16064.00,999.00,18.84,1669.10,18.82,6.50
2026-06-09T08:14:32,1,3.70,33460.00,20.95,16064.00,999.00,18.84,1655.50,18.82,6.37
2026-06-09T08:14:32,1,3.70,33460.00,20.95,16064.00,999.00,18.84,1637.80,18.81,6.19
2026-06-09T08:14:32,1,3.66,33460.00,20.95,16064.00,999.00,18.84,1619.30,18.81,6.01
2026-06-09T08:14:32,1,3.68,33300.00,20.84,15985.00,999.00,18.85,1598.00,18.81,5.80
2026-06-09T08:14:33,1,3.68,33300.00,20.84,15985.00,999.00,18.86,1569.80,18.81,5.52
2026-06-09T08:14:33,1,3.67,33300.00,20.84,15985.00,999.00,18.86,1544.00,18.81,5.26
2026-06-09T08:14:33,1,3.68,33300.00,20.84,15985.00,999.00,18.86,1526.50,18.81,5.09
2026-06-09T08:14:33,1,3.68,33300.00,20.84,15985.00,999.00,18.86,1506.60,18.80,4.89
2026-06-09T08:14:33,1,3.68,33060.00,20.67,15872.00,999.00,18.87,1482.70,18.81,4.65
2026-06-09T08:14:34,1,3.69,33060.00,20.67,15872.00,999.00,18.88,1466.50,18.80,4.49
2026-06-09T08:14:34,1,3.67,33060.00,20.67,15872.00,999.00,18.89,1448.80,18.81,4.32
2026-06-09T08:14:34,1,3.66,33060.00,20.67,15872.00,999.00,18.90,1425.70,18.80,4.09
2026-06-09T08:14:34,1,3.66,33060.00,20.67,15872.00,999.00,18.91,1401.60,18.80,3.85
2026-06-09T08:14:34,1,3.67,32090.00,20.01,15407.00,999.00,18.93,1385.80,18.80,3.69
2026-06-09T08:14:35,1,3.68,32090.00,20.01,15407.00,999.00,18.94,1369.90,18.80,3.54
2026-06-09T08:14:35,1,3.69,32090.00,20.01,15407.00,999.00,18.95,1347.50,18.81,3.31
2026-06-09T08:14:35,1,3.66,32090.00,20.01,15407.00,999.00,18.97,1327.70,18.81,3.12
2026-06-09T08:14:35,1,3.69,32090.00,20.01,15407.00,999.00,18.99,1314.60,18.80,2.99
2026-06-09T08:14:35,1,3.67,31190.00,19.39,14976.00,999.00,18.99,1299.00,18.81,2.83
2026-06-09T08:14:36,1,3.70,31190.00,19.39,14976.00,999.00,19.00,1276.60,18.81,2.61
2026-06-09T08:14:36,1,3.70,31190.00,19.39,14976.00,999.00,19.01,1256.70,18.81,2.42
2026-06-09T08:14:36,1,3.68,31190.00,19.39,14976.00,999.00,19.01,1238.00,18.81,2.23
2026-06-09T08:14:36,1,3.68,31010.00,19.27,14888.00,999.00,19.02,1215.30,18.81,2.00
2026-06-09T08:14:37,1,3.67,31010.00,19.27,14888.00,999.00,19.03,1194.80,18.82,1.80
2026-06-09T08:14:37,1,3.69,31010.00,19.27,14888.00,999.00,19.03,1177.40,18.81,1.63
2026-06-09T08:14:37,1,3.66,31010.00,19.27,14888.00,999.00,19.05,1158.60,18.82,1.44
2026-06-09T08:14:37,1,3.66,31010.00,19.27,14888.00,999.00,19.04,1136.90,18.82,1.23
2026-06-09T08:14:37,1,3.70,30940.00,19.21,14851.00,999.00,19.06,1114.80,18.81,1.01
2026-06-09T08:14:38,1,3.68,30940.00,19.21,14851.00,999.00,19.06,1094.70,18.81,0.81
2026-06-09T08:14:38,1,3.69,30940.00,19.21,14851.00,999.00,19.06,1072.10,18.82,0.59
2026-06-09T08:14:38,1,3.68,30940.00,19.21,14851.00,999.00,19.06,1052.10,18.83,0.39
2026-06-09T08:14:38,1,3.66,30880.00,19.18,14824.00,999.00,19.08,1036.90,18.83,0.24
2026-06-09T08:14:38,1,3.70,30880.00,19.18,14824.00,999.00,19.08,1020.40,18.83,0.07
2026-06-09T08:14:39,1,3.70,30880.00,19.18,14824.00,999.00,19.09,1014.10,18.83,0.01
2026-06-09T08:14:39,1,3.66,30880.00,19.18,14824.00,999.00,19.09,1013.70,18.84,0.01
2026-06-09T08:14:39,1,3.66,30880.00,19.18,14824.00,999.00,19.09,1014.60,18.84,0.02
2026-06-09T08:14:39,1,3.70,24680.00,15.00,11851.00,999.00,19.08,1014.50,18.85,0.01
2026-06-09T08:14:40,1,3.70,24680.00,15.00,11851.00,999.00,19.06,1014.40,18.85,0.01
2026-06-09T08:14:40,1,3.68,24680.00,15.00,11851.00,999.00,19.04,1014.30,18.85,0.01
2026-06-09T08:14:40,1,3.67,24680.00,15.00,11851.00,999.00,19.00,1014.40,18.86,0.01
2026-06-09T08:14:40,1,3.66,24680.00,15.00,11851.00,999.00,18.98,1014.60,18.85,0.02
2026-06-09T08:14:40,1,3.68,24510.00,14.88,11765.00,999.00,18.93,1014.60,18.86,0.02
2026-06-09T08:14:41,1,3.65,24510.00,14.88,11765.00,999.00,18.91,1014.80,18.86,0.02
2026-06-09T08:14:41,1,3.69,24510.00,14.88,11765.00,999.00,18.87,1014.60,18.86,0.02
2026-06-09T08:14:41,1,3.67,24510.00,14.88,11765.00,999.00,18.85,1014.60,18.86,0.02
2026-06-09T08:14:41,1,3.63,24510.00,14.88,11765.00,999.00,18.82,1014.70,18.87,0.02
2026-06-09T08:14:41,1,3.68,24530.00,14.89,11775.00,999.00,18.79,1014.20,18.87,0.01
2026-06-09T08:14:42,1,3.68,24530.00,14.89,11775.00,999.00,18.76,1014.30,18.87,0.01
2026-06-09T08:14:42,1,3.70,24530.00,14.89,11775.00,999.00,18.73,1014.10,18.87,0.01
2026-06-09T08:14:42,1,3.66,24530.00,14.89,11775.00,999.00,18.71,1014.10,18.87,0.01
2026-06-09T08:14:42,1,3.68,24530.00,14.89,11775.00,999.00,18.68,1014.50,18.88,0.01
2026-06-09T08:14:42,1,3.70,26520.00,16.22,12732.00,999.00,18.67,1016.40,18.88,0.03
2026-06-09T08:14:43,1,3.70,26520.00,16.22,12732.00,999.00,18.72,1015.10,18.88,0.02
2026-06-09T08:14:43,1,3.66,26520.00,16.22,12732.00,999.00,18.78,1014.60,18.88,0.02
2026-06-09T08:14:43,1,3.69,26520.00,16.22,12732.00,999.00,18.83,1014.10,18.88,0.01
2026-06-09T08:14:43,1,3.70,30870.00,19.17,14822.00,999.00,18.86,1014.50,18.88,0.01
2026-06-09T08:14:43,1,3.68,30870.00,19.17,14822.00,999.00,18.89,1014.30,18.88,0.01
2026-06-09T08:14:44,1,3.70,30870.00,19.17,14822.00,999.00,18.91,1014.80,18.88,0.02
2026-06-09T08:14:44,1,3.68,30870.00,19.17,14822.00,999.00,18.94,1016.10,18.89,0.03
2026-06-09T08:14:44,1,3.67,30870.00,19.17,14822.00,999.00,18.96,1015.60,18.88,0.03
2026-06-09T08:14:44,1,3.70,30870.00,19.17,14822.00,999.00,18.98,1014.80,18.88,0.02
2026-06-09T08:14:44,1,3.68,30870.00,19.17,14822.00,999.00,19.00,1014.40,18.89,0.01
2026-06-09T08:14:45,1,3.69,30870.00,19.17,14822.00,999.00,19.01,1014.00,18.89,0.01
2026-06-09T08:14:45,1,3.68,30870.00,19.17,14822.00,999.00,19.02,1014.10,18.89,0.01
2026-06-09T08:14:45,1,3.66,30870.00,19.17,14822.00,999.00,19.02,1014.50,18.89,0.01
2026-06-09T08:14:45,1,3.68,29530.00,18.25,14175.00,999.00,19.04,1014.50,18.89,0.01
2026-06-09T08:14:46,1,3.68,29530.00,18.25,14175.00,999.00,19.05,1015.80,18.89,0.03
2026-06-09T08:14:46,1,3.66,29530.00,18.25,14175.00,999.00,19.06,1016.00,18.89,0.03
2026-06-09T08:14:46,1,3.67,29530.00,18.25,14175.00,999.00,19.07,1017.40,18.90,0.04
2026-06-09T08:14:46,1,3.68,29530.00,18.25,14175.00,999.00,19.08,1016.80,18.90,0.04
2026-06-09T08:14:46,1,3.68,30890.00,19.18,14831.00,999.00,19.10,1016.90,18.90,0.04
2026-06-09T08:14:47,1,3.68,30890.00,19.18,14831.00,999.00,19.11,1018.60,18.90,0.06
2026-06-09T08:14:47,1,3.66,30890.00,19.18,14831.00,999.00,19.10,1019.70,18.90,0.07
2026-06-09T08:14:47,1,3.70,30890.00,19.18,14831.00,999.00,19.11,1020.30,18.90,0.07
2026-06-09T08:14:47,1,3.66,30900.00,19.19,14833.00,999.00,19.11,1019.50,18.90,0.06
2026-06-09T08:14:47,1,3.70,30900.00,19.19,14833.00,999.00,19.13,1019.10,18.91,0.06
2026-06-09T08:14:48,1,3.70,30900.00,19.19,14833.00,999.00,19.13,1019.60,18.91,0.07
2026-06-09T08:14:48,1,3.66,30900.00,19.19,14833.00,999.00,19.13,1018.60,18.91,0.06
2026-06-09T08:14:48,1,3.68,30900.00,19.19,14833.00,999.00,19.13,1017.60,18.91,0.05
2026-06-09T08:14:48,1,3.70,30860.00,19.17,14817.00,999.00,19.14,1018.80,18.92,0.06
2026-06-09T08:14:48,1,3.66,30860.00,19.17,14817.00,999.00,19.13,1020.40,18.92,0.07
2026-06-09T08:14:49,1,3.70,30860.00,19.17,14817.00,999.00,19.13,1020.30,18.92,0.07
2026-06-09T08:14:49,1,3.68,30860.00,19.17,14817.00,999.00,19.13,1019.80,18.92,0.07
2026-06-09T08:14:49,1,3.68,30860.00,19.17,14817.00,999.00,19.13,1018.70,18.93,0.06
2026-06-09T08:14:49,1,3.66,30870.00,19.17,14819.00,999.00,19.13,1019.50,18.93,0.06
2026-06-09T08:14:49,1,3.69,30870.00,19.17,14819.00,999.00,19.13,1020.00,18.93,0.07
2026-06-09T08:14:50,1,3.70,30870.00,19.17,14819.00,999.00,19.13,1020.10,18.93,0.07
2026-06-09T08:14:50,1,3.69,30870.00,19.17,14819.00,999.00,19.13,1019.80,18.93,0.07
2026-06-09T08:14:50,1,3.68,30860.00,19.16,14816.00,999.00,19.13,1020.90,18.93,0.08
2026-06-09T08:14:50,1,3.68,30860.00,19.16,14816.00,999.00,19.13,1020.30,18.94,0.07
2026-06-09T08:14:51,1,3.69,30860.00,19.16,14816.00,999.00,19.13,1018.70,18.94,0.06
2026-06-09T08:14:51,1,3.67,30860.00,19.16,14816.00,999.00,19.13,1018.70,18.93,0.06
2026-06-09T08:14:51,1,3.66,30860.00,19.16,14816.00,999.00,19.13,1020.30,18.94,0.07
2026-06-09T08:14:51,1,3.69,30870.00,19.17,14822.00,999.00,19.14,1021.10,18.95,0.08
2026-06-09T08:14:51,1,3.68,30870.00,19.17,14822.00,999.00,19.13,1020.30,18.95,0.07
2026-06-09T08:14:52,1,3.64,30870.00,19.17,14822.00,999.00,19.13,1019.60,18.95,0.07
2026-06-09T08:14:52,1,3.66,30870.00,19.17,14822.00,999.00,19.13,1019.10,18.95,0.06
2026-06-09T08:14:52,1,3.68,30870.00,19.17,14822.00,999.00,19.13,1019.30,18.95,0.06
2026-06-09T08:14:52,1,3.67,30860.00,19.16,14816.00,999.00,19.13,1020.30,18.95,0.07
2026-06-09T08:14:52,1,3.70,30860.00,19.16,14816.00,999.00,19.13,1020.60,18.95,0.08
2026-06-09T08:14:53,1,3.64,30860.00,19.16,14816.00,999.00,19.14,1019.90,18.96,0.07
2026-06-09T08:14:53,1,3.68,30860.00,19.16,14816.00,999.00,19.14,1020.50,18.96,0.07
2026-06-09T08:14:53,1,3.67,30860.00,19.16,14815.00,999.00,19.13,1023.10,18.96,0.10
2026-06-09T08:14:53,1,3.68,30860.00,19.16,14815.00,999.00,19.14,1026.00,18.96,0.13
2026-06-09T08:14:53,1,3.68,30860.00,19.16,14815.00,999.00,19.13,1028.70,18.96,0.16
2026-06-09T08:14:54,1,3.67,30860.00,19.16,14815.00,999.00,19.13,1032.20,18.96,0.19
2026-06-09T08:14:54,1,3.67,30860.00,19.16,14815.00,999.00,19.13,1038.40,18.96,0.25
2026-06-09T08:14:54,1,3.69,30860.00,19.16,14815.00,999.00,19.13,1042.70,18.97,0.29
2026-06-09T08:14:54,1,3.68,30860.00,19.16,14815.00,999.00,19.14,1047.20,18.97,0.34
2026-06-09T08:14:55,1,3.69,30860.00,19.16,14815.00,999.00,19.13,1052.30,18.97,0.39
2026-06-09T08:14:55,1,3.65,30860.00,19.16,14815.00,999.00,19.13,1060.50,18.97,0.47
2026-06-09T08:14:55,1,3.66,30860.00,19.16,14815.00,999.00,19.13,1063.00,18.97,0.50
2026-06-09T08:14:55,1,3.70,30880.00,19.18,14826.00,999.00,19.13,1062.80,18.98,0.49
2026-06-09T08:14:55,1,3.69,30880.00,19.18,14826.00,999.00,19.12,1066.80,18.98,0.53
2026-06-09T08:14:56,1,3.69,30880.00,19.18,14826.00,999.00,19.12,1073.40,18.98,0.60
2026-06-09T08:14:56,1,3.68,30880.00,19.18,14826.00,999.00,19.12,1083.50,18.98,0.70
2026-06-09T08:14:56,1,3.68,30880.00,19.18,14826.00,999.00,19.12,1101.30,18.98,0.88
2026-06-09T08:14:56,1,3.69,30890.00,19.18,14829.00,999.00,19.11,1115.30,18.98,1.01
2026-06-09T08:14:56,1,3.68,30890.00,19.18,14829.00,999.00,19.11,1127.70,18.99,1.14
2026-06-09T08:14:57,1,3.69,30890.00,19.18,14829.00,999.00,19.11,1140.10,18.99,1.26
2026-06-09T08:14:57,1,3.68,30890.00,19.18,14829.00,999.00,19.11,1148.50,18.99,1.34
2026-06-09T08:14:57,1,3.66,30900.00,19.19,14833.00,999.00,19.10,1163.50,18.99,1.49
2026-06-09T08:14:57,1,3.68,30900.00,19.19,14833.00,999.00,19.10,1173.50,18.99,1.59
2026-06-09T08:14:57,1,3.69,30900.00,19.19,14833.00,999.00,19.10,1184.70,18.99,1.70
2026-06-09T08:14:58,1,3.66,30900.00,19.19,14833.00,999.00,19.10,1200.80,19.00,1.86
2026-06-09T08:14:58,1,3.68,30900.00,19.19,14833.00,999.00,19.11,1213.60,19.00,1.99
2026-06-09T08:14:58,1,3.66,30910.00,19.20,14840.00,999.00,19.10,1232.60,19.00,2.18
2026-06-09T08:14:58,1,3.68,30910.00,19.20,14840.00,999.00,19.10,1242.60,19.00,2.28
2026-06-09T08:14:58,1,3.70,30910.00,19.20,14840.00,999.00,19.10,1257.60,19.00,2.42
2026-06-09T08:14:59,1,3.66,30910.00,19.20,14840.00,999.00,19.10,1267.00,19.00,2.52
2026-06-09T08:14:59,1,3.68,30910.00,19.20,14840.00,999.00,19.10,1274.30,19.00,2.59
2026-06-09T08:14:59,1,3.70,30900.00,19.19,14834.00,999.00,19.10,1280.40,19.00,2.65
2026-06-09T08:14:59,1,3.68,30900.00,19.19,14834.00,999.00,19.11,1287.30,19.00,2.72
2026-06-09T08:14:59,1,3.70,30900.00,19.19,14834.00,999.00,19.10,1299.00,19.01,2.83
2026-06-09T08:15:00,1,3.69,30900.00,19.19,14834.00,999.00,19.10,1308.00,19.01,2.92
2026-06-09T08:15:00,1,3.66,30900.00,19.19,14834.00,999.00,19.10,1318.10,19.01,3.02
2026-06-09T08:15:00,1,3.70,30910.00,19.20,14838.00,999.00,19.10,1326.90,19.01,3.11
2026-06-09T08:15:00,1,3.67,30910.00,19.20,14838.00,999.00,19.10,1336.10,19.01,3.20
2026-06-09T08:15:01,1,3.70,30910.00,19.20,14838.00,999.00,19.09,1345.40,19.01,3.29
2026-06-09T08:15:01,1,3.66,30910.00,19.20,14838.00,999.00,19.08,1354.70,19.01,3.39
2026-06-09T08:15:01,1,3.65,31080.00,19.31,14921.00,999.00,19.09,1364.30,19.01,3.48
2026-06-09T08:15:01,1,3.70,31080.00,19.31,14921.00,999.00,19.08,1373.50,19.02,3.57
2026-06-09T08:15:01,1,3.68,31080.00,19.31,14921.00,999.00,19.08,1379.80,19.02,3.63
2026-06-09T08:15:02,1,3.68,31080.00,19.31,14921.00,999.00,19.08,1390.60,19.02,3.74
2026-06-09T08:15:02,1,3.68,31080.00,19.31,14921.00,999.00,19.07,1399.70,19.02,3.83
2026-06-09T08:15:02,1,3.69,31200.00,19.39,14978.00,999.00,19.07,1410.20,19.02,3.94
2026-06-09T08:15:02,1,3.69,31200.00,19.39,14978.00,999.00,19.06,1421.00,19.02,4.04
2026-06-09T08:15:02,1,3.69,31200.00,19.39,14978.00,999.00,19.06,1432.00,19.02,4.15
2026-06-09T08:15:03,1,3.68,31200.00,19.39,14978.00,999.00,19.06,1442.60,19.02,4.26
2026-06-09T08:15:03,1,3.66,31200.00,19.39,14978.00,999.00,19.06,1458.10,19.01,4.41
2026-06-09T08:15:03,1,3.70,31750.00,19.77,15245.00,999.00,19.06,1469.10,19.01,4.52
2026-06-09T08:15:03,1,3.66,31750.00,19.77,15245.00,999.00,19.06,1482.80,19.02,4.66
2026-06-09T08:15:03,1,3.68,31750.00,19.77,15245.00,999.00,19.05,1497.40,19.02,4.80
2026-06-09T08:15:04,1,3.68,31750.00,19.77,15245.00,999.00,19.03,1516.60,19.01,4.99
2026-06-09T08:15:04,1,3.68,32490.00,20.28,15599.00,999.00,19.02,1531.90,19.02,5.14
2026-06-09T08:15:04,1,3.70,32490.00,20.28,15599.00,999.00,19.01,1547.40,19.02,5.30
2026-06-09T08:15:04,1,3.67,32490.00,20.28,15599.00,999.00,19.00,1563.40,19.02,5.45
2026-06-09T08:15:05,1,3.68,32490.00,20.28,15599.00,999.00,18.99,1579.10,19.02,5.61
2026-06-09T08:15:05,1,3.68,32490.00,20.28,15599.00,999.00,18.99,1594.50,19.02,5.76
2026-06-09T08:15:05,1,3.68,33060.00,20.68,15873.00,999.00,18.97,1609.20,19.02,5.91
2026-06-09T08:15:05,1,3.70,33060.00,20.68,15873.00,999.00,18.96,1623.80,19.02,6.05
2026-06-09T08:15:05,1,3.70,33060.00,20.68,15873.00,999.00,18.95,1637.00,19.01,6.18
2026-06-09T08:15:06,1,3.66,33060.00,20.68,15873.00,999.00,18.94,1651.20,19.01,6.32
2026-06-09T08:15:06,1,3.68,33060.00,20.68,15873.00,999.00,18.93,1666.10,19.01,6.47
2026-06-09T08:15:06,1,3.70,33210.00,20.78,15945.00,999.00,18.93,1681.30,19.01,6.62
2026-06-09T08:15:06,1,3.66,33210.00,20.78,15945.00,999.00,18.93,1696.50,19.01,6.77
2026-06-09T08:15:06,1,3.70,33210.00,20.78,15945.00,999.00,18.92,1713.00,19.01,6.94
2026-06-09T08:15:07,1,3.66,33210.00,20.78,15945.00,999.00,18.92,1731.10,19.01,7.12
2026-06-09T08:15:07,1,3.66,33300.00,20.84,15985.00,999.00,18.91,1749.60,19.00,7.30
2026-06-09T08:15:07,1,3.68,33300.00,20.84,15985.00,999.00,18.90,1769.60,19.00,7.50
2026-06-09T08:15:07,1,3.68,33300.00,20.84,15985.00,999.00,18.90,1787.40,19.00,7.67
2026-06-09T08:15:07,1,3.68,33300.00,20.84,15985.00,999.00,18.89,1805.30,19.00,7.85
2026-06-09T08:15:08,1,3.66,33300.00,20.84,15985.00,999.00,18.88,1823.50,19.00,8.03
2026-06-09T08:15:08,1,3.69,33540.00,21.00,16100.00,999.00,18.87,1840.20,18.99,8.20
2026-06-09T08:15:08,1,3.70,33540.00,21.00,16100.00,999.00,18.87,1856.70,18.99,8.36
2026-06-09T08:15:08,1,3.68,33540.00,21.00,16100.00,999.00,18.86,1874.60,18.99,8.54
2026-06-09T08:15:09,1,3.68,33540.00,21.00,16100.00,999.00,18.86,1891.00,18.99,8.70
2026-06-09T08:15:09,1,3.68,33540.00,21.00,16100.00,999.00,18.86,1908.60,18.98,8.88
2026-06-09T08:15:09,1,3.68,33620.00,21.06,16142.00,999.00,18.86,1924.10,18.98,9.03
2026-06-09T08:15:09,1,3.68,33620.00,21.06,16142.00,999.00,18.86,1942.70,18.98,9.21
2026-06-09T08:15:09,1,3.67,33620.00,21.06,16142.00,999.00,18.84,1959.00,18.98,9.37
2026-06-09T08:15:10,1,3.69,33620.00,21.06,16142.00,999.00,18.84,1973.00,18.97,9.51
2026-06-09T08:15:10,1,3.65,33620.00,21.06,16142.00,999.00,18.84,1972.30,18.97,9.51
2026-06-09T08:15:10,1,3.69,33610.00,21.05,16136.00,999.00,18.84,1972.70,18.96,9.51
2026-06-09T08:15:10,1,3.70,33610.00,21.05,16136.00,999.00,18.84,1972.30,18.96,9.51
2026-06-09T08:15:10,1,3.67,33610.00,21.05,16136.00,999.00,18.83,1965.00,18.96,9.43
2026-06-09T08:15:11,1,3.67,33610.00,21.05,16136.00,999.00,18.84,1948.00,18.95,9.27
2026-06-09T08:15:11,1,3.65,33610.00,21.05,16136.00,999.00,18.84,1933.20,18.95,9.12
2026-06-09T08:15:11,1,3.70,33610.00,21.05,16136.00,999.00,18.83,1923.50,18.95,9.02
2026-06-09T08:15:11,1,3.67,33610.00,21.05,16136.00,999.00,18.83,1913.20,18.94,8.92
2026-06-09T08:15:11,1,3.67,33610.00,21.05,16136.00,999.00,18.83,1896.40,18.94,8.75
2026-06-09T08:15:12,1,3.66,33610.00,21.05,16136.00,999.00,18.83,1873.70,18.93,8.53
2026-06-09T08:15:12,1,3.67,33610.00,21.06,16137.00,999.00,18.83,1853.40,18.93,8.33
2026-06-09T08:15:12,1,3.68,33610.00,21.06,16137.00,999.00,18.83,1838.20,18.93,8.18
2026-06-09T08:15:12,1,3.68,33610.00,21.06,16137.00,999.00,18.83,1821.00,18.92,8.01
2026-06-09T08:15:12,1,3.66,33610.00,21.06,16137.00,999.00,18.83,1801.70,18.92,7.82
2026-06-09T08:15:13,1,3.66,33610.00,21.06,16137.00,999.00,18.83,1784.00,18.92,7.64
2026-06-09T08:15:13,1,3.70,33520.00,20.99,16090.00,999.00,18.84,1754.60,18.91,7.35
2026-06-09T08:15:13,1,3.68,33520.00,20.99,16090.00,999.00,18.84,1720.70,18.91,7.01
2026-06-09T08:15:13,1,3.66,33520.00,20.99,16090.00,999.00,18.84,1686.40,18.90,6.67
2026-06-09T08:15:13,1,3.66,33520.00,20.99,16090.00,999.00,18.85,1656.90,18.90,6.38
2026-06-09T08:15:14,1,3.67,33520.00,20.99,16090.00,999.00,18.85,1639.50,18.89,6.21
2026-06-09T08:15:14,1,3.70,33310.00,20.85,15992.00,999.00,18.85,1624.60,18.89,6.06
2026-06-09T08:15:14,1,3.69,33310.00,20.85,15992.00,999.00,18.86,1608.90,18.89,5.91
2026-06-09T08:15:14,1,3.69,33310.00,20.85,15992.00,999.00,18.86,1583.00,18.89,5.65
2026-06-09T08:15:15,1,3.68,33310.00,20.85,15992.00,999.00,18.86,1547.70,18.88,5.30
2026-06-09T08:15:15,1,3.66,33090.00,20.70,15887.00,999.00,18.87,1508.50,18.88,4.91
2026-06-09T08:15:15,1,3.67,33090.00,20.70,15887.00,999.00,18.87,1476.20,18.87,4.59
2026-06-09T08:15:15,1,3.68,33090.00,20.70,15887.00,999.00,18.88,1458.30,18.87,4.41
2026-06-09T08:15:15,1,3.66,33090.00,20.70,15887.00,999.00,18.90,1445.40,18.87,4.28
2026-06-09T08:15:16,1,3.68,33090.00,20.70,15887.00,999.00,18.91,1429.60,18.86,4.13
2026-06-09T08:15:16,1,3.69,32220.00,20.10,15468.00,999.00,18.93,1405.90,18.87,3.89
2026-06-09T08:15:16,1,3.70,32220.00,20.10,15468.00,999.00,18.93,1375.80,18.87,3.60
2026-06-09T08:15:16,1,3.68,32220.00,20.10,15468.00,999.00,18.95,1344.40,18.87,3.28
2026-06-09T08:15:16,1,3.66,32220.00,20.10,15468.00,999.00,18.96,1311.80,18.86,2.96
2026-06-09T08:15:17,1,3.68,32220.00,20.10,15468.00,999.00,18.97,1289.10,18.87,2.74
2026-06-09T08:15:17,1,3.67,31160.00,19.37,14959.00,999.00,18.99,1275.00,18.86,2.60
2026-06-09T08:15:17,1,3.67,31160.00,19.37,14959.00,999.00,19.00,1262.70,18.86,2.47
2026-06-09T08:15:17,1,3.67,31160.00,19.37,14959.00,999.00,19.01,1250.80,18.87,2.36
2026-06-09T08:15:18,1,3.67,31160.00,19.37,14959.00,999.00,19.01,1229.30,18.87,2.14
2026-06-09T08:15:18,1,3.66,30990.00,19.25,14877.00,999.00,19.03,1201.90,18.87,1.87
2026-06-09T08:15:18,1,3.69,30990.00,19.25,14877.00,999.00,19.03,1171.70,18.87,1.57
2026-06-09T08:15:18,1,3.67,30990.00,19.25,14877.00,999.00,19.04,1142.60,18.87,1.28
2026-06-09T08:15:18,1,3.66,30990.00,19.25,14877.00,999.00,19.04,1116.40,18.87,1.02
2026-06-09T08:15:19,1,3.67,30990.00,19.25,14877.00,999.00,19.06,1102.90,18.87,0.89
2026-06-09T08:15:19,1,3.67,30900.00,19.19,14834.00,999.00,19.06,1090.80,18.87,0.77
2026-06-09T08:15:19,1,3.67,30900.00,19.19,14834.00,999.00,19.06,1080.40,18.87,0.67
2026-06-09T08:15:19,1,3.70,30900.00,19.19,14834.00,999.00,19.06,1072.50,18.88,0.59
2026-06-09T08:15:19,1,3.68,30900.00,19.19,14834.00,999.00,19.07,1053.50,18.88,0.40
2026-06-09T08:15:20,1,3.68,30900.00,19.19,14834.00,999.00,19.07,1028.00,18.88,0.15
2026-06-09T08:15:20,1,3.70,30910.00,19.19,14837.00,999.00,19.07,1014.40,18.88,0.01
2026-06-09T08:15:20,1,3.70,30910.00,19.19,14837.00,999.00,19.07,1014.00,18.88,0.01
2026-06-09T08:15:20,1,3.68,30910.00,19.19,14837.00,999.00,19.08,1014.00,18.88,0.01
2026-06-09T08:15:20,1,3.66,30910.00,19.19,14837.00,999.00,19.10,1013.80,18.88,0.01
2026-06-09T08:15:21,1,3.65,30910.00,19.19,14837.00,999.00,19.10,1014.00,18.89,0.01
2026-06-09T08:15:21,1,3.67,29530.00,18.26,14178.00,999.00,19.10,1014.80,18.89,0.02
2026-06-09T08:15:21,1,3.69,29530.00,18.26,14178.00,999.00,19.09,1014.30,18.89,0.01
2026-06-09T08:15:21,1,3.66,29530.00,18.26,14178.00,999.00,19.07,1014.60,18.89,0.02
2026-06-09T08:15:21,1,3.68,29530.00,18.26,14178.00,999.00,19.07,1013.80,18.90,0.01
2026-06-09T08:15:22,1,3.68,29500.00,18.24,14165.00,999.00,19.05,1014.30,18.90,0.01
2026-06-09T08:15:22,1,3.67,29500.00,18.24,14165.00,999.00,19.05,1014.40,18.90,0.01
2026-06-09T08:15:22,1,3.69,29500.00,18.24,14165.00,999.00,19.05,1014.40,18.91,0.01
2026-06-09T08:15:22,1,3.68,29500.00,18.24,14165.00,999.00,19.03,1014.80,18.90,0.02
2026-06-09T08:15:22,1,3.68,29500.00,18.24,14165.00,999.00,19.01,1013.80,18.91,0.01
2026-06-09T08:15:23,1,3.69,20480.00,12.23,9835.00,999.00,19.00,1014.30,18.90,0.01
2026-06-09T08:15:23,1,3.66,20480.00,12.23,9835.00,999.00,18.96,1014.40,18.91,0.01
2026-06-09T08:15:23,1,3.69,20480.00,12.23,9835.00,999.00,18.94,1014.10,18.91,0.01
2026-06-09T08:15:23,1,3.68,20480.00,12.23,9835.00,999.00,18.91,1014.40,18.91,0.01
2026-06-09T08:15:24,1,3.68,20480.00,12.23,9835.00,999.00,18.88,1014.70,18.91,0.02
2026-06-09T08:15:24,1,3.67,15890.00,9.28,7630.00,999.00,18.85,1014.40,18.91,0.01
2026-06-09T08:15:24,1,3.70,15890.00,9.28,7630.00,999.00,18.80,1014.40,18.91,0.01
2026-06-09T08:15:24,1,3.69,15890.00,9.28,7630.00,999.00,18.77,1014.30,18.91,0.01
2026-06-09T08:15:24,1,3.66,15890.00,9.28,7630.00,999.00,18.74,1014.90,18.91,0.02
2026-06-09T08:15:25,1,3.66,15890.00,9.28,7630.00,999.00,18.71,1014.20,18.91,0.01
2026-06-09T08:15:25,1,3.68,15850.00,9.26,7608.00,999.00,18.66,1014.20,18.91,0.01
2026-06-09T08:15:25,1,3.67,15850.00,9.26,7608.00,999.00,18.64,1013.90,18.91,0.01
2026-06-09T08:15:25,1,3.66,15850.00,9.26,7608.00,999.00,18.63,1014.00,18.91,0.01
2026-06-09T08:15:25,1,3.68,15850.00,9.26,7608.00,999.00,18.62,1014.40,18.91,0.01
2026-06-09T08:15:26,1,3.67,15760.00,9.20,7565.00,999.00,18.61,1014.60,18.91,0.02
2026-06-09T08:15:26,1,3.69,15760.00,9.20,7565.00,999.00,18.62,1014.00,18.91,0.01
2026-06-09T08:15:26,1,3.70,15760.00,9.20,7565.00,999.00,18.63,1014.20,18.90,0.01
2026-06-09T08:15:26,1,3.66,15760.00,9.20,7565.00,999.00,18.63,1014.00,18.90,0.01
2026-06-09T08:15:26,1,3.66,15760.00,9.20,7565.00,999.00,18.65,1014.00,18.91,0.01
2026-06-09T08:15:27,1,3.67,15940.00,9.32,7655.00,999.00,18.65,1014.40,18.90,0.01
2026-06-09T08:15:27,1,3.67,15940.00,9.32,7655.00,999.00,18.65,1014.00,18.90,0.01
2026-06-09T08:15:27,1,3.68,15940.00,9.32,7655.00,999.00,18.65,1014.40,18.90,0.01
2026-06-09T08:15:27,1,3.68,15940.00,9.32,7655.00,999.00,18.65,1013.80,18.90,0.01
2026-06-09T08:15:27,1,3.66,15940.00,9.32,7655.00,999.00,18.65,1014.00,18.90,0.01
2026-06-09T08:15:28,1,3.70,16160.00,9.46,7760.00,999.00,18.66,1014.50,18.90,0.01
2026-06-09T08:15:28,1,3.70,16160.00,9.46,7760.00,999.00,18.65,1014.30,18.90,0.01
2026-06-09T08:15:28,1,3.68,16160.00,9.46,7760.00,999.00,18.65,1013.80,18.90,0.01
2026-06-09T08:15:28,1,3.67,16160.00,9.46,7760.00,999.00,18.65,1014.40,18.89,0.01
2026-06-09T08:15:29,1,3.68,16070.00,9.40,7716.00,999.00,18.65,1013.90,18.89,0.01
2026-06-09T08:15:29,1,3.67,16070.00,9.40,7716.00,999.00,18.64,1013.80,18.89,0.01
2026-06-09T08:15:29,1,3.67,16070.00,9.40,7716.00,999.00,18.63,1014.30,18.90,0.01
2026-06-09T08:15:29,1,3.66,16070.00,9.40,7716.00,999.00,18.62,1014.20,18.89,0.01
2026-06-09T08:15:29,1,3.67,16070.00,9.40,7716.00,999.00,18.61,1014.10,18.89,0.01
2026-06-09T08:15:30,1,3.68,15880.00,9.28,7626.00,999.00,18.58,1013.70,18.89,0.01
2026-06-09T08:15:30,1,3.69,15880.00,9.28,7626.00,999.00,18.58,1014.20,18.89,0.01
2026-06-09T08:15:30,1,3.68,15880.00,9.28,7626.00,999.00,18.56,1014.10,18.88,0.01
2026-06-09T08:15:30,1,3.68,15880.00,9.28,7626.00,999.00,18.54,1013.70,18.88,0.01
2026-06-09T08:15:30,1,3.66,15880.00,9.28,7626.00,999.00,18.52,1013.50,18.89,0.00
2026-06-09T08:15:31,1,3.69,16520.00,9.69,7933.00,999.00,18.50,1013.70,18.88,0.01
2026-06-09T08:15:31,1,3.70,16520.00,9.69,7933.00,999.00,18.48,1013.90,18.89,0.01
2026-06-09T08:15:31,1,3.70,16520.00,9.69,7933.00,999.00,18.46,1014.00,18.88,0.01
2026-06-09T08:15:31,1,3.65,16520.00,9.69,7933.00,999.00,18.44,1013.90,18.88,0.01
2026-06-09T08:15:31,1,3.69,15810.00,9.23,7592.00,999.00,18.42,1013.70,18.88,0.01
2026-06-09T08:15:32,1,3.68,15810.00,9.23,7592.00,999.00,18.39,1013.80,18.88,0.01
2026-06-09T08:15:32,1,3.69,15810.00,9.23,7592.00,999.00,18.38,1014.40,18.88,0.01
2026-06-09T08:15:32,1,3.68,15810.00,9.23,7592.00,999.00,18.37,1013.70,18.87,0.01
2026-06-09T08:15:32,1,3.66,15810.00,9.23,7592.00,999.00,18.36,1013.70,18.88,0.01
2026-06-09T08:15:33,1,3.68,16020.00,9.36,7690.00,999.00,18.34,1013.60,18.87,0.01
2026-06-09T08:15:33,1,3.66,16020.00,9.36,7690.00,999.00,18.33,1013.60,18.87,0.01
2026-06-09T08:15:33,1,3.67,16020.00,9.36,7690.00,999.00,18.31,1013.60,18.87,0.01
2026-06-09T08:15:33,1,3.68,16020.00,9.36,7690.00,999.00,18.29,1013.60,18.87,0.01
2026-06-09T08:15:33,1,3.66,16020.00,9.36,7690.00,999.00,18.24,1013.80,18.87,0.01
2026-06-09T08:15:34,1,3.70,15920.00,9.30,7643.00,999.00,18.19,1013.40,18.86,0.00
2026-06-09T08:15:34,1,3.66,15920.00,9.30,7643.00,999.00,18.15,1013.70,18.86,0.01
2026-06-09T08:15:34,1,3.68,15920.00,9.30,7643.00,999.00,18.10,1013.80,18.86,0.01
2026-06-09T08:15:34,1,3.68,15920.00,9.30,7643.00,999.00,18.08,1014.00,18.86,0.01
2026-06-09T08:15:34,1,3.68,15920.00,9.30,7643.00,999.00,18.05,1013.10,18.86,0.00
2026-06-09T08:15:35,1,3.66,9036.00,5.05,4338.00,999.00,18.05,1013.80,18.86,0.01
2026-06-09T08:15:35,1,3.67,9036.00,5.05,4338.00,999.00,18.05,1013.90,18.86,0.01
2026-06-09T08:15:35,1,3.66,9036.00,5.05,4338.00,999.00,18.06,1013.50,18.86,0.00
2026-06-09T08:15:35,1,3.68,9036.00,5.05,4338.00,999.00,18.05,1013.50,18.85,0.00
2026-06-09T08:15:35,1,3.66,913.90,0.45,439.00,999.00,18.07,1013.50,18.85,0.00
2026-06-09T08:15:36,1,3.68,913.90,0.45,439.00,999.00,18.08,1013.60,18.85,0.01
2026-06-09T08:15:36,1,3.68,913.90,0.45,439.00,999.00,18.10,1013.20,18.85,0.00
2026-06-09T08:15:36,1,3.68,913.90,0.45,439.00,999.00,18.10,1013.60,18.84,0.01
2026-06-09T08:15:36,1,3.66,913.90,0.45,439.00,999.00,18.11,1013.10,18.84,0.00
2026-06-09T08:15:36,1,3.65,1129.00,0.56,542.00,999.00,18.12,1013.40,18.84,0.00
2026-06-09T08:15:37,1,3.69,1129.00,0.56,542.00,999.00,18.12,1013.90,18.83,0.01
2026-06-09T08:15:37,1,3.67,1129.00,0.56,542.00,999.00,18.10,1013.90,18.83,0.01
2026-06-09T08:15:37,1,3.68,1129.00,0.56,542.00,999.00,18.09,1013.70,18.82,0.01
2026-06-09T08:15:37,1,3.66,1129.00,0.56,542.00,999.00,18.09,1014.10,18.81,0.01
2026-06-09T08:15:37,1,3.67,2553.00,1.32,1226.00,999.00,18.09,1013.80,18.82,0.01
2026-06-09T08:15:38,1,3.68,2553.00,1.32,1226.00,999.00,18.08,1014.50,18.80,0.01
2026-06-09T08:15:38,1,3.69,2553.00,1.32,1226.00,999.00,18.08,1013.60,18.81,0.01
2026-06-09T08:15:38,1,3.68,2553.00,1.32,1226.00,999.00,18.07,1013.90,18.81,0.01
2026-06-09T08:15:38,1,3.68,2553.00,1.32,1226.00,999.00,18.08,1013.30,18.82,0.00
2026-06-09T08:15:39,1,3.66,2865.00,1.49,1375.00,999.00,18.07,1013.70,18.82,0.01
2026-06-09T08:15:39,1,3.68,2865.00,1.49,1375.00,999.00,18.06,1013.50,18.82,0.00
2026-06-09T08:15:39,1,3.66,2865.00,1.49,1375.00,999.00,18.05,1013.40,18.82,0.00
2026-06-09T08:15:39,1,3.68,2865.00,1.49,1375.00,999.00,18.03,1013.60,18.82,0.01
2026-06-09T08:15:39,1,3.68,2829.00,1.47,1358.00,999.00,18.03,1013.60,18.81,0.01
2026-06-09T08:15:40,1,3.69,2829.00,1.47,1358.00,999.00,18.03,1013.80,18.81,0.01
2026-06-09T08:15:40,1,3.69,2829.00,1.47,1358.00,999.00,18.03,1013.90,18.81,0.01
2026-06-09T08:15:40,1,3.66,2829.00,1.47,1358.00,999.00,18.03,1013.80,18.81,0.01
2026-06-09T08:15:40,1,3.66,2829.00,1.47,1358.00,999.00,18.03,1013.60,18.82,0.01
2026-06-09T08:15:40,1,3.65,2874.00,1.49,1380.00,999.00,18.02,1013.50,18.82,0.00
2026-06-09T08:15:41,1,3.66,2874.00,1.49,1380.00,999.00,18.00,1013.60,18.83,0.01
2026-06-09T08:15:41,1,3.68,2874.00,1.49,1380.00,999.00,17.98,1013.70,18.83,0.01
2026-06-09T08:15:41,1,3.65,2874.00,1.49,1380.00,999.00,17.96,1013.60,18.81,0.01
2026-06-09T08:15:41,1,3.66,2874.00,1.49,1380.00,999.00,17.94,1013.70,18.82,0.01
2026-06-09T08:15:41,1,3.67,1695.00,0.86,814.00,999.00,17.89,1013.30,18.82,0.00
2026-06-09T08:15:42,1,3.65,1695.00,0.86,814.00,999.00,17.87,1013.90,18.82,0.01
2026-06-09T08:15:42,1,3.66,1695.00,0.86,814.00,999.00,17.84,1013.10,18.82,0.00
2026-06-09T08:15:42,1,3.68,1695.00,0.86,814.00,999.00,17.82,1013.60,18.82,0.01
2026-06-09T08:15:42,1,3.68,1695.00,0.86,814.00,999.00,17.80,1013.50,18.82,0.00
2026-06-09T08:15:43,1,3.68,1733.00,0.88,832.00,999.00,17.77,1013.90,18.82,0.01
2026-06-09T08:15:43,1,3.66,1733.00,0.88,832.00,999.00,17.75,1013.40,18.82,0.00
2026-06-09T08:15:43,1,3.66,1733.00,0.88,832.00,999.00,17.70,1013.60,18.81,0.01
2026-06-09T08:15:43,1,3.68,1733.00,0.88,832.00,999.00,17.67,1013.40,18.81,0.00
2026-06-09T08:15:43,1,3.66,1655.00,0.83,794.00,999.00,17.63,1013.50,18.81,0.00
2026-06-09T08:15:44,1,3.68,1655.00,0.83,794.00,999.00,17.61,1014.10,18.81,0.01
2026-06-09T08:15:44,1,3.66,1655.00,0.83,794.00,999.00,17.55,1013.60,18.81,0.01
2026-06-09T08:15:44,1,3.66,1655.00,0.83,794.00,999.00,17.54,1013.90,18.81,0.01
2026-06-09T08:15:44,1,3.67,1655.00,0.83,794.00,999.00,17.52,1013.70,18.80,0.01
2026-06-09T08:15:44,1,3.68,2653.00,1.37,1274.00,999.00,17.52,1013.50,18.81,0.00
2026-06-09T08:15:45,1,3.69,2653.00,1.37,1274.00,999.00,17.51,1013.90,18.81,0.01
2026-06-09T08:15:45,1,3.66,2653.00,1.37,1274.00,999.00,17.51,1013.70,18.80,0.01
2026-06-09T08:15:45,1,3.66,2653.00,1.37,1274.00,999.00,17.52,1013.50,18.80,0.00
2026-06-09T08:15:45,1,3.66,2653.00,1.37,1274.00,999.00,17.52,1013.20,18.80,0.00
2026-06-09T08:15:45,1,3.68,914.70,0.45,439.00,999.00,17.52,1013.90,18.80,0.01
2026-06-09T08:15:46,1,3.70,914.70,0.45,439.00,999.00,17.51,1013.90,18.79,0.01
2026-06-09T08:15:46,1,3.68,914.70,0.45,439.00,999.00,17.52,1013.80,18.79,0.01
2026-06-09T08:15:46,1,3.68,914.70,0.45,439.00,999.00,17.52,1013.90,18.79,0.01
2026-06-09T08:15:46,1,3.68,828.00,0.41,397.00,999.00,17.52,1013.90,18.79,0.01
2026-06-09T08:15:46,1,3.68,828.00,0.41,397.00,999.00,17.52,1013.50,18.79,0.00
2026-06-09T08:15:47,1,3.69,828.00,0.41,397.00,999.00,17.51,1013.70,18.79,0.01
2026-06-09T08:15:47,1,3.68,828.00,0.41,397.00,999.00,17.51,1013.60,18.78,0.01
2026-06-09T08:15:47,1,3.68,828.00,0.41,397.00,999.00,17.49,1013.80,18.78,0.01
2026-06-09T08:15:47,1,3.70,953.50,0.47,458.00,999.00,17.48,1013.90,18.78,0.01
2026-06-09T08:15:48,1,3.69,953.50,0.47,458.00,999.00,17.47,1013.10,18.78,0.00
2026-06-09T08:15:48,1,3.69,953.50,0.47,458.00,999.00,17.46,1013.40,18.77,0.00
2026-06-09T08:15:48,1,3.67,953.50,0.47,458.00,999.00,17.43,1013.80,18.77,0.01
2026-06-09T08:15:48,1,3.66,953.50,0.47,458.00,999.00,17.42,1013.80,18.77,0.01
2026-06-09T08:15:48,1,3.68,1387.00,0.69,666.00,999.00,17.40,1014.10,18.77,0.01
2026-06-09T08:15:49,1,3.67,1387.00,0.69,666.00,999.00,17.39,1013.90,18.77,0.01
2026-06-09T08:15:49,1,3.69,1387.00,0.69,666.00,999.00,17.38,1013.70,18.77,0.01
2026-06-09T08:15:49,1,3.66,1387.00,0.69,666.00,999.00,17.37,1013.60,18.76,0.01
2026-06-09T08:15:49,1,3.65,1387.00,0.69,666.00,999.00,17.36,1013.90,18.76,0.01
2026-06-09T08:15:49,1,3.67,1399.00,0.70,672.00,999.00,17.35,1014.20,18.76,0.01
2026-06-09T08:15:50,1,3.69,1399.00,0.70,672.00,999.00,17.34,1014.30,18.76,0.01
2026-06-09T08:15:50,1,3.69,1399.00,0.70,672.00,999.00,17.34,1013.40,18.76,0.00
2026-06-09T08:15:50,1,3.68,1399.00,0.70,672.00,999.00,17.33,1013.40,18.75,0.00
2026-06-09T08:15:50,1,3.68,1352.00,0.68,649.00,999.00,17.33,1014.00,18.75,0.01
2026-06-09T08:15:50,1,3.69,1352.00,0.68,649.00,999.00,17.32,1013.70,18.75,0.01
2026-06-09T08:15:51,1,3.67,1352.00,0.68,649.00,999.00,17.29,1013.60,18.75,0.01
2026-06-09T08:15:51,1,3.68,1352.00,0.68,649.00,999.00,17.28,1013.80,18.75,0.01
2026-06-09T08:15:51,1,3.66,1352.00,0.68,649.00,999.00,17.26,1013.90,18.75,0.01
2026-06-09T08:15:51,1,3.67,1318.00,0.66,633.00,999.00,17.26,1013.70,18.74,0.01
2026-06-09T08:15:51,1,3.67,1318.00,0.66,633.00,999.00,17.27,1013.50,18.74,0.00
2026-06-09T08:15:52,1,3.65,1318.00,0.66,633.00,999.00,17.26,1013.70,18.74,0.01
2026-06-09T08:15:52,1,3.68,1318.00,0.66,633.00,999.00,17.26,1013.60,18.74,0.01
2026-06-09T08:15:52,1,3.66,1318.00,0.66,633.00,999.00,17.25,1013.40,18.74,0.00
2026-06-09T08:15:52,1,3.69,1354.00,0.68,650.00,999.00,17.24,1013.90,18.73,0.01
2026-06-09T08:15:52,1,3.66,1354.00,0.68,650.00,999.00,17.24,1013.60,18.73,0.01
2026-06-09T08:15:53,1,3.66,1354.00,0.68,650.00,999.00,17.23,1013.20,18.73,0.00
2026-06-09T08:15:53,1,3.66,1354.00,0.68,650.00,999.00,17.23,1013.80,18.73,0.01
2026-06-09T08:15:53,1,3.66,1354.00,0.68,650.00,999.00,17.23,1013.90,18.73,0.01
2026-06-09T08:15:53,1,3.68,1337.00,0.67,642.00,999.00,17.22,1013.40,18.73,0.00
2026-06-09T08:15:54,1,3.67,1337.00,0.67,642.00,999.00,17.23,1013.50,18.72,0.00
2026-06-09T08:15:54,1,3.66,1337.00,0.67,642.00,999.00,17.25,1014.00,18.72,0.01
2026-06-09T08:15:54,1,3.69,1337.00,0.67,642.00,999.00,17.24,1013.70,18.72,0.01
2026-06-09T08:15:54,1,3.68,1294.00,0.64,621.00,999.00,17.24,1013.50,18.72,0.00
2026-06-09T08:15:54,1,3.67,1294.00,0.64,621.00,999.00,17.25,1014.10,18.72,0.01
2026-06-09T08:15:55,1,3.66,1294.00,0.64,621.00,999.00,17.26,1014.20,18.72,0.01
2026-06-09T08:15:55,1,3.67,1294.00,0.64,621.00,999.00,17.26,1014.00,18.72,0.01
2026-06-09T08:15:55,1,3.68,1294.00,0.64,621.00,999.00,17.26,1013.50,18.72,0.00
2026-06-09T08:15:55,1,3.65,1260.00,0.63,605.00,999.00,17.27,1014.00,18.72,0.01
2026-06-09T08:15:55,1,3.66,1260.00,0.63,605.00,999.00,17.27,1013.70,18.72,0.01
2026-06-09T08:15:56,1,3.68,1260.00,0.63,605.00,999.00,17.29,1013.50,18.71,0.00
2026-06-09T08:15:56,1,3.66,1260.00,0.63,605.00,999.00,17.30,1013.60,18.72,0.01
2026-06-09T08:15:56,1,3.65,1287.00,0.64,618.00,999.00,17.31,1013.70,18.70,0.01
2026-06-09T08:15:56,1,3.68,1287.00,0.64,618.00,999.00,17.30,1013.60,18.71,0.01
2026-06-09T08:15:57,1,3.69,1287.00,0.64,618.00,999.00,17.31,1013.80,18.71,0.01
2026-06-09T08:15:57,1,3.69,1287.00,0.64,618.00,999.00,17.29,1013.40,18.71,0.00
2026-06-09T08:15:57,1,3.68,1287.00,0.64,618.00,999.00,17.29,1013.90,18.71,0.01
2026-06-09T08:15:57,1,3.68,1337.00,0.67,642.00,999.00,17.28,1013.50,18.71,0.00
2026-06-09T08:15:57,1,3.66,1337.00,0.67,642.00,999.00,17.27,1013.60,18.71,0.01
2026-06-09T08:15:58,1,3.69,1337.00,0.67,642.00,999.00,17.25,1013.50,18.71,0.00
2026-06-09T08:15:58,1,3.66,1337.00,0.67,642.00,999.00,17.21,1013.80,18.71,0.01
2026-06-09T08:15:58,1,3.64,1337.00,0.67,642.00,999.00,17.19,1013.30,18.70,0.00
2026-06-09T08:15:58,1,3.69,1107.00,0.55,531.00,999.00,17.15,1014.10,18.70,0.01
2026-06-09T08:15:58,1,3.68,1107.00,0.55,531.00,999.00,17.12,1013.80,18.70,0.01
2026-06-09T08:15:59,1,3.66,1107.00,0.55,531.00,999.00,17.09,1014.40,18.70,0.01
2026-06-09T08:15:59,1,3.68,1107.00,0.55,531.00,999.00,17.05,1013.90,18.70,0.01
2026-06-09T08:15:59,1,3.69,1107.00,0.55,531.00,999.00,17.04,1013.70,18.68,0.01
2026-06-09T08:15:59,1,3.68,555.20,0.27,266.00,999.00,17.01,1014.00,18.69,0.01
2026-06-09T08:15:59,1,3.68,555.20,0.27,266.00,999.00,16.98,1013.60,18.69,0.01
