time,deviceMode,vBat,ec,sal,tds,slowDallasTemp,fastBRTemp,slowBRPres,slowBRTemp,slowBRDepth
2026-06-08T06:36:50,1,3.67,999.00,999.00,999.00,999.00,15.78,1016.20,17.67,0.03
2026-06-08T06:36:53,1,3.66,999.00,999.00,999.00,999.00,15.78,1016.70,17.70,0.04
2026-06-08T06:36:53,1,3.72,0.00,0.00,0.00,999.00,15.77,1015.90,17.71,0.03
2026-06-08T06:36:53,1,3.71,0.00,0.00,0.00,999.00,15.78,1016.10,17.71,0.03
2026-06-08T06:36:53,1,3.70,0.00,0.00,0.00,999.00,15.78,1016.30,17.71,0.03
2026-06-08T06:36:53,1,3.70,0.00,0.00,0.00,999.00,15.79,1016.60,17.71,0.04
2026-06-08T06:36:54,1,3.72,0.00,0.00,0.00,999.00,15.78,1016.30,17.72,0.03
2026-06-08T06:36:54,1,3.71,0.00,0.00,0.00,999.00,15.78,1016.30,17.71,0.03
2026-06-08T06:36:54,1,3.70,0.00,0.00,0.00,999.00,15.78,1016.50,17.72,0.03
2026-06-08T06:36:54,1,3.69,0.00,0.00,0.00,999.00,15.79,1016.40,17.72,0.03
2026-06-08T06:36:54,1,3.72,0.00,0.00,0.00,999.00,15.80,1016.50,17.72,0.03
2026-06-08T06:36:55,1,3.72,0.00,0.00,0.00,999.00,15.79,1016.70,17.72,0.04
2026-06-08T06:36:55,1,3.72,0.00,0.00,0.00,999.00,15.79,1015.90,17.72,0.03
2026-06-08T06:36:55,1,3.70,0.00,0.00,0.00,999.00,15.79,1016.30,17.71,0.03
2026-06-08T06:36:55,1,3.70,0.00,0.00,0.00,999.00,15.79,1016.50,17.71,0.03
2026-06-08T06:36:56,1,3.70,0.00,0.00,0.00,999.00,15.79,1016.50,17.72,0.03
2026-06-08T06:36:56,1,3.70,0.00,0.00,0.00,999.00,15.79,1016.50,17.72,0.03
2026-06-08T06:36:56,1,3.72,0.00,0.00,0.00,999.00,15.80,1016.10,17.72,0.03
2026-06-08T06:36:56,1,3.72,0.00,0.00,0.00,999.00,15.81,1016.30,17.71,0.03
2026-06-08T06:36:56,1,3.74,0.00,0.00,0.00,999.00,15.80,1016.50,17.72,0.03
2026-06-08T06:36:57,1,3.70,0.00,0.00,0.00,999.00,15.82,1016.00,17.72,0.03
2026-06-08T06:36:57,1,3.70,0.00,0.00,0.00,999.00,15.80,1015.60,17.72,0.03
2026-06-08T06:36:57,1,3.72,0.00,0.00,0.00,999.00,15.82,1016.20,17.72,0.03
2026-06-08T06:36:57,1,3.71,0.00,0.00,0.00,999.00,15.81,1016.70,17.71,0.04
2026-06-08T06:36:57,1,3.72,0.00,0.00,0.00,999.00,15.81,1016.80,17.71,0.04
2026-06-08T06:36:58,1,3.72,0.00,0.00,0.00,999.00,15.78,1016.20,17.71,0.03
2026-06-08T06:36:58,1,3.70,0.00,0.00,0.00,999.00,15.81,1017.30,17.68,0.04
2026-06-08T06:36:58,1,3.69,0.00,0.00,0.00,999.00,15.80,1016.50,17.71,0.03
2026-06-08T06:36:58,1,3.70,0.00,0.00,0.00,999.00,15.81,1016.40,17.71,0.03
2026-06-08T06:36:58,1,3.70,0.00,0.00,0.00,999.00,15.80,1016.40,17.71,0.03
2026-06-08T06:36:59,1,3.71,0.00,0.00,0.00,999.00,15.81,1016.20,17.71,0.03
2026-06-08T06:36:59,1,3.72,0.00,0.00,0.00,999.00,15.80,1016.20,17.71,0.03
2026-06-08T06:36:59,1,3.68,0.00,0.00,0.00,999.00,15.79,1016.70,17.71,0.04
2026-06-08T06:36:59,1,3.71,0.00,0.00,0.00,999.00,15.79,1016.50,17.71,0.03
2026-06-08T06:36:59,1,3.70,0.00,0.00,0.00,999.00,15.79,1016.40,17.71,0.03
2026-06-08T06:37:00,1,3.72,0.00,0.00,0.00,999.00,15.79,1016.20,17.71,0.03
2026-06-08T06:37:00,1,3.72,0.00,0.00,0.00,999.00,15.79,1016.80,17.71,0.04
2026-06-08T06:37:00,1,3.71,0.00,0.00,0.00,999.00,15.80,1016.40,17.71,0.03
2026-06-08T06:37:00,1,3.71,0.00,0.00,0.00,999.00,15.79,1016.30,17.70,0.03
2026-06-08T06:37:00,1,3.73,0.00,0.00,0.00,999.00,15.80,1016.30,17.70,0.03
2026-06-08T06:37:01,1,3.72,0.00,0.00,0.00,999.00,15.79,1016.20,17.71,0.03
2026-06-08T06:37:01,1,3.72,0.00,0.00,0.00,999.00,15.80,1016.20,17.71,0.03
2026-06-08T06:37:01,1,3.72,0.00,0.00,0.00,999.00,15.80,1015.90,17.70,0.03
2026-06-08T06:37:01,1,3.71,0.00,0.00,0.00,999.00,15.80,1016.00,17.70,0.03
2026-06-08T06:37:02,1,3.72,0.00,0.00,0.00,999.00,15.81,1016.20,17.70,0.03
2026-06-08T06:37:02,1,3.71,0.00,0.00,0.00,999.00,15.80,1016.20,17.70,0.03
2026-06-08T06:37:02,1,3.70,0.00,0.00,0.00,999.00,15.81,1016.40,17.70,0.03
2026-06-08T06:37:02,1,3.71,0.00,0.00,0.00,999.00,15.81,1016.00,17.70,0.03
2026-06-08T06:37:02,1,3.70,0.00,0.00,0.00,999.00,15.82,1016.50,17.69,0.03
2026-06-08T06:37:03,1,3.70,0.00,0.00,0.00,999.00,15.81,1016.80,17.69,0.04
2026-06-08T06:37:03,1,3.69,0.00,0.00,0.00,999.00,15.82,1016.10,17.69,0.03
2026-06-08T06:37:03,1,3.71,0.00,0.00,0.00,999.00,15.80,1016.30,17.69,0.03
2026-06-08T06:37:03,1,3.71,0.00,0.00,0.00,999.00,15.82,1015.80,17.70,0.03
2026-06-08T06:37:03,1,3.72,0.00,0.00,0.00,999.00,15.82,1016.40,17.69,0.03
2026-06-08T06:37:04,1,3.72,0.00,0.00,0.00,999.00,15.82,1016.30,17.69,0.03
2026-06-08T06:37:04,1,3.70,0.00,0.00,0.00,999.00,15.82,1015.80,17.69,0.03
2026-06-08T06:37:04,1,3.72,0.00,0.00,0.00,999.00,15.82,1016.10,17.69,0.03
2026-06-08T06:37:04,1,3.70,0.00,0.00,0.00,999.00,15.82,1016.10,17.69,0.03
2026-06-08T06:37:04,1,3.70,0.00,0.00,0.00,999.00,15.83,1016.30,17.69,0.03
2026-06-08T06:37:05,1,3.72,0.00,0.00,0.00,999.00,15.83,1015.90,17.69,0.03
2026-06-08T06:37:05,1,3.70,0.00,0.00,0.00,999.00,15.82,1016.20,17.69,0.03
2026-06-08T06:37:05,1,3.71,0.00,0.00,0.00,999.00,15.83,1016.40,17.69,0.03
2026-06-08T06:37:05,1,3.71,0.00,0.00,0.00,999.00,15.83,1016.40,17.69,0.03
2026-06-08T06:37:05,1,3.70,0.00,0.00,0.00,999.00,15.83,1016.20,17.69,0.03
2026-06-08T06:37:06,1,3.70,0.00,0.00,0.00,999.00,15.83,1015.50,17.69,0.02
2026-06-08T06:37:06,1,3.70,0.00,0.00,0.00,999.00,15.83,1016.00,17.69,0.03
2026-06-08T06:37:06,1,3.70,0.00,0.00,0.00,999.00,15.82,1016.50,17.69,0.03
2026-06-08T06:37:06,1,3.71,0.00,0.00,0.00,999.00,15.82,1015.90,17.69,0.03
2026-06-08T06:37:06,1,3.70,0.00,0.00,0.00,999.00,15.82,1016.00,17.69,0.03
2026-06-08T06:37:07,1,3.73,0.00,0.00,0.00,999.00,15.82,1016.10,17.69,0.03
2026-06-08T06:37:07,1,3.70,0.00,0.00,0.00,999.00,15.81,1016.50,17.69,0.03
2026-06-08T06:37:07,1,3.71,0.00,0.00,0.00,999.00,15.82,1015.70,17.69,0.03
2026-06-08T06:37:07,1,3.71,0.00,0.00,0.00,999.00,15.82,1016.00,17.69,0.03
2026-06-08T06:37:08,1,3.70,0.00,0.00,0.00,999.00,15.82,1016.20,17.69,0.03
2026-06-08T06:37:08,1,3.70,0.00,0.00,0.00,999.00,15.83,1016.20,17.69,0.03
2026-06-08T06:37:08,1,3.69,0.00,0.00,0.00,999.00,15.83,1016.30,17.69,0.03
2026-06-08T06:37:08,1,3.71,0.00,0.00,0.00,999.00,15.82,1016.30,17.68,0.03
2026-06-08T06:37:08,1,3.70,0.00,0.00,0.00,999.00,15.82,1016.00,17.69,0.03
2026-06-08T06:37:09,1,3.70,0.00,0.00,0.00,999.00,15.83,1016.30,17.69,0.03
2026-06-08T06:37:09,1,3.70,0.00,0.00,0.00,999.00,15.82,1016.00,17.68,0.03
2026-06-08T06:37:09,1,3.72,0.00,0.00,0.00,999.00,15.80,1016.00,17.69,0.03
2026-06-08T06:37:09,1,3.71,0.00,0.00,0.00,999.00,15.81,1016.50,17.69,0.03
2026-06-08T06:37:09,1,3.72,0.00,0.00,0.00,999.00,15.83,1015.80,17.68,0.03
2026-06-08T06:37:10,1,3.72,0.00,0.00,0.00,999.00,15.81,1016.70,17.68,0.04
2026-06-08T06:37:10,1,3.71,0.00,0.00,0.00,999.00,15.81,1016.00,17.68,0.03
2026-06-08T06:37:10,1,3.69,0.00,0.00,0.00,999.00,15.82,1016.20,17.68,0.03
2026-06-08T06:37:10,1,3.72,0.00,0.00,0.00,999.00,15.81,1015.80,17.68,0.03
2026-06-08T06:37:10,1,3.71,0.00,0.00,0.00,999.00,15.80,1016.60,17.68,0.04
2026-06-08T06:37:11,1,3.70,0.00,0.00,0.00,999.00,15.79,1015.90,17.68,0.03
2026-06-08T06:37:11,1,3.70,0.00,0.00,0.00,999.00,15.77,1016.00,17.68,0.03
2026-06-08T06:37:11,1,3.72,0.00,0.00,0.00,999.00,15.79,1016.00,17.68,0.03
2026-06-08T06:37:11,1,3.69,0.00,0.00,0.00,999.00,15.79,1016.50,17.68,0.03
2026-06-08T06:37:11,1,3.72,0.00,0.00,0.00,999.00,15.77,1016.00,17.68,0.03
2026-06-08T06:37:12,1,3.70,0.00,0.00,0.00,999.00,15.79,1015.80,17.67,0.03
2026-06-08T06:37:12,1,3.69,0.00,0.00,0.00,999.00,15.78,1016.40,17.68,0.03
2026-06-08T06:37:12,1,3.69,0.00,0.00,0.00,999.00,15.79,1016.10,17.67,0.03
2026-06-08T06:37:12,1,3.70,0.00,0.00,0.00,999.00,15.78,1016.00,17.68,0.03
2026-06-08T06:37:13,1,3.72,0.00,0.00,0.00,999.00,15.79,1016.10,17.67,0.03
2026-06-08T06:37:13,1,3.70,0.00,0.00,0.00,999.00,15.80,1016.00,17.67,0.03
2026-06-08T06:37:13,1,3.72,0.00,0.00,0.00,999.00,15.78,1016.20,17.67,0.03
2026-06-08T06:37:13,1,3.71,0.00,0.00,0.00,999.00,15.79,1016.20,17.67,0.03
2026-06-08T06:37:13,1,3.71,0.00,0.00,0.00,999.00,15.77,1016.10,17.67,0.03
2026-06-08T06:37:14,1,3.72,0.00,0.00,0.00,999.00,15.76,1016.40,17.67,0.03
2026-06-08T06:37:14,1,3.71,0.00,0.00,0.00,999.00,15.76,1016.10,17.67,0.03
2026-06-08T06:37:14,1,3.71,0.00,0.00,0.00,999.00,15.75,1016.10,17.67,0.03
2026-06-08T06:37:14,1,3.71,0.00,0.00,0.00,999.00,15.76,1016.10,17.67,0.03
2026-06-08T06:37:14,1,3.70,0.00,0.00,0.00,999.00,15.74,1016.00,17.67,0.03
2026-06-08T06:37:15,1,3.71,0.00,0.00,0.00,999.00,15.74,1016.10,17.67,0.03
2026-06-08T06:37:15,1,3.71,0.00,0.00,0.00,999.00,15.74,1016.10,17.67,0.03
2026-06-08T06:37:15,1,3.69,0.00,0.00,0.00,999.00,15.74,1015.80,17.66,0.03
2026-06-08T06:37:15,1,3.70,0.00,0.00,0.00,999.00,15.74,1015.90,17.66,0.03
2026-06-08T06:37:15,1,3.72,0.00,0.00,0.00,999.00,15.73,1016.00,17.66,0.03
2026-06-08T06:37:16,1,3.72,0.00,0.00,0.00,999.00,15.74,1015.80,17.66,0.03
2026-06-08T06:37:16,1,3.71,0.00,0.00,0.00,999.00,15.74,1016.10,17.66,0.03
2026-06-08T06:37:16,1,3.69,0.00,0.00,0.00,999.00,15.74,1015.60,17.66,0.03
2026-06-08T06:37:16,1,3.72,0.00,0.00,0.00,999.00,15.74,1015.60,17.66,0.03
2026-06-08T06:37:16,1,3.71,0.00,0.00,0.00,999.00,15.75,1016.10,17.66,0.03
2026-06-08T06:37:17,1,3.70,0.00,0.00,0.00,999.00,15.74,1015.90,17.66,0.03
2026-06-08T06:37:17,1,3.71,0.00,0.00,0.00,999.00,15.74,1016.60,17.63,0.04
2026-06-08T06:37:17,1,3.71,0.00,0.00,0.00,999.00,15.74,1015.90,17.65,0.03
2026-06-08T06:37:17,1,3.70,0.00,0.00,0.00,999.00,15.75,1016.30,17.62,0.03
2026-06-08T06:37:17,1,3.71,0.00,0.00,0.00,999.00,15.61,1015.50,17.65,0.02
2026-06-08T06:37:18,1,3.68,0.00,0.00,0.00,999.00,15.73,1019.90,17.50,0.07
2026-06-08T06:37:18,1,3.71,0.00,0.00,0.00,999.00,15.73,1019.90,17.50,0.07
2026-06-08T06:37:18,1,3.71,0.00,0.00,0.00,999.00,15.75,1016.30,17.64,0.03
2026-06-08T06:37:18,1,3.71,0.00,0.00,0.00,999.00,15.75,1015.90,17.65,0.03
2026-06-08T06:37:19,1,3.72,0.00,0.00,0.00,999.00,15.74,1015.70,17.65,0.03
2026-06-08T06:37:19,1,3.68,0.00,0.00,0.00,999.00,15.75,1016.00,17.65,0.03
2026-06-08T06:37:19,1,3.70,0.00,0.00,0.00,999.00,15.75,1016.00,17.65,0.03
2026-06-08T06:37:19,1,3.72,0.00,0.00,0.00,999.00,15.73,1015.50,17.65,0.02
2026-06-08T06:37:19,1,3.72,0.00,0.00,0.00,999.00,15.74,1016.20,17.65,0.03
2026-06-08T06:37:20,1,3.70,0.00,0.00,0.00,999.00,15.74,1016.20,17.65,0.03
2026-06-08T06:37:20,1,3.72,0.00,0.00,0.00,999.00,15.75,1016.00,17.65,0.03
2026-06-08T06:37:20,1,3.71,0.00,0.00,0.00,999.00,15.73,1015.40,17.65,0.02
2026-06-08T06:37:20,1,3.71,0.00,0.00,0.00,999.00,15.73,1016.10,17.65,0.03
2026-06-08T06:37:20,1,3.70,0.00,0.00,0.00,999.00,15.72,1015.90,17.65,0.03
2026-06-08T06:37:21,1,3.70,0.00,0.00,0.00,999.00,15.74,1015.80,17.64,0.03
2026-06-08T06:37:21,1,3.69,0.00,0.00,0.00,999.00,15.73,1015.70,17.64,0.03
2026-06-08T06:37:21,1,3.71,0.00,0.00,0.00,999.00,15.73,1015.90,17.64,0.03
2026-06-08T06:37:21,1,3.71,0.00,0.00,0.00,999.00,15.72,1015.60,17.64,0.03
2026-06-08T06:37:21,1,3.70,0.00,0.00,0.00,999.00,15.72,1015.70,17.64,0.03
2026-06-08T06:37:22,1,3.71,0.00,0.00,0.00,999.00,15.72,1015.90,17.64,0.03
2026-06-08T06:37:22,1,3.69,0.00,0.00,0.00,999.00,15.71,1015.90,17.64,0.03
2026-06-08T06:37:22,1,3.69,0.00,0.00,0.00,999.00,15.72,1015.90,17.64,0.03
2026-06-08T06:37:22,1,3.68,0.00,0.00,0.00,999.00,15.71,1015.90,17.64,0.03
2026-06-08T06:37:22,1,3.69,0.00,0.00,0.00,999.00,15.71,1015.60,17.64,0.03
2026-06-08T06:37:23,1,3.71,0.00,0.00,0.00,999.00,15.71,1015.70,17.64,0.03
2026-06-08T06:37:23,1,3.70,0.00,0.00,0.00,999.00,15.71,1015.80,17.63,0.03
2026-06-08T06:37:23,1,3.71,0.00,0.00,0.00,999.00,15.71,1016.20,17.64,0.03
2026-06-08T06:37:23,1,3.72,0.00,0.00,0.00,999.00,15.69,1015.40,17.64,0.02
2026-06-08T06:37:24,1,3.71,0.00,0.00,0.00,999.00,15.70,1016.10,17.63,0.03
2026-06-08T06:37:24,1,3.70,0.00,0.00,0.00,999.00,15.69,1015.90,17.63,0.03
2026-06-08T06:37:24,1,3.71,0.00,0.00,0.00,999.00,15.68,1015.70,17.63,0.03
2026-06-08T06:37:24,1,3.71,0.00,0.00,0.00,999.00,15.68,1015.00,17.63,0.02
2026-06-08T06:37:24,1,3.72,0.00,0.00,0.00,999.00,15.69,1016.10,17.63,0.03
2026-06-08T06:37:25,1,3.69,0.00,0.00,0.00,999.00,15.68,1016.30,17.63,0.03
2026-06-08T06:37:25,1,3.69,0.00,0.00,0.00,999.00,15.69,1016.20,17.63,0.03
2026-06-08T06:37:25,1,3.72,0.00,0.00,0.00,999.00,15.68,1015.80,17.63,0.03
2026-06-08T06:37:25,1,3.69,0.00,0.00,0.00,999.00,15.68,1015.50,17.63,0.02
2026-06-08T06:37:25,1,3.71,0.00,0.00,0.00,999.00,15.68,1015.80,17.63,0.03
2026-06-08T06:37:26,1,3.70,0.00,0.00,0.00,999.00,15.68,1015.50,17.62,0.02
2026-06-08T06:37:26,1,3.69,0.00,0.00,0.00,999.00,15.68,1015.90,17.62,0.03
2026-06-08T06:37:26,1,3.71,0.00,0.00,0.00,999.00,15.68,1015.60,17.62,0.03
2026-06-08T06:37:26,1,3.68,0.00,0.00,0.00,999.00,15.68,1015.70,17.62,0.03
2026-06-08T06:37:26,1,3.68,0.00,0.00,0.00,999.00,15.68,1015.70,17.62,0.03
2026-06-08T06:37:27,1,3.70,0.00,0.00,0.00,999.00,15.68,1015.80,17.62,0.03
2026-06-08T06:37:27,1,3.70,0.00,0.00,0.00,999.00,15.68,1015.60,17.62,0.03
2026-06-08T06:37:27,1,3.71,0.00,0.00,0.00,999.00,15.68,1015.50,17.62,0.02
2026-06-08T06:37:27,1,3.71,0.00,0.00,0.00,999.00,15.68,1015.80,17.62,0.03
2026-06-08T06:37:27,1,3.71,0.00,0.00,0.00,999.00,15.67,1015.70,17.62,0.03
2026-06-08T06:37:28,1,3.70,0.00,0.00,0.00,999.00,15.66,1015.90,17.59,0.03
2026-06-08T06:37:28,1,3.70,0.00,0.00,0.00,999.00,15.67,1015.80,17.60,0.03
2026-06-08T06:37:28,1,3.71,0.00,0.00,0.00,999.00,15.65,1015.40,17.61,0.02
2026-06-08T06:37:28,1,3.70,0.00,0.00,0.00,999.00,15.65,1015.70,17.62,0.03
2026-06-08T06:37:29,1,3.71,0.00,0.00,0.00,999.00,15.65,1014.80,17.63,0.02
2026-06-08T06:37:29,1,3.70,0.00,0.00,0.00,999.00,15.66,1015.10,17.63,0.02
2026-06-08T06:37:29,1,3.69,0.00,0.00,0.00,999.00,15.66,1014.10,17.63,0.01
2026-06-08T06:37:29,1,3.70,0.00,0.00,0.00,999.00,15.66,1014.90,17.63,0.02
2026-06-08T06:37:29,1,3.68,0.00,0.00,0.00,999.00,15.65,1015.30,17.62,0.02
2026-06-08T06:37:30,1,3.70,0.00,0.00,0.00,999.00,15.65,1014.60,17.63,0.02
2026-06-08T06:37:30,1,3.70,0.00,0.00,0.00,999.00,15.64,1015.10,17.63,0.02
2026-06-08T06:37:30,1,3.70,0.00,0.00,0.00,999.00,15.64,1015.30,17.62,0.02
2026-06-08T06:37:30,1,3.71,0.00,0.00,0.00,999.00,15.64,1015.10,17.62,0.02
2026-06-08T06:37:30,1,3.71,0.00,0.00,0.00,999.00,15.64,1015.60,17.61,0.03
2026-06-08T06:37:31,1,3.68,0.00,0.00,0.00,999.00,15.63,1015.40,17.62,0.02
2026-06-08T06:37:31,1,3.69,0.00,0.00,0.00,999.00,15.63,1015.00,17.61,0.02
2026-06-08T06:37:31,1,3.72,0.00,0.00,0.00,999.00,15.62,1015.70,17.60,0.03
2026-06-08T06:37:31,1,3.69,0.00,0.00,0.00,999.00,15.61,1015.80,17.60,0.03
2026-06-08T06:37:31,1,3.70,0.00,0.00,0.00,999.00,15.63,1015.80,17.61,0.03
2026-06-08T06:37:32,1,3.68,0.00,0.00,0.00,999.00,15.61,1015.30,17.60,0.02
2026-06-08T06:37:32,1,3.71,0.00,0.00,0.00,999.00,15.62,1015.60,17.59,0.03
2026-06-08T06:37:32,1,3.69,0.00,0.00,0.00,999.00,15.61,1015.80,17.59,0.03
2026-06-08T06:37:32,1,3.69,0.00,0.00,0.00,999.00,15.61,1016.10,17.59,0.03
2026-06-08T06:37:32,1,3.71,0.00,0.00,0.00,999.00,15.61,1015.50,17.59,0.02
2026-06-08T06:37:33,1,3.71,0.00,0.00,0.00,999.00,15.59,1016.10,17.59,0.03
2026-06-08T06:37:33,1,3.68,0.00,0.00,0.00,999.00,15.58,1015.40,17.59,0.02
2026-06-08T06:37:33,1,3.71,0.00,0.00,0.00,999.00,15.59,1016.10,17.58,0.03
2026-06-08T06:37:33,1,3.69,0.00,0.00,0.00,999.00,15.58,1015.50,17.58,0.02
2026-06-08T06:37:33,1,3.71,0.00,0.00,0.00,999.00,15.58,1015.90,17.58,0.03
2026-06-08T06:37:34,1,3.70,0.00,0.00,0.00,999.00,15.58,1015.60,17.58,0.03
2026-06-08T06:37:34,1,3.70,0.00,0.00,0.00,999.00,15.57,1015.90,17.58,0.03
2026-06-08T06:37:34,1,3.71,0.00,0.00,0.00,999.00,15.56,1016.40,17.58,0.03
2026-06-08T06:37:34,1,3.70,0.00,0.00,0.00,999.00,15.56,1015.40,17.57,0.02
2026-06-08T06:37:35,1,3.70,0.00,0.00,0.00,999.00,15.55,1015.30,17.58,0.02
2026-06-08T06:37:35,1,3.70,0.00,0.00,0.00,999.00,15.54,1015.60,17.58,0.03
2026-06-08T06:37:35,1,3.70,0.00,0.00,0.00,999.00,15.56,1015.60,17.58,0.03
2026-06-08T06:37:35,1,3.70,0.00,0.00,0.00,999.00,15.56,1015.60,17.58,0.03
2026-06-08T06:37:35,1,3.67,0.00,0.00,0.00,999.00,15.56,1015.60,17.58,0.03
2026-06-08T06:37:36,1,3.70,0.00,0.00,0.00,999.00,15.56,1015.20,17.58,0.02
2026-06-08T06:37:36,1,3.70,0.00,0.00,0.00,999.00,15.56,1016.00,17.57,0.03
2026-06-08T06:37:36,1,3.70,0.00,0.00,0.00,999.00,15.55,1015.30,17.57,0.02
2026-06-08T06:37:36,1,3.72,0.00,0.00,0.00,999.00,15.57,1016.10,17.58,0.03
2026-06-08T06:37:36,1,3.70,0.00,0.00,0.00,999.00,15.58,1015.90,17.57,0.03
2026-06-08T06:37:37,1,3.69,0.00,0.00,0.00,999.00,15.57,1015.60,17.57,0.03
2026-06-08T06:37:37,1,3.70,0.00,0.00,0.00,999.00,15.57,1015.30,17.57,0.02
2026-06-08T06:37:37,1,3.71,0.00,0.00,0.00,999.00,15.58,1015.50,17.57,0.02
2026-06-08T06:37:37,1,3.70,0.00,0.00,0.00,999.00,15.57,1015.70,17.57,0.03
2026-06-08T06:37:37,1,3.70,0.00,0.00,0.00,999.00,15.58,1015.70,17.57,0.03
2026-06-08T06:37:38,1,3.71,0.00,0.00,0.00,999.00,15.58,1015.60,17.57,0.03
2026-06-08T06:37:38,1,3.71,0.00,0.00,0.00,999.00,15.57,1015.60,17.56,0.03
2026-06-08T06:37:38,1,3.71,0.00,0.00,0.00,999.00,15.57,1015.70,17.56,0.03
2026-06-08T06:37:38,1,3.70,0.00,0.00,0.00,999.00,15.58,1015.50,17.56,0.02
2026-06-08T06:37:38,1,3.71,0.00,0.00,0.00,999.00,15.60,1015.20,17.56,0.02
2026-06-08T06:37:39,1,3.70,0.00,0.00,0.00,999.00,15.61,1015.40,17.56,0.02
2026-06-08T06:37:39,1,3.70,0.00,0.00,0.00,999.00,15.62,1015.60,17.56,0.03
2026-06-08T06:37:39,1,3.71,0.00,0.00,0.00,999.00,15.62,1015.90,17.56,0.03
2026-06-08T06:37:39,1,3.71,0.00,0.00,0.00,999.00,15.64,1015.60,17.56,0.03
2026-06-08T06:37:39,1,3.70,0.00,0.00,0.00,999.00,15.63,1015.70,17.56,0.03
2026-06-08T06:37:40,1,3.67,0.00,0.00,0.00,999.00,15.64,1015.40,17.56,0.02
2026-06-08T06:37:40,1,3.70,0.00,0.00,0.00,999.00,15.65,1015.40,17.55,0.02
2026-06-08T06:37:40,1,3.71,0.00,0.00,0.00,999.00,15.65,1016.00,17.55,0.03
2026-06-08T06:37:40,1,3.71,0.00,0.00,0.00,999.00,15.65,1015.80,17.54,0.03
2026-06-08T06:37:41,1,3.69,0.00,0.00,0.00,999.00,15.64,1016.20,17.54,0.03
2026-06-08T06:37:41,1,3.69,0.00,0.00,0.00,999.00,15.64,1015.50,17.55,0.02
2026-06-08T06:37:41,1,3.70,0.00,0.00,0.00,999.00,15.62,1016.20,17.54,0.03
2026-06-08T06:37:41,1,3.69,0.00,0.00,0.00,999.00,15.61,1016.00,17.54,0.03
2026-06-08T06:37:41,1,3.71,0.00,0.00,0.00,999.00,15.61,1015.40,17.54,0.02
2026-06-08T06:37:42,1,3.68,0.00,0.00,0.00,999.00,15.60,1016.20,17.54,0.03
2026-06-08T06:37:42,1,3.69,0.00,0.00,0.00,999.00,15.59,1015.70,17.54,0.03
2026-06-08T06:37:42,1,3.69,0.00,0.00,0.00,999.00,15.60,1016.20,17.54,0.03
2026-06-08T06:37:42,1,3.69,0.00,0.00,0.00,999.00,15.60,1015.90,17.54,0.03
2026-06-08T06:37:42,1,3.69,0.00,0.00,0.00,999.00,15.59,1015.90,17.54,0.03
2026-06-08T06:37:43,1,3.70,0.00,0.00,0.00,999.00,15.60,1015.80,17.53,0.03
2026-06-08T06:37:43,1,3.71,0.00,0.00,0.00,999.00,15.59,1016.00,17.53,0.03
2026-06-08T06:37:43,1,3.71,0.00,0.00,0.00,999.00,15.60,1015.50,17.53,0.02
2026-06-08T06:37:43,1,3.71,0.00,0.00,0.00,999.00,15.59,1016.40,17.53,0.03
2026-06-08T06:37:43,1,3.71,0.00,0.00,0.00,999.00,15.59,1016.10,17.53,0.03
2026-06-08T06:37:44,1,3.70,0.00,0.00,0.00,999.00,15.60,1016.10,17.53,0.03
2026-06-08T06:37:44,1,3.72,0.00,0.00,0.00,999.00,15.59,1015.90,17.53,0.03
2026-06-08T06:37:44,1,3.71,0.00,0.00,0.00,999.00,15.59,1016.10,17.53,0.03
2026-06-08T06:37:44,1,3.71,0.00,0.00,0.00,999.00,15.60,1016.00,17.53,0.03
2026-06-08T06:37:44,1,3.70,0.00,0.00,0.00,999.00,15.58,1016.40,17.53,0.03
2026-06-08T06:37:45,1,3.69,0.00,0.00,0.00,999.00,15.58,1016.10,17.52,0.03
2026-06-08T06:37:45,1,3.72,0.00,0.00,0.00,999.00,15.57,1016.00,17.53,0.03
2026-06-08T06:37:45,1,3.70,0.00,0.00,0.00,999.00,15.58,1015.70,17.53,0.03
2026-06-08T06:37:45,1,3.69,0.00,0.00,0.00,999.00,15.56,1015.80,17.52,0.03
2026-06-08T06:37:45,1,3.68,0.00,0.00,0.00,999.00,15.58,1015.60,17.52,0.03
2026-06-08T06:37:46,1,3.70,0.00,0.00,0.00,999.00,15.57,1016.00,17.52,0.03
2026-06-08T06:37:46,1,3.70,0.00,0.00,0.00,999.00,15.57,1015.70,17.52,0.03
2026-06-08T06:37:46,1,3.70,0.00,0.00,0.00,999.00,15.56,1016.00,17.52,0.03
2026-06-08T06:37:46,1,3.69,0.00,0.00,0.00,999.00,15.57,1015.70,17.52,0.03
2026-06-08T06:37:47,1,3.69,0.00,0.00,0.00,999.00,15.56,1015.70,17.52,0.03
2026-06-08T06:37:47,1,3.72,0.00,0.00,0.00,999.00,15.56,1016.00,17.52,0.03
2026-06-08T06:37:47,1,3.69,0.00,0.00,0.00,999.00,15.55,1016.10,17.52,0.03
2026-06-08T06:37:47,1,3.72,0.00,0.00,0.00,999.00,15.56,1016.10,17.50,0.03
2026-06-08T06:37:47,1,3.70,0.00,0.00,0.00,999.00,15.56,1016.00,17.51,0.03
2026-06-08T06:37:48,1,3.72,0.00,0.00,0.00,999.00,15.55,1015.60,17.51,0.03
2026-06-08T06:37:48,1,3.70,0.00,0.00,0.00,999.00,15.55,1015.90,17.51,0.03
2026-06-08T06:37:48,1,3.70,0.00,0.00,0.00,999.00,15.55,1015.60,17.51,0.03
2026-06-08T06:37:48,1,3.70,0.00,0.00,0.00,999.00,15.55,1015.60,17.51,0.03
2026-06-08T06:37:48,1,3.69,0.00,0.00,0.00,999.00,15.55,1015.90,17.51,0.03
2026-06-08T06:37:49,1,3.71,0.00,0.00,0.00,999.00,15.54,1016.00,17.51,0.03
2026-06-08T06:37:49,1,3.69,0.00,0.00,0.00,999.00,15.54,1015.80,17.51,0.03
2026-06-08T06:37:49,1,3.70,0.00,0.00,0.00,999.00,15.54,1015.70,17.51,0.03
2026-06-08T06:37:49,1,3.70,0.00,0.00,0.00,999.00,15.53,1016.30,17.51,0.03
2026-06-08T06:37:49,1,3.70,0.00,0.00,0.00,999.00,15.53,1016.10,17.51,0.03
2026-06-08T06:37:50,1,3.71,0.00,0.00,0.00,999.00,15.53,1015.80,17.51,0.03
2026-06-08T06:37:50,1,3.72,0.00,0.00,0.00,999.00,15.52,1015.80,17.51,0.03
2026-06-08T06:37:50,1,3.72,0.00,0.00,0.00,999.00,15.51,1015.50,17.51,0.02
2026-06-08T06:37:50,1,3.70,0.00,0.00,0.00,999.00,15.52,1016.00,17.50,0.03
2026-06-08T06:37:50,1,3.69,0.00,0.00,0.00,999.00,15.51,1015.30,17.51,0.02
2026-06-08T06:37:51,1,3.71,0.00,0.00,0.00,999.00,15.52,1014.60,17.51,0.02
2026-06-08T06:37:51,1,3.69,0.00,0.00,0.00,999.00,15.52,1014.80,17.51,0.02
2026-06-08T06:37:51,1,3.69,0.00,0.00,0.00,999.00,15.50,1015.40,17.52,0.02
2026-06-08T06:37:51,1,3.68,0.00,0.00,0.00,999.00,15.51,1015.40,17.52,0.02
2026-06-08T06:37:51,1,3.70,0.00,0.00,0.00,999.00,15.50,1014.70,17.51,0.02
2026-06-08T06:37:52,1,3.71,0.00,0.00,0.00,999.00,15.51,1015.40,17.51,0.02
2026-06-08T06:37:52,1,3.70,0.00,0.00,0.00,999.00,15.50,1015.10,17.51,0.02
2026-06-08T06:37:52,1,3.71,0.00,0.00,0.00,999.00,15.49,1015.30,17.51,0.02
2026-06-08T06:37:52,1,3.70,0.00,0.00,0.00,999.00,15.51,1015.50,17.51,0.02
2026-06-08T06:37:53,1,3.70,0.00,0.00,0.00,999.00,15.51,1015.40,17.51,0.02
2026-06-08T06:37:53,1,3.71,0.00,0.00,0.00,999.00,15.50,1015.00,17.51,0.02
2026-06-08T06:37:53,1,3.71,0.00,0.00,0.00,999.00,15.51,1015.40,17.50,0.02
2026-06-08T06:37:53,1,3.71,0.00,0.00,0.00,999.00,15.50,1014.80,17.51,0.02
2026-06-08T06:37:53,1,3.71,0.00,0.00,0.00,999.00,15.50,1015.60,17.51,0.03
2026-06-08T06:37:54,1,3.69,0.00,0.00,0.00,999.00,15.50,1015.40,17.51,0.02
2026-06-08T06:37:54,1,3.72,0.00,0.00,0.00,999.00,15.50,1015.80,17.51,0.03
2026-06-08T06:37:54,1,3.71,0.00,0.00,0.00,999.00,15.50,1015.50,17.50,0.02
2026-06-08T06:37:54,1,3.71,0.00,0.00,0.00,999.00,15.50,1015.20,17.51,0.02
2026-06-08T06:37:54,1,3.70,0.00,0.00,0.00,999.00,15.52,1015.80,17.50,0.03
2026-06-08T06:37:55,1,3.70,0.00,0.00,0.00,999.00,15.51,1015.30,17.50,0.02
2026-06-08T06:37:55,1,3.71,0.00,0.00,0.00,999.00,15.50,1015.10,17.50,0.02
2026-06-08T06:37:55,1,3.71,0.00,0.00,0.00,999.00,15.52,1015.10,17.50,0.02
2026-06-08T06:37:55,1,3.69,0.00,0.00,0.00,999.00,15.50,1015.50,17.50,0.02
2026-06-08T06:37:55,1,3.71,0.00,0.00,0.00,999.00,15.51,1015.10,17.50,0.02
2026-06-08T06:37:56,1,3.68,0.00,0.00,0.00,999.00,15.52,1015.20,17.50,0.02
2026-06-08T06:37:56,1,3.71,0.00,0.00,0.00,999.00,15.50,1015.40,17.50,0.02
2026-06-08T06:37:56,1,3.71,0.00,0.00,0.00,999.00,15.52,1015.50,17.50,0.02
2026-06-08T06:37:56,1,3.71,0.00,0.00,0.00,999.00,15.50,1015.50,17.50,0.02
2026-06-08T06:37:56,1,3.68,0.00,0.00,0.00,999.00,15.51,1015.30,17.50,0.02
2026-06-08T06:37:57,1,3.70,0.00,0.00,0.00,999.00,15.51,1015.90,17.50,0.03
2026-06-08T06:37:57,1,3.71,0.00,0.00,0.00,999.00,15.51,1015.40,17.50,0.02
2026-06-08T06:37:57,1,3.71,0.00,0.00,0.00,999.00,15.52,1015.40,17.50,0.02
2026-06-08T06:37:57,1,3.70,0.00,0.00,0.00,999.00,15.51,1015.70,17.50,0.03
2026-06-08T06:37:58,1,3.69,0.00,0.00,0.00,999.00,15.51,1015.40,17.50,0.02
2026-06-08T06:37:58,1,3.70,0.00,0.00,0.00,999.00,15.51,1015.20,17.49,0.02
2026-06-08T06:37:58,1,3.69,0.00,0.00,0.00,999.00,15.51,1015.30,17.49,0.02
2026-06-08T06:37:58,1,3.69,0.00,0.00,0.00,999.00,15.52,1015.30,17.50,0.02
2026-06-08T06:37:58,1,3.71,0.00,0.00,0.00,999.00,15.52,1014.90,17.50,0.02
2026-06-08T06:37:59,1,3.70,0.00,0.00,0.00,999.00,15.50,1015.60,17.49,0.03
2026-06-08T06:37:59,1,3.70,0.00,0.00,0.00,999.00,15.50,1015.10,17.49,0.02
2026-06-08T06:37:59,1,3.70,0.00,0.00,0.00,999.00,15.52,1015.50,17.49,0.02
2026-06-08T06:37:59,1,3.70,0.00,0.00,0.00,999.00,15.50,1015.30,17.49,0.02
2026-06-08T06:37:59,1,3.68,0.00,0.00,0.00,999.00,15.50,1015.50,17.49,0.02
2026-06-08T06:38:00,1,3.69,0.00,0.00,0.00,999.00,15.51,1015.50,17.49,0.02
2026-06-08T06:38:00,1,3.71,0.00,0.00,0.00,999.00,15.51,1015.20,17.49,0.02
2026-06-08T06:38:00,1,3.68,0.00,0.00,0.00,999.00,15.50,1015.20,17.49,0.02
2026-06-08T06:38:00,1,3.69,0.00,0.00,0.00,999.00,15.51,1015.70,17.48,0.03
2026-06-08T06:38:00,1,3.69,0.00,0.00,0.00,999.00,15.51,1015.40,17.49,0.02
2026-06-08T06:38:01,1,3.70,0.00,0.00,0.00,999.00,15.51,1015.40,17.49,0.02
2026-06-08T06:38:01,1,3.70,0.00,0.00,0.00,999.00,15.52,1015.60,17.49,0.03
2026-06-08T06:38:01,1,3.70,0.00,0.00,0.00,999.00,15.52,1015.40,17.49,0.02
2026-06-08T06:38:01,1,3.71,0.00,0.00,0.00,999.00,15.51,1015.70,17.49,0.03
2026-06-08T06:38:01,1,3.68,0.00,0.00,0.00,999.00,15.50,1015.30,17.48,0.02
2026-06-08T06:38:02,1,3.71,0.00,0.00,0.00,999.00,15.52,1015.50,17.48,0.02
2026-06-08T06:38:02,1,3.71,0.00,0.00,0.00,999.00,15.50,1015.70,17.49,0.03
2026-06-08T06:38:02,1,3.69,0.00,0.00,0.00,999.00,15.51,1015.80,17.49,0.03
2026-06-08T06:38:02,1,3.69,0.00,0.00,0.00,999.00,15.51,1015.70,17.48,0.03
2026-06-08T06:38:03,1,3.69,0.00,0.00,0.00,999.00,15.51,1015.40,17.48,0.02
2026-06-08T06:38:03,1,3.70,0.00,0.00,0.00,999.00,15.51,1015.70,17.48,0.03
2026-06-08T06:38:03,1,3.69,0.00,0.00,0.00,999.00,15.51,1015.70,17.48,0.03
2026-06-08T06:38:03,1,3.71,0.00,0.00,0.00,999.00,15.50,1015.50,17.48,0.02
2026-06-08T06:38:03,1,3.70,0.00,0.00,0.00,999.00,15.52,1015.40,17.48,0.02
2026-06-08T06:38:04,1,3.70,0.00,0.00,0.00,999.00,15.51,1015.40,17.48,0.02
2026-06-08T06:38:04,1,3.69,0.00,0.00,0.00,999.00,15.51,1015.70,17.48,0.03
2026-06-08T06:38:04,1,3.69,0.00,0.00,0.00,999.00,15.51,1015.30,17.48,0.02
2026-06-08T06:38:04,1,3.68,0.00,0.00,0.00,999.00,15.51,1015.80,17.48,0.03
2026-06-08T06:38:04,1,3.70,0.00,0.00,0.00,999.00,15.50,1015.20,17.47,0.02
2026-06-08T06:38:05,1,3.70,0.00,0.00,0.00,999.00,15.50,1015.80,17.48,0.03
2026-06-08T06:38:05,1,3.70,0.00,0.00,0.00,999.00,15.49,1015.90,17.47,0.03
2026-06-08T06:38:05,1,3.71,0.00,0.00,0.00,999.00,15.47,1015.80,17.47,0.03
2026-06-08T06:38:05,1,3.69,0.00,0.00,0.00,999.00,15.49,1015.40,17.47,0.02
2026-06-08T06:38:05,1,3.70,0.00,0.00,0.00,999.00,15.47,1016.30,17.47,0.03
2026-06-08T06:38:06,1,3.71,0.00,0.00,0.00,999.00,15.48,1015.60,17.46,0.03
2026-06-08T06:38:06,1,3.71,0.00,0.00,0.00,999.00,15.48,1015.50,17.48,0.02
2026-06-08T06:38:06,1,3.71,0.00,0.00,0.00,999.00,15.47,1013.90,17.50,0.01
2026-06-08T06:38:06,1,3.71,0.00,0.00,0.00,999.00,15.47,1014.60,17.50,0.02
2026-06-08T06:38:06,1,3.71,0.00,0.00,0.00,999.00,15.47,1014.10,17.50,0.01
2026-06-08T06:38:07,1,3.71,0.00,0.00,0.00,999.00,15.46,1014.40,17.50,0.01
2026-06-08T06:38:07,1,3.72,0.00,0.00,0.00,999.00,15.46,1013.80,17.50,0.01
2026-06-08T06:38:07,1,3.70,0.00,0.00,0.00,999.00,15.46,1014.90,17.50,0.02
2026-06-08T06:38:07,1,3.70,0.00,0.00,0.00,999.00,15.46,1014.20,17.51,0.01
2026-06-08T06:38:07,1,3.70,0.00,0.00,0.00,999.00,15.46,1014.30,17.51,0.01
2026-06-08T06:38:08,1,3.71,0.00,0.00,0.00,999.00,15.45,1014.30,17.50,0.01
2026-06-08T06:38:08,1,3.71,0.00,0.00,0.00,999.00,15.45,1014.60,17.50,0.02
2026-06-08T06:38:08,1,3.71,0.00,0.00,0.00,999.00,15.46,1014.40,17.50,0.01
2026-06-08T06:38:08,1,3.71,0.00,0.00,0.00,999.00,15.46,1014.40,17.50,0.01
2026-06-08T06:38:09,1,3.71,0.00,0.00,0.00,999.00,15.44,1014.80,17.50,0.02
2026-06-08T06:38:09,1,3.71,0.00,0.00,0.00,999.00,15.45,1014.20,17.50,0.01
2026-06-08T06:38:09,1,3.69,0.00,0.00,0.00,999.00,15.43,1014.20,17.50,0.01
2026-06-08T06:38:09,1,3.71,0.00,0.00,0.00,999.00,15.42,1014.80,17.50,0.02
2026-06-08T06:38:09,1,3.68,0.00,0.00,0.00,999.00,15.41,1014.30,17.50,0.01
2026-06-08T06:38:10,1,3.69,0.00,0.00,0.00,999.00,15.42,1014.60,17.50,0.02
2026-06-08T06:38:10,1,3.72,0.00,0.00,0.00,999.00,15.41,1014.70,17.50,0.02
2026-06-08T06:38:10,1,3.69,0.00,0.00,0.00,999.00,15.39,1014.80,17.50,0.02
2026-06-08T06:38:10,1,3.70,0.00,0.00,0.00,999.00,15.38,1015.30,17.49,0.02
2026-06-08T06:38:10,1,3.71,0.00,0.00,0.00,999.00,15.37,1014.60,17.49,0.02
2026-06-08T06:38:11,1,3.70,0.00,0.00,0.00,999.00,15.38,1015.00,17.49,0.02
2026-06-08T06:38:11,1,3.70,0.00,0.00,0.00,999.00,15.35,1015.30,17.49,0.02
2026-06-08T06:38:11,1,3.70,0.00,0.00,0.00,999.00,15.34,1015.10,17.49,0.02
2026-06-08T06:38:11,1,3.70,0.00,0.00,0.00,999.00,15.35,1015.50,17.49,0.02
2026-06-08T06:38:11,1,3.71,0.00,0.00,0.00,999.00,15.35,1015.20,17.49,0.02
2026-06-08T06:38:12,1,3.71,0.00,0.00,0.00,999.00,15.35,1015.40,17.48,0.02
2026-06-08T06:38:12,1,3.66,0.00,0.00,0.00,999.00,15.35,1015.00,17.48,0.02
2026-06-08T06:38:12,1,3.68,0.00,0.00,0.00,999.00,15.35,1015.00,17.49,0.02
2026-06-08T06:38:12,1,3.66,0.00,0.00,0.00,999.00,15.34,1015.20,17.48,0.02
2026-06-08T06:38:12,1,3.70,0.00,0.00,0.00,999.00,15.34,1015.30,17.48,0.02
2026-06-08T06:38:13,1,3.68,0.00,0.00,0.00,999.00,15.35,1014.80,17.48,0.02
2026-06-08T06:38:13,1,3.70,0.00,0.00,0.00,999.00,15.35,1015.20,17.48,0.02
2026-06-08T06:38:13,1,3.68,0.00,0.00,0.00,999.00,15.35,1015.30,17.48,0.02
2026-06-08T06:38:13,1,3.71,0.00,0.00,0.00,999.00,15.35,1015.10,17.47,0.02
2026-06-08T06:38:14,1,3.70,0.00,0.00,0.00,999.00,15.35,1015.00,17.47,0.02
2026-06-08T06:38:14,1,3.69,0.00,0.00,0.00,999.00,15.35,1015.00,17.47,0.02
2026-06-08T06:38:14,1,3.67,0.00,0.00,0.00,999.00,15.36,1015.00,17.48,0.02
2026-06-08T06:38:14,1,3.69,0.00,0.00,0.00,999.00,15.36,1014.70,17.47,0.02
2026-06-08T06:38:14,1,3.70,0.00,0.00,0.00,999.00,15.35,1015.10,17.47,0.02
2026-06-08T06:38:15,1,3.70,0.00,0.00,0.00,999.00,15.34,1015.10,17.48,0.02
2026-06-08T06:38:15,1,3.72,0.00,0.00,0.00,999.00,15.34,1015.00,17.48,0.02
2026-06-08T06:38:15,1,3.70,0.00,0.00,0.00,999.00,15.33,1015.10,17.47,0.02
2026-06-08T06:38:15,1,3.70,0.00,0.00,0.00,999.00,15.34,1015.10,17.47,0.02
2026-06-08T06:38:15,1,3.72,0.00,0.00,0.00,999.00,15.32,1015.00,17.47,0.02
2026-06-08T06:38:16,1,3.70,0.00,0.00,0.00,999.00,15.32,1014.60,17.47,0.02
2026-06-08T06:38:16,1,3.71,0.00,0.00,0.00,999.00,15.31,1014.90,17.47,0.02
2026-06-08T06:38:16,1,3.70,0.00,0.00,0.00,999.00,15.31,1015.30,17.46,0.02
2026-06-08T06:38:16,1,3.71,0.00,0.00,0.00,999.00,15.31,1014.90,17.47,0.02
2026-06-08T06:38:16,1,3.70,0.00,0.00,0.00,999.00,15.31,1014.50,17.46,0.01
2026-06-08T06:38:17,1,3.72,0.00,0.00,0.00,999.00,15.30,1015.10,17.46,0.02
2026-06-08T06:38:17,1,3.71,0.00,0.00,0.00,999.00,15.31,1014.80,17.46,0.02
2026-06-08T06:38:17,1,3.71,0.00,0.00,0.00,999.00,15.30,1014.80,17.45,0.02
2026-06-08T06:38:17,1,3.70,0.00,0.00,0.00,999.00,15.29,1014.70,17.45,0.02
2026-06-08T06:38:17,1,3.70,0.00,0.00,0.00,999.00,15.29,1015.20,17.45,0.02
2026-06-08T06:38:18,1,3.70,0.00,0.00,0.00,999.00,15.29,1015.00,17.45,0.02
2026-06-08T06:38:18,1,3.71,0.00,0.00,0.00,999.00,15.28,1015.50,17.45,0.02
2026-06-08T06:38:18,1,3.68,0.00,0.00,0.00,999.00,15.28,1015.50,17.44,0.02
2026-06-08T06:38:18,1,3.72,0.00,0.00,0.00,999.00,15.28,1014.90,17.44,0.02
2026-06-08T06:38:19,1,3.69,0.00,0.00,0.00,999.00,15.26,1015.10,17.44,0.02
2026-06-08T06:38:19,1,3.69,0.00,0.00,0.00,999.00,15.27,1014.90,17.44,0.02
2026-06-08T06:38:19,1,3.70,0.00,0.00,0.00,999.00,15.27,1015.30,17.44,0.02
2026-06-08T06:38:19,1,3.71,0.00,0.00,0.00,999.00,15.25,1014.90,17.44,0.02
2026-06-08T06:38:19,1,3.71,0.00,0.00,0.00,999.00,15.25,1014.80,17.44,0.02
2026-06-08T06:38:20,1,3.69,0.00,0.00,0.00,999.00,15.25,1014.50,17.44,0.01
2026-06-08T06:38:20,1,3.69,0.00,0.00,0.00,999.00,15.26,1015.20,17.44,0.02
2026-06-08T06:38:20,1,3.68,0.00,0.00,0.00,999.00,15.24,1015.10,17.44,0.02
2026-06-08T06:38:20,1,3.68,0.00,0.00,0.00,999.00,15.24,1015.10,17.43,0.02
2026-06-08T06:38:20,1,3.72,0.00,0.00,0.00,999.00,15.24,1014.60,17.43,0.02
2026-06-08T06:38:21,1,3.69,0.00,0.00,0.00,999.00,15.23,1015.40,17.43,0.02
2026-06-08T06:38:21,1,3.69,0.00,0.00,0.00,999.00,15.24,1015.10,17.43,0.02
2026-06-08T06:38:21,1,3.68,0.00,0.00,0.00,999.00,15.23,1015.30,17.43,0.02
2026-06-08T06:38:21,1,3.70,0.00,0.00,0.00,999.00,15.23,1014.90,17.42,0.02
2026-06-08T06:38:21,1,3.69,0.00,0.00,0.00,999.00,15.23,1015.20,17.42,0.02
2026-06-08T06:38:22,1,3.70,0.00,0.00,0.00,999.00,15.23,1015.20,17.42,0.02
2026-06-08T06:38:22,1,3.69,0.00,0.00,0.00,999.00,15.23,1015.10,17.42,0.02
2026-06-08T06:38:22,1,3.70,0.00,0.00,0.00,999.00,15.22,1015.00,17.42,0.02
2026-06-08T06:38:22,1,3.69,0.00,0.00,0.00,999.00,15.21,1014.80,17.42,0.02
2026-06-08T06:38:22,1,3.68,0.00,0.00,0.00,999.00,15.22,1015.00,17.41,0.02
2026-06-08T06:38:23,1,3.71,0.00,0.00,0.00,999.00,15.20,1015.00,17.42,0.02
2026-06-08T06:38:23,1,3.70,0.00,0.00,0.00,999.00,15.21,1014.70,17.41,0.02
2026-06-08T06:38:23,1,3.69,0.00,0.00,0.00,999.00,15.21,1015.40,17.42,0.02
2026-06-08T06:38:23,1,3.71,0.00,0.00,0.00,999.00,15.20,1014.90,17.41,0.02
2026-06-08T06:38:23,1,3.70,0.00,0.00,0.00,999.00,15.20,1015.20,17.41,0.02
2026-06-08T06:38:24,1,3.70,0.00,0.00,0.00,999.00,15.21,1015.20,17.41,0.02
2026-06-08T06:38:24,1,3.68,0.00,0.00,0.00,999.00,15.20,1015.00,17.41,0.02
2026-06-08T06:38:24,1,3.68,0.00,0.00,0.00,999.00,15.21,1015.30,17.41,0.02
2026-06-08T06:38:24,1,3.72,0.00,0.00,0.00,999.00,15.21,1015.20,17.41,0.02
2026-06-08T06:38:24,1,3.71,0.00,0.00,0.00,999.00,15.21,1014.70,17.41,0.02
2026-06-08T06:38:25,1,3.68,0.00,0.00,0.00,999.00,15.20,1014.60,17.40,0.02
2026-06-08T06:38:25,1,3.69,0.00,0.00,0.00,999.00,15.20,1015.10,17.40,0.02
2026-06-08T06:38:25,1,3.70,0.00,0.00,0.00,999.00,15.21,1015.40,17.40,0.02
2026-06-08T06:38:25,1,3.71,0.00,0.00,0.00,999.00,15.19,1014.50,17.40,0.01
2026-06-08T06:38:26,1,3.69,0.00,0.00,0.00,999.00,15.20,1015.20,17.40,0.02
2026-06-08T06:38:26,1,3.71,0.00,0.00,0.00,999.00,15.21,1015.30,17.40,0.02
2026-06-08T06:38:26,1,3.70,0.00,0.00,0.00,999.00,15.21,1015.30,17.39,0.02
2026-06-08T06:38:26,1,3.70,0.00,0.00,0.00,999.00,15.21,1015.10,17.38,0.02
2026-06-08T06:38:26,1,3.70,0.00,0.00,0.00,999.00,15.20,1014.90,17.39,0.02
2026-06-08T06:38:27,1,3.70,0.00,0.00,0.00,999.00,15.20,1015.10,17.39,0.02
2026-06-08T06:38:27,1,3.70,0.00,0.00,0.00,999.00,15.21,1015.00,17.39,0.02
2026-06-08T06:38:27,1,3.71,0.00,0.00,0.00,999.00,15.21,1015.30,17.39,0.02
2026-06-08T06:38:27,1,3.71,0.00,0.00,0.00,999.00,15.19,1015.10,17.39,0.02
2026-06-08T06:38:27,1,3.69,0.00,0.00,0.00,999.00,15.19,1015.30,17.39,0.02
2026-06-08T06:38:28,1,3.70,0.00,0.00,0.00,999.00,15.17,1014.80,17.39,0.02
2026-06-08T06:38:28,1,3.70,0.00,0.00,0.00,999.00,15.17,1015.10,17.39,0.02
2026-06-08T06:38:28,1,3.71,0.00,0.00,0.00,999.00,15.16,1015.40,17.38,0.02
2026-06-08T06:38:28,1,3.71,0.00,0.00,0.00,999.00,15.17,1014.70,17.38,0.02
2026-06-08T06:38:28,1,3.69,0.00,0.00,0.00,999.00,15.16,1015.30,17.38,0.02
2026-06-08T06:38:29,1,3.72,0.00,0.00,0.00,999.00,15.16,1015.10,17.38,0.02
2026-06-08T06:38:29,1,3.69,0.00,0.00,0.00,999.00,15.17,1015.00,17.38,0.02
2026-06-08T06:38:29,1,3.68,0.00,0.00,0.00,999.00,15.16,1014.70,17.38,0.02
2026-06-08T06:38:29,1,3.70,0.00,0.00,0.00,999.00,15.16,1015.60,17.38,0.03
2026-06-08T06:38:29,1,3.69,0.00,0.00,0.00,999.00,15.17,1015.40,17.38,0.02
2026-06-08T06:38:30,1,3.69,0.00,0.00,0.00,999.00,15.17,1014.70,17.38,0.02
2026-06-08T06:38:30,1,3.70,0.00,0.00,0.00,999.00,15.17,1014.80,17.38,0.02
2026-06-08T06:38:30,1,3.71,0.00,0.00,0.00,999.00,15.17,1014.70,17.37,0.02
2026-06-08T06:38:30,1,3.70,0.00,0.00,0.00,999.00,15.15,1015.40,17.37,0.02
2026-06-08T06:38:30,1,3.70,0.00,0.00,0.00,999.00,15.15,1014.60,17.37,0.02
2026-06-08T06:38:31,1,3.71,0.00,0.00,0.00,999.00,15.10,1015.50,17.35,0.02
2026-06-08T06:38:31,1,3.70,0.00,0.00,0.00,999.00,15.11,1014.80,17.36,0.02
2026-06-08T06:38:31,1,3.70,0.00,0.00,0.00,999.00,15.10,1015.00,17.37,0.02
2026-06-08T06:38:31,1,3.70,0.00,0.00,0.00,999.00,15.10,1014.90,17.36,0.02
2026-06-08T06:38:32,1,3.69,0.00,0.00,0.00,999.00,15.10,1015.20,17.37,0.02
2026-06-08T06:38:32,1,3.71,0.00,0.00,0.00,999.00,15.09,1015.30,17.37,0.02
2026-06-08T06:38:32,1,3.70,0.00,0.00,0.00,999.00,15.09,1015.50,17.36,0.02
2026-06-08T06:38:32,1,3.70,0.00,0.00,0.00,999.00,15.09,1014.40,17.36,0.01
2026-06-08T06:38:32,1,3.72,0.00,0.00,0.00,999.00,15.09,1014.90,17.36,0.02
2026-06-08T06:38:33,1,3.70,0.00,0.00,0.00,999.00,15.09,1015.20,17.36,0.02
2026-06-08T06:38:33,1,3.68,0.00,0.00,0.00,999.00,15.09,1015.30,17.36,0.02
2026-06-08T06:38:33,1,3.71,0.00,0.00,0.00,999.00,15.09,1015.10,17.36,0.02
2026-06-08T06:38:33,1,3.72,0.00,0.00,0.00,999.00,15.08,1015.10,17.36,0.02
2026-06-08T06:38:33,1,3.69,0.00,0.00,0.00,999.00,15.08,1015.00,17.36,0.02
2026-06-08T06:38:34,1,3.71,0.00,0.00,0.00,999.00,15.09,1015.10,17.36,0.02
2026-06-08T06:38:34,1,3.70,0.00,0.00,0.00,999.00,15.09,1014.80,17.36,0.02
2026-06-08T06:38:34,1,3.70,0.00,0.00,0.00,999.00,15.09,1014.90,17.35,0.02
2026-06-08T06:38:34,1,3.71,0.00,0.00,0.00,999.00,15.09,1014.80,17.36,0.02
2026-06-08T06:38:34,1,3.71,0.00,0.00,0.00,999.00,15.08,1015.40,17.35,0.02
2026-06-08T06:38:35,1,3.70,0.00,0.00,0.00,999.00,15.09,1015.20,17.35,0.02
2026-06-08T06:38:35,1,3.67,0.00,0.00,0.00,999.00,15.08,1014.80,17.35,0.02
2026-06-08T06:38:35,1,3.70,0.00,0.00,0.00,999.00,15.08,1015.10,17.35,0.02
2026-06-08T06:38:35,1,3.71,0.00,0.00,0.00,999.00,15.08,1015.60,17.35,0.03
2026-06-08T06:38:35,1,3.71,0.00,0.00,0.00,999.00,15.09,1015.20,17.35,0.02
2026-06-08T06:38:36,1,3.70,0.00,0.00,0.00,999.00,15.09,1014.50,17.35,0.01
2026-06-08T06:38:36,1,3.70,0.00,0.00,0.00,999.00,15.08,1015.20,17.35,0.02
2026-06-08T06:38:36,1,3.71,0.00,0.00,0.00,999.00,15.07,1015.60,17.35,0.03
2026-06-08T06:38:36,1,3.70,0.00,0.00,0.00,999.00,15.07,1015.30,17.34,0.02
2026-06-08T06:38:37,1,3.71,0.00,0.00,0.00,999.00,15.08,1015.10,17.34,0.02
2026-06-08T06:38:37,1,3.70,0.00,0.00,0.00,999.00,15.07,1014.80,17.34,0.02
2026-06-08T06:38:37,1,3.70,0.00,0.00,0.00,999.00,15.07,1014.80,17.34,0.02
2026-06-08T06:38:37,1,3.70,0.00,0.00,0.00,999.00,15.04,1015.00,17.34,0.02
2026-06-08T06:38:37,1,3.71,0.00,0.00,0.00,999.00,15.05,1014.90,17.34,0.02
2026-06-08T06:38:38,1,3.71,0.00,0.00,0.00,999.00,15.05,1015.20,17.34,0.02
2026-06-08T06:38:38,1,3.68,0.00,0.00,0.00,999.00,15.05,1015.40,17.34,0.02
2026-06-08T06:38:38,1,3.67,0.00,0.00,0.00,999.00,15.03,1014.80,17.34,0.02
2026-06-08T06:38:38,1,3.70,0.00,0.00,0.00,999.00,15.05,1015.10,17.34,0.02
2026-06-08T06:38:38,1,3.69,0.00,0.00,0.00,999.00,15.03,1015.10,17.33,0.02
2026-06-08T06:38:39,1,3.69,0.00,0.00,0.00,999.00,15.05,1015.00,17.33,0.02
2026-06-08T06:38:39,1,3.70,0.00,0.00,0.00,999.00,15.04,1014.90,17.34,0.02
2026-06-08T06:38:39,1,3.71,0.00,0.00,0.00,999.00,15.04,1015.10,17.33,0.02
2026-06-08T06:38:39,1,3.71,0.00,0.00,0.00,999.00,15.04,1014.80,17.32,0.02
2026-06-08T06:38:39,1,3.69,0.00,0.00,0.00,999.00,15.02,1015.00,17.33,0.02
2026-06-08T06:38:40,1,3.69,0.00,0.00,0.00,999.00,15.01,1015.60,17.33,0.03
2026-06-08T06:38:40,1,3.70,0.00,0.00,0.00,999.00,15.02,1014.90,17.33,0.02
2026-06-08T06:38:40,1,3.70,0.00,0.00,0.00,999.00,15.00,1014.70,17.33,0.02
2026-06-08T06:38:40,1,3.69,0.00,0.00,0.00,999.00,14.99,1014.50,17.33,0.01
2026-06-08T06:38:40,1,3.71,0.00,0.00,0.00,999.00,15.00,1014.70,17.32,0.02
2026-06-08T06:38:41,1,3.70,0.00,0.00,0.00,999.00,14.99,1015.20,17.32,0.02
2026-06-08T06:38:41,1,3.68,0.00,0.00,0.00,999.00,14.99,1015.20,17.32,0.02
2026-06-08T06:38:41,1,3.69,0.00,0.00,0.00,999.00,14.98,1015.00,17.33,0.02
2026-06-08T06:38:41,1,3.70,0.00,0.00,0.00,999.00,14.97,1014.70,17.32,0.02
2026-06-08T06:38:42,1,3.69,0.00,0.00,0.00,999.00,14.96,1014.80,17.32,0.02
2026-06-08T06:38:42,1,3.70,0.00,0.00,0.00,999.00,14.96,1015.00,17.32,0.02
2026-06-08T06:38:42,1,3.70,0.00,0.00,0.00,999.00,14.95,1014.90,17.32,0.02
2026-06-08T06:38:42,1,3.69,0.00,0.00,0.00,999.00,14.95,1014.60,17.32,0.02
2026-06-08T06:38:42,1,3.71,0.00,0.00,0.00,999.00,14.93,1014.50,17.32,0.01
2026-06-08T06:38:43,1,3.71,0.00,0.00,0.00,999.00,14.93,1014.40,17.32,0.01
2026-06-08T06:38:43,1,3.69,0.00,0.00,0.00,999.00,14.93,1015.00,17.32,0.02
2026-06-08T06:38:43,1,3.68,0.00,0.00,0.00,999.00,14.92,1014.70,17.31,0.02
2026-06-08T06:38:43,1,3.71,0.00,0.00,0.00,999.00,14.90,1015.10,17.31,0.02
2026-06-08T06:38:43,1,3.68,0.00,0.00,0.00,999.00,14.90,1014.60,17.30,0.02
2026-06-08T06:38:44,1,3.70,0.00,0.00,0.00,999.00,14.90,1014.30,17.31,0.01
2026-06-08T06:38:44,1,3.67,0.00,0.00,0.00,999.00,14.90,1014.60,17.31,0.02
2026-06-08T06:38:44,1,3.70,0.00,0.00,0.00,999.00,14.90,1015.10,17.31,0.02
2026-06-08T06:38:44,1,3.69,0.00,0.00,0.00,999.00,14.92,1014.50,17.31,0.01
2026-06-08T06:38:44,1,3.71,0.00,0.00,0.00,999.00,14.92,1014.60,17.31,0.02
2026-06-08T06:38:45,1,3.69,0.00,0.00,0.00,999.00,14.93,1014.50,17.30,0.01
2026-06-08T06:38:45,1,3.68,0.00,0.00,0.00,999.00,14.94,1014.60,17.31,0.02
2026-06-08T06:38:45,1,3.70,0.00,0.00,0.00,999.00,14.94,1013.70,17.32,0.01
2026-06-08T06:38:45,1,3.70,0.00,0.00,0.00,999.00,14.94,1013.90,17.32,0.01
2026-06-08T06:38:45,1,3.70,0.00,0.00,0.00,999.00,14.94,1015.40,17.30,0.02
2026-06-08T06:38:46,1,3.70,0.00,0.00,0.00,999.00,14.95,1014.90,17.30,0.02
2026-06-08T06:38:46,1,3.69,0.00,0.00,0.00,999.00,14.95,1015.00,17.30,0.02
2026-06-08T06:38:46,1,3.70,0.00,0.00,0.00,999.00,14.95,1014.80,17.29,0.02
2026-06-08T06:38:46,1,3.71,0.00,0.00,0.00,999.00,14.95,1015.20,17.29,0.02
2026-06-08T06:38:46,1,3.70,0.00,0.00,0.00,999.00,14.95,1014.70,17.29,0.02
2026-06-08T06:38:47,1,3.71,0.00,0.00,0.00,999.00,14.95,1014.90,17.29,0.02
2026-06-08T06:38:47,1,3.70,0.00,0.00,0.00,999.00,14.95,1014.00,17.29,0.01
2026-06-08T06:38:47,1,3.70,0.00,0.00,0.00,999.00,14.96,1014.50,17.29,0.01
2026-06-08T06:38:47,1,3.70,0.00,0.00,0.00,999.00,14.95,1014.90,17.29,0.02
2026-06-08T06:38:48,1,3.68,0.00,0.00,0.00,999.00,14.96,1014.60,17.29,0.02
2026-06-08T06:38:48,1,3.70,0.00,0.00,0.00,999.00,14.97,1014.60,17.29,0.02
2026-06-08T06:38:48,1,3.68,0.00,0.00,0.00,999.00,14.97,1014.60,17.29,0.02
2026-06-08T06:38:48,1,3.70,0.00,0.00,0.00,999.00,14.97,1014.60,17.29,0.02
2026-06-08T06:38:48,1,3.68,0.00,0.00,0.00,999.00,14.98,1014.60,17.28,0.02
2026-06-08T06:38:49,1,3.68,0.00,0.00,0.00,999.00,14.98,1014.40,17.28,0.01
2026-06-08T06:38:49,1,3.68,0.00,0.00,0.00,999.00,14.99,1015.10,17.28,0.02
2026-06-08T06:38:49,1,3.71,0.00,0.00,0.00,999.00,14.97,1014.70,17.28,0.02
2026-06-08T06:38:49,1,3.69,0.00,0.00,0.00,999.00,14.98,1015.00,17.28,0.02
2026-06-08T06:38:49,1,3.71,0.00,0.00,0.00,999.00,14.97,1014.50,17.28,0.01
2026-06-08T06:38:50,1,3.68,0.00,0.00,0.00,999.00,14.97,1014.10,17.28,0.01
2026-06-08T06:38:50,1,3.69,0.00,0.00,0.00,999.00,14.97,1014.60,17.27,0.02
2026-06-08T06:38:50,1,3.71,0.00,0.00,0.00,999.00,14.96,1014.30,17.28,0.01
2026-06-08T06:38:50,1,3.70,0.00,0.00,0.00,999.00,14.96,1014.60,17.28,0.02
2026-06-08T06:38:50,1,3.70,0.00,0.00,0.00,999.00,14.96,1014.20,17.27,0.01
2026-06-08T06:38:51,1,3.69,0.00,0.00,0.00,999.00,14.96,1014.70,17.28,0.02
2026-06-08T06:38:51,1,3.70,0.00,0.00,0.00,999.00,14.96,1014.90,17.27,0.02
2026-06-08T06:38:51,1,3.71,0.00,0.00,0.00,999.00,14.96,1015.00,17.27,0.02
2026-06-08T06:38:51,1,3.70,0.00,0.00,0.00,999.00,14.96,1014.40,17.27,0.01
2026-06-08T06:38:51,1,3.69,0.00,0.00,0.00,999.00,14.96,1014.10,17.27,0.01
2026-06-08T06:38:52,1,3.71,0.00,0.00,0.00,999.00,14.97,1014.70,17.27,0.02
2026-06-08T06:38:52,1,3.70,0.00,0.00,0.00,999.00,14.96,1014.00,17.27,0.01
2026-06-08T06:38:52,1,3.70,0.00,0.00,0.00,999.00,14.96,1013.70,17.29,0.01
2026-06-08T06:38:52,1,3.71,0.00,0.00,0.00,999.00,14.95,1013.90,17.27,0.01
2026-06-08T06:38:53,1,3.71,0.00,0.00,0.00,999.00,14.95,1013.90,17.28,0.01
2026-06-08T06:38:53,1,3.69,0.00,0.00,0.00,999.00,14.95,1014.10,17.28,0.01
2026-06-08T06:38:53,1,3.70,0.00,0.00,0.00,999.00,14.94,1014.00,17.28,0.01
2026-06-08T06:38:53,1,3.71,0.00,0.00,0.00,999.00,14.94,1013.80,17.28,0.01
2026-06-08T06:38:53,1,3.71,0.00,0.00,0.00,999.00,14.93,1013.70,17.28,0.01
2026-06-08T06:38:54,1,3.69,0.00,0.00,0.00,999.00,14.93,1014.00,17.27,0.01
2026-06-08T06:38:54,1,3.70,0.00,0.00,0.00,999.00,14.94,1014.30,17.28,0.01
2026-06-08T06:38:54,1,3.71,0.00,0.00,0.00,999.00,14.94,1013.60,17.28,0.01
2026-06-08T06:38:54,1,3.68,0.00,0.00,0.00,999.00,14.93,1013.70,17.28,0.01
2026-06-08T06:38:54,1,3.70,0.00,0.00,0.00,999.00,14.93,1014.40,17.28,0.01
2026-06-08T06:38:55,1,3.68,0.00,0.00,0.00,999.00,14.91,1014.00,17.27,0.01
2026-06-08T06:38:55,1,3.69,0.00,0.00,0.00,999.00,14.90,1013.90,17.27,0.01
2026-06-08T06:38:55,1,3.70,0.00,0.00,0.00,999.00,14.90,1014.10,17.27,0.01
2026-06-08T06:38:55,1,3.69,0.00,0.00,0.00,999.00,14.90,1013.70,17.27,0.01
2026-06-08T06:38:55,1,3.70,0.00,0.00,0.00,999.00,14.90,1014.10,17.27,0.01
2026-06-08T06:38:56,1,3.70,0.00,0.00,0.00,999.00,14.89,1014.00,17.26,0.01
2026-06-08T06:38:56,1,3.70,0.00,0.00,0.00,999.00,14.91,1013.70,17.27,0.01
2026-06-08T06:38:56,1,3.70,0.00,0.00,0.00,999.00,14.89,1014.00,17.25,0.01
2026-06-08T06:38:56,1,3.71,0.00,0.00,0.00,999.00,14.89,1013.80,17.26,0.01
2026-06-08T06:38:56,1,3.70,0.00,0.00,0.00,999.00,14.88,1013.90,17.26,0.01
2026-06-08T06:38:57,1,3.72,0.00,0.00,0.00,999.00,14.87,1014.00,17.25,0.01
2026-06-08T06:38:57,1,3.70,0.00,0.00,0.00,999.00,14.85,1013.60,17.25,0.01
2026-06-08T06:38:57,1,3.70,0.00,0.00,0.00,999.00,14.83,1014.30,17.25,0.01
2026-06-08T06:38:57,1,3.71,0.00,0.00,0.00,999.00,14.82,1013.80,17.25,0.01
2026-06-08T06:38:57,1,3.70,0.00,0.00,0.00,999.00,14.80,1014.20,17.25,0.01
2026-06-08T06:38:58,1,3.70,0.00,0.00,0.00,999.00,14.79,1013.40,17.24,0.00
2026-06-08T06:38:58,1,3.70,0.00,0.00,0.00,999.00,14.76,1014.20,17.24,0.01
2026-06-08T06:38:58,1,3.68,0.00,0.00,0.00,999.00,14.74,1014.20,17.23,0.01
2026-06-08T06:38:58,1,3.72,0.00,0.00,0.00,999.00,14.75,1013.80,17.23,0.01
2026-06-08T06:38:59,1,3.70,0.00,0.00,0.00,999.00,14.74,1013.80,17.23,0.01
2026-06-08T06:38:59,1,3.70,0.00,0.00,0.00,999.00,14.74,1014.10,17.23,0.01
2026-06-08T06:38:59,1,3.70,0.00,0.00,0.00,999.00,14.74,1013.60,17.23,0.01
2026-06-08T06:38:59,1,3.71,0.00,0.00,0.00,999.00,14.73,1014.20,17.22,0.01
2026-06-08T06:38:59,1,3.71,0.00,0.00,0.00,999.00,14.73,1013.90,17.22,0.01
2026-06-08T06:39:00,1,3.70,0.00,0.00,0.00,999.00,14.73,1013.70,17.22,0.01
2026-06-08T06:39:00,1,3.71,0.00,0.00,0.00,999.00,14.74,1013.70,17.22,0.01
2026-06-08T06:39:00,1,3.70,0.00,0.00,0.00,999.00,14.73,1013.80,17.22,0.01
2026-06-08T06:39:00,1,3.71,0.00,0.00,0.00,999.00,14.72,1013.40,17.21,0.00
2026-06-08T06:39:00,1,3.70,0.00,0.00,0.00,999.00,14.72,1013.60,17.21,0.01
2026-06-08T06:39:01,1,3.71,0.00,0.00,0.00,999.00,14.71,1013.40,17.21,0.00
2026-06-08T06:39:01,1,3.72,0.00,0.00,0.00,999.00,14.72,1013.50,17.21,0.00
2026-06-08T06:39:01,1,3.72,0.00,0.00,0.00,999.00,14.71,1013.70,17.21,0.01
2026-06-08T06:39:01,1,3.71,0.00,0.00,0.00,999.00,14.70,1013.90,17.20,0.01
2026-06-08T06:39:01,1,3.71,0.00,0.00,0.00,999.00,14.70,1013.80,17.20,0.01
2026-06-08T06:39:02,1,3.70,0.00,0.00,0.00,999.00,14.67,1014.20,17.20,0.01
2026-06-08T06:39:02,1,3.70,0.00,0.00,0.00,999.00,14.66,1014.20,17.20,0.01
2026-06-08T06:39:02,1,3.71,0.00,0.00,0.00,999.00,14.65,1013.80,17.19,0.01
2026-06-08T06:39:02,1,3.71,0.00,0.00,0.00,999.00,14.65,1014.00,17.19,0.01
2026-06-08T06:39:02,1,3.70,0.00,0.00,0.00,999.00,14.63,1013.50,17.19,0.00
2026-06-08T06:39:03,1,3.70,0.00,0.00,0.00,999.00,14.64,1013.80,17.18,0.01
2026-06-08T06:39:03,1,3.70,0.00,0.00,0.00,999.00,14.63,1014.10,17.18,0.01
2026-06-08T06:39:03,1,3.71,0.00,0.00,0.00,999.00,14.63,1013.80,17.18,0.01
2026-06-08T06:39:03,1,3.70,0.00,0.00,0.00,999.00,14.61,1013.80,17.17,0.01
2026-06-08T06:39:03,1,3.71,0.00,0.00,0.00,999.00,14.62,1013.70,17.17,0.01
2026-06-08T06:39:04,1,3.70,0.00,0.00,0.00,999.00,14.62,1014.20,17.17,0.01
2026-06-08T06:39:04,1,3.70,0.00,0.00,0.00,999.00,14.61,1013.80,17.16,0.01
2026-06-08T06:39:04,1,3.71,0.00,0.00,0.00,999.00,14.60,1013.30,17.16,0.00
2026-06-08T06:39:04,1,3.70,0.00,0.00,0.00,999.00,14.61,1013.40,17.16,0.00
2026-06-08T06:39:04,1,3.70,0.00,0.00,0.00,999.00,14.60,1013.60,17.16,0.01
2026-06-08T06:39:05,1,3.71,0.00,0.00,0.00,999.00,14.60,1013.30,17.16,0.00
2026-06-08T06:39:05,1,3.71,0.00,0.00,0.00,999.00,14.61,1013.90,17.16,0.01
2026-06-08T06:39:05,1,3.71,0.00,0.00,0.00,999.00,14.60,1013.70,17.15,0.01
2026-06-08T06:39:05,1,3.66,0.00,0.00,0.00,999.00,14.59,1013.80,17.14,0.01
2026-06-08T06:39:06,1,3.68,0.00,0.00,0.00,999.00,14.60,1013.70,17.14,0.01
2026-06-08T06:39:06,1,3.70,0.00,0.00,0.00,999.00,14.59,1013.90,17.14,0.01
2026-06-08T06:39:06,1,3.71,0.00,0.00,0.00,999.00,14.60,1013.80,17.14,0.01
2026-06-08T06:39:06,1,3.68,0.00,0.00,0.00,999.00,14.58,1013.50,17.14,0.00
2026-06-08T06:39:06,1,3.68,0.00,0.00,0.00,999.00,14.58,1013.50,17.13,0.00
2026-06-08T06:39:07,1,3.70,0.00,0.00,0.00,999.00,14.57,1014.20,17.13,0.01
2026-06-08T06:39:07,1,3.70,0.00,0.00,0.00,999.00,14.57,1013.90,17.13,0.01
2026-06-08T06:39:07,1,3.70,0.00,0.00,0.00,999.00,14.57,1013.90,17.13,0.01
2026-06-08T06:39:07,1,3.70,0.00,0.00,0.00,999.00,14.55,1013.70,17.12,0.01
2026-06-08T06:39:07,1,3.68,0.00,0.00,0.00,999.00,14.54,1013.90,17.12,0.01
2026-06-08T06:39:08,1,3.66,0.00,0.00,0.00,999.00,14.55,1013.80,17.11,0.01
2026-06-08T06:39:08,1,3.69,0.00,0.00,0.00,999.00,14.53,1013.80,17.11,0.01
2026-06-08T06:39:08,1,3.71,0.00,0.00,0.00,999.00,14.52,1013.60,17.10,0.01
2026-06-08T06:39:08,1,3.70,0.00,0.00,0.00,999.00,14.53,1014.00,17.11,0.01
2026-06-08T06:39:09,1,3.70,0.00,0.00,0.00,999.00,14.52,1014.40,17.09,0.01
2026-06-08T06:39:09,1,3.70,0.00,0.00,0.00,999.00,14.51,1013.80,17.10,0.01
2026-06-08T06:39:09,1,3.71,0.00,0.00,0.00,999.00,14.51,1013.90,17.10,0.01
2026-06-08T06:39:09,1,3.69,0.00,0.00,0.00,999.00,14.51,1013.80,17.09,0.01
2026-06-08T06:39:09,1,3.71,0.00,0.00,0.00,999.00,14.50,1014.10,17.09,0.01
2026-06-08T06:39:10,1,3.70,0.00,0.00,0.00,999.00,14.50,1013.70,17.09,0.01
2026-06-08T06:39:10,1,3.69,0.00,0.00,0.00,999.00,14.49,1014.10,17.08,0.01
2026-06-08T06:39:10,1,3.69,0.00,0.00,0.00,999.00,14.49,1014.00,17.09,0.01
2026-06-08T06:39:10,1,3.69,0.00,0.00,0.00,999.00,14.48,1013.40,17.08,0.00
2026-06-08T06:39:10,1,3.69,0.00,0.00,0.00,999.00,14.48,1013.70,17.08,0.01
2026-06-08T06:39:11,1,3.68,0.00,0.00,0.00,999.00,14.48,1013.50,17.08,0.00
2026-06-08T06:39:11,1,3.71,0.00,0.00,0.00,999.00,14.48,1013.50,17.08,0.00
2026-06-08T06:39:11,1,3.70,0.00,0.00,0.00,999.00,14.48,1014.10,17.07,0.01
2026-06-08T06:39:11,1,3.68,0.00,0.00,0.00,999.00,14.46,1013.60,17.07,0.01
2026-06-08T06:39:11,1,3.71,0.00,0.00,0.00,999.00,14.47,1013.90,17.05,0.01
2026-06-08T06:39:12,1,3.70,0.00,0.00,0.00,999.00,14.47,1013.70,17.05,0.01
2026-06-08T06:39:12,1,3.70,0.00,0.00,0.00,999.00,14.47,1013.80,17.05,0.01
2026-06-08T06:39:12,1,3.70,0.00,0.00,0.00,999.00,14.46,1013.70,17.05,0.01
2026-06-08T06:39:12,1,3.70,0.00,0.00,0.00,999.00,14.45,1013.60,17.05,0.01
2026-06-08T06:39:12,1,3.70,0.00,0.00,0.00,999.00,14.46,1014.00,17.04,0.01
2026-06-08T06:39:13,1,3.71,0.00,0.00,0.00,999.00,14.46,1014.30,17.04,0.01
2026-06-08T06:39:13,1,3.71,0.00,0.00,0.00,999.00,14.45,1014.00,17.04,0.01
2026-06-08T06:39:13,1,3.70,0.00,0.00,0.00,999.00,14.46,1013.80,17.04,0.01
2026-06-08T06:39:13,1,3.69,0.00,0.00,0.00,999.00,14.46,1013.90,17.03,0.01
2026-06-08T06:39:13,1,3.68,0.00,0.00,0.00,999.00,14.46,1014.20,17.03,0.01
2026-06-08T06:39:14,1,3.66,0.00,0.00,0.00,999.00,14.46,1013.80,17.03,0.01
2026-06-08T06:39:14,1,3.71,0.00,0.00,0.00,999.00,14.46,1013.90,17.03,0.01
2026-06-08T06:39:14,1,3.72,0.00,0.00,0.00,999.00,14.45,1013.90,17.03,0.01
2026-06-08T06:39:14,1,3.69,0.00,0.00,0.00,999.00,14.46,1013.70,17.02,0.01
2026-06-08T06:39:14,1,3.69,0.00,0.00,0.00,999.00,14.46,1013.80,17.02,0.01
2026-06-08T06:39:15,1,3.71,0.00,0.00,0.00,999.00,14.47,1013.60,17.02,0.01
2026-06-08T06:39:15,1,3.71,0.00,0.00,0.00,999.00,14.46,1013.60,17.01,0.01
2026-06-08T06:39:15,1,3.68,0.00,0.00,0.00,999.00,14.45,1013.90,17.01,0.01
2026-06-08T06:39:15,1,3.70,0.00,0.00,0.00,999.00,14.45,1014.20,17.01,0.01
2026-06-08T06:39:16,1,3.68,0.00,0.00,0.00,999.00,14.44,1013.70,17.00,0.01
2026-06-08T06:39:16,1,3.72,0.00,0.00,0.00,999.00,14.46,1013.50,17.00,0.00
2026-06-08T06:39:16,1,3.71,0.00,0.00,0.00,999.00,14.45,1013.90,17.00,0.01
2026-06-08T06:39:16,1,3.69,0.00,0.00,0.00,999.00,14.46,1014.00,17.00,0.01
2026-06-08T06:39:16,1,3.65,0.00,0.00,0.00,999.00,14.45,1013.70,16.99,0.01
2026-06-08T06:39:17,1,3.70,0.00,0.00,0.00,999.00,14.46,1013.80,16.99,0.01
2026-06-08T06:39:17,1,3.71,0.00,0.00,0.00,999.00,14.45,1013.80,16.99,0.01
2026-06-08T06:39:17,1,3.69,0.00,0.00,0.00,999.00,14.46,1013.70,16.99,0.01
2026-06-08T06:39:17,1,3.70,0.00,0.00,0.00,999.00,14.46,1013.70,16.99,0.01
2026-06-08T06:39:17,1,3.69,0.00,0.00,0.00,999.00,14.45,1013.50,16.99,0.00
2026-06-08T06:39:18,1,3.69,0.00,0.00,0.00,999.00,14.45,1013.60,16.98,0.01
2026-06-08T06:39:18,1,3.69,0.00,0.00,0.00,999.00,14.46,1013.70,16.98,0.01
2026-06-08T06:39:18,1,3.71,0.00,0.00,0.00,999.00,14.47,1013.90,16.98,0.01
2026-06-08T06:39:18,1,3.68,0.00,0.00,0.00,999.00,14.45,1013.60,16.97,0.01
2026-06-08T06:39:18,1,3.69,0.00,0.00,0.00,999.00,14.46,1014.10,16.98,0.01
2026-06-08T06:39:19,1,3.69,0.00,0.00,0.00,999.00,14.47,1014.00,16.98,0.01
2026-06-08T06:39:19,1,3.71,0.00,0.00,0.00,999.00,14.46,1014.00,16.97,0.01
2026-06-08T06:39:19,1,3.68,0.00,0.00,0.00,999.00,14.46,1013.90,16.98,0.01
2026-06-08T06:39:19,1,3.71,0.00,0.00,0.00,999.00,14.46,1014.00,16.97,0.01
2026-06-08T06:39:19,1,3.68,0.00,0.00,0.00,999.00,14.47,1014.10,16.97,0.01
2026-06-08T06:39:20,1,3.69,0.00,0.00,0.00,999.00,14.47,1013.80,16.97,0.01
2026-06-08T06:39:20,1,3.71,0.00,0.00,0.00,999.00,14.47,1013.50,16.97,0.00
2026-06-08T06:39:20,1,3.71,0.00,0.00,0.00,999.00,14.47,1013.90,16.97,0.01
2026-06-08T06:39:20,1,3.68,0.00,0.00,0.00,999.00,14.49,1013.80,16.97,0.01
2026-06-08T06:39:20,1,3.71,0.00,0.00,0.00,999.00,14.49,1013.50,16.96,0.00
2026-06-08T06:39:21,1,3.69,0.00,0.00,0.00,999.00,14.48,1013.90,16.96,0.01
2026-06-08T06:39:21,1,3.71,0.00,0.00,0.00,999.00,14.47,1014.00,16.96,0.01
2026-06-08T06:39:21,1,3.70,0.00,0.00,0.00,999.00,14.47,1014.30,16.95,0.01
2026-06-08T06:39:21,1,3.70,0.00,0.00,0.00,999.00,14.48,1013.60,16.95,0.01
2026-06-08T06:39:22,1,3.68,0.00,0.00,0.00,999.00,14.47,1014.10,16.95,0.01
2026-06-08T06:39:22,1,3.69,0.00,0.00,0.00,999.00,14.47,1014.10,16.95,0.01
2026-06-08T06:39:22,1,3.71,0.00,0.00,0.00,999.00,14.47,1014.10,16.95,0.01
2026-06-08T06:39:22,1,3.70,0.00,0.00,0.00,999.00,14.45,1014.20,16.95,0.01
2026-06-08T06:39:22,1,3.70,0.00,0.00,0.00,999.00,14.47,1014.50,16.95,0.01
2026-06-08T06:39:23,1,3.70,0.00,0.00,0.00,999.00,14.46,1013.80,16.95,0.01
2026-06-08T06:39:23,1,3.68,0.00,0.00,0.00,999.00,14.46,1014.20,16.94,0.01
2026-06-08T06:39:23,1,3.71,0.00,0.00,0.00,999.00,14.46,1013.90,16.94,0.01
2026-06-08T06:39:23,1,3.70,0.00,0.00,0.00,999.00,14.46,1013.80,16.94,0.01
2026-06-08T06:39:23,1,3.65,2304.00,1.18,1106.00,999.00,14.77,1018.20,16.94,0.05
2026-06-08T06:39:24,1,3.71,2304.00,1.18,1106.00,999.00,15.29,1019.40,16.94,0.06
2026-06-08T06:39:24,1,3.69,2304.00,1.18,1106.00,999.00,15.73,1020.30,16.94,0.07
2026-06-08T06:39:24,1,3.70,2304.00,1.18,1106.00,999.00,16.09,1022.20,16.94,0.09
2026-06-08T06:39:24,1,3.68,2304.00,1.18,1106.00,999.00,16.39,1022.30,16.94,0.09
2026-06-08T06:39:24,1,3.70,7529.00,4.15,3614.00,999.00,16.62,1023.20,16.95,0.10
2026-06-08T06:39:25,1,3.69,7529.00,4.15,3614.00,999.00,16.86,1024.20,16.95,0.11
2026-06-08T06:39:25,1,3.68,7529.00,4.15,3614.00,999.00,17.06,1025.40,16.96,0.12
2026-06-08T06:39:25,1,3.70,7529.00,4.15,3614.00,999.00,17.25,1027.10,16.98,0.14
2026-06-08T06:39:25,1,3.68,7529.00,4.15,3614.00,999.00,17.43,1027.90,16.99,0.15
2026-06-08T06:39:25,1,3.67,7150.00,3.93,3432.00,999.00,17.59,1028.50,17.01,0.15
2026-06-08T06:39:26,1,3.70,7150.00,3.93,3432.00,999.00,17.72,1029.60,17.02,0.16
2026-06-08T06:39:26,1,3.71,7150.00,3.93,3432.00,999.00,17.83,1029.90,17.04,0.17
2026-06-08T06:39:26,1,3.69,7150.00,3.93,3432.00,999.00,17.95,1029.60,17.07,0.16
2026-06-08T06:39:26,1,3.68,7150.00,3.93,3432.00,999.00,18.04,1028.00,17.08,0.15
2026-06-08T06:39:27,1,3.71,7077.00,3.88,3397.00,999.00,18.13,1024.30,17.11,0.11
2026-06-08T06:39:27,1,3.72,7077.00,3.88,3397.00,999.00,18.23,1018.20,17.13,0.05
2026-06-08T06:39:27,1,3.71,7077.00,3.88,3397.00,999.00,18.31,1021.00,17.15,0.08
2026-06-08T06:39:27,1,3.70,7077.00,3.88,3397.00,999.00,18.39,1023.60,17.17,0.11
2026-06-08T06:39:27,1,3.70,7077.00,3.88,3397.00,999.00,18.44,1017.50,17.19,0.04
2026-06-08T06:39:28,1,3.70,13890.00,8.03,6672.00,999.00,18.51,1020.60,17.21,0.08
2026-06-08T06:39:28,1,3.69,13890.00,8.03,6672.00,999.00,18.55,1021.70,17.23,0.09
2026-06-08T06:39:28,1,3.68,13890.00,8.03,6672.00,999.00,18.60,1017.30,17.26,0.04
2026-06-08T06:39:28,1,3.70,13890.00,8.03,6672.00,999.00,18.63,1020.90,17.28,0.08
2026-06-08T06:39:28,1,3.68,17630.00,10.39,8463.00,999.00,18.65,1021.90,17.31,0.09
2026-06-08T06:39:29,1,3.70,17630.00,10.39,8463.00,999.00,18.68,1022.00,17.33,0.09
2026-06-08T06:39:29,1,3.68,17630.00,10.39,8463.00,999.00,18.71,1021.40,17.36,0.08
2026-06-08T06:39:29,1,3.70,17630.00,10.39,8463.00,999.00,18.73,1019.90,17.38,0.07
2026-06-08T06:39:29,1,3.70,17630.00,10.39,8463.00,999.00,18.74,1018.00,17.41,0.05
2026-06-08T06:39:29,1,3.70,17710.00,10.44,8504.00,999.00,18.77,1016.40,17.43,0.03
2026-06-08T06:39:30,1,3.70,17710.00,10.44,8504.00,999.00,18.77,1015.50,17.46,0.02
2026-06-08T06:39:30,1,3.68,17710.00,10.44,8504.00,999.00,18.78,1013.90,17.49,0.01
2026-06-08T06:39:30,1,3.70,17710.00,10.44,8504.00,999.00,18.79,1014.80,17.51,0.02
2026-06-08T06:39:30,1,3.69,17710.00,10.44,8504.00,999.00,18.78,1014.60,17.53,0.02
2026-06-08T06:39:30,1,3.69,15660.00,9.13,7517.00,999.00,18.75,1014.40,17.55,0.01
2026-06-08T06:39:31,1,3.71,15660.00,9.13,7517.00,999.00,18.71,1014.30,17.58,0.01
2026-06-08T06:39:31,1,3.70,15660.00,9.13,7517.00,999.00,18.64,1014.70,17.60,0.02
2026-06-08T06:39:31,1,3.67,15660.00,9.13,7517.00,999.00,18.60,1014.60,17.63,0.02
2026-06-08T06:39:31,1,3.69,17790.00,10.49,8540.00,999.00,18.56,1014.50,17.65,0.01
2026-06-08T06:39:32,1,3.71,17790.00,10.49,8540.00,999.00,18.56,1014.70,17.67,0.02
2026-06-08T06:39:32,1,3.69,17790.00,10.49,8540.00,999.00,18.56,1014.50,17.69,0.01
2026-06-08T06:39:32,1,3.70,17790.00,10.49,8540.00,999.00,18.58,1014.70,17.71,0.02
2026-06-08T06:39:32,1,3.68,17790.00,10.49,8540.00,999.00,18.61,1015.60,17.73,0.03
2026-06-08T06:39:32,1,3.68,17850.00,10.53,8571.00,999.00,18.62,1016.20,17.74,0.03
2026-06-08T06:39:33,1,3.72,17850.00,10.53,8571.00,999.00,18.63,1015.10,17.76,0.02
2026-06-08T06:39:33,1,3.70,17850.00,10.53,8571.00,999.00,18.64,1016.60,17.77,0.04
2026-06-08T06:39:33,1,3.68,17850.00,10.53,8571.00,999.00,18.66,1018.10,17.78,0.05
2026-06-08T06:39:33,1,3.68,17850.00,10.53,8571.00,999.00,18.68,1018.50,17.80,0.05
2026-06-08T06:39:33,1,3.71,17940.00,10.59,8612.00,999.00,18.69,1017.50,17.81,0.04
2026-06-08T06:39:34,1,3.70,17940.00,10.59,8612.00,999.00,18.70,1017.00,17.82,0.04
2026-06-08T06:39:34,1,3.71,17940.00,10.59,8612.00,999.00,18.71,1015.20,17.83,0.02
2026-06-08T06:39:34,1,3.70,17940.00,10.59,8612.00,999.00,18.72,1016.00,17.85,0.03
2026-06-08T06:39:34,1,3.70,17940.00,10.59,8612.00,999.00,18.74,1014.80,17.87,0.02
2026-06-08T06:39:34,1,3.71,17960.00,10.60,8621.00,999.00,18.75,1014.40,17.87,0.01
2026-06-08T06:39:35,1,3.70,17960.00,10.60,8621.00,999.00,18.75,1014.30,17.89,0.01
2026-06-08T06:39:35,1,3.71,17960.00,10.60,8621.00,999.00,18.74,1014.70,17.90,0.02
2026-06-08T06:39:35,1,3.68,17960.00,10.60,8621.00,999.00,18.74,1015.20,17.91,0.02
2026-06-08T06:39:35,1,3.70,17980.00,10.62,8634.00,999.00,18.76,1016.10,17.92,0.03
2026-06-08T06:39:35,1,3.71,17980.00,10.62,8634.00,999.00,18.77,1016.40,17.93,0.03
2026-06-08T06:39:36,1,3.70,17980.00,10.62,8634.00,999.00,18.78,1017.60,17.95,0.05
2026-06-08T06:39:36,1,3.68,17980.00,10.62,8634.00,999.00,18.79,1018.10,17.96,0.05
2026-06-08T06:39:36,1,3.66,17980.00,10.62,8634.00,999.00,18.82,1017.50,17.97,0.04
2026-06-08T06:39:36,1,3.71,18060.00,10.67,8673.00,999.00,18.83,1018.70,17.98,0.06
2026-06-08T06:39:37,1,3.70,18060.00,10.67,8673.00,999.00,18.83,1015.80,17.99,0.03
2026-06-08T06:39:37,1,3.69,18060.00,10.67,8673.00,999.00,18.84,1014.30,18.00,0.01
2026-06-08T06:39:37,1,3.66,18060.00,10.67,8673.00,999.00,18.84,1014.20,18.01,0.01
2026-06-08T06:39:37,1,3.70,18060.00,10.67,8673.00,999.00,18.81,1014.30,18.02,0.01
2026-06-08T06:39:37,1,3.69,16820.00,9.88,8077.00,999.00,18.78,1014.70,18.04,0.02
2026-06-08T06:39:38,1,3.71,16820.00,9.88,8077.00,999.00,18.78,1015.50,18.05,0.02
2026-06-08T06:39:38,1,3.70,16820.00,9.88,8077.00,999.00,18.81,1017.10,18.06,0.04
2026-06-08T06:39:38,1,3.68,16820.00,9.88,8077.00,999.00,18.83,1018.50,18.07,0.05
2026-06-08T06:39:38,1,3.70,16820.00,9.88,8077.00,999.00,18.82,1021.40,18.08,0.08
2026-06-08T06:39:38,1,3.71,27080.00,16.60,13000.00,999.00,18.84,1023.20,18.09,0.10
2026-06-08T06:39:39,1,3.70,27080.00,16.60,13000.00,999.00,18.84,1024.20,18.10,0.11
2026-06-08T06:39:39,1,3.71,27080.00,16.60,13000.00,999.00,18.84,1024.30,18.11,0.11
2026-06-08T06:39:39,1,3.70,27080.00,16.60,13000.00,999.00,18.86,1025.10,18.12,0.12
2026-06-08T06:39:39,1,3.68,27080.00,16.60,13000.00,999.00,18.87,1024.30,18.13,0.11
2026-06-08T06:39:39,1,3.71,27630.00,16.97,13265.00,999.00,18.86,1022.40,18.14,0.09
2026-06-08T06:39:40,1,3.69,27630.00,16.97,13265.00,999.00,18.87,1020.60,18.15,0.08
2026-06-08T06:39:40,1,3.70,27630.00,16.97,13265.00,999.00,18.87,1019.00,18.16,0.06
2026-06-08T06:39:40,1,3.70,27630.00,16.97,13265.00,999.00,18.88,1019.10,18.18,0.06
2026-06-08T06:39:40,1,3.68,27630.00,16.97,13264.00,999.00,18.89,1018.80,18.19,0.06
2026-06-08T06:39:40,1,3.71,27630.00,16.97,13264.00,999.00,18.89,1018.50,18.20,0.05
2026-06-08T06:39:41,1,3.70,27630.00,16.97,13264.00,999.00,18.90,1018.20,18.21,0.05
2026-06-08T06:39:41,1,3.68,27630.00,16.97,13264.00,999.00,18.89,1018.80,18.22,0.06
2026-06-08T06:39:41,1,3.71,27630.00,16.97,13264.00,999.00,18.91,1020.70,18.23,0.08
2026-06-08T06:39:41,1,3.71,27620.00,16.96,13260.00,999.00,18.90,1021.40,18.25,0.08
2026-06-08T06:39:41,1,3.69,27620.00,16.96,13260.00,999.00,18.91,1022.00,18.25,0.09
2026-06-08T06:39:42,1,3.70,27620.00,16.96,13260.00,999.00,18.92,1021.40,18.27,0.08
2026-06-08T06:39:42,1,3.70,27620.00,16.96,13260.00,999.00,18.91,1021.00,18.28,0.08
2026-06-08T06:39:42,1,3.68,27620.00,16.96,13260.00,999.00,18.91,1018.50,18.29,0.05
2026-06-08T06:39:42,1,3.70,27630.00,16.97,13264.00,999.00,18.90,1016.70,18.29,0.04
2026-06-08T06:39:42,1,3.68,27630.00,16.97,13264.00,999.00,18.90,1015.60,18.31,0.03
2026-06-08T06:39:43,1,3.67,27630.00,16.97,13264.00,999.00,18.91,1014.90,18.32,0.02
2026-06-08T06:39:43,1,3.66,27630.00,16.97,13264.00,999.00,18.91,1014.40,18.33,0.01
2026-06-08T06:39:43,1,3.70,27630.00,16.97,13264.00,999.00,18.91,1014.20,18.34,0.01
2026-06-08T06:39:43,1,3.71,27610.00,16.95,13253.00,999.00,18.91,1014.40,18.35,0.01
2026-06-08T06:39:44,1,3.71,27610.00,16.95,13253.00,999.00,18.90,1014.20,18.36,0.01
2026-06-08T06:39:44,1,3.69,27610.00,16.95,13253.00,999.00,18.89,1014.80,18.37,0.02
2026-06-08T06:39:44,1,3.70,27610.00,16.95,13253.00,999.00,18.89,1014.70,18.38,0.02
2026-06-08T06:39:44,1,3.70,27600.00,16.95,13250.00,999.00,18.88,1014.90,18.38,0.02
2026-06-08T06:39:44,1,3.69,27600.00,16.95,13250.00,999.00,18.86,1016.40,18.38,0.03
2026-06-08T06:39:45,1,3.71,27600.00,16.95,13250.00,999.00,18.86,1017.60,18.40,0.05
2026-06-08T06:39:45,1,3.69,27600.00,16.95,13250.00,999.00,18.86,1019.00,18.41,0.06
2026-06-08T06:39:45,1,3.69,27600.00,16.95,13250.00,999.00,18.86,1018.20,18.41,0.05
2026-06-08T06:39:45,1,3.70,27650.00,16.99,13277.00,999.00,18.87,1018.40,18.41,0.05
2026-06-08T06:39:45,1,3.69,27650.00,16.99,13277.00,999.00,18.87,1018.80,18.42,0.06
2026-06-08T06:39:46,1,3.69,27650.00,16.99,13277.00,999.00,18.87,1019.70,18.43,0.07
2026-06-08T06:39:46,1,3.69,27650.00,16.99,13277.00,999.00,18.86,1020.50,18.43,0.07
2026-06-08T06:39:46,1,3.68,27650.00,16.99,13277.00,999.00,18.87,1020.00,18.44,0.07
2026-06-08T06:39:46,1,3.69,27660.00,16.99,13277.00,999.00,18.88,1019.20,18.44,0.06
2026-06-08T06:39:47,1,3.70,27660.00,16.99,13277.00,999.00,18.88,1019.30,18.45,0.06
2026-06-08T06:39:47,1,3.66,27660.00,16.99,13277.00,999.00,18.88,1019.00,18.45,0.06
2026-06-08T06:39:47,1,3.67,27660.00,16.99,13277.00,999.00,18.88,1017.80,18.46,0.05
2026-06-08T06:39:47,1,3.70,27660.00,16.99,13278.00,999.00,18.89,1019.70,18.47,0.07
2026-06-08T06:39:47,1,3.69,27660.00,16.99,13278.00,999.00,18.89,1020.40,18.47,0.07
2026-06-08T06:39:48,1,3.69,27660.00,16.99,13278.00,999.00,18.89,1021.00,18.47,0.08
2026-06-08T06:39:48,1,3.68,27660.00,16.99,13278.00,999.00,18.89,1022.20,18.48,0.09
2026-06-08T06:39:48,1,3.68,27660.00,16.99,13278.00,999.00,18.88,1023.90,18.48,0.11
2026-06-08T06:39:48,1,3.69,27670.00,16.99,13282.00,999.00,18.89,1026.00,18.49,0.13
2026-06-08T06:39:48,1,3.70,27670.00,16.99,13282.00,999.00,18.90,1026.80,18.49,0.14
2026-06-08T06:39:49,1,3.71,27670.00,16.99,13282.00,999.00,18.90,1027.50,18.50,0.14
2026-06-08T06:39:49,1,3.68,27670.00,16.99,13282.00,999.00,18.89,1029.10,18.50,0.16
2026-06-08T06:39:49,1,3.69,27670.00,16.99,13282.00,999.00,18.90,1030.60,18.51,0.17
2026-06-08T06:39:49,1,3.69,27680.00,17.00,13286.00,999.00,18.92,1031.80,18.52,0.19
2026-06-08T06:39:49,1,3.71,27680.00,17.00,13286.00,999.00,18.90,1033.90,18.52,0.21
2026-06-08T06:39:50,1,3.71,27680.00,17.00,13286.00,999.00,18.91,1034.90,18.52,0.22
2026-06-08T06:39:50,1,3.70,27680.00,17.00,13286.00,999.00,18.91,1037.30,18.52,0.24
2026-06-08T06:39:50,1,3.69,27680.00,17.00,13286.00,999.00,18.92,1039.40,18.52,0.26
2026-06-08T06:39:50,1,3.71,27690.00,17.01,13294.00,999.00,18.91,1042.00,18.53,0.29
2026-06-08T06:39:50,1,3.70,27690.00,17.01,13294.00,999.00,18.92,1043.20,18.54,0.30
2026-06-08T06:39:51,1,3.71,27690.00,17.01,13294.00,999.00,18.91,1045.70,18.54,0.32
2026-06-08T06:39:51,1,3.67,27690.00,17.01,13294.00,999.00,18.92,1047.90,18.54,0.35
2026-06-08T06:39:51,1,3.67,27730.00,17.04,13313.00,999.00,18.93,1049.00,18.54,0.36
2026-06-08T06:39:51,1,3.69,27730.00,17.04,13313.00,999.00,18.93,1050.80,18.55,0.37
2026-06-08T06:39:51,1,3.68,27730.00,17.04,13313.00,999.00,18.93,1051.90,18.56,0.39
2026-06-08T06:39:52,1,3.67,27730.00,17.04,13313.00,999.00,18.92,1053.40,18.56,0.40
2026-06-08T06:39:52,1,3.68,27730.00,17.04,13313.00,999.00,18.93,1054.60,18.57,0.41
2026-06-08T06:39:52,1,3.71,27760.00,17.06,13327.00,999.00,18.93,1055.60,18.57,0.42
2026-06-08T06:39:52,1,3.71,27760.00,17.06,13327.00,999.00,18.93,1055.70,18.58,0.42
2026-06-08T06:39:53,1,3.71,27760.00,17.06,13327.00,999.00,18.93,1056.50,18.58,0.43
2026-06-08T06:39:53,1,3.70,27760.00,17.06,13327.00,999.00,18.93,1056.20,18.59,0.43
2026-06-08T06:39:53,1,3.70,27760.00,17.06,13327.00,999.00,18.93,1056.50,18.59,0.43
2026-06-08T06:39:53,1,3.71,27780.00,17.07,13339.00,999.00,18.94,1056.50,18.60,0.43
2026-06-08T06:39:53,1,3.70,27780.00,17.07,13339.00,999.00,18.93,1056.90,18.60,0.44
2026-06-08T06:39:54,1,3.68,27780.00,17.07,13339.00,999.00,18.93,1057.80,18.61,0.44
2026-06-08T06:39:54,1,3.66,27780.00,17.07,13339.00,999.00,18.93,1060.30,18.61,0.47
2026-06-08T06:39:54,1,3.69,27780.00,17.07,13339.00,999.00,18.94,1062.10,18.61,0.49
2026-06-08T06:39:54,1,3.69,27810.00,17.09,13351.00,999.00,18.93,1064.80,18.62,0.51
2026-06-08T06:39:54,1,3.69,27810.00,17.09,13351.00,999.00,18.93,1068.00,18.62,0.55
2026-06-08T06:39:55,1,3.70,27810.00,17.09,13351.00,999.00,18.94,1070.40,18.63,0.57
2026-06-08T06:39:55,1,3.69,27810.00,17.09,13351.00,999.00,18.93,1072.10,18.63,0.59
2026-06-08T06:39:55,1,3.68,27810.00,17.09,13351.00,999.00,18.93,1075.00,18.63,0.61
2026-06-08T06:39:55,1,3.71,27840.00,17.11,13364.00,999.00,18.94,1077.50,18.64,0.64
2026-06-08T06:39:55,1,3.68,27840.00,17.11,13364.00,999.00,18.94,1080.40,18.64,0.67
2026-06-08T06:39:56,1,3.71,27840.00,17.11,13364.00,999.00,18.94,1082.40,18.64,0.69
2026-06-08T06:39:56,1,3.68,27840.00,17.11,13364.00,999.00,18.93,1083.50,18.65,0.70
2026-06-08T06:39:56,1,3.68,27900.00,17.16,13397.00,999.00,18.93,1084.70,18.65,0.71
2026-06-08T06:39:56,1,3.70,27900.00,17.16,13397.00,999.00,18.93,1085.10,18.66,0.71
2026-06-08T06:39:56,1,3.72,27900.00,17.16,13397.00,999.00,18.93,1085.40,18.66,0.72
2026-06-08T06:39:57,1,3.67,27900.00,17.16,13397.00,999.00,18.94,1086.30,18.67,0.73
2026-06-08T06:39:57,1,3.70,27900.00,17.16,13397.00,999.00,18.94,1086.90,18.66,0.73
2026-06-08T06:39:57,1,3.69,27920.00,17.16,13403.00,999.00,18.94,1088.30,18.67,0.75
2026-06-08T06:39:57,1,3.70,27920.00,17.16,13403.00,999.00,18.94,1089.60,18.66,0.76
2026-06-08T06:39:58,1,3.71,27920.00,17.16,13403.00,999.00,18.95,1091.20,18.67,0.77
2026-06-08T06:39:58,1,3.70,27920.00,17.16,13403.00,999.00,18.94,1093.20,18.68,0.79
2026-06-08T06:39:58,1,3.70,27920.00,17.16,13403.00,999.00,18.94,1095.30,18.68,0.82
2026-06-08T06:39:58,1,3.71,28010.00,17.22,13445.00,999.00,18.95,1098.20,18.69,0.84
2026-06-08T06:39:58,1,3.69,28010.00,17.22,13445.00,999.00,18.94,1100.50,18.69,0.87
2026-06-08T06:39:59,1,3.69,28010.00,17.22,13445.00,999.00,18.95,1102.90,18.70,0.89
2026-06-08T06:39:59,1,3.70,28010.00,17.22,13445.00,999.00,18.96,1104.10,18.70,0.90
2026-06-08T06:39:59,1,3.70,28050.00,17.25,13465.00,999.00,18.94,1105.20,18.69,0.91
2026-06-08T06:39:59,1,3.70,28050.00,17.25,13465.00,999.00,18.94,1105.90,18.70,0.92
2026-06-08T06:39:59,1,3.71,28050.00,17.25,13465.00,999.00,18.94,1106.50,18.71,0.93
2026-06-08T06:40:00,1,3.68,28050.00,17.25,13465.00,999.00,18.95,1106.70,18.71,0.93
2026-06-08T06:40:00,1,3.66,28050.00,17.25,13465.00,999.00,18.96,1106.90,18.71,0.93
2026-06-08T06:40:00,1,3.67,28050.00,17.25,13464.00,999.00,18.96,1108.30,18.71,0.94
2026-06-08T06:40:00,1,3.70,28050.00,17.25,13464.00,999.00,18.96,1109.80,18.72,0.96
2026-06-08T06:40:00,1,3.68,28050.00,17.25,13464.00,999.00,18.96,1111.90,18.72,0.98
2026-06-08T06:40:01,1,3.69,28050.00,17.25,13464.00,999.00,18.95,1113.70,18.73,1.00
2026-06-08T06:40:01,1,3.68,28050.00,17.25,13464.00,999.00,18.96,1116.50,18.73,1.03
2026-06-08T06:40:01,1,3.71,28100.00,17.28,13488.00,999.00,18.95,1119.10,18.73,1.05
2026-06-08T06:40:01,1,3.70,28100.00,17.28,13488.00,999.00,18.96,1122.30,18.73,1.08
2026-06-08T06:40:01,1,3.68,28100.00,17.28,13488.00,999.00,18.95,1124.70,18.74,1.11
2026-06-08T06:40:02,1,3.66,28100.00,17.28,13488.00,999.00,18.96,1127.30,18.74,1.13
2026-06-08T06:40:02,1,3.68,28100.00,17.28,13488.00,999.00,18.96,1129.20,18.74,1.15
2026-06-08T06:40:02,1,3.68,28220.00,17.37,13549.00,999.00,18.94,1130.70,18.74,1.17
2026-06-08T06:40:02,1,3.70,28220.00,17.37,13549.00,999.00,18.95,1132.30,18.75,1.18
2026-06-08T06:40:03,1,3.66,28220.00,17.37,13549.00,999.00,18.96,1132.50,18.75,1.18
2026-06-08T06:40:03,1,3.65,28220.00,17.37,13549.00,999.00,18.95,1133.60,18.75,1.20
2026-06-08T06:40:03,1,3.68,28190.00,17.35,13534.00,999.00,18.97,1134.60,18.75,1.21
2026-06-08T06:40:03,1,3.71,28190.00,17.35,13534.00,999.00,18.96,1135.30,18.76,1.21
2026-06-08T06:40:03,1,3.71,28190.00,17.35,13534.00,999.00,18.97,1138.80,18.76,1.25
2026-06-08T06:40:04,1,3.68,28190.00,17.35,13534.00,999.00,18.97,1141.80,18.76,1.28
2026-06-08T06:40:04,1,3.70,28190.00,17.35,13534.00,999.00,18.97,1144.80,18.76,1.31
2026-06-08T06:40:04,1,3.71,28310.00,17.43,13591.00,999.00,18.96,1148.10,18.77,1.34
2026-06-08T06:40:04,1,3.72,28310.00,17.43,13591.00,999.00,18.97,1151.10,18.77,1.37
2026-06-08T06:40:04,1,3.70,28310.00,17.43,13591.00,999.00,18.97,1153.00,18.77,1.39
2026-06-08T06:40:05,1,3.69,28310.00,17.43,13591.00,999.00,18.97,1155.10,18.77,1.41
2026-06-08T06:40:05,1,3.70,28310.00,17.43,13591.00,999.00,18.96,1157.30,18.78,1.43
2026-06-08T06:40:05,1,3.71,28300.00,17.42,13588.00,999.00,18.97,1158.80,18.78,1.44
2026-06-08T06:40:05,1,3.70,28300.00,17.42,13588.00,999.00,18.98,1160.60,18.78,1.46
2026-06-08T06:40:05,1,3.69,28300.00,17.42,13588.00,999.00,18.97,1163.00,18.79,1.49
2026-06-08T06:40:06,1,3.70,28300.00,17.42,13588.00,999.00,18.98,1164.90,18.79,1.51
2026-06-08T06:40:06,1,3.70,28300.00,17.42,13588.00,999.00,18.98,1166.40,18.79,1.52
2026-06-08T06:40:06,1,3.71,28330.00,17.44,13602.00,999.00,18.98,1168.10,18.79,1.54
2026-06-08T06:40:06,1,3.71,28330.00,17.44,13602.00,999.00,18.97,1169.30,18.79,1.55
2026-06-08T06:40:06,1,3.69,28330.00,17.44,13602.00,999.00,18.97,1171.30,18.80,1.57
2026-06-08T06:40:07,1,3.68,28330.00,17.44,13602.00,999.00,18.99,1172.70,18.80,1.58
2026-06-08T06:40:07,1,3.68,28330.00,17.44,13602.00,999.00,18.97,1174.60,18.81,1.60
2026-06-08T06:40:07,1,3.71,28340.00,17.45,13605.00,999.00,18.98,1177.20,18.80,1.63
2026-06-08T06:40:07,1,3.70,28340.00,17.45,13605.00,999.00,18.98,1180.20,18.81,1.66
2026-06-08T06:40:07,1,3.66,28340.00,17.45,13605.00,999.00,18.98,1182.00,18.81,1.67
2026-06-08T06:40:08,1,3.68,28340.00,17.45,13605.00,999.00,18.99,1184.40,18.81,1.70
2026-06-08T06:40:08,1,3.68,28400.00,17.49,13633.00,999.00,18.97,1185.80,18.82,1.71
2026-06-08T06:40:08,1,3.71,28400.00,17.49,13633.00,999.00,18.97,1187.20,18.82,1.73
2026-06-08T06:40:08,1,3.71,28400.00,17.49,13633.00,999.00,18.98,1188.90,18.82,1.74
2026-06-08T06:40:08,1,3.70,28400.00,17.49,13633.00,999.00,18.99,1189.70,18.82,1.75
2026-06-08T06:40:09,1,3.70,28400.00,17.49,13633.00,999.00,18.98,1189.90,18.82,1.75
2026-06-08T06:40:09,1,3.71,28400.00,17.49,13635.00,999.00,18.98,1190.90,18.83,1.76
2026-06-08T06:40:09,1,3.72,28400.00,17.49,13635.00,999.00,18.97,1191.00,18.82,1.76
2026-06-08T06:40:09,1,3.71,28400.00,17.49,13635.00,999.00,18.98,1191.60,18.82,1.77
2026-06-08T06:40:10,1,3.70,28400.00,17.49,13635.00,999.00,19.00,1190.70,18.83,1.76
2026-06-08T06:40:10,1,3.70,28400.00,17.49,13635.00,999.00,18.99,1191.40,18.83,1.77
2026-06-08T06:40:10,1,3.70,28400.00,17.49,13637.00,999.00,18.99,1191.60,18.83,1.77
2026-06-08T06:40:10,1,3.70,28400.00,17.49,13637.00,999.00,18.99,1192.90,18.83,1.78
2026-06-08T06:40:10,1,3.72,28400.00,17.49,13637.00,999.00,18.99,1194.10,18.83,1.79
2026-06-08T06:40:11,1,3.70,28400.00,17.49,13637.00,999.00,19.00,1195.90,18.84,1.81
2026-06-08T06:40:11,1,3.68,28450.00,17.52,13658.00,999.00,18.99,1197.20,18.84,1.83
2026-06-08T06:40:11,1,3.72,28450.00,17.52,13658.00,999.00,18.98,1198.90,18.84,1.84
2026-06-08T06:40:11,1,3.69,28450.00,17.52,13658.00,999.00,18.99,1200.90,18.84,1.86
2026-06-08T06:40:11,1,3.69,28450.00,17.52,13658.00,999.00,19.00,1204.10,18.84,1.89
2026-06-08T06:40:12,1,3.67,28450.00,17.52,13658.00,999.00,18.99,1205.20,18.85,1.90
2026-06-08T06:40:12,1,3.71,28480.00,17.54,13671.00,999.00,19.00,1206.80,18.85,1.92
2026-06-08T06:40:12,1,3.70,28480.00,17.54,13671.00,999.00,18.99,1209.00,18.85,1.94
2026-06-08T06:40:12,1,3.68,28480.00,17.54,13671.00,999.00,18.98,1210.80,18.85,1.96
2026-06-08T06:40:13,1,3.68,28480.00,17.54,13671.00,999.00,19.00,1212.20,18.85,1.97
2026-06-08T06:40:13,1,3.70,28480.00,17.54,13671.00,999.00,18.99,1214.80,18.86,2.00
2026-06-08T06:40:13,1,3.69,28470.00,17.54,13667.00,999.00,19.00,1217.10,18.86,2.02
2026-06-08T06:40:13,1,3.67,28470.00,17.54,13667.00,999.00,18.98,1219.80,18.86,2.05
2026-06-08T06:40:13,1,3.71,28470.00,17.54,13667.00,999.00,18.99,1220.90,18.86,2.06
2026-06-08T06:40:14,1,3.68,28470.00,17.54,13667.00,999.00,18.98,1222.60,18.86,2.08
2026-06-08T06:40:14,1,3.68,28470.00,17.54,13667.00,999.00,18.99,1224.20,18.86,2.09
2026-06-08T06:40:14,1,3.66,28470.00,17.54,13669.00,999.00,18.99,1226.90,18.87,2.12
2026-06-08T06:40:14,1,3.71,28470.00,17.54,13669.00,999.00,19.00,1229.90,18.87,2.15
2026-06-08T06:40:14,1,3.70,28470.00,17.54,13669.00,999.00,18.99,1231.80,18.87,2.17
2026-06-08T06:40:15,1,3.70,28470.00,17.54,13669.00,999.00,19.00,1233.20,18.87,2.18
2026-06-08T06:40:15,1,3.70,28520.00,17.57,13693.00,999.00,19.00,1235.20,18.87,2.20
2026-06-08T06:40:15,1,3.71,28520.00,17.57,13693.00,999.00,18.98,1236.70,18.88,2.22
2026-06-08T06:40:15,1,3.70,28520.00,17.57,13693.00,999.00,18.99,1237.10,18.88,2.22
2026-06-08T06:40:15,1,3.68,28520.00,17.57,13693.00,999.00,18.99,1238.10,18.88,2.23
2026-06-08T06:40:16,1,3.68,28520.00,17.57,13693.00,999.00,19.00,1238.50,18.88,2.23
2026-06-08T06:40:16,1,3.71,28550.00,17.59,13705.00,999.00,18.99,1239.80,18.88,2.25
2026-06-08T06:40:16,1,3.69,28550.00,17.59,13705.00,999.00,18.99,1239.70,18.88,2.25
2026-06-08T06:40:16,1,3.68,28550.00,17.59,13705.00,999.00,18.99,1240.50,18.88,2.25
2026-06-08T06:40:16,1,3.70,28550.00,17.59,13705.00,999.00,18.99,1241.30,18.88,2.26
2026-06-08T06:40:17,1,3.70,28550.00,17.59,13705.00,999.00,18.99,1243.10,18.89,2.28
2026-06-08T06:40:17,1,3.70,28610.00,17.63,13733.00,999.00,19.00,1244.90,18.89,2.30
2026-06-08T06:40:17,1,3.70,28610.00,17.63,13733.00,999.00,18.99,1247.10,18.89,2.32
2026-06-08T06:40:17,1,3.70,28610.00,17.63,13733.00,999.00,18.99,1248.40,18.89,2.33
2026-06-08T06:40:17,1,3.68,28610.00,17.63,13733.00,999.00,18.99,1249.70,18.89,2.35
2026-06-08T06:40:18,1,3.67,28610.00,17.63,13733.00,999.00,18.99,1251.90,18.89,2.37
2026-06-08T06:40:18,1,3.68,28650.00,17.66,13756.00,999.00,19.00,1254.70,18.90,2.40
2026-06-08T06:40:18,1,3.69,28650.00,17.66,13756.00,999.00,18.99,1257.50,18.90,2.42
2026-06-08T06:40:18,1,3.71,28650.00,17.66,13756.00,999.00,18.99,1259.00,18.90,2.44
2026-06-08T06:40:18,1,3.66,28650.00,17.66,13756.00,999.00,19.00,1260.80,18.90,2.46
2026-06-08T06:40:19,1,3.68,28650.00,17.66,13756.00,999.00,18.98,1262.10,18.90,2.47
2026-06-08T06:40:19,1,3.69,28660.00,17.66,13757.00,999.00,18.98,1264.00,18.90,2.49
2026-06-08T06:40:19,1,3.69,28660.00,17.66,13757.00,999.00,19.00,1265.80,18.90,2.51
2026-06-08T06:40:19,1,3.68,28660.00,17.66,13757.00,999.00,18.98,1267.60,18.90,2.52
2026-06-08T06:40:20,1,3.69,28660.00,17.66,13757.00,999.00,19.00,1268.80,18.90,2.53
2026-06-08T06:40:20,1,3.70,28690.00,17.68,13772.00,999.00,18.98,1269.40,18.91,2.54
2026-06-08T06:40:20,1,3.72,28690.00,17.68,13772.00,999.00,19.00,1269.90,18.91,2.55
2026-06-08T06:40:20,1,3.69,28690.00,17.68,13772.00,999.00,18.98,1270.60,18.91,2.55
2026-06-08T06:40:20,1,3.70,28690.00,17.68,13772.00,999.00,19.00,1271.40,18.91,2.56
2026-06-08T06:40:21,1,3.68,28690.00,17.68,13772.00,999.00,18.99,1272.90,18.91,2.58
2026-06-08T06:40:21,1,3.70,28670.00,17.68,13766.00,999.00,18.97,1274.90,18.91,2.60
2026-06-08T06:40:21,1,3.71,28670.00,17.68,13766.00,999.00,18.99,1276.70,18.91,2.61
2026-06-08T06:40:21,1,3.69,28670.00,17.68,13766.00,999.00,18.99,1279.30,18.91,2.64
2026-06-08T06:40:21,1,3.70,28670.00,17.68,13766.00,999.00,18.98,1282.60,18.91,2.67
2026-06-08T06:40:22,1,3.69,28670.00,17.68,13766.00,999.00,18.99,1285.10,18.91,2.70
2026-06-08T06:40:22,1,3.70,28750.00,17.73,13804.00,999.00,18.99,1287.60,18.92,2.72
2026-06-08T06:40:22,1,3.71,28750.00,17.73,13804.00,999.00,18.98,1290.10,18.92,2.75
2026-06-08T06:40:22,1,3.70,28750.00,17.73,13804.00,999.00,18.98,1291.50,18.92,2.76
2026-06-08T06:40:22,1,3.70,28750.00,17.73,13804.00,999.00,18.99,1293.00,18.92,2.77
2026-06-08T06:40:23,1,3.68,28750.00,17.73,13804.00,999.00,18.99,1292.60,18.92,2.77
2026-06-08T06:40:23,1,3.70,28770.00,17.74,13811.00,999.00,19.00,1292.30,18.92,2.77
2026-06-08T06:40:23,1,3.68,28770.00,17.74,13811.00,999.00,18.98,1292.50,18.92,2.77
2026-06-08T06:40:23,1,3.70,28770.00,17.74,13811.00,999.00,18.99,1293.30,18.92,2.78
2026-06-08T06:40:23,1,3.70,28770.00,17.74,13811.00,999.00,18.98,1293.50,18.91,2.78
2026-06-08T06:40:24,1,3.70,28760.00,17.73,13805.00,999.00,18.99,1294.90,18.92,2.79
2026-06-08T06:40:24,1,3.68,28760.00,17.73,13805.00,999.00,18.99,1295.30,18.93,2.80
2026-06-08T06:40:24,1,3.70,28760.00,17.73,13805.00,999.00,18.99,1296.90,18.92,2.81
2026-06-08T06:40:24,1,3.68,28760.00,17.73,13805.00,999.00,18.99,1298.50,18.92,2.83
2026-06-08T06:40:25,1,3.66,28760.00,17.73,13805.00,999.00,18.99,1300.00,18.93,2.84
2026-06-08T06:40:25,1,3.67,28790.00,17.75,13821.00,999.00,18.99,1301.50,18.93,2.86
2026-06-08T06:40:25,1,3.69,28790.00,17.75,13821.00,999.00,18.98,1302.90,18.93,2.87
2026-06-08T06:40:25,1,3.68,28790.00,17.75,13821.00,999.00,18.98,1304.00,18.93,2.88
2026-06-08T06:40:25,1,3.67,28790.00,17.75,13821.00,999.00,18.99,1304.10,18.93,2.88
2026-06-08T06:40:26,1,3.68,28790.00,17.75,13821.00,999.00,19.00,1304.70,18.93,2.89
2026-06-08T06:40:26,1,3.71,28830.00,17.78,13843.00,999.00,18.98,1305.60,18.93,2.90
2026-06-08T06:40:26,1,3.71,28830.00,17.78,13843.00,999.00,19.00,1305.70,18.93,2.90
2026-06-08T06:40:26,1,3.70,28830.00,17.78,13843.00,999.00,18.98,1305.60,18.93,2.90
2026-06-08T06:40:26,1,3.70,28830.00,17.78,13843.00,999.00,19.00,1306.20,18.93,2.91
2026-06-08T06:40:27,1,3.70,28850.00,17.79,13851.00,999.00,18.98,1306.70,18.94,2.91
2026-06-08T06:40:27,1,3.68,28850.00,17.79,13851.00,999.00,18.99,1307.70,18.94,2.92
2026-06-08T06:40:27,1,3.70,28850.00,17.79,13851.00,999.00,18.99,1309.00,18.94,2.93
2026-06-08T06:40:27,1,3.70,28850.00,17.79,13851.00,999.00,19.00,1310.50,18.94,2.95
2026-06-08T06:40:27,1,3.68,28850.00,17.79,13851.00,999.00,18.99,1311.60,18.94,2.96
2026-06-08T06:40:28,1,3.70,28870.00,17.81,13858.00,999.00,19.00,1313.20,18.94,2.97
2026-06-08T06:40:28,1,3.71,28870.00,17.81,13858.00,999.00,18.99,1314.30,18.94,2.99
2026-06-08T06:40:28,1,3.70,28870.00,17.81,13858.00,999.00,18.99,1315.20,18.94,2.99
2026-06-08T06:40:28,1,3.68,28870.00,17.81,13858.00,999.00,19.00,1316.00,18.95,3.00
2026-06-08T06:40:28,1,3.68,28870.00,17.81,13858.00,999.00,18.99,1317.10,18.94,3.01
2026-06-08T06:40:29,1,3.70,28870.00,17.81,13859.00,999.00,19.00,1317.80,18.94,3.02
2026-06-08T06:40:29,1,3.68,28870.00,17.81,13859.00,999.00,18.99,1318.00,18.94,3.02
2026-06-08T06:40:29,1,3.69,28870.00,17.81,13859.00,999.00,18.99,1317.80,18.95,3.02
2026-06-08T06:40:29,1,3.68,28870.00,17.81,13859.00,999.00,18.99,1319.00,18.95,3.03
2026-06-08T06:40:30,1,3.66,28870.00,17.81,13859.00,999.00,19.00,1319.00,18.94,3.03
2026-06-08T06:40:30,1,3.71,28850.00,17.80,13853.00,999.00,19.00,1319.40,18.95,3.04
2026-06-08T06:40:30,1,3.71,28850.00,17.80,13853.00,999.00,18.99,1319.90,18.95,3.04
2026-06-08T06:40:30,1,3.72,28850.00,17.80,13853.00,999.00,18.98,1320.40,18.95,3.05
2026-06-08T06:40:30,1,3.70,28850.00,17.80,13853.00,999.00,18.99,1321.20,18.95,3.05
2026-06-08T06:40:31,1,3.69,28860.00,17.80,13853.00,999.00,19.00,1321.80,18.95,3.06
2026-06-08T06:40:31,1,3.71,28860.00,17.80,13853.00,999.00,18.99,1322.90,18.95,3.07
2026-06-08T06:40:31,1,3.71,28860.00,17.80,13853.00,999.00,18.99,1324.00,18.95,3.08
2026-06-08T06:40:31,1,3.70,28860.00,17.80,13853.00,999.00,18.99,1324.80,18.95,3.09
2026-06-08T06:40:31,1,3.66,28860.00,17.80,13853.00,999.00,18.99,1325.50,18.95,3.10
2026-06-08T06:40:32,1,3.71,28880.00,17.82,13865.00,999.00,19.00,1325.90,18.95,3.10
2026-06-08T06:40:32,1,3.70,28880.00,17.82,13865.00,999.00,19.00,1326.00,18.95,3.10
2026-06-08T06:40:32,1,3.69,28880.00,17.82,13865.00,999.00,19.00,1326.30,18.95,3.10
2026-06-08T06:40:32,1,3.68,28880.00,17.82,13865.00,999.00,18.98,1326.50,18.95,3.11
2026-06-08T06:40:32,1,3.67,28880.00,17.82,13865.00,999.00,19.00,1326.60,18.95,3.11
2026-06-08T06:40:33,1,3.70,28900.00,17.83,13873.00,999.00,18.99,1326.70,18.95,3.11
2026-06-08T06:40:33,1,3.69,28900.00,17.83,13873.00,999.00,18.99,1327.70,18.95,3.12
2026-06-08T06:40:33,1,3.70,28900.00,17.83,13873.00,999.00,19.00,1328.30,18.95,3.12
2026-06-08T06:40:33,1,3.67,28900.00,17.83,13873.00,999.00,19.00,1328.90,18.95,3.13
2026-06-08T06:40:33,1,3.68,28900.00,17.83,13873.00,999.00,18.99,1330.10,18.95,3.14
2026-06-08T06:40:34,1,3.71,28890.00,17.82,13871.00,999.00,18.98,1331.10,18.95,3.15
2026-06-08T06:40:34,1,3.71,28890.00,17.82,13871.00,999.00,18.99,1333.20,18.95,3.17
2026-06-08T06:40:34,1,3.71,28890.00,17.82,13871.00,999.00,18.98,1334.40,18.95,3.19
2026-06-08T06:40:34,1,3.70,28890.00,17.82,13871.00,999.00,18.99,1335.30,18.95,3.19
2026-06-08T06:40:34,1,3.70,28890.00,17.82,13871.00,999.00,18.99,1336.40,18.95,3.20
2026-06-08T06:40:35,1,3.71,28900.00,17.83,13874.00,999.00,18.99,1338.50,18.96,3.23
2026-06-08T06:40:35,1,3.70,28900.00,17.83,13874.00,999.00,18.98,1340.10,18.96,3.24
2026-06-08T06:40:35,1,3.68,28900.00,17.83,13874.00,999.00,19.00,1341.60,18.96,3.26
2026-06-08T06:40:35,1,3.67,28900.00,17.83,13874.00,999.00,19.00,1341.40,18.96,3.25
2026-06-08T06:40:36,1,3.70,28920.00,17.84,13885.00,999.00,19.00,1341.90,18.96,3.26
2026-06-08T06:40:36,1,3.70,28920.00,17.84,13885.00,999.00,18.99,1341.80,18.96,3.26
2026-06-08T06:40:36,1,3.69,28920.00,17.84,13885.00,999.00,18.99,1341.90,18.96,3.26
2026-06-08T06:40:36,1,3.67,28920.00,17.84,13885.00,999.00,18.99,1342.40,18.96,3.26
2026-06-08T06:40:36,1,3.67,28920.00,17.84,13885.00,999.00,18.99,1343.00,18.95,3.27
2026-06-08T06:40:37,1,3.68,28910.00,17.84,13880.00,999.00,19.00,1343.70,18.94,3.28
2026-06-08T06:40:37,1,3.70,28910.00,17.84,13880.00,999.00,18.99,1344.80,18.96,3.29
2026-06-08T06:40:37,1,3.68,28910.00,17.84,13880.00,999.00,18.99,1345.20,18.96,3.29
2026-06-08T06:40:37,1,3.70,28910.00,17.84,13880.00,999.00,18.99,1345.40,18.96,3.29
2026-06-08T06:40:37,1,3.68,28920.00,17.84,13883.00,999.00,18.99,1346.20,18.96,3.30
2026-06-08T06:40:38,1,3.68,28920.00,17.84,13883.00,999.00,18.99,1347.50,18.96,3.31
2026-06-08T06:40:38,1,3.70,28920.00,17.84,13883.00,999.00,19.00,1348.70,18.96,3.33
2026-06-08T06:40:38,1,3.69,28920.00,17.84,13883.00,999.00,18.98,1349.00,18.96,3.33
2026-06-08T06:40:38,1,3.66,28920.00,17.84,13883.00,999.00,19.00,1349.70,18.96,3.34
2026-06-08T06:40:38,1,3.69,28900.00,17.83,13876.00,999.00,19.00,1350.40,18.96,3.34
2026-06-08T06:40:39,1,3.70,28900.00,17.83,13876.00,999.00,19.00,1350.90,18.96,3.35
2026-06-08T06:40:39,1,3.70,28900.00,17.83,13876.00,999.00,19.00,1351.40,18.96,3.35
2026-06-08T06:40:39,1,3.70,28900.00,17.83,13876.00,999.00,18.99,1351.90,18.96,3.36
2026-06-08T06:40:39,1,3.68,28900.00,17.83,13876.00,999.00,18.99,1351.90,18.96,3.36
2026-06-08T06:40:40,1,3.71,28930.00,17.85,13887.00,999.00,19.00,1352.30,18.96,3.36
2026-06-08T06:40:40,1,3.68,28930.00,17.85,13887.00,999.00,19.00,1352.70,18.96,3.37
2026-06-08T06:40:40,1,3.68,28930.00,17.85,13887.00,999.00,19.00,1354.30,18.96,3.38
2026-06-08T06:40:40,1,3.68,28930.00,17.85,13887.00,999.00,19.00,1355.60,18.96,3.40
2026-06-08T06:40:40,1,3.67,28930.00,17.85,13887.00,999.00,18.99,1356.80,18.96,3.41
2026-06-08T06:40:41,1,3.71,28920.00,17.84,13883.00,999.00,19.00,1358.20,18.96,3.42
2026-06-08T06:40:41,1,3.71,28920.00,17.84,13883.00,999.00,19.00,1359.70,18.97,3.44
2026-06-08T06:40:41,1,3.70,28920.00,17.84,13883.00,999.00,19.00,1360.60,18.97,3.44
2026-06-08T06:40:41,1,3.68,28920.00,17.84,13883.00,999.00,19.00,1361.90,18.97,3.46
2026-06-08T06:40:41,1,3.68,28920.00,17.84,13883.00,999.00,18.99,1362.60,18.97,3.46
2026-06-08T06:40:42,1,3.68,28920.00,17.84,13885.00,999.00,19.00,1362.80,18.97,3.47
2026-06-08T06:40:42,1,3.70,28920.00,17.84,13885.00,999.00,19.00,1363.90,18.97,3.48
2026-06-08T06:40:42,1,3.68,28920.00,17.84,13885.00,999.00,19.00,1365.50,18.97,3.49
2026-06-08T06:40:42,1,3.67,28920.00,17.84,13885.00,999.00,19.00,1367.20,18.97,3.51
2026-06-08T06:40:42,1,3.70,28930.00,17.85,13888.00,999.00,19.00,1368.30,18.97,3.52
2026-06-08T06:40:43,1,3.70,28930.00,17.85,13888.00,999.00,19.00,1369.30,18.97,3.53
2026-06-08T06:40:43,1,3.70,28930.00,17.85,13888.00,999.00,19.00,1370.90,18.97,3.55
2026-06-08T06:40:43,1,3.70,28930.00,17.85,13888.00,999.00,19.00,1371.80,18.97,3.56
2026-06-08T06:40:43,1,3.70,28930.00,17.85,13888.00,999.00,19.00,1373.60,18.97,3.57
2026-06-08T06:40:43,1,3.71,28950.00,17.86,13898.00,999.00,19.00,1374.50,18.97,3.58
2026-06-08T06:40:44,1,3.72,28950.00,17.86,13898.00,999.00,19.00,1376.10,18.97,3.60
2026-06-08T06:40:44,1,3.71,28950.00,17.86,13898.00,999.00,19.00,1378.40,18.97,3.62
2026-06-08T06:40:44,1,3.69,28950.00,17.86,13898.00,999.00,19.00,1379.50,18.97,3.63
2026-06-08T06:40:44,1,3.70,28950.00,17.86,13898.00,999.00,18.99,1380.50,18.97,3.64
2026-06-08T06:40:44,1,3.69,28970.00,17.88,13909.00,999.00,19.00,1382.10,18.98,3.66
2026-06-08T06:40:45,1,3.70,28970.00,17.88,13909.00,999.00,19.00,1383.00,18.97,3.67
2026-06-08T06:40:45,1,3.68,28970.00,17.88,13909.00,999.00,18.99,1383.40,18.98,3.67
2026-06-08T06:40:45,1,3.68,28970.00,17.88,13909.00,999.00,18.99,1383.90,18.98,3.68
2026-06-08T06:40:45,1,3.67,28970.00,17.88,13909.00,999.00,19.00,1385.20,18.98,3.69
2026-06-08T06:40:46,1,3.70,28970.00,17.88,13908.00,999.00,19.00,1387.00,18.98,3.71
2026-06-08T06:40:46,1,3.70,28970.00,17.88,13908.00,999.00,19.00,1388.90,18.98,3.73
2026-06-08T06:40:46,1,3.69,28970.00,17.88,13908.00,999.00,19.00,1392.50,18.98,3.76
2026-06-08T06:40:46,1,3.70,28970.00,17.88,13908.00,999.00,19.00,1396.70,18.98,3.80
2026-06-08T06:40:46,1,3.68,28970.00,17.88,13908.00,999.00,18.99,1398.90,18.98,3.82
2026-06-08T06:40:47,1,3.69,29000.00,17.90,13923.00,999.00,18.99,1401.40,18.98,3.85
2026-06-08T06:40:47,1,3.69,29000.00,17.90,13923.00,999.00,19.00,1403.50,18.98,3.87
2026-06-08T06:40:47,1,3.70,29000.00,17.90,13923.00,999.00,18.99,1406.10,18.98,3.90
2026-06-08T06:40:47,1,3.70,29000.00,17.90,13923.00,999.00,19.00,1407.70,18.98,3.91
2026-06-08T06:40:47,1,3.70,29090.00,17.95,13964.00,999.00,19.00,1410.30,18.98,3.94
2026-06-08T06:40:48,1,3.71,29090.00,17.95,13964.00,999.00,19.00,1412.10,18.99,3.95
2026-06-08T06:40:48,1,3.71,29090.00,17.95,13964.00,999.00,19.00,1414.60,18.98,3.98
2026-06-08T06:40:48,1,3.70,29090.00,17.95,13964.00,999.00,19.00,1416.80,18.98,4.00
2026-06-08T06:40:48,1,3.70,29090.00,17.95,13964.00,999.00,18.99,1418.50,18.99,4.02
2026-06-08T06:40:48,1,3.70,29120.00,17.98,13981.00,999.00,19.00,1421.00,18.99,4.04
2026-06-08T06:40:49,1,3.70,29120.00,17.98,13981.00,999.00,19.00,1423.30,18.99,4.07
2026-06-08T06:40:49,1,3.71,29120.00,17.98,13981.00,999.00,19.00,1425.00,18.99,4.08
2026-06-08T06:40:49,1,3.68,29120.00,17.98,13981.00,999.00,19.00,1427.20,18.99,4.10
2026-06-08T06:40:49,1,3.69,29120.00,17.98,13981.00,999.00,19.00,1429.40,18.98,4.13
2026-06-08T06:40:50,1,3.70,29150.00,18.00,13995.00,999.00,19.00,1431.20,18.98,4.14
2026-06-08T06:40:50,1,3.70,29150.00,18.00,13995.00,999.00,18.99,1432.00,18.99,4.15
2026-06-08T06:40:50,1,3.67,29150.00,18.00,13995.00,999.00,19.00,1432.40,18.99,4.16
2026-06-08T06:40:50,1,3.70,29150.00,18.00,13995.00,999.00,19.00,1432.90,19.00,4.16
2026-06-08T06:40:50,1,3.71,29170.00,18.01,14003.00,999.00,19.00,1434.10,19.00,4.17
2026-06-08T06:40:51,1,3.71,29170.00,18.01,14003.00,999.00,19.00,1435.00,19.00,4.18
2026-06-08T06:40:51,1,3.70,29170.00,18.01,14003.00,999.00,18.99,1435.60,19.00,4.19
2026-06-08T06:40:51,1,3.68,29170.00,18.01,14003.00,999.00,19.00,1436.30,19.00,4.19
2026-06-08T06:40:51,1,3.67,29170.00,18.01,14003.00,999.00,19.00,1437.30,19.00,4.20
2026-06-08T06:40:51,1,3.69,29180.00,18.02,14008.00,999.00,18.99,1437.50,19.00,4.21
2026-06-08T06:40:52,1,3.66,29180.00,18.02,14008.00,999.00,19.00,1438.10,19.00,4.21
2026-06-08T06:40:52,1,3.70,29180.00,18.02,14008.00,999.00,19.00,1438.80,19.00,4.22
2026-06-08T06:40:52,1,3.68,29180.00,18.02,14008.00,999.00,19.00,1439.00,19.00,4.22
2026-06-08T06:40:52,1,3.70,29180.00,18.02,14008.00,999.00,18.99,1439.10,19.00,4.22
2026-06-08T06:40:52,1,3.70,29190.00,18.03,14014.00,999.00,19.00,1439.60,19.00,4.23
2026-06-08T06:40:53,1,3.71,29190.00,18.03,14014.00,999.00,19.00,1439.80,19.00,4.23
2026-06-08T06:40:53,1,3.71,29190.00,18.03,14014.00,999.00,19.00,1440.20,19.01,4.23
2026-06-08T06:40:53,1,3.69,29190.00,18.03,14014.00,999.00,19.00,1441.70,19.01,4.25
2026-06-08T06:40:53,1,3.70,29190.00,18.03,14014.00,999.00,19.00,1442.10,19.01,4.25
2026-06-08T06:40:53,1,3.70,29200.00,18.03,14021.00,999.00,19.00,1442.70,19.01,4.26
2026-06-08T06:40:54,1,3.69,29200.00,18.03,14021.00,999.00,19.00,1443.20,19.01,4.26
2026-06-08T06:40:54,1,3.66,29200.00,18.03,14021.00,999.00,19.00,1443.90,19.01,4.27
2026-06-08T06:40:54,1,3.69,29200.00,18.03,14021.00,999.00,19.00,1444.70,19.01,4.28
2026-06-08T06:40:54,1,3.70,29220.00,18.05,14029.00,999.00,19.00,1445.40,19.01,4.28
2026-06-08T06:40:54,1,3.69,29220.00,18.05,14029.00,999.00,19.00,1446.10,19.01,4.29
2026-06-08T06:40:55,1,3.69,29220.00,18.05,14029.00,999.00,19.00,1445.90,19.01,4.29
2026-06-08T06:40:55,1,3.68,29220.00,18.05,14029.00,999.00,19.00,1446.60,19.01,4.30
2026-06-08T06:40:55,1,3.66,29220.00,18.05,14029.00,999.00,19.00,1447.00,19.01,4.30
2026-06-08T06:40:55,1,3.68,29200.00,18.03,14020.00,999.00,18.99,1447.50,19.01,4.31
2026-06-08T06:40:56,1,3.70,29200.00,18.03,14020.00,999.00,19.00,1448.10,19.01,4.31
2026-06-08T06:40:56,1,3.68,29200.00,18.03,14020.00,999.00,19.00,1449.00,19.01,4.32
2026-06-08T06:40:56,1,3.70,29200.00,18.03,14020.00,999.00,19.00,1449.50,19.01,4.33
2026-06-08T06:40:56,1,3.68,29200.00,18.03,14020.00,999.00,19.00,1450.10,19.02,4.33
2026-06-08T06:40:56,1,3.71,29220.00,18.04,14027.00,999.00,18.99,1450.50,19.01,4.34
2026-06-08T06:40:57,1,3.71,29220.00,18.04,14027.00,999.00,19.00,1451.20,19.02,4.34
2026-06-08T06:40:57,1,3.70,29220.00,18.04,14027.00,999.00,19.00,1451.60,19.02,4.35
2026-06-08T06:40:57,1,3.70,29220.00,18.04,14027.00,999.00,19.00,1452.60,19.02,4.36
2026-06-08T06:40:57,1,3.69,29220.00,18.04,14027.00,999.00,19.00,1454.00,19.02,4.37
2026-06-08T06:40:57,1,3.71,29220.00,18.04,14028.00,999.00,18.99,1455.60,19.02,4.39
2026-06-08T06:40:58,1,3.71,29220.00,18.04,14028.00,999.00,19.00,1457.20,19.02,4.40
2026-06-08T06:40:58,1,3.69,29220.00,18.04,14028.00,999.00,19.00,1458.30,19.02,4.41
2026-06-08T06:40:58,1,3.68,29220.00,18.04,14028.00,999.00,19.00,1459.40,19.02,4.42
2026-06-08T06:40:58,1,3.69,29230.00,18.05,14031.00,999.00,19.00,1459.90,19.02,4.43
2026-06-08T06:40:58,1,3.68,29230.00,18.05,14031.00,999.00,18.99,1461.20,19.02,4.44
2026-06-08T06:40:59,1,3.70,29230.00,18.05,14031.00,999.00,18.99,1462.20,19.02,4.45
2026-06-08T06:40:59,1,3.68,29230.00,18.05,14031.00,999.00,19.00,1462.80,19.02,4.46
2026-06-08T06:40:59,1,3.68,29230.00,18.05,14031.00,999.00,19.00,1463.70,19.02,4.47
2026-06-08T06:40:59,1,3.69,29250.00,18.07,14045.00,999.00,19.00,1464.10,19.02,4.47
2026-06-08T06:40:59,1,3.72,29250.00,18.07,14045.00,999.00,19.00,1465.50,19.02,4.48
2026-06-08T06:41:00,1,3.71,29250.00,18.07,14045.00,999.00,19.00,1464.60,19.02,4.48
2026-06-08T06:41:00,1,3.70,29250.00,18.07,14045.00,999.00,19.00,1465.20,19.02,4.48
2026-06-08T06:41:00,1,3.70,29250.00,18.07,14045.00,999.00,19.00,1465.30,19.02,4.48
2026-06-08T06:41:00,1,3.71,29300.00,18.10,14067.00,999.00,19.00,1466.60,19.02,4.50
2026-06-08T06:41:00,1,3.72,29300.00,18.10,14067.00,999.00,19.00,1467.00,19.02,4.50
2026-06-08T06:41:01,1,3.71,29300.00,18.10,14067.00,999.00,18.99,1467.50,19.02,4.50
2026-06-08T06:41:01,1,3.68,29300.00,18.10,14067.00,999.00,19.00,1468.30,19.02,4.51
2026-06-08T06:41:01,1,3.67,29300.00,18.10,14067.00,999.00,19.00,1469.30,19.02,4.52
2026-06-08T06:41:01,1,3.69,29310.00,18.10,14070.00,999.00,19.00,1470.20,19.02,4.53
2026-06-08T06:41:01,1,3.69,29310.00,18.10,14070.00,999.00,19.00,1470.90,19.02,4.54
2026-06-08T06:41:02,1,3.70,29310.00,18.10,14070.00,999.00,19.00,1472.60,19.02,4.55
2026-06-08T06:41:02,1,3.70,29310.00,18.10,14070.00,999.00,19.00,1474.00,19.01,4.57
2026-06-08T06:41:02,1,3.69,29360.00,18.14,14095.00,999.00,19.00,1475.30,19.02,4.58
2026-06-08T06:41:02,1,3.69,29360.00,18.14,14095.00,999.00,19.00,1477.50,19.02,4.60
2026-06-08T06:41:03,1,3.69,29360.00,18.14,14095.00,999.00,18.99,1479.00,19.01,4.62
2026-06-08T06:41:03,1,3.68,29360.00,18.14,14095.00,999.00,19.00,1480.20,19.02,4.63
2026-06-08T06:41:03,1,3.71,29360.00,18.14,14095.00,999.00,19.00,1480.90,19.02,4.64
2026-06-08T06:41:03,1,3.69,29400.00,18.17,14115.00,999.00,19.00,1481.40,19.02,4.64
2026-06-08T06:41:03,1,3.68,29400.00,18.17,14115.00,999.00,18.99,1482.00,19.03,4.65
2026-06-08T06:41:04,1,3.70,29400.00,18.17,14115.00,999.00,18.99,1483.10,19.02,4.66
2026-06-08T06:41:04,1,3.68,29400.00,18.17,14115.00,999.00,19.00,1483.80,19.03,4.67
2026-06-08T06:41:04,1,3.69,29400.00,18.17,14115.00,999.00,19.01,1485.00,19.03,4.68
2026-06-08T06:41:04,1,3.70,29420.00,18.18,14124.00,999.00,19.00,1486.70,19.03,4.69
2026-06-08T06:41:04,1,3.70,29420.00,18.18,14124.00,999.00,19.00,1488.20,19.03,4.71
2026-06-08T06:41:05,1,3.70,29420.00,18.18,14124.00,999.00,19.00,1489.50,19.02,4.72
2026-06-08T06:41:05,1,3.70,29420.00,18.18,14124.00,999.00,19.00,1490.40,19.03,4.73
2026-06-08T06:41:05,1,3.67,29440.00,18.20,14135.00,999.00,18.99,1491.30,19.03,4.74
2026-06-08T06:41:05,1,3.68,29440.00,18.20,14135.00,999.00,19.00,1492.30,19.03,4.75
2026-06-08T06:41:06,1,3.70,29440.00,18.20,14135.00,999.00,18.99,1492.50,19.03,4.75
2026-06-08T06:41:06,1,3.70,29440.00,18.20,14135.00,999.00,19.00,1493.60,19.03,4.76
2026-06-08T06:41:06,1,3.68,29440.00,18.20,14135.00,999.00,18.99,1493.90,19.03,4.77
2026-06-08T06:41:06,1,3.71,29460.00,18.21,14145.00,999.00,19.00,1494.20,19.03,4.77
2026-06-08T06:41:06,1,3.68,29460.00,18.21,14145.00,999.00,18.99,1494.50,19.03,4.77
2026-06-08T06:41:07,1,3.70,29460.00,18.21,14145.00,999.00,19.00,1495.60,19.03,4.78
2026-06-08T06:41:07,1,3.68,29460.00,18.21,14145.00,999.00,19.00,1495.80,19.03,4.78
2026-06-08T06:41:07,1,3.70,29460.00,18.21,14145.00,999.00,18.99,1496.40,19.03,4.79
2026-06-08T06:41:07,1,3.70,29460.00,18.21,14143.00,999.00,18.98,1496.40,19.03,4.79
2026-06-08T06:41:07,1,3.70,29460.00,18.21,14143.00,999.00,19.00,1498.00,19.03,4.81
2026-06-08T06:41:08,1,3.68,29460.00,18.21,14143.00,999.00,19.00,1498.50,19.03,4.81
2026-06-08T06:41:08,1,3.68,29460.00,18.21,14143.00,999.00,19.00,1499.20,19.03,4.82
2026-06-08T06:41:08,1,3.67,29460.00,18.21,14143.00,999.00,19.00,1500.00,19.03,4.83
2026-06-08T06:41:08,1,3.71,29630.00,18.32,14222.00,999.00,18.99,1501.10,19.03,4.84
2026-06-08T06:41:08,1,3.72,29630.00,18.32,14222.00,999.00,19.00,1501.10,19.03,4.84
2026-06-08T06:41:09,1,3.71,29630.00,18.32,14222.00,999.00,18.99,1502.40,19.03,4.85
2026-06-08T06:41:09,1,3.70,29630.00,18.32,14222.00,999.00,18.98,1502.10,19.03,4.85
2026-06-08T06:41:09,1,3.68,29630.00,18.32,14222.00,999.00,18.99,1502.90,19.03,4.85
2026-06-08T06:41:09,1,3.72,29820.00,18.46,14318.00,999.00,18.99,1502.60,19.03,4.85
2026-06-08T06:41:09,1,3.68,29820.00,18.46,14318.00,999.00,18.99,1502.80,19.03,4.85
2026-06-08T06:41:10,1,3.71,29820.00,18.46,14318.00,999.00,18.99,1502.70,19.03,4.85
2026-06-08T06:41:10,1,3.68,29820.00,18.46,14318.00,999.00,18.99,1503.00,19.04,4.86
2026-06-08T06:41:10,1,3.70,29900.00,18.51,14355.00,999.00,19.00,1504.50,19.03,4.87
2026-06-08T06:41:10,1,3.70,29900.00,18.51,14355.00,999.00,19.00,1504.90,19.04,4.87
2026-06-08T06:41:10,1,3.68,29900.00,18.51,14355.00,999.00,18.99,1505.90,19.04,4.88
2026-06-08T06:41:11,1,3.70,29900.00,18.51,14355.00,999.00,18.99,1506.30,19.03,4.89
2026-06-08T06:41:11,1,3.69,29900.00,18.51,14355.00,999.00,18.98,1507.20,19.03,4.90
2026-06-08T06:41:11,1,3.71,29950.00,18.54,14377.00,999.00,18.99,1507.90,19.03,4.90
2026-06-08T06:41:11,1,3.71,29950.00,18.54,14377.00,999.00,18.98,1508.00,19.03,4.91
2026-06-08T06:41:11,1,3.68,29950.00,18.54,14377.00,999.00,18.99,1509.20,19.03,4.92
2026-06-08T06:41:12,1,3.69,29950.00,18.54,14377.00,999.00,18.99,1510.20,19.03,4.93
2026-06-08T06:41:12,1,3.67,29950.00,18.54,14377.00,999.00,19.00,1510.60,19.03,4.93
2026-06-08T06:41:12,1,3.70,29980.00,18.56,14391.00,999.00,18.98,1511.30,19.03,4.94
2026-06-08T06:41:12,1,3.71,29980.00,18.56,14391.00,999.00,18.98,1512.20,19.03,4.95
2026-06-08T06:41:13,1,3.71,29980.00,18.56,14391.00,999.00,18.98,1513.00,19.04,4.95
2026-06-08T06:41:13,1,3.67,29980.00,18.56,14391.00,999.00,18.99,1513.70,19.03,4.96
2026-06-08T06:41:13,1,3.68,29980.00,18.56,14391.00,999.00,18.98,1513.90,19.03,4.96
2026-06-08T06:41:13,1,3.70,30000.00,18.58,14403.00,999.00,18.98,1514.20,19.03,4.97
2026-06-08T06:41:13,1,3.70,30000.00,18.58,14403.00,999.00,18.98,1515.30,19.04,4.98
2026-06-08T06:41:14,1,3.69,30000.00,18.58,14403.00,999.00,18.98,1517.30,19.04,5.00
2026-06-08T06:41:14,1,3.70,30000.00,18.58,14403.00,999.00,18.97,1519.30,19.04,5.02
2026-06-08T06:41:14,1,3.68,30000.00,18.58,14403.00,999.00,18.98,1520.30,19.04,5.03
2026-06-08T06:41:14,1,3.71,30060.00,18.61,14429.00,999.00,18.98,1522.00,19.04,5.04
2026-06-08T06:41:14,1,3.69,30060.00,18.61,14429.00,999.00,18.98,1523.80,19.04,5.06
2026-06-08T06:41:15,1,3.68,30060.00,18.61,14429.00,999.00,18.99,1526.10,19.03,5.08
2026-06-08T06:41:15,1,3.68,30060.00,18.61,14429.00,999.00,18.98,1528.10,19.03,5.10
2026-06-08T06:41:15,1,3.69,30140.00,18.67,14469.00,999.00,18.98,1529.80,19.04,5.12
2026-06-08T06:41:15,1,3.71,30140.00,18.67,14469.00,999.00,18.97,1530.20,19.03,5.13
2026-06-08T06:41:16,1,3.68,30140.00,18.67,14469.00,999.00,18.98,1530.40,19.02,5.13
2026-06-08T06:41:16,1,3.70,30140.00,18.67,14469.00,999.00,18.98,1530.70,19.03,5.13
2026-06-08T06:41:16,1,3.65,30140.00,18.67,14469.00,999.00,18.97,1531.30,19.03,5.14
2026-06-08T06:41:16,1,3.72,30150.00,18.68,14476.00,999.00,18.98,1531.60,19.04,5.14
2026-06-08T06:41:16,1,3.69,30150.00,18.68,14476.00,999.00,18.97,1532.50,19.03,5.15
2026-06-08T06:41:17,1,3.70,30150.00,18.68,14476.00,999.00,18.99,1532.70,19.04,5.15
2026-06-08T06:41:17,1,3.69,30150.00,18.68,14476.00,999.00,18.97,1534.00,19.04,5.16
2026-06-08T06:41:17,1,3.70,30130.00,18.67,14466.00,999.00,18.98,1534.50,19.04,5.17
2026-06-08T06:41:17,1,3.71,30130.00,18.67,14466.00,999.00,18.98,1535.80,19.04,5.18
2026-06-08T06:41:17,1,3.71,30130.00,18.67,14466.00,999.00,18.96,1537.00,19.04,5.19
2026-06-08T06:41:18,1,3.70,30130.00,18.67,14466.00,999.00,18.98,1538.70,19.03,5.21
2026-06-08T06:41:18,1,3.70,30130.00,18.67,14466.00,999.00,18.99,1539.20,19.04,5.21
2026-06-08T06:41:18,1,3.71,30150.00,18.68,14474.00,999.00,18.98,1540.50,19.04,5.23
2026-06-08T06:41:18,1,3.70,30150.00,18.68,14474.00,999.00,18.97,1541.30,19.04,5.24
2026-06-08T06:41:18,1,3.68,30150.00,18.68,14474.00,999.00,18.97,1541.30,19.04,5.24
2026-06-08T06:41:19,1,3.68,30150.00,18.68,14474.00,999.00,18.97,1541.70,19.04,5.24
2026-06-08T06:41:19,1,3.69,30150.00,18.68,14474.00,999.00,18.97,1541.70,19.03,5.24
2026-06-08T06:41:19,1,3.71,30130.00,18.67,14466.00,999.00,18.98,1541.70,19.04,5.24
2026-06-08T06:41:19,1,3.71,30130.00,18.67,14466.00,999.00,18.96,1541.90,19.03,5.24
2026-06-08T06:41:19,1,3.68,30130.00,18.67,14466.00,999.00,18.98,1542.10,19.03,5.24
2026-06-08T06:41:20,1,3.66,30130.00,18.67,14466.00,999.00,18.97,1542.60,19.04,5.25
2026-06-08T06:41:20,1,3.68,30130.00,18.67,14466.00,999.00,18.97,1544.00,19.04,5.26
2026-06-08T06:41:20,1,3.70,30120.00,18.66,14459.00,999.00,18.98,1545.40,19.03,5.28
2026-06-08T06:41:20,1,3.71,30120.00,18.66,14459.00,999.00,18.99,1546.50,19.03,5.29
2026-06-08T06:41:20,1,3.70,30120.00,18.66,14459.00,999.00,18.97,1548.60,19.03,5.31
2026-06-08T06:41:21,1,3.68,30120.00,18.66,14459.00,999.00,18.96,1550.50,19.04,5.33
2026-06-08T06:41:21,1,3.68,30120.00,18.66,14459.00,999.00,18.97,1551.70,19.04,5.34
2026-06-08T06:41:21,1,3.71,30140.00,18.67,14470.00,999.00,18.99,1552.40,19.03,5.35
2026-06-08T06:41:21,1,3.71,30140.00,18.67,14470.00,999.00,18.98,1553.30,19.04,5.35
2026-06-08T06:41:21,1,3.70,30140.00,18.67,14470.00,999.00,18.97,1555.40,19.03,5.38
2026-06-08T06:41:22,1,3.68,30140.00,18.67,14470.00,999.00,18.96,1556.20,19.04,5.38
2026-06-08T06:41:22,1,3.68,30110.00,18.65,14454.00,999.00,18.96,1557.60,19.04,5.40
2026-06-08T06:41:22,1,3.71,30110.00,18.65,14454.00,999.00,18.98,1558.30,19.03,5.40
2026-06-08T06:41:22,1,3.70,30110.00,18.65,14454.00,999.00,18.97,1558.80,19.04,5.41
2026-06-08T06:41:23,1,3.70,30110.00,18.65,14454.00,999.00,18.98,1558.50,19.04,5.41
2026-06-08T06:41:23,1,3.69,30110.00,18.65,14454.00,999.00,18.96,1558.60,19.04,5.41
2026-06-08T06:41:23,1,3.69,30110.00,18.65,14454.00,999.00,18.97,1559.50,19.04,5.42
2026-06-08T06:41:23,1,3.71,30110.00,18.65,14454.00,999.00,18.97,1560.10,19.04,5.42
2026-06-08T06:41:23,1,3.70,30110.00,18.65,14454.00,999.00,18.97,1562.40,19.04,5.44
2026-06-08T06:41:24,1,3.69,30110.00,18.65,14454.00,999.00,18.97,1563.40,19.04,5.45
2026-06-08T06:41:24,1,3.70,30110.00,18.65,14454.00,999.00,18.96,1564.80,19.04,5.47
2026-06-08T06:41:24,1,3.68,30120.00,18.66,14462.00,999.00,18.97,1566.30,19.04,5.48
2026-06-08T06:41:24,1,3.72,30120.00,18.66,14462.00,999.00,18.97,1567.60,19.04,5.50
2026-06-08T06:41:24,1,3.67,30120.00,18.66,14462.00,999.00,18.96,1570.20,19.04,5.52
2026-06-08T06:41:25,1,3.69,30120.00,18.66,14462.00,999.00,18.97,1571.90,19.04,5.54
2026-06-08T06:41:25,1,3.70,30120.00,18.66,14462.00,999.00,18.96,1574.50,19.04,5.56
2026-06-08T06:41:25,1,3.70,30270.00,18.76,14531.00,999.00,18.97,1576.30,19.04,5.58
2026-06-08T06:41:25,1,3.71,30270.00,18.76,14531.00,999.00,18.96,1576.70,19.04,5.59
2026-06-08T06:41:25,1,3.69,30270.00,18.76,14531.00,999.00,18.97,1577.10,19.04,5.59
2026-06-08T06:41:26,1,3.70,30270.00,18.76,14531.00,999.00,18.96,1576.30,19.04,5.58
2026-06-08T06:41:26,1,3.69,30300.00,18.78,14546.00,999.00,18.96,1576.10,19.04,5.58
2026-06-08T06:41:26,1,3.70,30300.00,18.78,14546.00,999.00,18.95,1576.50,19.04,5.58
2026-06-08T06:41:26,1,3.71,30300.00,18.78,14546.00,999.00,18.95,1576.40,19.04,5.58
2026-06-08T06:41:26,1,3.68,30300.00,18.78,14546.00,999.00,18.97,1576.10,19.04,5.58
2026-06-08T06:41:27,1,3.68,30300.00,18.78,14546.00,999.00,18.96,1575.90,19.04,5.58
2026-06-08T06:41:27,1,3.69,30310.00,18.78,14549.00,999.00,18.97,1575.90,19.04,5.58
2026-06-08T06:41:27,1,3.71,30310.00,18.78,14549.00,999.00,18.95,1562.70,19.02,5.45
2026-06-08T06:41:27,1,3.70,30310.00,18.78,14549.00,999.00,18.97,1541.10,19.03,5.23
2026-06-08T06:41:28,1,3.68,30310.00,18.78,14549.00,999.00,18.96,1517.80,19.03,5.00
2026-06-08T06:41:28,1,3.69,30310.00,18.78,14549.00,999.00,18.95,1496.70,19.03,4.79
2026-06-08T06:41:28,1,3.71,31690.00,19.73,15212.00,999.00,18.96,1474.00,19.03,4.57
2026-06-08T06:41:28,1,3.70,31690.00,19.73,15212.00,999.00,18.97,1461.60,19.03,4.45
2026-06-08T06:41:28,1,3.71,31690.00,19.73,15212.00,999.00,18.96,1451.40,19.03,4.34
2026-06-08T06:41:29,1,3.67,31690.00,19.73,15212.00,999.00,18.97,1443.90,19.02,4.27
2026-06-08T06:41:29,1,3.68,31130.00,19.35,14945.00,999.00,18.97,1441.50,19.03,4.25
2026-06-08T06:41:29,1,3.69,31130.00,19.35,14945.00,999.00,18.98,1443.90,19.03,4.27
2026-06-08T06:41:29,1,3.71,31130.00,19.35,14945.00,999.00,18.98,1445.40,19.03,4.28
2026-06-08T06:41:29,1,3.68,31130.00,19.35,14945.00,999.00,18.98,1447.30,19.03,4.30
2026-06-08T06:41:30,1,3.68,31130.00,19.35,14945.00,999.00,18.98,1443.90,19.03,4.27
2026-06-08T06:41:30,1,3.68,30930.00,19.21,14851.00,999.00,18.99,1421.20,19.03,4.05
2026-06-08T06:41:30,1,3.71,30930.00,19.21,14851.00,999.00,18.99,1393.00,19.03,3.77
2026-06-08T06:41:30,1,3.71,30930.00,19.21,14851.00,999.00,19.00,1365.20,19.02,3.49
2026-06-08T06:41:30,1,3.69,30930.00,19.21,14851.00,999.00,19.00,1353.30,19.03,3.37
2026-06-08T06:41:31,1,3.70,30930.00,19.21,14851.00,999.00,19.00,1347.70,19.03,3.32
2026-06-08T06:41:31,1,3.71,30680.00,19.04,14727.00,999.00,19.00,1344.50,19.02,3.29
2026-06-08T06:41:31,1,3.70,30680.00,19.04,14727.00,999.00,18.99,1345.40,19.03,3.29
2026-06-08T06:41:31,1,3.71,30680.00,19.04,14727.00,999.00,18.99,1347.80,19.03,3.32
2026-06-08T06:41:31,1,3.70,30680.00,19.04,14727.00,999.00,19.00,1341.20,19.03,3.25
2026-06-08T06:41:32,1,3.70,30680.00,19.04,14727.00,999.00,19.00,1318.40,19.03,3.03
2026-06-08T06:41:32,1,3.67,30620.00,19.00,14700.00,999.00,19.00,1288.60,19.03,2.73
2026-06-08T06:41:32,1,3.68,30620.00,19.00,14700.00,999.00,19.00,1261.40,19.02,2.46
2026-06-08T06:41:32,1,3.69,30620.00,19.00,14700.00,999.00,18.99,1244.50,19.03,2.29
2026-06-08T06:41:33,1,3.69,30620.00,19.00,14700.00,999.00,19.00,1233.40,19.02,2.18
2026-06-08T06:41:33,1,3.68,30550.00,18.95,14669.00,999.00,18.99,1224.30,19.02,2.09
2026-06-08T06:41:33,1,3.70,30550.00,18.95,14669.00,999.00,18.99,1219.80,19.03,2.05
2026-06-08T06:41:33,1,3.72,30550.00,18.95,14669.00,999.00,19.00,1219.60,19.03,2.05
2026-06-08T06:41:33,1,3.70,30550.00,18.95,14669.00,999.00,18.99,1220.80,19.03,2.06
2026-06-08T06:41:34,1,3.68,30550.00,18.95,14669.00,999.00,19.00,1221.90,19.03,2.07
2026-06-08T06:41:34,1,3.67,30350.00,18.81,14571.00,999.00,18.99,1223.90,19.03,2.09
2026-06-08T06:41:34,1,3.71,30350.00,18.81,14571.00,999.00,19.00,1226.70,19.03,2.12
2026-06-08T06:41:34,1,3.70,30350.00,18.81,14571.00,999.00,18.99,1222.20,19.03,2.07
2026-06-08T06:41:34,1,3.70,30350.00,18.81,14571.00,999.00,18.99,1201.10,19.03,1.86
2026-06-08T06:41:35,1,3.70,30350.00,18.81,14571.00,999.00,19.00,1172.50,19.03,1.58
2026-06-08T06:41:35,1,3.71,30330.00,18.80,14563.00,999.00,18.99,1142.20,19.03,1.28
2026-06-08T06:41:35,1,3.70,30330.00,18.80,14563.00,999.00,19.00,1121.10,19.03,1.07
2026-06-08T06:41:35,1,3.70,30330.00,18.80,14563.00,999.00,19.00,1113.90,19.02,1.00
2026-06-08T06:41:35,1,3.68,30330.00,18.80,14563.00,999.00,18.98,1105.50,19.02,0.92
2026-06-08T06:41:36,1,3.69,30330.00,18.80,14563.00,999.00,18.98,1098.20,19.03,0.84
2026-06-08T06:41:36,1,3.70,30180.00,18.70,14489.00,999.00,19.00,1095.10,19.03,0.81
2026-06-08T06:41:36,1,3.70,30180.00,18.70,14489.00,999.00,19.00,1093.70,19.03,0.80
2026-06-08T06:41:36,1,3.71,30180.00,18.70,14489.00,999.00,18.99,1092.80,19.03,0.79
2026-06-08T06:41:36,1,3.68,30180.00,18.70,14489.00,999.00,18.99,1091.20,19.03,0.77
2026-06-08T06:41:37,1,3.70,30180.00,18.70,14489.00,999.00,18.99,1088.20,19.03,0.75
2026-06-08T06:41:37,1,3.71,30060.00,18.62,14430.00,999.00,18.98,1087.90,19.03,0.74
2026-06-08T06:41:37,1,3.68,30060.00,18.62,14430.00,999.00,18.98,1090.70,19.03,0.77
2026-06-08T06:41:37,1,3.69,30060.00,18.62,14430.00,999.00,18.99,1092.30,19.03,0.79
2026-06-08T06:41:37,1,3.68,30060.00,18.62,14430.00,999.00,18.98,1085.40,19.03,0.72
2026-06-08T06:41:38,1,3.69,29980.00,18.56,14390.00,999.00,18.98,1058.10,19.03,0.45
2026-06-08T06:41:38,1,3.71,29980.00,18.56,14390.00,999.00,19.00,1027.00,19.03,0.14
2026-06-08T06:41:38,1,3.71,29980.00,18.56,14390.00,999.00,18.98,1012.60,19.03,-0.00
2026-06-08T06:41:38,1,3.68,29980.00,18.56,14390.00,999.00,18.96,1012.40,19.03,-0.01
2026-06-08T06:41:39,1,3.68,29980.00,18.56,14390.00,999.00,18.96,1012.70,19.03,-0.00
2026-06-08T06:41:39,1,3.69,27680.00,17.00,13287.00,999.00,18.95,1012.80,19.03,-0.00
2026-06-08T06:41:39,1,3.68,27680.00,17.00,13287.00,999.00,18.91,1012.80,19.03,-0.00
2026-06-08T06:41:39,1,3.71,27680.00,17.00,13287.00,999.00,18.86,1012.10,19.03,-0.01
2026-06-08T06:41:39,1,3.69,27680.00,17.00,13287.00,999.00,18.80,1012.60,19.03,-0.00
2026-06-08T06:41:40,1,3.68,27680.00,17.00,13287.00,999.00,18.72,1013.10,19.03,0.00
2026-06-08T06:41:40,1,3.69,27740.00,17.04,13318.00,999.00,18.61,1013.10,19.01,0.00
2026-06-08T06:41:40,1,3.71,27740.00,17.04,13318.00,999.00,18.53,1012.70,19.03,-0.00
2026-06-08T06:41:40,1,3.68,27740.00,17.04,13318.00,999.00,18.47,1012.50,19.02,-0.00
2026-06-08T06:41:40,1,3.69,27740.00,17.04,13318.00,999.00,18.39,1012.40,19.02,-0.01
2026-06-08T06:41:41,1,3.69,27740.00,17.04,13318.00,999.00,18.30,1012.90,19.02,-0.00
2026-06-08T06:41:41,1,3.68,27750.00,17.05,13324.00,999.00,18.22,1012.50,19.02,-0.00
2026-06-08T06:41:41,1,3.69,27750.00,17.05,13324.00,999.00,18.12,1012.60,19.02,-0.00
2026-06-08T06:41:41,1,3.68,27750.00,17.05,13324.00,999.00,18.02,1012.40,19.01,-0.01
2026-06-08T06:41:41,1,3.67,27750.00,17.05,13324.00,999.00,17.92,1012.90,19.01,-0.00
2026-06-08T06:41:42,1,3.67,27700.00,17.02,13301.00,999.00,17.82,1012.70,18.99,-0.00
2026-06-08T06:41:42,1,3.70,27700.00,17.02,13301.00,999.00,17.76,1012.80,19.00,-0.00
2026-06-08T06:41:42,1,3.71,27700.00,17.02,13301.00,999.00,17.69,1012.20,19.00,-0.01
2026-06-08T06:41:42,1,3.70,27700.00,17.02,13301.00,999.00,17.63,1012.80,18.99,-0.00
2026-06-08T06:41:43,1,3.67,27700.00,17.02,13301.00,999.00,17.54,1012.60,18.98,-0.00
2026-06-08T06:41:43,1,3.71,27630.00,16.97,13266.00,999.00,17.46,1012.60,18.98,-0.00
2026-06-08T06:41:43,1,3.70,27630.00,16.97,13266.00,999.00,17.37,1012.30,18.98,-0.01
2026-06-08T06:41:43,1,3.71,27630.00,16.97,13266.00,999.00,17.29,1012.80,18.97,-0.00
2026-06-08T06:41:43,1,3.68,27630.00,16.97,13266.00,999.00,17.20,1012.50,18.96,-0.00
2026-06-08T06:41:44,1,3.69,27630.00,16.97,13266.00,999.00,17.07,1012.70,18.96,-0.00
2026-06-08T06:41:44,1,3.70,5592.00,3.02,2684.00,999.00,16.97,1012.50,18.95,-0.00
2026-06-08T06:41:44,1,3.71,5592.00,3.02,2684.00,999.00,16.88,1012.30,18.95,-0.01
2026-06-08T06:41:44,1,3.68,5592.00,3.02,2684.00,999.00,16.78,1012.90,18.94,-0.00
2026-06-08T06:41:44,1,3.71,5592.00,3.02,2684.00,999.00,16.71,1012.30,18.93,-0.01
2026-06-08T06:41:45,1,3.70,456.70,0.22,219.00,999.00,16.65,1012.60,18.92,-0.00
2026-06-08T06:41:45,1,3.70,456.70,0.22,219.00,999.00,16.57,1012.70,18.92,-0.00
2026-06-08T06:41:45,1,3.68,456.70,0.22,219.00,999.00,16.52,1012.10,18.91,-0.01
2026-06-08T06:41:45,1,3.70,456.70,0.22,219.00,999.00,16.44,1012.70,18.90,-0.00
2026-06-08T06:41:45,1,3.68,456.70,0.22,219.00,999.00,16.40,1012.40,18.89,-0.01
2026-06-08T06:41:46,1,3.69,4315.00,2.29,2072.00,999.00,16.34,1012.50,18.89,-0.00
2026-06-08T06:41:46,1,3.69,4315.00,2.29,2072.00,999.00,16.29,1012.30,18.88,-0.01
2026-06-08T06:41:46,1,3.70,4315.00,2.29,2072.00,999.00,16.24,1012.10,18.87,-0.01
2026-06-08T06:41:46,1,3.68,4315.00,2.29,2072.00,999.00,16.17,1012.60,18.86,-0.00
2026-06-08T06:41:46,1,3.68,4315.00,2.29,2072.00,999.00,16.11,1013.00,18.85,0.00
2026-06-08T06:41:47,1,3.69,1947.00,0.99,935.00,999.00,16.03,1012.00,18.85,-0.01
2026-06-08T06:41:47,1,3.70,1947.00,0.99,935.00,999.00,15.97,1011.90,18.83,-0.01
2026-06-08T06:41:47,1,3.69,1947.00,0.99,935.00,999.00,15.90,1012.10,18.82,-0.01
2026-06-08T06:41:47,1,3.70,1947.00,0.99,935.00,999.00,15.83,1012.60,18.82,-0.00
2026-06-08T06:41:47,1,3.68,1947.00,0.99,935.00,999.00,15.76,1012.50,18.81,-0.00
2026-06-08T06:41:48,1,3.70,1617.00,0.81,776.00,999.00,15.72,1012.30,18.80,-0.01
2026-06-08T06:41:48,1,3.71,1617.00,0.81,776.00,999.00,15.66,1012.60,18.79,-0.00
2026-06-08T06:41:48,1,3.71,1617.00,0.81,776.00,999.00,15.59,1012.20,18.78,-0.01
2026-06-08T06:41:48,1,3.70,1617.00,0.81,776.00,999.00,15.53,1012.50,18.77,-0.00
2026-06-08T06:41:49,1,3.70,1617.00,0.81,776.00,999.00,15.47,1012.20,18.76,-0.01
2026-06-08T06:41:49,1,3.71,1599.00,0.80,768.00,999.00,15.41,1012.10,18.75,-0.01
2026-06-08T06:41:49,1,3.70,1599.00,0.80,768.00,999.00,15.33,1012.40,18.74,-0.01
2026-06-08T06:41:49,1,3.68,1599.00,0.80,768.00,999.00,15.27,1012.40,18.73,-0.01
2026-06-08T06:41:49,1,3.68,1599.00,0.80,768.00,999.00,15.23,1012.70,18.72,-0.00
2026-06-08T06:41:50,1,3.70,1458.00,0.73,700.00,999.00,15.17,1012.50,18.71,-0.00
2026-06-08T06:41:50,1,3.70,1458.00,0.73,700.00,999.00,15.10,1012.40,18.70,-0.01
2026-06-08T06:41:50,1,3.71,1458.00,0.73,700.00,999.00,15.02,1012.40,18.69,-0.01
2026-06-08T06:41:50,1,3.69,1458.00,0.73,700.00,999.00,14.95,1012.40,18.67,-0.01
2026-06-08T06:41:50,1,3.70,1458.00,0.73,700.00,999.00,14.89,1012.70,18.67,-0.00
2026-06-08T06:41:51,1,3.68,1630.00,0.82,783.00,999.00,14.85,1012.00,18.66,-0.01
2026-06-08T06:41:51,1,3.69,1630.00,0.82,783.00,999.00,14.81,1012.60,18.65,-0.00
2026-06-08T06:41:51,1,3.67,1630.00,0.82,783.00,999.00,14.79,1012.20,18.64,-0.01
2026-06-08T06:41:51,1,3.68,1630.00,0.82,783.00,999.00,14.77,1012.60,18.62,-0.00
2026-06-08T06:41:51,1,3.70,1630.00,0.82,783.00,999.00,14.75,1012.80,18.61,-0.00
2026-06-08T06:41:52,1,3.70,2056.00,1.05,987.00,999.00,14.71,1012.40,18.60,-0.01
2026-06-08T06:41:52,1,3.69,2056.00,1.05,987.00,999.00,14.69,1012.30,18.59,-0.01
2026-06-08T06:41:52,1,3.70,2056.00,1.05,987.00,999.00,14.66,1012.40,18.58,-0.01
2026-06-08T06:41:52,1,3.68,2056.00,1.05,987.00,999.00,14.63,1012.50,18.57,-0.00
2026-06-08T06:41:53,1,3.71,4504.00,2.40,2162.00,999.00,14.59,1012.50,18.54,-0.00
2026-06-08T06:41:53,1,3.71,4504.00,2.40,2162.00,999.00,14.57,1012.20,18.55,-0.01
2026-06-08T06:41:53,1,3.69,4504.00,2.40,2162.00,999.00,14.56,1012.20,18.54,-0.01
2026-06-08T06:41:53,1,3.69,4504.00,2.40,2162.00,999.00,14.53,1012.90,18.53,-0.00
2026-06-08T06:41:53,1,3.70,4504.00,2.40,2162.00,999.00,14.52,1012.40,18.52,-0.01
2026-06-08T06:41:54,1,3.70,7143.00,3.92,3429.00,999.00,14.51,1012.30,18.51,-0.01
2026-06-08T06:41:54,1,3.71,7143.00,3.92,3429.00,999.00,14.50,1012.50,18.51,-0.00
2026-06-08T06:41:54,1,3.71,7143.00,3.92,3429.00,999.00,14.50,1012.70,18.50,-0.00
2026-06-08T06:41:54,1,3.70,7143.00,3.92,3429.00,999.00,14.48,1012.50,18.49,-0.00
2026-06-08T06:41:54,1,3.70,7143.00,3.92,3429.00,999.00,14.48,1012.30,18.48,-0.01
2026-06-08T06:41:55,1,3.71,7319.00,4.03,3513.00,999.00,14.47,1012.50,18.46,-0.00
2026-06-08T06:41:55,1,3.69,7319.00,4.03,3513.00,999.00,14.47,1012.90,18.46,-0.00
2026-06-08T06:41:55,1,3.70,7319.00,4.03,3513.00,999.00,14.44,1012.20,18.46,-0.01
2026-06-08T06:41:55,1,3.68,7319.00,4.03,3513.00,999.00,14.45,1012.60,18.45,-0.00
2026-06-08T06:41:55,1,3.68,7323.00,4.03,3515.00,999.00,14.45,1012.90,18.44,-0.00
2026-06-08T06:41:56,1,3.70,7323.00,4.03,3515.00,999.00,14.43,1012.70,18.43,-0.00
2026-06-08T06:41:56,1,3.68,7323.00,4.03,3515.00,999.00,14.43,1012.60,18.43,-0.00
2026-06-08T06:41:56,1,3.70,7323.00,4.03,3515.00,999.00,14.41,1012.80,18.42,-0.00
2026-06-08T06:41:56,1,3.67,7323.00,4.03,3515.00,999.00,14.41,1011.80,18.42,-0.01
2026-06-08T06:41:56,1,3.69,7306.00,4.02,3507.00,999.00,14.40,1012.80,18.41,-0.00
2026-06-08T06:41:57,1,3.69,7306.00,4.02,3507.00,999.00,14.40,1012.60,18.40,-0.00
2026-06-08T06:41:57,1,3.69,7306.00,4.02,3507.00,999.00,14.40,1012.60,18.40,-0.00
2026-06-08T06:41:57,1,3.70,7306.00,4.02,3507.00,999.00,14.40,1012.80,18.39,-0.00
2026-06-08T06:41:57,1,3.68,7306.00,4.02,3507.00,999.00,14.39,1012.60,18.39,-0.00
2026-06-08T06:41:58,1,3.69,7314.00,4.02,3511.00,999.00,14.40,1013.00,18.38,0.00
2026-06-08T06:41:58,1,3.70,7314.00,4.02,3511.00,999.00,14.39,1012.40,18.38,-0.01
2026-06-08T06:41:58,1,3.70,7314.00,4.02,3511.00,999.00,14.38,1012.80,18.37,-0.00
2026-06-08T06:41:58,1,3.68,7314.00,4.02,3511.00,999.00,14.38,1012.60,18.37,-0.00
2026-06-08T06:41:58,1,3.66,7314.00,4.02,3511.00,999.00,14.37,1012.80,18.36,-0.00
2026-06-08T06:41:59,1,3.70,7327.00,4.03,3517.00,999.00,14.36,1012.60,18.36,-0.00
2026-06-08T06:41:59,1,3.71,7327.00,4.03,3517.00,999.00,14.36,1012.80,18.35,-0.00
2026-06-08T06:41:59,1,3.71,7327.00,4.03,3517.00,999.00,14.36,1012.70,18.35,-0.00
2026-06-08T06:41:59,1,3.70,7327.00,4.03,3517.00,999.00,14.36,1012.80,18.34,-0.00
2026-06-08T06:41:59,1,3.70,7327.00,4.03,3517.00,999.00,14.35,1012.70,18.34,-0.00
2026-06-08T06:42:00,1,3.69,7319.00,4.03,3513.00,999.00,14.35,1012.50,18.34,-0.00
2026-06-08T06:42:00,1,3.71,7319.00,4.03,3513.00,999.00,14.35,1012.70,18.34,-0.00
2026-06-08T06:42:00,1,3.68,7319.00,4.03,3513.00,999.00,14.35,1012.10,18.33,-0.01
2026-06-08T06:42:00,1,3.67,7319.00,4.03,3513.00,999.00,14.35,1012.60,18.33,-0.00
2026-06-08T06:42:00,1,3.70,7241.00,3.98,3476.00,999.00,14.35,1012.00,18.32,-0.01
2026-06-08T06:42:01,1,3.70,7241.00,3.98,3476.00,999.00,14.35,1012.60,18.32,-0.00
2026-06-08T06:42:01,1,3.71,7241.00,3.98,3476.00,999.00,14.35,1012.00,18.32,-0.01
2026-06-08T06:42:01,1,3.68,7241.00,3.98,3476.00,999.00,14.35,1012.50,18.30,-0.00
2026-06-08T06:42:01,1,3.68,7241.00,3.98,3476.00,999.00,14.34,1012.40,18.30,-0.01
2026-06-08T06:42:01,1,3.70,7269.00,4.00,3489.00,999.00,14.34,1012.50,18.30,-0.00
2026-06-08T06:42:02,1,3.70,7269.00,4.00,3489.00,999.00,14.34,1012.00,18.29,-0.01
2026-06-08T06:42:02,1,3.68,7269.00,4.00,3489.00,999.00,14.34,1012.60,18.29,-0.00
2026-06-08T06:42:02,1,3.69,7269.00,4.00,3489.00,999.00,14.34,1012.50,18.28,-0.00
2026-06-08T06:42:02,1,3.68,7269.00,4.00,3489.00,999.00,14.32,1012.20,18.28,-0.01
2026-06-08T06:42:02,1,3.68,6923.00,3.79,3323.00,999.00,14.29,1012.40,18.28,-0.01
2026-06-08T06:42:03,1,3.69,6923.00,3.79,3323.00,999.00,14.29,1012.10,18.27,-0.01
2026-06-08T06:42:03,1,3.70,6923.00,3.79,3323.00,999.00,14.28,1012.40,18.27,-0.01
2026-06-08T06:42:03,1,3.70,6923.00,3.79,3323.00,999.00,14.27,1012.30,18.26,-0.01
2026-06-08T06:42:03,1,3.69,6923.00,3.79,3323.00,999.00,14.25,1012.20,18.26,-0.01
2026-06-08T06:42:04,1,3.70,7698.00,4.25,3695.00,999.00,14.24,1012.40,18.25,-0.01
2026-06-08T06:42:04,1,3.68,7698.00,4.25,3695.00,999.00,14.24,1012.70,18.25,-0.00
2026-06-08T06:42:04,1,3.71,7698.00,4.25,3695.00,999.00,14.21,1011.90,18.25,-0.01
2026-06-08T06:42:04,1,3.69,7698.00,4.25,3695.00,999.00,14.20,1012.60,18.24,-0.00
2026-06-08T06:42:04,1,3.70,7752.00,4.28,3721.00,999.00,14.19,1012.40,18.24,-0.01
2026-06-08T06:42:05,1,3.69,7752.00,4.28,3721.00,999.00,14.18,1012.60,18.23,-0.00
2026-06-08T06:42:05,1,3.70,7752.00,4.28,3721.00,999.00,14.17,1012.50,18.23,-0.00
2026-06-08T06:42:05,1,3.66,7752.00,4.28,3721.00,999.00,14.16,1012.40,18.23,-0.01
2026-06-08T06:42:05,1,3.71,7752.00,4.28,3721.00,999.00,14.13,1012.70,18.21,-0.00
2026-06-08T06:42:05,1,3.69,7769.00,4.29,3729.00,999.00,14.13,1012.50,18.21,-0.00
2026-06-08T06:42:06,1,3.69,7769.00,4.29,3729.00,999.00,14.13,1012.60,18.21,-0.00
2026-06-08T06:42:06,1,3.69,7769.00,4.29,3729.00,999.00,14.11,1012.10,18.22,-0.01
2026-06-08T06:42:06,1,3.68,7769.00,4.29,3729.00,999.00,14.10,1012.20,18.21,-0.01
2026-06-08T06:42:06,1,3.70,7769.00,4.29,3729.00,999.00,14.09,1012.50,18.20,-0.00
2026-06-08T06:42:06,1,3.68,7603.00,4.19,3650.00,999.00,14.09,1011.80,18.20,-0.01
2026-06-08T06:42:07,1,3.69,7603.00,4.19,3650.00,999.00,14.09,1012.10,18.20,-0.01
2026-06-08T06:42:07,1,3.68,7603.00,4.19,3650.00,999.00,14.08,1012.30,18.19,-0.01
2026-06-08T06:42:07,1,3.69,7603.00,4.19,3650.00,999.00,14.08,1012.60,18.19,-0.00
2026-06-08T06:42:07,1,3.68,7603.00,4.19,3650.00,999.00,14.06,1012.30,18.18,-0.01
2026-06-08T06:42:07,1,3.69,7486.00,4.12,3593.00,999.00,14.06,1012.30,18.18,-0.01
2026-06-08T06:42:08,1,3.70,7486.00,4.12,3593.00,999.00,14.05,1012.70,18.17,-0.00
2026-06-08T06:42:08,1,3.70,7486.00,4.12,3593.00,999.00,14.05,1011.80,18.17,-0.01
2026-06-08T06:42:08,1,3.70,7486.00,4.12,3593.00,999.00,14.03,1012.20,18.17,-0.01
2026-06-08T06:42:08,1,3.71,7502.00,4.13,3601.00,999.00,14.04,1012.40,18.17,-0.01
2026-06-08T06:42:09,1,3.70,7502.00,4.13,3601.00,999.00,14.02,1012.00,18.17,-0.01
2026-06-08T06:42:09,1,3.69,7502.00,4.13,3601.00,999.00,14.03,1012.40,18.16,-0.01
2026-06-08T06:42:09,1,3.70,7502.00,4.13,3601.00,999.00,14.01,1012.20,18.16,-0.01
2026-06-08T06:42:09,1,3.68,7502.00,4.13,3601.00,999.00,14.00,1012.40,18.16,-0.01
2026-06-08T06:42:09,1,3.69,7535.00,4.15,3617.00,999.00,14.00,1012.40,18.15,-0.01
2026-06-08T06:42:10,1,3.70,7535.00,4.15,3617.00,999.00,13.99,1012.60,18.15,-0.00
2026-06-08T06:42:10,1,3.71,7535.00,4.15,3617.00,999.00,14.00,1012.80,18.15,-0.00
2026-06-08T06:42:10,1,3.69,7535.00,4.15,3617.00,999.00,14.00,1012.40,18.14,-0.01
2026-06-08T06:42:10,1,3.68,7535.00,4.15,3617.00,999.00,14.00,1012.30,18.14,-0.01
2026-06-08T06:42:10,1,3.71,7678.00,4.24,3686.00,999.00,14.00,1012.00,18.14,-0.01
2026-06-08T06:42:11,1,3.70,7678.00,4.24,3686.00,999.00,14.00,1012.20,18.14,-0.01
2026-06-08T06:42:11,1,3.69,7678.00,4.24,3686.00,999.00,13.99,1012.30,18.13,-0.01
2026-06-08T06:42:11,1,3.68,7678.00,4.24,3686.00,999.00,13.98,1012.40,18.13,-0.01
2026-06-08T06:42:11,1,3.68,7678.00,4.24,3686.00,999.00,13.98,1012.40,18.13,-0.01
2026-06-08T06:42:11,1,3.68,7796.00,4.31,3742.00,999.00,13.98,1012.60,18.13,-0.00
2026-06-08T06:42:12,1,3.70,7796.00,4.31,3742.00,999.00,13.98,1011.70,18.14,-0.01
2026-06-08T06:42:12,1,3.70,7796.00,4.31,3742.00,999.00,13.98,1011.60,18.14,-0.01
2026-06-08T06:42:12,1,3.70,7796.00,4.31,3742.00,999.00,13.98,1011.80,18.13,-0.01
2026-06-08T06:42:12,1,3.71,7784.00,4.30,3737.00,999.00,13.97,1011.70,18.13,-0.01
2026-06-08T06:42:12,1,3.71,7784.00,4.30,3737.00,999.00,13.95,1011.90,18.13,-0.01
2026-06-08T06:42:13,1,3.70,7784.00,4.30,3737.00,999.00,13.95,1011.60,18.13,-0.01
2026-06-08T06:42:13,1,3.70,7784.00,4.30,3737.00,999.00,13.95,1011.90,18.12,-0.01
2026-06-08T06:42:13,1,3.69,7784.00,4.30,3737.00,999.00,13.94,1012.20,18.12,-0.01
2026-06-08T06:42:13,1,3.70,7780.00,4.30,3735.00,999.00,13.94,1011.90,18.11,-0.01
2026-06-08T06:42:13,1,3.71,7780.00,4.30,3735.00,999.00,13.94,1011.90,18.11,-0.01
2026-06-08T06:42:14,1,3.69,7780.00,4.30,3735.00,999.00,13.94,1011.70,18.11,-0.01
2026-06-08T06:42:14,1,3.70,7780.00,4.30,3735.00,999.00,13.93,1012.10,18.11,-0.01
2026-06-08T06:42:14,1,3.69,7780.00,4.30,3735.00,999.00,13.92,1011.80,18.11,-0.01
2026-06-08T06:42:14,1,3.71,7783.00,4.30,3736.00,999.00,13.92,1012.20,18.10,-0.01
2026-06-08T06:42:15,1,3.70,7783.00,4.30,3736.00,999.00,13.93,1011.10,18.10,-0.02
2026-06-08T06:42:15,1,3.69,7783.00,4.30,3736.00,999.00,13.92,1011.90,18.10,-0.01
2026-06-08T06:42:15,1,3.69,7783.00,4.30,3736.00,999.00,13.93,1011.60,18.09,-0.01
2026-06-08T06:42:15,1,3.68,7783.00,4.30,3736.00,999.00,13.92,1012.40,18.09,-0.01
2026-06-08T06:42:15,1,3.68,7770.00,4.29,3730.00,999.00,13.91,1012.10,18.09,-0.01
2026-06-08T06:42:16,1,3.66,7770.00,4.29,3730.00,999.00,13.90,1012.30,18.09,-0.01
2026-06-08T06:42:16,1,3.69,7770.00,4.29,3730.00,999.00,13.91,1012.00,18.08,-0.01
2026-06-08T06:42:16,1,3.68,7770.00,4.29,3730.00,999.00,13.90,1012.30,18.08,-0.01
2026-06-08T06:42:16,1,3.70,7755.00,4.28,3723.00,999.00,13.90,1012.30,18.07,-0.01
2026-06-08T06:42:16,1,3.71,7755.00,4.28,3723.00,999.00,13.90,1012.10,18.07,-0.01
2026-06-08T06:42:17,1,3.71,7755.00,4.28,3723.00,999.00,13.90,1012.20,18.07,-0.01
2026-06-08T06:42:17,1,3.70,7755.00,4.28,3723.00,999.00,13.90,1012.40,18.06,-0.01
2026-06-08T06:42:17,1,3.70,7755.00,4.28,3723.00,999.00,13.90,1012.10,18.06,-0.01
2026-06-08T06:42:17,1,3.70,7758.00,4.28,3724.00,999.00,13.88,1012.40,18.06,-0.01
2026-06-08T06:42:17,1,3.71,7758.00,4.28,3724.00,999.00,13.87,1012.10,18.06,-0.01
2026-06-08T06:42:18,1,3.71,7758.00,4.28,3724.00,999.00,13.88,1013.20,18.04,0.00
2026-06-08T06:42:18,1,3.70,7758.00,4.28,3724.00,999.00,13.86,1012.90,18.02,-0.00
2026-06-08T06:42:18,1,3.70,7758.00,4.28,3724.00,999.00,13.86,1013.30,18.02,0.00
2026-06-08T06:42:18,1,3.68,7752.00,4.28,3721.00,999.00,13.85,1013.50,18.03,0.00
2026-06-08T06:42:18,1,3.69,7752.00,4.28,3721.00,999.00,13.83,1013.40,18.03,0.00
2026-06-08T06:42:19,1,3.70,7752.00,4.28,3721.00,999.00,13.83,1012.70,18.03,-0.00
2026-06-08T06:42:19,1,3.70,7752.00,4.28,3721.00,999.00,13.83,1012.80,18.03,-0.00
2026-06-08T06:42:19,1,3.67,7752.00,4.28,3721.00,999.00,13.83,1012.30,18.03,-0.01
2026-06-08T06:42:19,1,3.70,7732.00,4.27,3712.00,999.00,13.82,1012.20,18.03,-0.01
