time,deviceMode,vBat,ec,sal,tds,slowDallasTemp,fastBRTemp,slowBRPres,slowBRTemp,slowBRDepth
2026-06-07T20:17:36,1,3.69,999.00,999.00,999.00,999.00,13.88,1016.40,16.41,0.03
2026-06-07T20:17:38,1,3.64,999.00,999.00,999.00,999.00,13.87,1016.20,16.44,0.03
2026-06-07T20:17:39,1,3.70,4330.00,2.30,2079.00,999.00,13.88,1016.20,16.45,0.03
2026-06-07T20:17:39,1,3.68,4330.00,2.30,2079.00,999.00,13.87,1016.00,16.45,0.03
2026-06-07T20:17:39,1,3.67,4330.00,2.30,2079.00,999.00,13.87,1016.10,16.45,0.03
2026-06-07T20:17:39,1,3.71,4476.00,2.38,2149.00,999.00,13.85,1016.20,16.45,0.03
2026-06-07T20:17:40,1,3.68,4476.00,2.38,2149.00,999.00,13.84,1015.80,16.45,0.03
2026-06-07T20:17:40,1,3.71,4476.00,2.38,2149.00,999.00,13.84,1016.60,16.45,0.04
2026-06-07T20:17:40,1,3.70,4476.00,2.38,2149.00,999.00,13.84,1015.90,16.45,0.03
2026-06-07T20:17:40,1,3.70,4476.00,2.38,2149.00,999.00,13.84,1016.00,16.45,0.03
2026-06-07T20:17:40,1,3.72,4363.00,2.32,2095.00,999.00,13.84,1016.50,16.45,0.03
2026-06-07T20:17:41,1,3.71,4363.00,2.32,2095.00,999.00,13.83,1016.60,16.45,0.04
2026-06-07T20:17:41,1,3.71,4363.00,2.32,2095.00,999.00,13.84,1015.90,16.45,0.03
2026-06-07T20:17:41,1,3.70,4363.00,2.32,2095.00,999.00,13.83,1015.80,16.45,0.03
2026-06-07T20:17:41,1,3.70,4340.00,2.31,2083.00,999.00,13.84,1016.00,16.46,0.03
2026-06-07T20:17:41,1,3.70,4340.00,2.31,2083.00,999.00,13.83,1016.40,16.45,0.03
2026-06-07T20:17:42,1,3.70,4340.00,2.31,2083.00,999.00,13.83,1016.40,16.45,0.03
2026-06-07T20:17:42,1,3.71,4340.00,2.31,2083.00,999.00,13.83,1016.20,16.45,0.03
2026-06-07T20:17:42,1,3.70,4340.00,2.31,2083.00,999.00,13.81,1016.30,16.45,0.03
2026-06-07T20:17:42,1,3.70,5109.00,2.74,2453.00,999.00,13.79,1016.00,16.45,0.03
2026-06-07T20:17:42,1,3.71,5109.00,2.74,2453.00,999.00,13.78,1016.10,16.45,0.03
2026-06-07T20:17:43,1,3.71,5109.00,2.74,2453.00,999.00,13.77,1015.70,16.45,0.03
2026-06-07T20:17:43,1,3.68,5109.00,2.74,2453.00,999.00,13.76,1016.10,16.45,0.03
2026-06-07T20:17:43,1,3.70,5109.00,2.74,2453.00,999.00,13.77,1016.30,16.45,0.03
2026-06-07T20:17:43,1,3.69,8987.00,5.02,4314.00,999.00,13.76,1015.70,16.45,0.03
2026-06-07T20:17:43,1,3.69,8987.00,5.02,4314.00,999.00,13.77,1016.00,16.44,0.03
2026-06-07T20:17:44,1,3.69,8987.00,5.02,4314.00,999.00,13.77,1015.80,16.44,0.03
2026-06-07T20:17:44,1,3.68,8987.00,5.02,4314.00,999.00,13.76,1015.50,16.44,0.02
2026-06-07T20:17:44,1,3.68,8987.00,5.02,4314.00,999.00,13.75,1016.10,16.44,0.03
2026-06-07T20:17:44,1,3.71,8969.00,5.01,4305.00,999.00,13.76,1015.70,16.43,0.03
2026-06-07T20:17:44,1,3.72,8969.00,5.01,4305.00,999.00,13.76,1016.00,16.44,0.03
2026-06-07T20:17:45,1,3.68,8969.00,5.01,4305.00,999.00,13.76,1016.00,16.44,0.03
2026-06-07T20:17:45,1,3.67,8969.00,5.01,4305.00,999.00,13.76,1016.30,16.44,0.03
2026-06-07T20:17:45,1,3.68,8990.00,5.02,4315.00,999.00,13.76,1015.70,16.43,0.03
2026-06-07T20:17:45,1,3.71,8990.00,5.02,4315.00,999.00,13.76,1015.70,16.43,0.03
2026-06-07T20:17:46,1,3.70,8990.00,5.02,4315.00,999.00,13.76,1015.90,16.43,0.03
2026-06-07T20:17:46,1,3.68,8990.00,5.02,4315.00,999.00,13.76,1015.90,16.43,0.03
2026-06-07T20:17:46,1,3.68,8990.00,5.02,4315.00,999.00,13.76,1015.90,16.43,0.03
2026-06-07T20:17:46,1,3.72,9010.00,5.03,4325.00,999.00,13.76,1015.90,16.43,0.03
2026-06-07T20:17:46,1,3.71,9010.00,5.03,4325.00,999.00,13.76,1015.70,16.43,0.03
2026-06-07T20:17:47,1,3.71,9010.00,5.03,4325.00,999.00,13.76,1015.60,16.43,0.03
2026-06-07T20:17:47,1,3.70,9010.00,5.03,4325.00,999.00,13.76,1015.80,16.43,0.03
2026-06-07T20:17:47,1,3.70,9010.00,5.03,4325.00,999.00,13.76,1015.80,16.42,0.03
2026-06-07T20:17:47,1,3.68,9020.00,5.04,4330.00,999.00,13.76,1016.10,16.42,0.03
2026-06-07T20:17:47,1,3.70,9020.00,5.04,4330.00,999.00,13.76,1016.20,16.42,0.03
2026-06-07T20:17:48,1,3.70,9020.00,5.04,4330.00,999.00,13.76,1015.80,16.42,0.03
2026-06-07T20:17:48,1,3.68,9020.00,5.04,4330.00,999.00,13.76,1015.70,16.41,0.03
2026-06-07T20:17:48,1,3.70,9020.00,5.04,4330.00,999.00,13.76,1015.90,16.41,0.03
2026-06-07T20:17:48,1,3.71,5664.00,3.06,2719.00,999.00,13.76,1016.00,16.41,0.03
2026-06-07T20:17:48,1,3.71,5664.00,3.06,2719.00,999.00,13.77,1016.00,16.41,0.03
2026-06-07T20:17:49,1,3.70,5664.00,3.06,2719.00,999.00,13.77,1016.00,16.41,0.03
2026-06-07T20:17:49,1,3.70,5664.00,3.06,2719.00,999.00,13.77,1016.00,16.41,0.03
2026-06-07T20:17:49,1,3.70,8189.00,4.54,3931.00,999.00,13.78,1016.00,16.41,0.03
2026-06-07T20:17:49,1,3.71,8189.00,4.54,3931.00,999.00,13.78,1015.90,16.41,0.03
2026-06-07T20:17:49,1,3.70,8189.00,4.54,3931.00,999.00,13.78,1015.70,16.40,0.03
2026-06-07T20:17:50,1,3.70,8189.00,4.54,3931.00,999.00,13.79,1015.60,16.40,0.03
2026-06-07T20:17:50,1,3.69,8189.00,4.54,3931.00,999.00,13.79,1015.70,16.40,0.03
2026-06-07T20:17:50,1,3.70,8268.00,4.59,3969.00,999.00,13.79,1015.60,16.40,0.03
2026-06-07T20:17:50,1,3.71,8268.00,4.59,3969.00,999.00,13.79,1015.60,16.40,0.03
2026-06-07T20:17:51,1,3.70,8268.00,4.59,3969.00,999.00,13.80,1015.90,16.40,0.03
2026-06-07T20:17:51,1,3.70,8268.00,4.59,3969.00,999.00,13.81,1015.40,16.40,0.02
2026-06-07T20:17:51,1,3.67,8268.00,4.59,3969.00,999.00,13.81,1015.40,16.40,0.02
2026-06-07T20:17:51,1,3.71,8320.00,4.62,3994.00,999.00,13.81,1015.40,16.40,0.02
2026-06-07T20:17:51,1,3.71,8320.00,4.62,3994.00,999.00,13.81,1015.50,16.40,0.02
2026-06-07T20:17:52,1,3.71,8320.00,4.62,3994.00,999.00,13.82,1015.30,16.40,0.02
2026-06-07T20:17:52,1,3.70,8320.00,4.62,3994.00,999.00,13.82,1015.40,16.40,0.02
2026-06-07T20:17:52,1,3.68,8320.00,4.62,3994.00,999.00,13.83,1015.50,16.39,0.02
2026-06-07T20:17:52,1,3.69,8352.00,4.64,4009.00,999.00,13.83,1015.80,16.39,0.03
2026-06-07T20:17:52,1,3.71,8352.00,4.64,4009.00,999.00,13.83,1015.60,16.39,0.03
2026-06-07T20:17:53,1,3.69,8352.00,4.64,4009.00,999.00,13.82,1015.50,16.39,0.02
2026-06-07T20:17:53,1,3.69,8352.00,4.64,4009.00,999.00,13.83,1015.60,16.39,0.03
2026-06-07T20:17:53,1,3.70,8228.00,4.56,3950.00,999.00,13.83,1015.70,16.39,0.03
2026-06-07T20:17:53,1,3.71,8228.00,4.56,3950.00,999.00,13.83,1015.30,16.39,0.02
2026-06-07T20:17:53,1,3.70,8228.00,4.56,3950.00,999.00,13.82,1015.30,16.39,0.02
2026-06-07T20:17:54,1,3.68,8228.00,4.56,3950.00,999.00,13.83,1015.00,16.39,0.02
2026-06-07T20:17:54,1,3.69,8228.00,4.56,3950.00,999.00,13.83,1015.40,16.38,0.02
2026-06-07T20:17:54,1,3.68,8209.00,4.55,3941.00,999.00,13.82,1015.40,16.38,0.02
2026-06-07T20:17:54,1,3.72,8209.00,4.55,3941.00,999.00,13.81,1015.50,16.38,0.02
2026-06-07T20:17:54,1,3.71,8209.00,4.55,3941.00,999.00,13.81,1015.70,16.38,0.03
2026-06-07T20:17:55,1,3.70,8209.00,4.55,3941.00,999.00,13.81,1015.40,16.38,0.02
2026-06-07T20:17:55,1,3.68,8209.00,4.55,3941.00,999.00,13.81,1015.50,16.38,0.02
2026-06-07T20:17:55,1,3.70,8461.00,4.70,4061.00,999.00,13.81,1015.50,16.38,0.02
2026-06-07T20:17:55,1,3.72,8461.00,4.70,4061.00,999.00,13.81,1015.50,16.38,0.02
2026-06-07T20:17:55,1,3.68,8461.00,4.70,4061.00,999.00,13.81,1015.50,16.38,0.02
2026-06-07T20:17:56,1,3.68,8461.00,4.70,4061.00,999.00,13.81,1015.40,16.37,0.02
2026-06-07T20:17:56,1,3.70,8461.00,4.70,4061.00,999.00,13.81,1015.30,16.38,0.02
2026-06-07T20:17:56,1,3.71,8631.00,4.80,4143.00,999.00,13.81,1015.10,16.38,0.02
2026-06-07T20:17:56,1,3.70,8631.00,4.80,4143.00,999.00,13.82,1015.20,16.37,0.02
2026-06-07T20:17:56,1,3.71,8631.00,4.80,4143.00,999.00,13.83,1015.20,16.37,0.02
2026-06-07T20:17:57,1,3.68,8631.00,4.80,4143.00,999.00,13.82,1015.10,16.37,0.02
2026-06-07T20:17:57,1,3.68,8631.00,4.80,4143.00,999.00,13.83,1015.00,16.37,0.02
2026-06-07T20:17:57,1,3.71,8097.00,4.49,3887.00,999.00,13.83,1015.70,16.36,0.03
2026-06-07T20:17:57,1,3.68,8097.00,4.49,3887.00,999.00,13.83,1014.80,16.35,0.02
2026-06-07T20:17:58,1,3.67,8097.00,4.49,3887.00,999.00,13.83,1015.90,16.35,0.03
2026-06-07T20:17:58,1,3.68,8097.00,4.49,3887.00,999.00,13.83,1015.40,16.35,0.02
2026-06-07T20:17:58,1,3.71,6745.00,3.69,3238.00,999.00,13.83,1015.40,16.35,0.02
2026-06-07T20:17:58,1,3.71,6745.00,3.69,3238.00,999.00,13.84,1015.50,16.35,0.02
2026-06-07T20:17:58,1,3.70,6745.00,3.69,3238.00,999.00,13.84,1015.50,16.35,0.02
2026-06-07T20:17:59,1,3.70,6745.00,3.69,3238.00,999.00,13.85,1015.10,16.35,0.02
2026-06-07T20:17:59,1,3.70,6745.00,3.69,3238.00,999.00,13.84,1015.30,16.35,0.02
2026-06-07T20:17:59,1,3.69,8052.00,4.46,3865.00,999.00,13.85,1015.30,16.35,0.02
2026-06-07T20:17:59,1,3.71,8052.00,4.46,3865.00,999.00,13.85,1015.20,16.35,0.02
2026-06-07T20:17:59,1,3.69,8052.00,4.46,3865.00,999.00,13.85,1014.80,16.35,0.02
2026-06-07T20:18:00,1,3.71,8052.00,4.46,3865.00,999.00,13.85,1015.20,16.35,0.02
2026-06-07T20:18:00,1,3.68,8052.00,4.46,3865.00,999.00,13.86,1015.10,16.35,0.02
2026-06-07T20:18:00,1,3.68,8320.00,4.62,3994.00,999.00,13.85,1014.50,16.35,0.01
2026-06-07T20:18:00,1,3.71,8320.00,4.62,3994.00,999.00,13.85,1014.90,16.35,0.02
2026-06-07T20:18:00,1,3.71,8320.00,4.62,3994.00,999.00,13.86,1015.00,16.35,0.02
2026-06-07T20:18:01,1,3.70,8320.00,4.62,3994.00,999.00,13.87,1014.40,16.35,0.01
2026-06-07T20:18:01,1,3.70,4481.00,2.39,2151.00,999.00,13.87,1013.90,16.35,0.01
2026-06-07T20:18:01,1,3.68,4481.00,2.39,2151.00,999.00,13.86,1014.40,16.35,0.01
2026-06-07T20:18:01,1,3.72,4481.00,2.39,2151.00,999.00,13.86,1014.50,16.35,0.01
2026-06-07T20:18:01,1,3.70,4481.00,2.39,2151.00,999.00,13.87,1014.40,16.35,0.01
2026-06-07T20:18:02,1,3.69,4481.00,2.39,2151.00,999.00,13.87,1014.20,16.35,0.01
2026-06-07T20:18:02,1,3.69,5462.00,2.94,2622.00,999.00,13.87,1014.80,16.35,0.02
2026-06-07T20:18:02,1,3.69,5462.00,2.94,2622.00,999.00,13.88,1014.60,16.34,0.02
2026-06-07T20:18:02,1,3.70,5462.00,2.94,2622.00,999.00,13.88,1014.40,16.34,0.01
2026-06-07T20:18:03,1,3.70,5462.00,2.94,2622.00,999.00,13.88,1014.40,16.34,0.01
2026-06-07T20:18:03,1,3.68,5462.00,2.94,2622.00,999.00,13.88,1014.30,16.34,0.01
2026-06-07T20:18:03,1,3.70,4028.00,2.13,1934.00,999.00,13.87,1014.50,16.34,0.01
2026-06-07T20:18:03,1,3.71,4028.00,2.13,1934.00,999.00,13.87,1014.20,16.34,0.01
2026-06-07T20:18:03,1,3.68,4028.00,2.13,1934.00,999.00,13.87,1014.50,16.34,0.01
2026-06-07T20:18:04,1,3.68,4028.00,2.13,1934.00,999.00,13.87,1014.40,16.34,0.01
2026-06-07T20:18:04,1,3.71,4028.00,2.13,1934.00,999.00,13.86,1014.20,16.33,0.01
2026-06-07T20:18:04,1,3.69,3448.00,1.81,1655.00,999.00,13.86,1014.60,16.33,0.02
2026-06-07T20:18:04,1,3.71,3448.00,1.81,1655.00,999.00,13.85,1014.00,16.33,0.01
2026-06-07T20:18:04,1,3.71,3448.00,1.81,1655.00,999.00,13.83,1014.50,16.34,0.01
2026-06-07T20:18:05,1,3.71,3448.00,1.81,1655.00,999.00,13.83,1014.60,16.33,0.02
2026-06-07T20:18:05,1,3.70,3574.00,1.88,1716.00,999.00,13.82,1014.50,16.33,0.01
2026-06-07T20:18:05,1,3.71,3574.00,1.88,1716.00,999.00,13.82,1014.20,16.33,0.01
2026-06-07T20:18:05,1,3.69,3574.00,1.88,1716.00,999.00,13.81,1014.30,16.33,0.01
2026-06-07T20:18:05,1,3.68,3574.00,1.88,1716.00,999.00,13.80,1014.50,16.33,0.01
2026-06-07T20:18:06,1,3.68,3574.00,1.88,1716.00,999.00,13.79,1013.80,16.33,0.01
2026-06-07T20:18:06,1,3.72,3198.00,1.67,1535.00,999.00,13.78,1014.30,16.33,0.01
2026-06-07T20:18:06,1,3.70,3198.00,1.67,1535.00,999.00,13.77,1014.10,16.33,0.01
2026-06-07T20:18:06,1,3.69,3198.00,1.67,1535.00,999.00,13.76,1014.10,16.33,0.01
2026-06-07T20:18:06,1,3.68,3198.00,1.67,1535.00,999.00,13.76,1013.90,16.33,0.01
2026-06-07T20:18:07,1,3.65,3198.00,1.67,1535.00,999.00,13.75,1014.10,16.33,0.01
2026-06-07T20:18:07,1,3.70,3312.00,1.73,1590.00,999.00,13.75,1013.70,16.34,0.01
2026-06-07T20:18:07,1,3.71,3312.00,1.73,1590.00,999.00,13.74,1013.50,16.34,0.00
2026-06-07T20:18:07,1,3.70,3312.00,1.73,1590.00,999.00,13.75,1014.00,16.33,0.01
2026-06-07T20:18:08,1,3.68,3312.00,1.73,1590.00,999.00,13.75,1013.90,16.33,0.01
2026-06-07T20:18:08,1,3.68,3312.00,1.73,1590.00,999.00,13.75,1013.80,16.33,0.01
2026-06-07T20:18:08,1,3.70,4091.00,2.17,1964.00,999.00,13.75,1014.00,16.33,0.01
2026-06-07T20:18:08,1,3.70,4091.00,2.17,1964.00,999.00,13.75,1013.90,16.33,0.01
2026-06-07T20:18:08,1,3.70,4091.00,2.17,1964.00,999.00,13.77,1013.90,16.32,0.01
2026-06-07T20:18:09,1,3.68,4091.00,2.17,1964.00,999.00,13.78,1014.30,16.33,0.01
2026-06-07T20:18:09,1,3.68,4091.00,2.17,1964.00,999.00,13.77,1014.30,16.32,0.01
2026-06-07T20:18:09,1,3.70,3624.00,1.90,1740.00,999.00,13.78,1014.40,16.32,0.01
2026-06-07T20:18:09,1,3.70,3624.00,1.90,1740.00,999.00,13.79,1014.60,16.32,0.02
2026-06-07T20:18:09,1,3.68,3624.00,1.90,1740.00,999.00,13.78,1014.70,16.32,0.02
2026-06-07T20:18:10,1,3.67,3624.00,1.90,1740.00,999.00,13.78,1014.50,16.31,0.01
2026-06-07T20:18:10,1,3.67,4622.00,2.46,2219.00,999.00,13.78,1014.20,16.32,0.01
2026-06-07T20:18:10,1,3.70,4622.00,2.46,2219.00,999.00,13.77,1014.10,16.31,0.01
2026-06-07T20:18:10,1,3.71,4622.00,2.46,2219.00,999.00,13.77,1014.30,16.31,0.01
2026-06-07T20:18:10,1,3.68,4622.00,2.46,2219.00,999.00,13.78,1014.30,16.30,0.01
2026-06-07T20:18:11,1,3.70,4622.00,2.46,2219.00,999.00,13.79,1014.20,16.31,0.01
2026-06-07T20:18:11,1,3.71,3841.00,2.03,1844.00,999.00,13.78,1014.00,16.31,0.01
2026-06-07T20:18:11,1,3.69,3841.00,2.03,1844.00,999.00,13.78,1014.60,16.30,0.02
2026-06-07T20:18:11,1,3.70,3841.00,2.03,1844.00,999.00,13.77,1013.80,16.30,0.01
2026-06-07T20:18:11,1,3.68,3841.00,2.03,1844.00,999.00,13.76,1014.20,16.31,0.01
2026-06-07T20:18:12,1,3.68,3841.00,2.03,1844.00,999.00,13.76,1014.30,16.30,0.01
2026-06-07T20:18:12,1,3.70,4022.00,2.13,1931.00,999.00,13.75,1014.50,16.30,0.01
2026-06-07T20:18:12,1,3.71,4022.00,2.13,1931.00,999.00,13.75,1014.30,16.30,0.01
2026-06-07T20:18:12,1,3.70,4022.00,2.13,1931.00,999.00,13.75,1014.50,16.30,0.01
2026-06-07T20:18:13,1,3.70,4022.00,2.13,1931.00,999.00,13.75,1014.10,16.30,0.01
2026-06-07T20:18:13,1,3.68,3454.00,1.81,1658.00,999.00,13.75,1014.00,16.30,0.01
2026-06-07T20:18:13,1,3.70,3454.00,1.81,1658.00,999.00,13.75,1014.10,16.30,0.01
2026-06-07T20:18:13,1,3.70,3454.00,1.81,1658.00,999.00,13.75,1014.30,16.30,0.01
2026-06-07T20:18:13,1,3.69,3454.00,1.81,1658.00,999.00,13.74,1013.80,16.30,0.01
2026-06-07T20:18:14,1,3.71,3454.00,1.81,1658.00,999.00,13.74,1014.40,16.29,0.01
2026-06-07T20:18:14,1,3.70,3197.00,1.67,1535.00,999.00,13.74,1014.00,16.29,0.01
2026-06-07T20:18:14,1,3.70,3197.00,1.67,1535.00,999.00,13.75,1014.30,16.30,0.01
2026-06-07T20:18:14,1,3.69,3197.00,1.67,1535.00,999.00,13.74,1013.60,16.29,0.01
2026-06-07T20:18:14,1,3.70,3197.00,1.67,1535.00,999.00,13.75,1014.10,16.29,0.01
2026-06-07T20:18:15,1,3.70,3197.00,1.67,1535.00,999.00,13.74,1014.00,16.29,0.01
2026-06-07T20:18:15,1,3.70,3570.00,1.87,1714.00,999.00,13.74,1014.20,16.27,0.01
2026-06-07T20:18:15,1,3.69,3570.00,1.87,1714.00,999.00,13.73,1014.10,16.28,0.01
2026-06-07T20:18:15,1,3.70,3570.00,1.87,1714.00,999.00,13.74,1014.00,16.28,0.01
2026-06-07T20:18:15,1,3.68,3570.00,1.87,1714.00,999.00,13.74,1014.00,16.28,0.01
2026-06-07T20:18:16,1,3.69,3570.00,1.87,1714.00,999.00,13.73,1013.90,16.28,0.01
2026-06-07T20:18:16,1,3.70,4160.00,2.20,1997.00,999.00,13.72,1014.30,16.28,0.01
2026-06-07T20:18:16,1,3.72,4160.00,2.20,1997.00,999.00,13.72,1013.80,16.28,0.01
2026-06-07T20:18:16,1,3.70,4160.00,2.20,1997.00,999.00,13.72,1014.00,16.27,0.01
2026-06-07T20:18:16,1,3.70,4160.00,2.20,1997.00,999.00,13.71,1013.70,16.27,0.01
2026-06-07T20:18:17,1,3.64,4322.00,2.30,2075.00,999.00,13.70,1014.00,16.27,0.01
2026-06-07T20:18:17,1,3.71,4322.00,2.30,2075.00,999.00,13.69,1013.60,16.27,0.01
2026-06-07T20:18:17,1,3.71,4322.00,2.30,2075.00,999.00,13.70,1013.70,16.27,0.01
2026-06-07T20:18:17,1,3.70,4322.00,2.30,2075.00,999.00,13.68,1014.10,16.27,0.01
2026-06-07T20:18:17,1,3.70,4322.00,2.30,2075.00,999.00,13.68,1014.20,16.27,0.01
2026-06-07T20:18:18,1,3.70,4159.00,2.20,1996.00,999.00,13.69,1013.80,16.27,0.01
2026-06-07T20:18:18,1,3.70,4159.00,2.20,1996.00,999.00,13.68,1014.30,16.26,0.01
2026-06-07T20:18:18,1,3.71,4159.00,2.20,1996.00,999.00,13.68,1014.10,16.26,0.01
2026-06-07T20:18:18,1,3.70,4159.00,2.20,1996.00,999.00,13.68,1013.80,16.26,0.01
2026-06-07T20:18:19,1,3.69,4159.00,2.20,1996.00,999.00,13.68,1013.90,16.26,0.01
2026-06-07T20:18:19,1,3.70,4062.00,2.15,1950.00,999.00,13.68,1013.60,16.26,0.01
2026-06-07T20:18:19,1,3.70,4062.00,2.15,1950.00,999.00,13.68,1014.10,16.26,0.01
2026-06-07T20:18:19,1,3.70,4062.00,2.15,1950.00,999.00,13.68,1014.00,16.25,0.01
2026-06-07T20:18:19,1,3.68,4062.00,2.15,1950.00,999.00,13.68,1013.70,16.26,0.01
2026-06-07T20:18:20,1,3.68,4062.00,2.15,1950.00,999.00,13.67,1013.80,16.25,0.01
2026-06-07T20:18:20,1,3.71,4006.00,2.12,1923.00,999.00,13.68,1014.00,16.25,0.01
2026-06-07T20:18:20,1,3.71,4006.00,2.12,1923.00,999.00,13.67,1013.90,16.25,0.01
2026-06-07T20:18:20,1,3.69,4006.00,2.12,1923.00,999.00,13.67,1014.10,16.25,0.01
2026-06-07T20:18:20,1,3.70,4006.00,2.12,1923.00,999.00,13.66,1013.90,16.25,0.01
2026-06-07T20:18:21,1,3.68,4006.00,2.12,1923.00,999.00,13.66,1013.80,16.24,0.01
2026-06-07T20:18:21,1,3.69,4091.00,2.17,1964.00,999.00,13.66,1014.00,16.24,0.01
2026-06-07T20:18:21,1,3.72,4091.00,2.17,1964.00,999.00,13.64,1013.60,16.24,0.01
2026-06-07T20:18:21,1,3.71,4091.00,2.17,1964.00,999.00,13.65,1013.60,16.24,0.01
2026-06-07T20:18:21,1,3.68,4091.00,2.17,1964.00,999.00,13.65,1013.80,16.24,0.01
2026-06-07T20:18:22,1,3.69,3841.00,2.03,1844.00,999.00,13.64,1014.30,16.24,0.01
2026-06-07T20:18:22,1,3.71,3841.00,2.03,1844.00,999.00,13.64,1013.30,16.23,0.00
2026-06-07T20:18:22,1,3.71,3841.00,2.03,1844.00,999.00,13.65,1013.80,16.24,0.01
2026-06-07T20:18:22,1,3.69,3841.00,2.03,1844.00,999.00,13.65,1013.90,16.23,0.01
2026-06-07T20:18:22,1,3.68,3841.00,2.03,1844.00,999.00,13.65,1013.60,16.23,0.01
2026-06-07T20:18:23,1,3.69,3912.00,2.06,1878.00,999.00,13.66,1013.70,16.23,0.01
2026-06-07T20:18:23,1,3.68,3912.00,2.06,1878.00,999.00,13.65,1013.80,16.23,0.01
2026-06-07T20:18:23,1,3.69,3912.00,2.06,1878.00,999.00,13.66,1014.00,16.23,0.01
2026-06-07T20:18:23,1,3.70,3912.00,2.06,1878.00,999.00,13.67,1013.80,16.21,0.01
2026-06-07T20:18:24,1,3.71,3912.00,2.06,1878.00,999.00,13.68,1013.60,16.22,0.01
2026-06-07T20:18:24,1,3.68,3739.00,1.97,1795.00,999.00,13.68,1013.80,16.22,0.01
2026-06-07T20:18:24,1,3.70,3739.00,1.97,1795.00,999.00,13.68,1013.80,16.22,0.01
2026-06-07T20:18:24,1,3.70,3739.00,1.97,1795.00,999.00,13.68,1013.50,16.22,0.00
2026-06-07T20:18:24,1,3.69,3739.00,1.97,1795.00,999.00,13.70,1014.00,16.21,0.01
2026-06-07T20:18:25,1,3.68,3998.00,2.11,1919.00,999.00,13.70,1013.70,16.21,0.01
2026-06-07T20:18:25,1,3.70,3998.00,2.11,1919.00,999.00,13.70,1013.60,16.21,0.01
2026-06-07T20:18:25,1,3.71,3998.00,2.11,1919.00,999.00,13.71,1013.90,16.21,0.01
2026-06-07T20:18:25,1,3.68,3998.00,2.11,1919.00,999.00,13.71,1013.70,16.21,0.01
2026-06-07T20:18:25,1,3.70,3998.00,2.11,1919.00,999.00,13.72,1013.60,16.21,0.01
2026-06-07T20:18:26,1,3.71,3820.00,2.01,1834.00,999.00,13.72,1013.60,16.21,0.01
2026-06-07T20:18:26,1,3.71,3820.00,2.01,1834.00,999.00,13.73,1014.00,16.21,0.01
2026-06-07T20:18:26,1,3.70,3820.00,2.01,1834.00,999.00,13.73,1013.90,16.20,0.01
2026-06-07T20:18:26,1,3.69,3820.00,2.01,1834.00,999.00,13.73,1013.80,16.20,0.01
2026-06-07T20:18:26,1,3.70,3820.00,2.01,1834.00,999.00,13.74,1013.70,16.20,0.01
2026-06-07T20:18:27,1,3.68,3796.00,2.00,1823.00,999.00,13.74,1013.90,16.20,0.01
2026-06-07T20:18:27,1,3.70,3796.00,2.00,1823.00,999.00,13.74,1014.20,16.20,0.01
2026-06-07T20:18:27,1,3.69,3796.00,2.00,1823.00,999.00,13.75,1014.30,16.20,0.01
2026-06-07T20:18:27,1,3.68,3796.00,2.00,1823.00,999.00,13.75,1013.80,16.18,0.01
2026-06-07T20:18:27,1,3.69,3796.00,2.00,1823.00,999.00,13.75,1013.70,16.18,0.01
2026-06-07T20:18:28,1,3.69,3661.00,1.92,1757.00,999.00,13.76,1013.50,16.18,0.00
2026-06-07T20:18:28,1,3.68,3661.00,1.92,1757.00,999.00,13.75,1013.90,16.18,0.01
2026-06-07T20:18:28,1,3.70,3661.00,1.92,1757.00,999.00,13.76,1013.90,16.18,0.01
2026-06-07T20:18:28,1,3.68,3661.00,1.92,1757.00,999.00,13.76,1013.70,16.18,0.01
2026-06-07T20:18:29,1,3.70,3983.00,2.10,1912.00,999.00,13.76,1014.10,16.18,0.01
2026-06-07T20:18:29,1,3.70,3983.00,2.10,1912.00,999.00,13.76,1013.70,16.18,0.01
2026-06-07T20:18:29,1,3.71,3983.00,2.10,1912.00,999.00,13.77,1014.10,16.18,0.01
2026-06-07T20:18:29,1,3.69,3983.00,2.10,1912.00,999.00,13.77,1013.80,16.17,0.01
2026-06-07T20:18:29,1,3.68,3983.00,2.10,1912.00,999.00,13.77,1013.80,16.17,0.01
2026-06-07T20:18:30,1,3.68,3863.00,2.04,1854.00,999.00,13.77,1014.30,16.17,0.01
2026-06-07T20:18:30,1,3.69,3863.00,2.04,1854.00,999.00,13.78,1013.60,16.18,0.01
2026-06-07T20:18:30,1,3.69,3863.00,2.04,1854.00,999.00,13.77,1013.80,16.18,0.01
2026-06-07T20:18:30,1,3.70,3863.00,2.04,1854.00,999.00,13.78,1013.60,16.17,0.01
2026-06-07T20:18:30,1,3.70,3863.00,2.04,1854.00,999.00,13.79,1013.90,16.17,0.01
2026-06-07T20:18:31,1,3.70,3613.00,1.90,1734.00,999.00,13.78,1013.70,16.17,0.01
2026-06-07T20:18:31,1,3.71,3613.00,1.90,1734.00,999.00,13.78,1013.90,16.17,0.01
2026-06-07T20:18:31,1,3.70,3613.00,1.90,1734.00,999.00,13.78,1014.50,16.17,0.01
2026-06-07T20:18:31,1,3.69,3613.00,1.90,1734.00,999.00,13.79,1013.40,16.16,0.00
2026-06-07T20:18:31,1,3.71,3613.00,1.90,1734.00,999.00,13.79,1014.30,16.16,0.01
2026-06-07T20:18:32,1,3.71,2532.00,1.30,1216.00,999.00,13.79,1014.30,16.16,0.01
2026-06-07T20:18:32,1,3.70,2532.00,1.30,1216.00,999.00,13.79,1013.90,16.16,0.01
2026-06-07T20:18:32,1,3.72,2532.00,1.30,1216.00,999.00,13.79,1014.00,16.16,0.01
2026-06-07T20:18:32,1,3.70,2532.00,1.30,1216.00,999.00,13.79,1013.90,16.16,0.01
2026-06-07T20:18:32,1,3.68,2532.00,1.30,1216.00,999.00,13.79,1013.90,16.16,0.01
2026-06-07T20:18:33,1,3.68,2503.00,1.29,1202.00,999.00,13.79,1014.00,16.16,0.01
2026-06-07T20:18:33,1,3.71,2503.00,1.29,1202.00,999.00,13.80,1013.90,16.16,0.01
2026-06-07T20:18:33,1,3.69,2503.00,1.29,1202.00,999.00,13.81,1013.80,16.16,0.01
2026-06-07T20:18:33,1,3.70,2503.00,1.29,1202.00,999.00,13.81,1014.10,16.16,0.01
2026-06-07T20:18:33,1,3.68,2615.00,1.35,1255.00,999.00,13.82,1014.00,16.15,0.01
2026-06-07T20:18:34,1,3.70,2615.00,1.35,1255.00,999.00,13.82,1014.30,16.16,0.01
2026-06-07T20:18:34,1,3.71,2615.00,1.35,1255.00,999.00,13.82,1013.90,16.15,0.01
2026-06-07T20:18:34,1,3.69,2615.00,1.35,1255.00,999.00,13.82,1014.50,16.15,0.01
2026-06-07T20:18:34,1,3.70,2615.00,1.35,1255.00,999.00,13.83,1014.00,16.15,0.01
2026-06-07T20:18:34,1,3.71,2577.00,1.33,1237.00,999.00,13.83,1013.70,16.15,0.01
2026-06-07T20:18:35,1,3.71,2577.00,1.33,1237.00,999.00,13.83,1014.40,16.15,0.01
2026-06-07T20:18:35,1,3.71,2577.00,1.33,1237.00,999.00,13.83,1013.80,16.15,0.01
2026-06-07T20:18:35,1,3.70,2577.00,1.33,1237.00,999.00,13.83,1014.00,16.15,0.01
2026-06-07T20:18:35,1,3.68,2577.00,1.33,1237.00,999.00,13.83,1014.20,16.14,0.01
2026-06-07T20:18:36,1,3.71,2424.00,1.25,1164.00,999.00,13.83,1014.60,16.14,0.02
2026-06-07T20:18:36,1,3.71,2424.00,1.25,1164.00,999.00,13.83,1013.90,16.14,0.01
2026-06-07T20:18:36,1,3.72,2424.00,1.25,1164.00,999.00,13.83,1014.30,16.14,0.01
2026-06-07T20:18:36,1,3.69,2424.00,1.25,1164.00,999.00,13.83,1013.70,16.14,0.01
2026-06-07T20:18:36,1,3.69,2424.00,1.25,1164.00,999.00,13.83,1014.40,16.13,0.01
2026-06-07T20:18:37,1,3.70,2618.00,1.35,1257.00,999.00,13.84,1013.90,16.14,0.01
2026-06-07T20:18:37,1,3.70,2618.00,1.35,1257.00,999.00,13.84,1014.20,16.14,0.01
2026-06-07T20:18:37,1,3.68,2618.00,1.35,1257.00,999.00,13.83,1014.40,16.14,0.01
2026-06-07T20:18:37,1,3.69,2618.00,1.35,1257.00,999.00,13.85,1014.20,16.14,0.01
2026-06-07T20:18:37,1,3.69,4123.00,2.18,1979.00,999.00,13.90,1015.50,16.13,0.02
2026-06-07T20:18:38,1,3.71,4123.00,2.18,1979.00,999.00,14.46,1021.40,16.13,0.08
2026-06-07T20:18:38,1,3.69,4123.00,2.18,1979.00,999.00,15.12,1030.00,16.13,0.17
2026-06-07T20:18:38,1,3.69,4123.00,2.18,1979.00,999.00,15.70,1031.60,16.13,0.18
2026-06-07T20:18:38,1,3.67,4123.00,2.18,1979.00,999.00,16.22,1031.40,16.14,0.18
2026-06-07T20:18:38,1,3.67,29130.00,17.98,13984.00,999.00,16.62,1030.00,16.15,0.17
2026-06-07T20:18:39,1,3.69,29130.00,17.98,13984.00,999.00,16.98,1030.70,16.16,0.18
2026-06-07T20:18:39,1,3.71,29130.00,17.98,13984.00,999.00,17.26,1031.40,16.18,0.18
2026-06-07T20:18:39,1,3.68,29130.00,17.98,13984.00,999.00,17.49,1032.60,16.21,0.19
2026-06-07T20:18:39,1,3.66,29130.00,17.98,13984.00,999.00,17.71,1034.40,16.23,0.21
2026-06-07T20:18:39,1,3.69,29160.00,18.01,13999.00,999.00,17.90,1037.40,16.26,0.24
2026-06-07T20:18:40,1,3.70,29160.00,18.01,13999.00,999.00,18.08,1039.70,16.29,0.26
2026-06-07T20:18:40,1,3.69,29160.00,18.01,13999.00,999.00,18.26,1043.00,16.32,0.30
2026-06-07T20:18:40,1,3.68,29160.00,18.01,13999.00,999.00,18.38,1039.60,16.36,0.26
2026-06-07T20:18:40,1,3.70,29260.00,18.07,14048.00,999.00,18.51,1030.00,16.40,0.17
2026-06-07T20:18:41,1,3.69,29260.00,18.07,14048.00,999.00,18.63,1024.30,16.43,0.11
2026-06-07T20:18:41,1,3.68,29260.00,18.07,14048.00,999.00,18.72,1020.90,16.47,0.08
2026-06-07T20:18:41,1,3.66,29260.00,18.07,14048.00,999.00,18.79,1022.40,16.52,0.09
2026-06-07T20:18:41,1,3.69,29260.00,18.07,14048.00,999.00,18.87,1026.60,16.56,0.13
2026-06-07T20:18:41,1,3.70,29300.00,18.10,14068.00,999.00,18.93,1027.40,16.61,0.14
2026-06-07T20:18:42,1,3.68,29300.00,18.10,14068.00,999.00,19.00,1028.70,16.65,0.16
2026-06-07T20:18:42,1,3.70,29300.00,18.10,14068.00,999.00,19.03,1029.80,16.69,0.17
2026-06-07T20:18:42,1,3.69,29300.00,18.10,14068.00,999.00,19.08,1031.20,16.73,0.18
2026-06-07T20:18:42,1,3.70,29300.00,18.10,14068.00,999.00,19.11,1034.10,16.78,0.21
2026-06-07T20:18:42,1,3.71,29290.00,18.09,14061.00,999.00,19.13,1034.70,16.81,0.22
2026-06-07T20:18:43,1,3.71,29290.00,18.09,14061.00,999.00,19.17,1035.70,16.86,0.22
2026-06-07T20:18:43,1,3.70,29290.00,18.09,14061.00,999.00,19.20,1035.90,16.90,0.23
2026-06-07T20:18:43,1,3.70,29290.00,18.09,14061.00,999.00,19.22,1035.30,16.94,0.22
2026-06-07T20:18:43,1,3.70,29290.00,18.09,14061.00,999.00,19.24,1035.70,16.98,0.22
2026-06-07T20:18:43,1,3.69,29330.00,18.12,14081.00,999.00,19.27,1035.60,17.02,0.22
2026-06-07T20:18:44,1,3.70,29330.00,18.12,14081.00,999.00,19.28,1035.70,17.07,0.22
2026-06-07T20:18:44,1,3.70,29330.00,18.12,14081.00,999.00,19.30,1035.90,17.11,0.23
2026-06-07T20:18:44,1,3.66,29330.00,18.12,14081.00,999.00,19.32,1036.60,17.14,0.23
2026-06-07T20:18:44,1,3.70,29330.00,18.12,14081.00,999.00,19.33,1036.20,17.18,0.23
2026-06-07T20:18:44,1,3.71,29330.00,18.12,14083.00,999.00,19.34,1035.70,17.21,0.22
2026-06-07T20:18:45,1,3.70,29330.00,18.12,14083.00,999.00,19.34,1035.40,17.25,0.22
2026-06-07T20:18:45,1,3.69,29330.00,18.12,14083.00,999.00,19.35,1036.00,17.28,0.23
2026-06-07T20:18:45,1,3.67,29330.00,18.12,14083.00,999.00,19.35,1035.90,17.32,0.23
2026-06-07T20:18:45,1,3.66,29280.00,18.09,14057.00,999.00,19.34,1036.10,17.35,0.23
2026-06-07T20:18:46,1,3.70,29280.00,18.09,14057.00,999.00,19.35,1035.80,17.38,0.23
2026-06-07T20:18:46,1,3.68,29280.00,18.09,14057.00,999.00,19.35,1035.50,17.41,0.22
2026-06-07T20:18:46,1,3.70,29280.00,18.09,14057.00,999.00,19.35,1035.70,17.44,0.22
2026-06-07T20:18:46,1,3.69,29280.00,18.09,14057.00,999.00,19.36,1035.50,17.48,0.22
2026-06-07T20:18:46,1,3.67,29290.00,18.10,14064.00,999.00,19.36,1035.90,17.50,0.23
2026-06-07T20:18:47,1,3.71,29290.00,18.10,14064.00,999.00,19.37,1036.30,17.53,0.23
2026-06-07T20:18:47,1,3.71,29290.00,18.10,14064.00,999.00,19.38,1036.40,17.56,0.23
2026-06-07T20:18:47,1,3.68,29290.00,18.10,14064.00,999.00,19.39,1036.90,17.59,0.24
2026-06-07T20:18:47,1,3.70,29290.00,18.10,14064.00,999.00,19.38,1036.60,17.62,0.23
2026-06-07T20:18:47,1,3.70,29310.00,18.11,14073.00,999.00,19.38,1036.10,17.65,0.23
2026-06-07T20:18:48,1,3.70,29310.00,18.11,14073.00,999.00,19.39,1036.90,17.67,0.24
2026-06-07T20:18:48,1,3.70,29310.00,18.11,14073.00,999.00,19.39,1037.50,17.70,0.24
2026-06-07T20:18:48,1,3.70,29310.00,18.11,14073.00,999.00,19.39,1037.60,17.73,0.24
2026-06-07T20:18:48,1,3.67,29310.00,18.11,14073.00,999.00,19.39,1036.70,17.75,0.23
2026-06-07T20:18:48,1,3.70,29270.00,18.08,14051.00,999.00,19.39,1036.70,17.77,0.23
2026-06-07T20:18:49,1,3.70,29270.00,18.08,14051.00,999.00,19.40,1036.30,17.80,0.23
2026-06-07T20:18:49,1,3.71,29270.00,18.08,14051.00,999.00,19.39,1036.20,17.82,0.23
2026-06-07T20:18:49,1,3.70,29270.00,18.08,14051.00,999.00,19.40,1036.40,17.84,0.23
2026-06-07T20:18:49,1,3.70,29270.00,18.08,14052.00,999.00,19.39,1036.70,17.87,0.23
2026-06-07T20:18:49,1,3.71,29270.00,18.08,14052.00,999.00,19.40,1036.80,17.88,0.24
2026-06-07T20:18:50,1,3.69,29270.00,18.08,14052.00,999.00,19.39,1036.70,17.91,0.23
2026-06-07T20:18:50,1,3.68,29270.00,18.08,14052.00,999.00,19.40,1037.00,17.93,0.24
2026-06-07T20:18:50,1,3.70,29270.00,18.08,14052.00,999.00,19.40,1036.80,17.96,0.24
2026-06-07T20:18:50,1,3.71,29290.00,18.09,14063.00,999.00,19.40,1036.70,17.97,0.23
2026-06-07T20:18:51,1,3.69,29290.00,18.09,14063.00,999.00,19.41,1036.30,17.99,0.23
2026-06-07T20:18:51,1,3.70,29290.00,18.09,14063.00,999.00,19.39,1036.10,18.01,0.23
2026-06-07T20:18:51,1,3.68,29290.00,18.09,14063.00,999.00,19.41,1036.20,18.03,0.23
2026-06-07T20:18:51,1,3.69,29290.00,18.09,14063.00,999.00,19.40,1036.80,18.05,0.24
2026-06-07T20:18:51,1,3.69,29280.00,18.09,14057.00,999.00,19.39,1036.90,18.07,0.24
2026-06-07T20:18:52,1,3.71,29280.00,18.09,14057.00,999.00,19.40,1036.70,18.09,0.23
2026-06-07T20:18:52,1,3.71,29280.00,18.09,14057.00,999.00,19.40,1036.30,18.10,0.23
2026-06-07T20:18:52,1,3.66,29280.00,18.09,14057.00,999.00,19.40,1035.80,18.12,0.23
2026-06-07T20:18:52,1,3.70,29280.00,18.09,14057.00,999.00,19.41,1036.50,18.14,0.23
2026-06-07T20:18:52,1,3.69,29280.00,18.08,14055.00,999.00,19.40,1036.30,18.15,0.23
2026-06-07T20:18:53,1,3.69,29280.00,18.08,14055.00,999.00,19.41,1036.20,18.17,0.23
2026-06-07T20:18:53,1,3.66,29280.00,18.08,14055.00,999.00,19.40,1036.10,18.19,0.23
2026-06-07T20:18:53,1,3.68,29280.00,18.08,14055.00,999.00,19.41,1036.90,18.20,0.24
2026-06-07T20:18:53,1,3.69,29280.00,18.08,14055.00,999.00,19.40,1036.50,18.22,0.23
2026-06-07T20:18:53,1,3.71,29280.00,18.08,14055.00,999.00,19.41,1036.60,18.23,0.23
2026-06-07T20:18:54,1,3.71,29280.00,18.08,14055.00,999.00,19.41,1036.60,18.25,0.23
2026-06-07T20:18:54,1,3.69,29280.00,18.08,14055.00,999.00,19.41,1036.70,18.26,0.23
2026-06-07T20:18:54,1,3.70,29280.00,18.08,14055.00,999.00,19.41,1037.00,18.28,0.24
2026-06-07T20:18:54,1,3.71,29280.00,18.09,14056.00,999.00,19.41,1036.60,18.29,0.23
2026-06-07T20:18:54,1,3.68,29280.00,18.09,14056.00,999.00,19.41,1037.40,18.31,0.24
2026-06-07T20:18:55,1,3.68,29280.00,18.09,14056.00,999.00,19.40,1038.40,18.33,0.25
2026-06-07T20:18:55,1,3.66,29280.00,18.09,14056.00,999.00,19.41,1039.60,18.34,0.26
2026-06-07T20:18:55,1,3.70,29280.00,18.09,14056.00,999.00,19.41,1040.30,18.35,0.27
2026-06-07T20:18:55,1,3.70,29280.00,18.09,14057.00,999.00,19.41,1042.10,18.37,0.29
2026-06-07T20:18:56,1,3.71,29280.00,18.09,14057.00,999.00,19.41,1044.00,18.38,0.31
2026-06-07T20:18:56,1,3.70,29280.00,18.09,14057.00,999.00,19.41,1045.70,18.40,0.32
2026-06-07T20:18:56,1,3.68,29280.00,18.09,14057.00,999.00,19.41,1047.30,18.41,0.34
2026-06-07T20:18:56,1,3.67,29280.00,18.09,14057.00,999.00,19.41,1048.30,18.42,0.35
2026-06-07T20:18:56,1,3.68,29300.00,18.10,14065.00,999.00,19.41,1048.80,18.43,0.35
2026-06-07T20:18:57,1,3.71,29300.00,18.10,14065.00,999.00,19.41,1049.80,18.45,0.36
2026-06-07T20:18:57,1,3.69,29300.00,18.10,14065.00,999.00,19.41,1050.30,18.46,0.37
2026-06-07T20:18:57,1,3.66,29300.00,18.10,14065.00,999.00,19.41,1050.80,18.47,0.37
2026-06-07T20:18:57,1,3.70,29330.00,18.12,14079.00,999.00,19.42,1052.20,18.48,0.39
2026-06-07T20:18:57,1,3.71,29330.00,18.12,14079.00,999.00,19.41,1052.60,18.49,0.39
2026-06-07T20:18:58,1,3.68,29330.00,18.12,14079.00,999.00,19.41,1053.20,18.50,0.40
2026-06-07T20:18:58,1,3.68,29330.00,18.12,14079.00,999.00,19.42,1052.50,18.51,0.39
2026-06-07T20:18:58,1,3.68,29330.00,18.12,14079.00,999.00,19.41,1052.80,18.52,0.39
2026-06-07T20:18:58,1,3.69,29320.00,18.11,14077.00,999.00,19.42,1053.10,18.53,0.40
2026-06-07T20:18:58,1,3.71,29320.00,18.11,14077.00,999.00,19.43,1053.90,18.54,0.41
2026-06-07T20:18:59,1,3.70,29320.00,18.11,14077.00,999.00,19.42,1054.30,18.55,0.41
2026-06-07T20:18:59,1,3.70,29320.00,18.11,14077.00,999.00,19.43,1055.00,18.56,0.42
2026-06-07T20:18:59,1,3.67,29320.00,18.11,14077.00,999.00,19.42,1055.20,18.57,0.42
2026-06-07T20:18:59,1,3.69,29310.00,18.11,14072.00,999.00,19.43,1054.80,18.58,0.41
2026-06-07T20:18:59,1,3.71,29310.00,18.11,14072.00,999.00,19.42,1055.10,18.59,0.42
2026-06-07T20:19:00,1,3.71,29310.00,18.11,14072.00,999.00,19.43,1056.40,18.60,0.43
2026-06-07T20:19:00,1,3.70,29310.00,18.11,14072.00,999.00,19.43,1056.40,18.61,0.43
2026-06-07T20:19:00,1,3.68,29310.00,18.11,14072.00,999.00,19.42,1056.70,18.62,0.43
2026-06-07T20:19:00,1,3.70,29300.00,18.10,14064.00,999.00,19.42,1057.30,18.62,0.44
2026-06-07T20:19:00,1,3.69,29300.00,18.10,14064.00,999.00,19.42,1057.70,18.63,0.44
2026-06-07T20:19:01,1,3.68,29300.00,18.10,14064.00,999.00,19.43,1058.30,18.64,0.45
2026-06-07T20:19:01,1,3.68,29300.00,18.10,14064.00,999.00,19.43,1059.10,18.65,0.46
2026-06-07T20:19:01,1,3.68,29300.00,18.10,14067.00,999.00,19.42,1059.10,18.66,0.46
2026-06-07T20:19:01,1,3.70,29300.00,18.10,14067.00,999.00,19.43,1059.70,18.66,0.46
2026-06-07T20:19:01,1,3.70,29300.00,18.10,14067.00,999.00,19.43,1060.10,18.67,0.47
2026-06-07T20:19:02,1,3.66,29300.00,18.10,14067.00,999.00,19.42,1060.00,18.68,0.47
2026-06-07T20:19:02,1,3.68,29300.00,18.10,14067.00,999.00,19.43,1060.40,18.69,0.47
2026-06-07T20:19:02,1,3.70,29300.00,18.10,14065.00,999.00,19.43,1060.80,18.70,0.47
2026-06-07T20:19:02,1,3.71,29300.00,18.10,14065.00,999.00,19.43,1062.00,18.70,0.49
2026-06-07T20:19:03,1,3.71,29300.00,18.10,14065.00,999.00,19.43,1062.00,18.71,0.49
2026-06-07T20:19:03,1,3.68,29300.00,18.10,14065.00,999.00,19.44,1063.00,18.72,0.50
2026-06-07T20:19:03,1,3.70,29300.00,18.10,14065.00,999.00,19.43,1063.40,18.73,0.50
2026-06-07T20:19:03,1,3.70,29330.00,18.12,14080.00,999.00,19.45,1064.40,18.73,0.51
2026-06-07T20:19:03,1,3.69,29330.00,18.12,14080.00,999.00,19.43,1064.70,18.74,0.51
2026-06-07T20:19:04,1,3.71,29330.00,18.12,14080.00,999.00,19.43,1065.00,18.75,0.52
2026-06-07T20:19:04,1,3.68,29330.00,18.12,14080.00,999.00,19.44,1065.20,18.76,0.52
2026-06-07T20:19:04,1,3.67,29330.00,18.12,14080.00,999.00,19.44,1065.90,18.76,0.52
2026-06-07T20:19:04,1,3.70,29320.00,18.12,14078.00,999.00,19.43,1066.00,18.77,0.53
2026-06-07T20:19:04,1,3.71,29320.00,18.12,14078.00,999.00,19.43,1066.60,18.77,0.53
2026-06-07T20:19:05,1,3.65,29320.00,18.12,14078.00,999.00,19.43,1066.50,18.78,0.53
2026-06-07T20:19:05,1,3.67,29320.00,18.12,14078.00,999.00,19.44,1066.70,18.79,0.53
2026-06-07T20:19:05,1,3.69,29310.00,18.10,14069.00,999.00,19.44,1066.50,18.79,0.53
2026-06-07T20:19:05,1,3.71,29310.00,18.10,14069.00,999.00,19.44,1066.60,18.80,0.53
2026-06-07T20:19:06,1,3.71,29310.00,18.10,14069.00,999.00,19.44,1067.00,18.81,0.54
2026-06-07T20:19:06,1,3.70,29310.00,18.10,14069.00,999.00,19.44,1067.40,18.81,0.54
2026-06-07T20:19:06,1,3.70,29310.00,18.10,14069.00,999.00,19.44,1068.20,18.82,0.55
2026-06-07T20:19:06,1,3.70,29310.00,18.11,14071.00,999.00,19.44,1069.00,18.82,0.55
2026-06-07T20:19:06,1,3.70,29310.00,18.11,14071.00,999.00,19.44,1070.00,18.83,0.56
2026-06-07T20:19:07,1,3.70,29310.00,18.11,14071.00,999.00,19.44,1070.30,18.84,0.57
2026-06-07T20:19:07,1,3.68,29310.00,18.11,14071.00,999.00,19.44,1070.50,18.84,0.57
2026-06-07T20:19:07,1,3.69,29310.00,18.11,14071.00,999.00,19.44,1071.00,18.85,0.57
2026-06-07T20:19:07,1,3.68,29290.00,18.10,14063.00,999.00,19.44,1072.00,18.85,0.58
2026-06-07T20:19:07,1,3.71,29290.00,18.10,14063.00,999.00,19.44,1073.40,18.86,0.60
2026-06-07T20:19:08,1,3.68,29290.00,18.10,14063.00,999.00,19.44,1074.10,18.87,0.61
2026-06-07T20:19:08,1,3.68,29290.00,18.10,14063.00,999.00,19.44,1074.30,18.87,0.61
2026-06-07T20:19:08,1,3.70,29310.00,18.10,14070.00,999.00,19.44,1075.00,18.88,0.61
2026-06-07T20:19:08,1,3.71,29310.00,18.10,14070.00,999.00,19.45,1075.40,18.88,0.62
2026-06-07T20:19:08,1,3.68,29310.00,18.10,14070.00,999.00,19.43,1075.90,18.88,0.62
2026-06-07T20:19:09,1,3.68,29310.00,18.10,14070.00,999.00,19.44,1076.20,18.89,0.63
2026-06-07T20:19:09,1,3.67,29310.00,18.10,14070.00,999.00,19.44,1076.50,18.89,0.63
2026-06-07T20:19:09,1,3.70,29290.00,18.09,14061.00,999.00,19.44,1076.80,18.90,0.63
2026-06-07T20:19:09,1,3.71,29290.00,18.09,14061.00,999.00,19.44,1077.40,18.90,0.64
2026-06-07T20:19:09,1,3.71,29290.00,18.09,14061.00,999.00,19.44,1078.20,18.91,0.65
2026-06-07T20:19:10,1,3.68,29290.00,18.09,14061.00,999.00,19.44,1078.40,18.91,0.65
2026-06-07T20:19:10,1,3.67,29290.00,18.09,14061.00,999.00,19.44,1078.70,18.92,0.65
2026-06-07T20:19:10,1,3.68,29290.00,18.09,14061.00,999.00,19.45,1079.60,18.92,0.66
2026-06-07T20:19:10,1,3.70,29290.00,18.09,14061.00,999.00,19.44,1080.00,18.93,0.66
2026-06-07T20:19:10,1,3.72,29290.00,18.09,14061.00,999.00,19.44,1080.60,18.93,0.67
2026-06-07T20:19:11,1,3.66,29290.00,18.09,14061.00,999.00,19.45,1081.40,18.93,0.68
2026-06-07T20:19:11,1,3.68,29290.00,18.09,14061.00,999.00,19.44,1082.00,18.94,0.68
2026-06-07T20:19:11,1,3.70,29310.00,18.11,14073.00,999.00,19.44,1082.70,18.94,0.69
2026-06-07T20:19:11,1,3.71,29310.00,18.11,14073.00,999.00,19.44,1082.80,18.95,0.69
2026-06-07T20:19:11,1,3.69,29310.00,18.11,14073.00,999.00,19.45,1083.80,18.95,0.70
2026-06-07T20:19:12,1,3.68,29310.00,18.11,14073.00,999.00,19.44,1084.20,18.95,0.71
2026-06-07T20:19:12,1,3.69,29310.00,18.11,14073.00,999.00,19.45,1085.00,18.96,0.71
2026-06-07T20:19:12,1,3.68,29310.00,18.11,14071.00,999.00,19.44,1086.20,18.96,0.73
2026-06-07T20:19:12,1,3.68,29310.00,18.11,14071.00,999.00,19.45,1086.40,18.96,0.73
2026-06-07T20:19:13,1,3.68,29310.00,18.11,14071.00,999.00,19.44,1087.10,18.97,0.73
2026-06-07T20:19:13,1,3.66,29310.00,18.11,14071.00,999.00,19.45,1087.60,18.98,0.74
2026-06-07T20:19:13,1,3.70,29340.00,18.13,14086.00,999.00,19.45,1088.50,18.98,0.75
2026-06-07T20:19:13,1,3.70,29340.00,18.13,14086.00,999.00,19.45,1088.70,18.98,0.75
2026-06-07T20:19:13,1,3.70,29340.00,18.13,14086.00,999.00,19.45,1089.60,18.98,0.76
2026-06-07T20:19:14,1,3.67,29340.00,18.13,14086.00,999.00,19.45,1090.30,18.99,0.77
2026-06-07T20:19:14,1,3.71,29340.00,18.13,14086.00,999.00,19.45,1090.80,18.99,0.77
2026-06-07T20:19:14,1,3.70,29370.00,18.15,14100.00,999.00,19.45,1091.60,18.99,0.78
2026-06-07T20:19:14,1,3.69,29370.00,18.15,14100.00,999.00,19.45,1092.60,18.99,0.79
2026-06-07T20:19:14,1,3.69,29370.00,18.15,14100.00,999.00,19.45,1093.00,19.00,0.79
2026-06-07T20:19:15,1,3.69,29370.00,18.15,14100.00,999.00,19.44,1093.40,19.01,0.80
2026-06-07T20:19:15,1,3.65,29370.00,18.15,14100.00,999.00,19.45,1094.70,19.01,0.81
2026-06-07T20:19:15,1,3.70,29360.00,18.14,14096.00,999.00,19.44,1095.40,19.01,0.82
2026-06-07T20:19:15,1,3.70,29360.00,18.14,14096.00,999.00,19.45,1095.90,19.01,0.82
2026-06-07T20:19:15,1,3.66,29360.00,18.14,14096.00,999.00,19.45,1097.00,19.01,0.83
2026-06-07T20:19:16,1,3.68,29360.00,18.14,14096.00,999.00,19.45,1098.20,19.01,0.84
2026-06-07T20:19:16,1,3.69,29360.00,18.14,14096.00,999.00,19.45,1099.20,19.02,0.85
2026-06-07T20:19:16,1,3.71,29340.00,18.12,14084.00,999.00,19.45,1100.10,19.02,0.86
2026-06-07T20:19:16,1,3.71,29340.00,18.12,14084.00,999.00,19.44,1101.10,19.03,0.87
2026-06-07T20:19:16,1,3.70,29340.00,18.12,14084.00,999.00,19.45,1101.90,19.03,0.88
2026-06-07T20:19:17,1,3.68,29340.00,18.12,14084.00,999.00,19.44,1103.10,19.04,0.89
2026-06-07T20:19:17,1,3.69,29310.00,18.10,14069.00,999.00,19.44,1102.90,19.04,0.89
2026-06-07T20:19:17,1,3.70,29310.00,18.10,14069.00,999.00,19.44,1104.50,19.04,0.91
2026-06-07T20:19:17,1,3.69,29310.00,18.10,14069.00,999.00,19.45,1104.90,19.04,0.91
2026-06-07T20:19:18,1,3.68,29310.00,18.10,14069.00,999.00,19.44,1106.40,19.03,0.93
2026-06-07T20:19:18,1,3.68,29310.00,18.10,14069.00,999.00,19.45,1107.00,19.04,0.93
2026-06-07T20:19:18,1,3.66,29310.00,18.11,14073.00,999.00,19.44,1109.00,19.05,0.95
2026-06-07T20:19:18,1,3.71,29310.00,18.11,14073.00,999.00,19.45,1108.60,19.05,0.95
2026-06-07T20:19:18,1,3.71,29310.00,18.11,14073.00,999.00,19.44,1109.80,19.05,0.96
2026-06-07T20:19:19,1,3.68,29310.00,18.11,14073.00,999.00,19.45,1111.00,19.06,0.97
2026-06-07T20:19:19,1,3.70,29310.00,18.11,14073.00,999.00,19.45,1111.30,19.06,0.97
2026-06-07T20:19:19,1,3.67,29310.00,18.11,14071.00,999.00,19.45,1111.90,19.06,0.98
2026-06-07T20:19:19,1,3.70,29310.00,18.11,14071.00,999.00,19.45,1112.20,19.06,0.98
2026-06-07T20:19:19,1,3.68,29310.00,18.11,14071.00,999.00,19.45,1113.00,19.07,0.99
2026-06-07T20:19:20,1,3.69,29310.00,18.11,14071.00,999.00,19.45,1113.80,19.07,1.00
2026-06-07T20:19:20,1,3.66,29330.00,18.12,14079.00,999.00,19.45,1114.30,19.07,1.00
2026-06-07T20:19:20,1,3.72,29330.00,18.12,14079.00,999.00,19.45,1115.40,19.07,1.01
2026-06-07T20:19:20,1,3.71,29330.00,18.12,14079.00,999.00,19.45,1115.90,19.08,1.02
2026-06-07T20:19:20,1,3.70,29330.00,18.12,14079.00,999.00,19.45,1117.20,19.08,1.03
2026-06-07T20:19:21,1,3.68,29330.00,18.12,14079.00,999.00,19.45,1117.70,19.08,1.04
2026-06-07T20:19:21,1,3.71,29310.00,18.11,14072.00,999.00,19.45,1119.00,19.08,1.05
2026-06-07T20:19:21,1,3.71,29310.00,18.11,14072.00,999.00,19.45,1119.10,19.08,1.05
2026-06-07T20:19:21,1,3.70,29310.00,18.11,14072.00,999.00,19.45,1120.80,19.09,1.07
2026-06-07T20:19:21,1,3.70,29310.00,18.11,14072.00,999.00,19.46,1121.50,19.09,1.08
2026-06-07T20:19:22,1,3.67,29310.00,18.11,14072.00,999.00,19.45,1122.50,19.09,1.09
2026-06-07T20:19:22,1,3.70,29300.00,18.10,14066.00,999.00,19.46,1123.20,19.09,1.09
2026-06-07T20:19:22,1,3.71,29300.00,18.10,14066.00,999.00,19.46,1124.20,19.09,1.10
2026-06-07T20:19:22,1,3.70,29300.00,18.10,14066.00,999.00,19.46,1125.20,19.10,1.11
2026-06-07T20:19:23,1,3.69,29300.00,18.10,14066.00,999.00,19.45,1126.50,19.10,1.12
2026-06-07T20:19:23,1,3.70,29300.00,18.10,14066.00,999.00,19.46,1126.80,19.10,1.13
2026-06-07T20:19:23,1,3.68,29280.00,18.09,14058.00,999.00,19.46,1128.20,19.10,1.14
2026-06-07T20:19:23,1,3.69,29280.00,18.09,14058.00,999.00,19.45,1128.90,19.10,1.15
2026-06-07T20:19:23,1,3.68,29280.00,18.09,14058.00,999.00,19.46,1130.10,19.11,1.16
2026-06-07T20:19:24,1,3.68,29280.00,18.09,14058.00,999.00,19.45,1131.40,19.11,1.17
2026-06-07T20:19:24,1,3.67,29280.00,18.09,14058.00,999.00,19.45,1132.30,19.11,1.18
2026-06-07T20:19:24,1,3.69,29290.00,18.09,14061.00,999.00,19.45,1133.00,19.11,1.19
2026-06-07T20:19:24,1,3.70,29290.00,18.09,14061.00,999.00,19.45,1133.20,19.11,1.19
2026-06-07T20:19:24,1,3.70,29290.00,18.09,14061.00,999.00,19.45,1132.70,19.11,1.19
2026-06-07T20:19:25,1,3.68,29290.00,18.09,14061.00,999.00,19.45,1133.20,19.11,1.19
2026-06-07T20:19:25,1,3.69,29290.00,18.10,14064.00,999.00,19.46,1134.70,19.12,1.21
2026-06-07T20:19:25,1,3.69,29290.00,18.10,14064.00,999.00,19.45,1134.90,19.12,1.21
2026-06-07T20:19:25,1,3.71,29290.00,18.10,14064.00,999.00,19.45,1135.80,19.12,1.22
2026-06-07T20:19:25,1,3.68,29290.00,18.10,14064.00,999.00,19.45,1136.30,19.12,1.22
2026-06-07T20:19:26,1,3.68,29290.00,18.10,14064.00,999.00,19.46,1137.00,19.13,1.23
2026-06-07T20:19:26,1,3.70,29320.00,18.11,14074.00,999.00,19.45,1137.10,19.13,1.23
2026-06-07T20:19:26,1,3.70,29320.00,18.11,14074.00,999.00,19.45,1137.10,19.13,1.23
2026-06-07T20:19:26,1,3.72,29320.00,18.11,14074.00,999.00,19.45,1137.20,19.13,1.23
2026-06-07T20:19:26,1,3.69,29320.00,18.11,14074.00,999.00,19.45,1136.90,19.13,1.23
2026-06-07T20:19:27,1,3.67,29320.00,18.11,14074.00,999.00,19.44,1137.20,19.13,1.23
2026-06-07T20:19:27,1,3.69,29280.00,18.09,14058.00,999.00,19.46,1136.70,19.13,1.23
2026-06-07T20:19:27,1,3.71,29280.00,18.09,14058.00,999.00,19.45,1136.80,19.14,1.23
2026-06-07T20:19:27,1,3.70,29280.00,18.09,14058.00,999.00,19.45,1137.00,19.13,1.23
2026-06-07T20:19:27,1,3.68,29280.00,18.09,14058.00,999.00,19.46,1137.70,19.14,1.24
2026-06-07T20:19:28,1,3.68,29280.00,18.09,14058.00,999.00,19.45,1137.90,19.14,1.24
2026-06-07T20:19:28,1,3.70,29300.00,18.10,14067.00,999.00,19.45,1138.60,19.14,1.24
2026-06-07T20:19:28,1,3.68,29300.00,18.10,14067.00,999.00,19.45,1139.40,19.14,1.25
2026-06-07T20:19:28,1,3.69,29300.00,18.10,14067.00,999.00,19.45,1140.20,19.15,1.26
2026-06-07T20:19:29,1,3.68,29300.00,18.10,14067.00,999.00,19.46,1140.50,19.14,1.26
2026-06-07T20:19:29,1,3.71,29320.00,18.11,14076.00,999.00,19.45,1140.10,19.15,1.26
2026-06-07T20:19:29,1,3.69,29320.00,18.11,14076.00,999.00,19.45,1140.80,19.15,1.27
2026-06-07T20:19:29,1,3.70,29320.00,18.11,14076.00,999.00,19.46,1140.60,19.15,1.26
2026-06-07T20:19:29,1,3.70,29320.00,18.11,14076.00,999.00,19.46,1140.80,19.15,1.27
2026-06-07T20:19:30,1,3.68,29320.00,18.11,14076.00,999.00,19.45,1140.60,19.16,1.26
2026-06-07T20:19:30,1,3.70,29300.00,18.10,14066.00,999.00,19.45,1141.60,19.15,1.27
2026-06-07T20:19:30,1,3.70,29300.00,18.10,14066.00,999.00,19.46,1142.80,19.15,1.29
2026-06-07T20:19:30,1,3.71,29300.00,18.10,14066.00,999.00,19.45,1143.80,19.15,1.30
2026-06-07T20:19:30,1,3.68,29300.00,18.10,14066.00,999.00,19.45,1144.80,19.16,1.31
2026-06-07T20:19:31,1,3.68,29300.00,18.10,14066.00,999.00,19.45,1145.80,19.16,1.32
2026-06-07T20:19:31,1,3.71,29290.00,18.09,14062.00,999.00,19.45,1146.90,19.16,1.33
2026-06-07T20:19:31,1,3.68,29290.00,18.09,14062.00,999.00,19.46,1148.20,19.16,1.34
2026-06-07T20:19:31,1,3.70,29290.00,18.09,14062.00,999.00,19.45,1149.60,19.16,1.35
2026-06-07T20:19:31,1,3.70,29290.00,18.09,14062.00,999.00,19.45,1152.50,19.17,1.38
2026-06-07T20:19:32,1,3.66,29290.00,18.09,14062.00,999.00,19.45,1154.50,19.17,1.40
2026-06-07T20:19:32,1,3.70,29290.00,18.09,14062.00,999.00,19.45,1157.40,19.17,1.43
2026-06-07T20:19:32,1,3.67,29290.00,18.09,14062.00,999.00,19.45,1158.90,19.17,1.45
2026-06-07T20:19:32,1,3.69,29290.00,18.09,14062.00,999.00,19.45,1160.10,19.17,1.46
2026-06-07T20:19:33,1,3.67,29290.00,18.09,14062.00,999.00,19.45,1161.10,19.17,1.47
2026-06-07T20:19:33,1,3.70,29280.00,18.09,14057.00,999.00,19.46,1161.60,19.17,1.47
2026-06-07T20:19:33,1,3.71,29280.00,18.09,14057.00,999.00,19.45,1162.70,19.17,1.48
2026-06-07T20:19:33,1,3.71,29280.00,18.09,14057.00,999.00,19.46,1163.90,19.17,1.50
2026-06-07T20:19:33,1,3.69,29280.00,18.09,14057.00,999.00,19.45,1165.10,19.18,1.51
2026-06-07T20:19:34,1,3.67,29280.00,18.09,14057.00,999.00,19.45,1167.10,19.17,1.53
2026-06-07T20:19:34,1,3.71,29280.00,18.09,14058.00,999.00,19.45,1169.50,19.18,1.55
2026-06-07T20:19:34,1,3.70,29280.00,18.09,14058.00,999.00,19.45,1171.00,19.18,1.57
2026-06-07T20:19:34,1,3.67,29280.00,18.09,14058.00,999.00,19.45,1172.80,19.18,1.58
2026-06-07T20:19:34,1,3.68,29280.00,18.09,14058.00,999.00,19.45,1175.10,19.18,1.61
2026-06-07T20:19:35,1,3.68,29280.00,18.09,14058.00,999.00,19.45,1177.50,19.18,1.63
2026-06-07T20:19:35,1,3.71,29290.00,18.09,14062.00,999.00,19.45,1178.60,19.18,1.64
2026-06-07T20:19:35,1,3.71,29290.00,18.09,14062.00,999.00,19.45,1180.00,19.18,1.65
2026-06-07T20:19:35,1,3.70,29290.00,18.09,14062.00,999.00,19.45,1182.20,19.19,1.68
2026-06-07T20:19:35,1,3.68,29290.00,18.09,14062.00,999.00,19.45,1182.70,19.19,1.68
2026-06-07T20:19:36,1,3.67,29310.00,18.11,14073.00,999.00,19.45,1183.60,19.18,1.69
2026-06-07T20:19:36,1,3.71,29310.00,18.11,14073.00,999.00,19.45,1184.00,19.19,1.69
2026-06-07T20:19:36,1,3.71,29310.00,18.11,14073.00,999.00,19.45,1184.80,19.19,1.70
2026-06-07T20:19:36,1,3.68,29310.00,18.11,14073.00,999.00,19.45,1185.90,19.19,1.71
2026-06-07T20:19:36,1,3.68,29310.00,18.11,14073.00,999.00,19.45,1186.70,19.19,1.72
2026-06-07T20:19:37,1,3.69,29330.00,18.12,14079.00,999.00,19.44,1187.10,19.19,1.73
2026-06-07T20:19:37,1,3.69,29330.00,18.12,14079.00,999.00,19.45,1187.50,19.19,1.73
2026-06-07T20:19:37,1,3.71,29330.00,18.12,14079.00,999.00,19.45,1187.90,19.19,1.73
2026-06-07T20:19:37,1,3.69,29330.00,18.12,14079.00,999.00,19.45,1188.70,19.19,1.74
2026-06-07T20:19:37,1,3.70,29330.00,18.12,14079.00,999.00,19.45,1189.30,19.19,1.75
2026-06-07T20:19:38,1,3.69,29300.00,18.10,14068.00,999.00,19.45,1190.50,19.19,1.76
2026-06-07T20:19:38,1,3.68,29300.00,18.10,14068.00,999.00,19.45,1191.70,19.20,1.77
2026-06-07T20:19:38,1,3.70,29300.00,18.10,14068.00,999.00,19.45,1192.10,19.19,1.77
2026-06-07T20:19:38,1,3.70,29300.00,18.10,14068.00,999.00,19.45,1193.90,19.20,1.79
2026-06-07T20:19:38,1,3.68,29300.00,18.10,14068.00,999.00,19.45,1195.10,19.20,1.80
2026-06-07T20:19:39,1,3.70,29280.00,18.09,14058.00,999.00,19.46,1195.80,19.20,1.81
2026-06-07T20:19:39,1,3.71,29280.00,18.09,14058.00,999.00,19.46,1197.50,19.20,1.83
2026-06-07T20:19:39,1,3.71,29280.00,18.09,14058.00,999.00,19.45,1198.10,19.20,1.83
2026-06-07T20:19:39,1,3.69,29280.00,18.09,14058.00,999.00,19.46,1199.20,19.20,1.85
2026-06-07T20:19:40,1,3.68,29280.00,18.09,14058.00,999.00,19.45,1198.70,19.20,1.84
2026-06-07T20:19:40,1,3.69,29280.00,18.09,14059.00,999.00,19.46,1199.10,19.21,1.84
2026-06-07T20:19:40,1,3.68,29280.00,18.09,14059.00,999.00,19.46,1198.90,19.20,1.84
2026-06-07T20:19:40,1,3.70,29280.00,18.09,14059.00,999.00,19.45,1198.80,19.21,1.84
2026-06-07T20:19:40,1,3.67,29280.00,18.09,14059.00,999.00,19.45,1200.00,19.21,1.85
2026-06-07T20:19:41,1,3.68,29260.00,18.07,14046.00,999.00,19.45,1201.70,19.20,1.87
2026-06-07T20:19:41,1,3.68,29260.00,18.07,14046.00,999.00,19.45,1202.00,19.21,1.87
2026-06-07T20:19:41,1,3.71,29260.00,18.07,14046.00,999.00,19.46,1203.20,19.21,1.88
2026-06-07T20:19:41,1,3.67,29260.00,18.07,14046.00,999.00,19.45,1204.40,19.21,1.90
2026-06-07T20:19:41,1,3.68,29260.00,18.07,14046.00,999.00,19.45,1205.30,19.21,1.91
2026-06-07T20:19:42,1,3.70,29290.00,18.09,14062.00,999.00,19.45,1206.30,19.20,1.92
2026-06-07T20:19:42,1,3.68,29290.00,18.09,14062.00,999.00,19.45,1207.00,19.21,1.92
2026-06-07T20:19:42,1,3.68,29290.00,18.09,14062.00,999.00,19.45,1208.10,19.21,1.93
2026-06-07T20:19:42,1,3.67,29290.00,18.09,14062.00,999.00,19.45,1208.20,19.21,1.93
2026-06-07T20:19:42,1,3.69,29290.00,18.09,14062.00,999.00,19.44,1209.20,19.21,1.94
2026-06-07T20:19:43,1,3.68,29280.00,18.08,14055.00,999.00,19.44,1210.50,19.21,1.96
2026-06-07T20:19:43,1,3.71,29280.00,18.08,14055.00,999.00,19.45,1211.10,19.21,1.96
2026-06-07T20:19:43,1,3.70,29280.00,18.08,14055.00,999.00,19.45,1211.10,19.21,1.96
2026-06-07T20:19:43,1,3.67,29280.00,18.08,14055.00,999.00,19.45,1211.70,19.22,1.97
2026-06-07T20:19:44,1,3.68,29270.00,18.08,14053.00,999.00,19.45,1211.40,19.22,1.97
2026-06-07T20:19:44,1,3.70,29270.00,18.08,14053.00,999.00,19.45,1212.00,19.22,1.97
2026-06-07T20:19:44,1,3.68,29270.00,18.08,14053.00,999.00,19.45,1212.30,19.22,1.98
2026-06-07T20:19:44,1,3.70,29270.00,18.08,14053.00,999.00,19.44,1214.10,19.22,1.99
2026-06-07T20:19:44,1,3.68,29270.00,18.08,14053.00,999.00,19.45,1214.70,19.22,2.00
2026-06-07T20:19:45,1,3.70,29290.00,18.09,14062.00,999.00,19.45,1216.20,19.22,2.01
2026-06-07T20:19:45,1,3.69,29290.00,18.09,14062.00,999.00,19.45,1217.00,19.22,2.02
2026-06-07T20:19:45,1,3.71,29290.00,18.09,14062.00,999.00,19.45,1217.00,19.22,2.02
2026-06-07T20:19:45,1,3.68,29290.00,18.09,14062.00,999.00,19.44,1216.70,19.22,2.02
2026-06-07T20:19:45,1,3.70,29290.00,18.09,14062.00,999.00,19.44,1217.30,19.22,2.02
2026-06-07T20:19:46,1,3.68,29280.00,18.08,14056.00,999.00,19.45,1217.00,19.22,2.02
2026-06-07T20:19:46,1,3.69,29280.00,18.08,14056.00,999.00,19.45,1217.10,19.22,2.02
2026-06-07T20:19:46,1,3.70,29280.00,18.08,14056.00,999.00,19.45,1216.80,19.22,2.02
2026-06-07T20:19:46,1,3.69,29280.00,18.08,14056.00,999.00,19.44,1216.70,19.22,2.02
2026-06-07T20:19:46,1,3.68,29280.00,18.08,14056.00,999.00,19.44,1216.60,19.23,2.02
2026-06-07T20:19:47,1,3.68,29300.00,18.10,14067.00,999.00,19.44,1217.00,19.22,2.02
2026-06-07T20:19:47,1,3.71,29300.00,18.10,14067.00,999.00,19.45,1216.80,19.22,2.02
2026-06-07T20:19:47,1,3.71,29300.00,18.10,14067.00,999.00,19.45,1217.20,19.23,2.02
2026-06-07T20:19:47,1,3.67,29300.00,18.10,14067.00,999.00,19.45,1216.90,19.23,2.02
2026-06-07T20:19:47,1,3.68,29270.00,18.08,14051.00,999.00,19.44,1217.40,19.23,2.03
2026-06-07T20:19:48,1,3.70,29270.00,18.08,14051.00,999.00,19.44,1218.70,19.22,2.04
2026-06-07T20:19:48,1,3.70,29270.00,18.08,14051.00,999.00,19.44,1219.90,19.23,2.05
2026-06-07T20:19:48,1,3.69,29270.00,18.08,14051.00,999.00,19.45,1220.30,19.23,2.05
2026-06-07T20:19:48,1,3.68,29270.00,18.08,14051.00,999.00,19.45,1221.30,19.23,2.06
2026-06-07T20:19:48,1,3.68,29320.00,18.11,14074.00,999.00,19.44,1221.80,19.23,2.07
2026-06-07T20:19:49,1,3.71,29320.00,18.11,14074.00,999.00,19.44,1222.50,19.23,2.08
2026-06-07T20:19:49,1,3.68,29320.00,18.11,14074.00,999.00,19.44,1223.20,19.23,2.08
2026-06-07T20:19:49,1,3.70,29320.00,18.11,14074.00,999.00,19.43,1224.10,19.23,2.09
2026-06-07T20:19:49,1,3.69,29320.00,18.11,14074.00,999.00,19.44,1224.50,19.23,2.10
2026-06-07T20:19:50,1,3.68,29340.00,18.13,14086.00,999.00,19.43,1225.10,19.23,2.10
2026-06-07T20:19:50,1,3.68,29340.00,18.13,14086.00,999.00,19.42,1226.20,19.23,2.11
2026-06-07T20:19:50,1,3.71,29340.00,18.13,14086.00,999.00,19.42,1226.10,19.23,2.11
2026-06-07T20:19:50,1,3.67,29340.00,18.13,14086.00,999.00,19.42,1226.10,19.23,2.11
2026-06-07T20:19:50,1,3.68,29340.00,18.13,14086.00,999.00,19.42,1226.40,19.23,2.11
2026-06-07T20:19:51,1,3.71,29370.00,18.15,14099.00,999.00,19.42,1227.30,19.23,2.12
2026-06-07T20:19:51,1,3.71,29370.00,18.15,14099.00,999.00,19.41,1227.70,19.23,2.13
2026-06-07T20:19:51,1,3.70,29370.00,18.15,14099.00,999.00,19.41,1229.50,19.23,2.15
2026-06-07T20:19:51,1,3.67,29370.00,18.15,14099.00,999.00,19.42,1230.90,19.23,2.16
2026-06-07T20:19:51,1,3.68,29370.00,18.15,14099.00,999.00,19.41,1231.50,19.23,2.17
2026-06-07T20:19:52,1,3.71,29380.00,18.15,14103.00,999.00,19.42,1232.40,19.23,2.17
2026-06-07T20:19:52,1,3.69,29380.00,18.15,14103.00,999.00,19.41,1233.80,19.23,2.19
2026-06-07T20:19:52,1,3.66,29380.00,18.15,14103.00,999.00,19.41,1235.70,19.23,2.21
2026-06-07T20:19:52,1,3.70,29380.00,18.15,14103.00,999.00,19.41,1236.60,19.23,2.22
2026-06-07T20:19:52,1,3.68,29370.00,18.15,14101.00,999.00,19.42,1238.00,19.23,2.23
2026-06-07T20:19:53,1,3.71,29370.00,18.15,14101.00,999.00,19.42,1239.50,19.23,2.24
2026-06-07T20:19:53,1,3.71,29370.00,18.15,14101.00,999.00,19.42,1240.00,19.23,2.25
2026-06-07T20:19:53,1,3.68,29370.00,18.15,14101.00,999.00,19.43,1240.70,19.23,2.26
2026-06-07T20:19:53,1,3.68,29370.00,18.15,14101.00,999.00,19.43,1241.50,19.23,2.26
2026-06-07T20:19:53,1,3.71,29380.00,18.16,14106.00,999.00,19.43,1243.20,19.23,2.28
2026-06-07T20:19:54,1,3.69,29380.00,18.16,14106.00,999.00,19.43,1244.80,19.23,2.30
2026-06-07T20:19:54,1,3.69,29380.00,18.16,14106.00,999.00,19.43,1245.90,19.23,2.31
2026-06-07T20:19:54,1,3.68,29380.00,18.16,14106.00,999.00,19.44,1246.30,19.23,2.31
2026-06-07T20:19:54,1,3.66,29380.00,18.16,14106.00,999.00,19.44,1247.20,19.23,2.32
2026-06-07T20:19:55,1,3.70,29370.00,18.14,14098.00,999.00,19.43,1248.10,19.22,2.33
2026-06-07T20:19:55,1,3.70,29370.00,18.14,14098.00,999.00,19.43,1248.90,19.23,2.34
2026-06-07T20:19:55,1,3.71,29370.00,18.14,14098.00,999.00,19.43,1249.70,19.23,2.35
2026-06-07T20:19:55,1,3.69,29370.00,18.14,14098.00,999.00,19.44,1250.10,19.23,2.35
2026-06-07T20:19:55,1,3.71,29360.00,18.14,14096.00,999.00,19.44,1251.50,19.22,2.36
2026-06-07T20:19:56,1,3.70,29360.00,18.14,14096.00,999.00,19.44,1251.60,19.23,2.36
2026-06-07T20:19:56,1,3.68,29360.00,18.14,14096.00,999.00,19.44,1252.90,19.23,2.38
2026-06-07T20:19:56,1,3.69,29360.00,18.14,14096.00,999.00,19.44,1253.30,19.24,2.38
2026-06-07T20:19:56,1,3.68,29360.00,18.14,14096.00,999.00,19.44,1254.30,19.23,2.39
2026-06-07T20:19:56,1,3.71,29360.00,18.14,14093.00,999.00,19.44,1255.70,19.24,2.41
2026-06-07T20:19:57,1,3.68,29360.00,18.14,14093.00,999.00,19.45,1257.00,19.24,2.42
2026-06-07T20:19:57,1,3.70,29360.00,18.14,14093.00,999.00,19.43,1258.00,19.24,2.43
2026-06-07T20:19:57,1,3.67,29360.00,18.14,14093.00,999.00,19.43,1259.20,19.24,2.44
2026-06-07T20:19:57,1,3.70,29360.00,18.14,14093.00,999.00,19.44,1260.30,19.24,2.45
2026-06-07T20:19:57,1,3.71,29370.00,18.15,14099.00,999.00,19.45,1260.50,19.24,2.45
2026-06-07T20:19:58,1,3.71,29370.00,18.15,14099.00,999.00,19.44,1261.70,19.24,2.46
2026-06-07T20:19:58,1,3.69,29370.00,18.15,14099.00,999.00,19.44,1262.40,19.24,2.47
2026-06-07T20:19:58,1,3.69,29370.00,18.15,14099.00,999.00,19.43,1263.80,19.24,2.49
2026-06-07T20:19:58,1,3.69,29370.00,18.15,14099.00,999.00,19.45,1264.60,19.24,2.49
2026-06-07T20:19:58,1,3.70,29340.00,18.13,14088.00,999.00,19.44,1265.20,19.24,2.50
2026-06-07T20:19:59,1,3.71,29340.00,18.13,14088.00,999.00,19.44,1266.40,19.24,2.51
2026-06-07T20:19:59,1,3.70,29340.00,18.13,14088.00,999.00,19.44,1267.20,19.24,2.52
2026-06-07T20:19:59,1,3.70,29340.00,18.13,14088.00,999.00,19.44,1268.90,19.25,2.54
2026-06-07T20:19:59,1,3.69,29350.00,18.14,14092.00,999.00,19.44,1270.10,19.24,2.55
2026-06-07T20:20:00,1,3.71,29350.00,18.14,14092.00,999.00,19.45,1271.30,19.24,2.56
2026-06-07T20:20:00,1,3.71,29350.00,18.14,14092.00,999.00,19.43,1272.50,19.24,2.57
2026-06-07T20:20:00,1,3.68,29350.00,18.14,14092.00,999.00,19.43,1273.10,19.25,2.58
2026-06-07T20:20:00,1,3.68,29350.00,18.14,14092.00,999.00,19.43,1273.30,19.24,2.58
2026-06-07T20:20:00,1,3.71,29390.00,18.16,14109.00,999.00,19.43,1274.50,19.25,2.59
2026-06-07T20:20:01,1,3.71,29390.00,18.16,14109.00,999.00,19.42,1275.10,19.24,2.60
2026-06-07T20:20:01,1,3.71,29390.00,18.16,14109.00,999.00,19.42,1275.50,19.25,2.60
2026-06-07T20:20:01,1,3.69,29390.00,18.16,14109.00,999.00,19.42,1276.00,19.25,2.61
2026-06-07T20:20:01,1,3.68,29390.00,18.16,14109.00,999.00,19.42,1277.40,19.24,2.62
2026-06-07T20:20:01,1,3.71,29380.00,18.15,14104.00,999.00,19.42,1278.10,19.25,2.63
2026-06-07T20:20:02,1,3.71,29380.00,18.15,14104.00,999.00,19.42,1278.70,19.25,2.63
2026-06-07T20:20:02,1,3.68,29380.00,18.15,14104.00,999.00,19.42,1280.20,19.25,2.65
2026-06-07T20:20:02,1,3.68,29380.00,18.15,14104.00,999.00,19.43,1281.60,19.25,2.66
2026-06-07T20:20:02,1,3.70,29380.00,18.15,14104.00,999.00,19.43,1283.40,19.25,2.68
2026-06-07T20:20:02,1,3.68,29340.00,18.13,14087.00,999.00,19.42,1284.00,19.25,2.69
2026-06-07T20:20:03,1,3.71,29340.00,18.13,14087.00,999.00,19.43,1285.50,19.25,2.70
2026-06-07T20:20:03,1,3.71,29340.00,18.13,14087.00,999.00,19.41,1287.10,19.25,2.72
2026-06-07T20:20:03,1,3.68,29340.00,18.13,14087.00,999.00,19.41,1288.80,19.25,2.73
2026-06-07T20:20:03,1,3.68,29310.00,18.11,14073.00,999.00,19.41,1289.80,19.25,2.74
2026-06-07T20:20:03,1,3.70,29310.00,18.11,14073.00,999.00,19.41,1290.20,19.25,2.75
2026-06-07T20:20:04,1,3.70,29310.00,18.11,14073.00,999.00,19.41,1291.00,19.25,2.75
2026-06-07T20:20:04,1,3.67,29310.00,18.11,14073.00,999.00,19.41,1292.00,19.25,2.76
2026-06-07T20:20:04,1,3.66,29310.00,18.11,14073.00,999.00,19.41,1292.20,19.25,2.77
2026-06-07T20:20:04,1,3.69,29330.00,18.12,14078.00,999.00,19.41,1292.80,19.25,2.77
2026-06-07T20:20:04,1,3.70,29330.00,18.12,14078.00,999.00,19.41,1293.70,19.25,2.78
2026-06-07T20:20:05,1,3.70,29330.00,18.12,14078.00,999.00,19.41,1294.30,19.25,2.79
2026-06-07T20:20:05,1,3.66,29330.00,18.12,14078.00,999.00,19.41,1295.20,19.25,2.80
2026-06-07T20:20:05,1,3.67,29330.00,18.12,14078.00,999.00,19.41,1296.10,19.25,2.81
2026-06-07T20:20:05,1,3.68,29340.00,18.13,14085.00,999.00,19.41,1297.20,19.25,2.82
2026-06-07T20:20:05,1,3.68,29340.00,18.13,14085.00,999.00,19.40,1298.90,19.25,2.83
2026-06-07T20:20:06,1,3.68,29340.00,18.13,14085.00,999.00,19.41,1300.90,19.25,2.85
2026-06-07T20:20:06,1,3.67,29340.00,18.13,14085.00,999.00,19.41,1302.00,19.25,2.86
2026-06-07T20:20:06,1,3.67,29340.00,18.13,14085.00,999.00,19.41,1302.80,19.25,2.87
2026-06-07T20:20:06,1,3.71,29340.00,18.13,14086.00,999.00,19.40,1304.10,19.25,2.88
2026-06-07T20:20:07,1,3.71,29340.00,18.13,14086.00,999.00,19.40,1305.50,19.25,2.90
2026-06-07T20:20:07,1,3.69,29340.00,18.13,14086.00,999.00,19.40,1305.70,19.25,2.90
2026-06-07T20:20:07,1,3.68,29340.00,18.13,14086.00,999.00,19.40,1305.20,19.25,2.90
2026-06-07T20:20:07,1,3.68,29340.00,18.13,14086.00,999.00,19.40,1305.70,19.25,2.90
2026-06-07T20:20:07,1,3.67,29350.00,18.13,14089.00,999.00,19.40,1306.60,19.24,2.91
2026-06-07T20:20:08,1,3.69,29350.00,18.13,14089.00,999.00,19.39,1307.50,19.23,2.92
2026-06-07T20:20:08,1,3.70,29350.00,18.13,14089.00,999.00,19.40,1307.80,19.23,2.92
2026-06-07T20:20:08,1,3.70,29350.00,18.13,14089.00,999.00,19.40,1309.30,19.24,2.94
2026-06-07T20:20:08,1,3.68,29370.00,18.15,14099.00,999.00,19.39,1310.70,19.24,2.95
2026-06-07T20:20:08,1,3.71,29370.00,18.15,14099.00,999.00,19.39,1312.50,19.24,2.97
2026-06-07T20:20:09,1,3.71,29370.00,18.15,14099.00,999.00,19.39,1313.90,19.24,2.98
2026-06-07T20:20:09,1,3.68,29370.00,18.15,14099.00,999.00,19.39,1315.40,19.24,3.00
2026-06-07T20:20:09,1,3.68,29370.00,18.15,14099.00,999.00,19.40,1316.80,19.24,3.01
2026-06-07T20:20:09,1,3.69,29350.00,18.13,14090.00,999.00,19.39,1318.40,19.24,3.03
2026-06-07T20:20:10,1,3.69,29350.00,18.13,14090.00,999.00,19.39,1320.00,19.24,3.04
2026-06-07T20:20:10,1,3.69,29350.00,18.13,14090.00,999.00,19.40,1321.10,19.24,3.05
2026-06-07T20:20:10,1,3.67,29350.00,18.13,14090.00,999.00,19.39,1322.60,19.24,3.07
2026-06-07T20:20:10,1,3.69,29350.00,18.13,14090.00,999.00,19.38,1323.60,19.24,3.08
2026-06-07T20:20:10,1,3.68,29400.00,18.17,14115.00,999.00,19.39,1324.10,19.24,3.08
2026-06-07T20:20:11,1,3.70,29400.00,18.17,14115.00,999.00,19.39,1325.40,19.24,3.10
2026-06-07T20:20:11,1,3.68,29400.00,18.17,14115.00,999.00,19.39,1326.70,19.24,3.11
2026-06-07T20:20:11,1,3.68,29400.00,18.17,14115.00,999.00,19.39,1328.00,19.24,3.12
2026-06-07T20:20:11,1,3.67,29550.00,18.27,14187.00,999.00,19.39,1329.10,19.24,3.13
2026-06-07T20:20:11,1,3.69,29550.00,18.27,14187.00,999.00,19.38,1330.30,19.24,3.14
2026-06-07T20:20:12,1,3.70,29550.00,18.27,14187.00,999.00,19.38,1331.90,19.24,3.16
2026-06-07T20:20:12,1,3.70,29550.00,18.27,14187.00,999.00,19.38,1333.30,19.24,3.17
2026-06-07T20:20:12,1,3.66,29550.00,18.27,14187.00,999.00,19.38,1335.50,19.24,3.20
2026-06-07T20:20:12,1,3.71,29660.00,18.35,14240.00,999.00,19.37,1336.40,19.24,3.20
2026-06-07T20:20:12,1,3.70,29660.00,18.35,14240.00,999.00,19.38,1337.80,19.24,3.22
2026-06-07T20:20:13,1,3.70,29660.00,18.35,14240.00,999.00,19.38,1339.10,19.24,3.23
2026-06-07T20:20:13,1,3.69,29660.00,18.35,14240.00,999.00,19.38,1341.00,19.24,3.25
2026-06-07T20:20:13,1,3.68,29660.00,18.35,14240.00,999.00,19.38,1341.90,19.24,3.26
2026-06-07T20:20:13,1,3.70,29850.00,18.47,14330.00,999.00,19.38,1342.70,19.24,3.27
2026-06-07T20:20:13,1,3.71,29850.00,18.47,14330.00,999.00,19.38,1343.60,19.24,3.28
2026-06-07T20:20:14,1,3.70,29850.00,18.47,14330.00,999.00,19.38,1344.50,19.24,3.29
2026-06-07T20:20:14,1,3.68,29850.00,18.47,14330.00,999.00,19.38,1345.10,19.24,3.29
2026-06-07T20:20:14,1,3.70,29850.00,18.47,14330.00,999.00,19.39,1345.60,19.24,3.30
2026-06-07T20:20:14,1,3.71,29770.00,18.42,14291.00,999.00,19.38,1345.60,19.24,3.30
2026-06-07T20:20:14,1,3.68,29770.00,18.42,14291.00,999.00,19.38,1346.60,19.24,3.31
2026-06-07T20:20:15,1,3.70,29770.00,18.42,14291.00,999.00,19.38,1347.60,19.23,3.32
2026-06-07T20:20:15,1,3.69,29770.00,18.42,14291.00,999.00,19.38,1348.80,19.24,3.33
2026-06-07T20:20:15,1,3.67,29910.00,18.51,14357.00,999.00,19.38,1349.50,19.24,3.33
2026-06-07T20:20:15,1,3.67,29910.00,18.51,14357.00,999.00,19.37,1351.20,19.23,3.35
2026-06-07T20:20:15,1,3.69,29910.00,18.51,14357.00,999.00,19.38,1352.10,19.24,3.36
2026-06-07T20:20:16,1,3.70,29910.00,18.51,14357.00,999.00,19.38,1353.60,19.24,3.38
2026-06-07T20:20:16,1,3.69,29910.00,18.51,14357.00,999.00,19.38,1355.00,19.24,3.39
2026-06-07T20:20:16,1,3.68,30170.00,18.69,14484.00,999.00,19.37,1356.70,19.23,3.41
2026-06-07T20:20:16,1,3.71,30170.00,18.69,14484.00,999.00,19.38,1358.20,19.24,3.42
2026-06-07T20:20:17,1,3.70,30170.00,18.69,14484.00,999.00,19.38,1358.60,19.23,3.42
2026-06-07T20:20:17,1,3.69,30170.00,18.69,14484.00,999.00,19.38,1359.10,19.24,3.43
2026-06-07T20:20:17,1,3.68,30170.00,18.69,14484.00,999.00,19.37,1360.00,19.23,3.44
2026-06-07T20:20:17,1,3.70,30110.00,18.65,14453.00,999.00,19.37,1361.40,19.24,3.45
2026-06-07T20:20:17,1,3.70,30110.00,18.65,14453.00,999.00,19.37,1362.60,19.23,3.46
2026-06-07T20:20:18,1,3.71,30110.00,18.65,14453.00,999.00,19.38,1364.20,19.24,3.48
2026-06-07T20:20:18,1,3.70,30110.00,18.65,14453.00,999.00,19.37,1366.00,19.24,3.50
2026-06-07T20:20:18,1,3.68,30110.00,18.65,14453.00,999.00,19.38,1367.90,19.23,3.52
2026-06-07T20:20:18,1,3.68,30270.00,18.76,14531.00,999.00,19.37,1369.70,19.23,3.53
2026-06-07T20:20:18,1,3.71,30270.00,18.76,14531.00,999.00,19.37,1371.20,19.23,3.55
2026-06-07T20:20:19,1,3.68,30270.00,18.76,14531.00,999.00,19.38,1373.20,19.23,3.57
2026-06-07T20:20:19,1,3.68,30270.00,18.76,14531.00,999.00,19.37,1374.50,19.23,3.58
2026-06-07T20:20:19,1,3.68,30270.00,18.76,14531.00,999.00,19.37,1375.50,19.23,3.59
2026-06-07T20:20:19,1,3.68,30530.00,18.94,14656.00,999.00,19.37,1377.00,19.24,3.61
2026-06-07T20:20:19,1,3.71,30530.00,18.94,14656.00,999.00,19.36,1378.30,19.23,3.62
2026-06-07T20:20:20,1,3.67,30530.00,18.94,14656.00,999.00,19.36,1380.00,19.23,3.64
2026-06-07T20:20:20,1,3.68,30530.00,18.94,14656.00,999.00,19.36,1380.90,19.23,3.65
2026-06-07T20:20:20,1,3.68,31170.00,19.38,14966.00,999.00,19.35,1382.30,19.23,3.66
2026-06-07T20:20:20,1,3.70,31170.00,19.38,14966.00,999.00,19.34,1382.80,19.23,3.66
2026-06-07T20:20:20,1,3.69,31170.00,19.38,14966.00,999.00,19.34,1384.10,19.22,3.68
2026-06-07T20:20:21,1,3.68,31170.00,19.38,14966.00,999.00,19.34,1385.00,19.22,3.69
2026-06-07T20:20:21,1,3.68,31170.00,19.38,14966.00,999.00,19.33,1386.90,19.22,3.71
2026-06-07T20:20:21,1,3.69,31240.00,19.42,14996.00,999.00,19.34,1388.30,19.23,3.72
2026-06-07T20:20:21,1,3.70,31240.00,19.42,14996.00,999.00,19.33,1390.20,19.23,3.74
2026-06-07T20:20:22,1,3.71,31240.00,19.42,14996.00,999.00,19.33,1391.90,19.23,3.75
2026-06-07T20:20:22,1,3.70,31240.00,19.42,14996.00,999.00,19.32,1393.20,19.23,3.77
2026-06-07T20:20:22,1,3.70,31290.00,19.46,15021.00,999.00,19.31,1394.70,19.23,3.78
2026-06-07T20:20:22,1,3.68,31290.00,19.46,15021.00,999.00,19.33,1395.90,19.23,3.79
2026-06-07T20:20:22,1,3.66,31290.00,19.46,15021.00,999.00,19.32,1397.20,19.23,3.81
2026-06-07T20:20:23,1,3.68,31290.00,19.46,15021.00,999.00,19.31,1399.10,19.23,3.83
2026-06-07T20:20:23,1,3.67,31290.00,19.46,15021.00,999.00,19.32,1400.30,19.23,3.84
2026-06-07T20:20:23,1,3.71,31360.00,19.50,15054.00,999.00,19.31,1401.30,19.22,3.85
2026-06-07T20:20:23,1,3.71,31360.00,19.50,15054.00,999.00,19.30,1402.50,19.22,3.86
2026-06-07T20:20:23,1,3.68,31360.00,19.50,15054.00,999.00,19.31,1402.80,19.22,3.86
2026-06-07T20:20:24,1,3.68,31360.00,19.50,15054.00,999.00,19.31,1403.60,19.22,3.87
2026-06-07T20:20:24,1,3.67,31360.00,19.50,15054.00,999.00,19.31,1404.50,19.22,3.88
2026-06-07T20:20:24,1,3.69,31680.00,19.72,15208.00,999.00,19.30,1405.70,19.22,3.89
2026-06-07T20:20:24,1,3.66,31680.00,19.72,15208.00,999.00,19.30,1407.20,19.22,3.91
2026-06-07T20:20:24,1,3.71,31680.00,19.72,15208.00,999.00,19.31,1407.70,19.22,3.91
2026-06-07T20:20:25,1,3.69,31680.00,19.72,15208.00,999.00,19.31,1408.60,19.22,3.92
2026-06-07T20:20:25,1,3.67,31680.00,19.72,15208.00,999.00,19.31,1409.50,19.22,3.93
2026-06-07T20:20:25,1,3.70,31760.00,19.78,15248.00,999.00,19.30,1410.20,19.21,3.94
2026-06-07T20:20:25,1,3.69,31760.00,19.78,15248.00,999.00,19.31,1411.10,19.21,3.95
2026-06-07T20:20:25,1,3.69,31760.00,19.78,15248.00,999.00,19.30,1412.30,19.21,3.96
2026-06-07T20:20:26,1,3.70,31760.00,19.78,15248.00,999.00,19.29,1413.40,19.21,3.97
2026-06-07T20:20:26,1,3.67,31760.00,19.78,15248.00,999.00,19.30,1414.90,19.21,3.98
2026-06-07T20:20:26,1,3.68,31820.00,19.82,15278.00,999.00,19.30,1415.60,19.21,3.99
2026-06-07T20:20:26,1,3.71,31820.00,19.82,15278.00,999.00,19.29,1417.10,19.21,4.00
2026-06-07T20:20:27,1,3.69,31820.00,19.82,15278.00,999.00,19.29,1418.60,19.21,4.02
2026-06-07T20:20:27,1,3.69,31820.00,19.82,15278.00,999.00,19.29,1418.70,19.21,4.02
2026-06-07T20:20:27,1,3.68,31830.00,19.83,15280.00,999.00,19.29,1418.90,19.21,4.02
2026-06-07T20:20:27,1,3.68,31830.00,19.83,15280.00,999.00,19.29,1419.80,19.20,4.03
2026-06-07T20:20:27,1,3.68,31830.00,19.83,15280.00,999.00,19.29,1420.90,19.20,4.04
2026-06-07T20:20:28,1,3.70,31830.00,19.83,15280.00,999.00,19.29,1421.70,19.20,4.05
2026-06-07T20:20:28,1,3.69,31830.00,19.83,15280.00,999.00,19.28,1422.50,19.20,4.06
2026-06-07T20:20:28,1,3.68,31850.00,19.84,15292.00,999.00,19.29,1423.30,19.20,4.07
2026-06-07T20:20:28,1,3.71,31850.00,19.84,15292.00,999.00,19.29,1424.50,19.20,4.08
2026-06-07T20:20:28,1,3.70,31850.00,19.84,15292.00,999.00,19.28,1426.20,19.20,4.09
2026-06-07T20:20:29,1,3.68,31850.00,19.84,15292.00,999.00,19.29,1427.50,19.20,4.11
2026-06-07T20:20:29,1,3.68,31850.00,19.84,15292.00,999.00,19.28,1428.10,19.20,4.11
2026-06-07T20:20:29,1,3.69,31850.00,19.84,15289.00,999.00,19.29,1429.40,19.20,4.13
2026-06-07T20:20:29,1,3.71,31850.00,19.84,15289.00,999.00,19.28,1430.80,19.20,4.14
2026-06-07T20:20:29,1,3.68,31850.00,19.84,15289.00,999.00,19.28,1432.20,19.19,4.15
2026-06-07T20:20:30,1,3.69,31850.00,19.84,15289.00,999.00,19.28,1433.40,19.19,4.17
2026-06-07T20:20:30,1,3.69,31850.00,19.84,15289.00,999.00,19.28,1435.30,19.19,4.18
2026-06-07T20:20:30,1,3.72,31920.00,19.89,15324.00,999.00,19.29,1437.00,19.20,4.20
2026-06-07T20:20:30,1,3.70,31920.00,19.89,15324.00,999.00,19.29,1437.60,19.19,4.21
2026-06-07T20:20:30,1,3.70,31920.00,19.89,15324.00,999.00,19.28,1439.40,19.19,4.23
2026-06-07T20:20:31,1,3.69,31920.00,19.89,15324.00,999.00,19.28,1440.10,19.19,4.23
2026-06-07T20:20:31,1,3.68,31930.00,19.90,15330.00,999.00,19.29,1441.10,19.19,4.24
2026-06-07T20:20:31,1,3.70,31930.00,19.90,15330.00,999.00,19.29,1442.30,19.19,4.25
2026-06-07T20:20:31,1,3.69,31930.00,19.90,15330.00,999.00,19.29,1443.60,19.19,4.27
2026-06-07T20:20:31,1,3.70,31930.00,19.90,15330.00,999.00,19.27,1444.40,19.19,4.28
2026-06-07T20:20:32,1,3.70,31930.00,19.90,15330.00,999.00,19.28,1445.60,19.19,4.29
2026-06-07T20:20:32,1,3.70,31930.00,19.89,15327.00,999.00,19.28,1446.90,19.19,4.30
2026-06-07T20:20:32,1,3.68,31930.00,19.89,15327.00,999.00,19.28,1448.70,19.19,4.32
2026-06-07T20:20:32,1,3.71,31930.00,19.89,15327.00,999.00,19.27,1450.30,19.19,4.33
2026-06-07T20:20:33,1,3.68,31930.00,19.89,15327.00,999.00,19.28,1451.90,19.19,4.35
2026-06-07T20:20:33,1,3.69,31930.00,19.89,15327.00,999.00,19.28,1453.20,19.19,4.36
2026-06-07T20:20:33,1,3.70,31940.00,19.91,15336.00,999.00,19.28,1454.70,19.18,4.38
2026-06-07T20:20:33,1,3.70,31940.00,19.91,15336.00,999.00,19.28,1455.50,19.18,4.39
2026-06-07T20:20:33,1,3.70,31940.00,19.91,15336.00,999.00,19.27,1456.70,19.18,4.40
2026-06-07T20:20:34,1,3.68,31940.00,19.91,15336.00,999.00,19.27,1459.30,19.17,4.42
2026-06-07T20:20:34,1,3.70,31920.00,19.89,15325.00,999.00,19.27,1459.90,19.18,4.43
2026-06-07T20:20:34,1,3.70,31920.00,19.89,15325.00,999.00,19.26,1462.40,19.18,4.45
2026-06-07T20:20:34,1,3.71,31920.00,19.89,15325.00,999.00,19.27,1463.30,19.18,4.46
2026-06-07T20:20:34,1,3.70,31920.00,19.89,15325.00,999.00,19.26,1463.10,19.18,4.46
2026-06-07T20:20:35,1,3.68,31920.00,19.89,15325.00,999.00,19.27,1463.20,19.18,4.46
2026-06-07T20:20:35,1,3.69,31890.00,19.87,15312.00,999.00,19.26,1464.20,19.18,4.47
2026-06-07T20:20:35,1,3.70,31890.00,19.87,15312.00,999.00,19.25,1465.60,19.18,4.49
2026-06-07T20:20:35,1,3.69,31890.00,19.87,15312.00,999.00,19.25,1465.60,19.18,4.49
2026-06-07T20:20:35,1,3.69,31890.00,19.87,15312.00,999.00,19.24,1465.80,19.17,4.49
2026-06-07T20:20:36,1,3.68,31890.00,19.87,15312.00,999.00,19.24,1466.40,19.18,4.49
2026-06-07T20:20:36,1,3.71,32020.00,19.96,15371.00,999.00,19.24,1466.70,19.17,4.50
2026-06-07T20:20:36,1,3.68,32020.00,19.96,15371.00,999.00,19.24,1467.70,19.17,4.51
2026-06-07T20:20:36,1,3.71,32020.00,19.96,15371.00,999.00,19.23,1469.00,19.17,4.52
2026-06-07T20:20:37,1,3.66,32020.00,19.96,15371.00,999.00,19.23,1470.20,19.17,4.53
2026-06-07T20:20:37,1,3.67,32020.00,19.96,15371.00,999.00,19.23,1470.70,19.17,4.54
2026-06-07T20:20:37,1,3.70,32060.00,19.99,15394.00,999.00,19.24,1472.10,19.17,4.55
2026-06-07T20:20:37,1,3.71,32060.00,19.99,15394.00,999.00,19.22,1474.10,19.17,4.57
2026-06-07T20:20:37,1,3.71,32060.00,19.99,15394.00,999.00,19.22,1475.50,19.17,4.58
2026-06-07T20:20:38,1,3.68,32060.00,19.99,15394.00,999.00,19.23,1477.60,19.16,4.60
2026-06-07T20:20:38,1,3.69,32270.00,20.13,15491.00,999.00,19.21,1480.90,19.16,4.64
2026-06-07T20:20:38,1,3.69,32270.00,20.13,15491.00,999.00,19.21,1482.70,19.16,4.65
2026-06-07T20:20:38,1,3.70,32270.00,20.13,15491.00,999.00,19.21,1482.50,19.16,4.65
2026-06-07T20:20:38,1,3.68,32270.00,20.13,15491.00,999.00,19.22,1482.60,19.16,4.65
2026-06-07T20:20:39,1,3.67,32270.00,20.13,15491.00,999.00,19.21,1484.40,19.16,4.67
2026-06-07T20:20:39,1,3.68,32330.00,20.17,15521.00,999.00,19.20,1486.20,19.16,4.69
2026-06-07T20:20:39,1,3.71,32330.00,20.17,15521.00,999.00,19.21,1487.80,19.15,4.71
2026-06-07T20:20:39,1,3.69,32330.00,20.17,15521.00,999.00,19.20,1489.90,19.15,4.73
2026-06-07T20:20:39,1,3.69,32330.00,20.17,15521.00,999.00,19.21,1492.00,19.15,4.75
2026-06-07T20:20:40,1,3.70,32330.00,20.17,15521.00,999.00,19.20,1493.60,19.15,4.76
2026-06-07T20:20:40,1,3.69,32410.00,20.22,15558.00,999.00,19.20,1495.40,19.15,4.78
2026-06-07T20:20:40,1,3.71,32410.00,20.22,15558.00,999.00,19.20,1497.70,19.15,4.80
2026-06-07T20:20:40,1,3.68,32410.00,20.22,15558.00,999.00,19.20,1499.70,19.15,4.82
2026-06-07T20:20:40,1,3.69,32410.00,20.22,15558.00,999.00,19.20,1501.90,19.15,4.84
2026-06-07T20:20:41,1,3.68,32410.00,20.22,15558.00,999.00,19.20,1503.80,19.15,4.86
2026-06-07T20:20:41,1,3.70,32570.00,20.34,15636.00,999.00,19.20,1505.30,19.15,4.88
2026-06-07T20:20:41,1,3.68,32570.00,20.34,15636.00,999.00,19.20,1507.30,19.15,4.90
2026-06-07T20:20:41,1,3.70,32570.00,20.34,15636.00,999.00,19.20,1509.60,19.14,4.92
2026-06-07T20:20:41,1,3.70,32570.00,20.34,15636.00,999.00,19.20,1511.50,19.15,4.94
2026-06-07T20:20:42,1,3.68,32570.00,20.34,15636.00,999.00,19.20,1513.70,19.14,4.96
2026-06-07T20:20:42,1,3.70,32770.00,20.47,15731.00,999.00,19.20,1516.20,19.14,4.99
2026-06-07T20:20:42,1,3.71,32770.00,20.47,15731.00,999.00,19.20,1518.40,19.14,5.01
2026-06-07T20:20:42,1,3.68,32770.00,20.47,15731.00,999.00,19.20,1520.50,19.14,5.03
2026-06-07T20:20:43,1,3.70,32770.00,20.47,15731.00,999.00,19.20,1521.40,19.14,5.04
2026-06-07T20:20:43,1,3.68,33010.00,20.64,15847.00,999.00,19.20,1522.30,19.14,5.05
2026-06-07T20:20:43,1,3.71,33010.00,20.64,15847.00,999.00,19.20,1525.00,19.13,5.07
2026-06-07T20:20:43,1,3.71,33010.00,20.64,15847.00,999.00,19.20,1526.20,19.13,5.09
2026-06-07T20:20:43,1,3.66,33010.00,20.64,15847.00,999.00,19.20,1526.80,19.13,5.09
2026-06-07T20:20:44,1,3.70,33010.00,20.64,15847.00,999.00,19.20,1528.10,19.13,5.10
2026-06-07T20:20:44,1,3.70,33410.00,20.92,16041.00,999.00,19.20,1529.50,19.13,5.12
2026-06-07T20:20:44,1,3.71,33410.00,20.92,16041.00,999.00,19.20,1530.70,19.13,5.13
2026-06-07T20:20:44,1,3.70,33410.00,20.92,16041.00,999.00,19.20,1532.40,19.13,5.15
2026-06-07T20:20:44,1,3.68,33410.00,20.92,16041.00,999.00,19.21,1533.50,19.13,5.16
2026-06-07T20:20:45,1,3.68,33410.00,20.92,16041.00,999.00,19.21,1534.20,19.13,5.16
2026-06-07T20:20:45,1,3.71,33430.00,20.93,16050.00,999.00,19.21,1535.90,19.13,5.18
2026-06-07T20:20:45,1,3.69,33430.00,20.93,16050.00,999.00,19.20,1538.00,19.13,5.20
2026-06-07T20:20:45,1,3.71,33430.00,20.93,16050.00,999.00,19.21,1539.70,19.12,5.22
2026-06-07T20:20:45,1,3.67,33430.00,20.93,16050.00,999.00,19.22,1541.80,19.13,5.24
2026-06-07T20:20:46,1,3.68,33460.00,20.95,16063.00,999.00,19.21,1544.10,19.12,5.26
2026-06-07T20:20:46,1,3.71,33460.00,20.95,16063.00,999.00,19.22,1545.10,19.12,5.27
2026-06-07T20:20:46,1,3.70,33460.00,20.95,16063.00,999.00,19.22,1546.50,19.13,5.29
2026-06-07T20:20:46,1,3.67,33460.00,20.95,16063.00,999.00,19.21,1548.30,19.12,5.30
2026-06-07T20:20:46,1,3.67,33460.00,20.95,16063.00,999.00,19.22,1549.90,19.13,5.32
2026-06-07T20:20:47,1,3.71,33440.00,20.94,16055.00,999.00,19.21,1551.10,19.11,5.33
2026-06-07T20:20:47,1,3.68,33440.00,20.94,16055.00,999.00,19.22,1552.50,19.12,5.35
2026-06-07T20:20:47,1,3.70,33440.00,20.94,16055.00,999.00,19.22,1553.40,19.12,5.36
2026-06-07T20:20:47,1,3.67,33440.00,20.94,16055.00,999.00,19.22,1554.70,19.12,5.37
2026-06-07T20:20:48,1,3.67,33440.00,20.94,16055.00,999.00,19.22,1556.80,19.12,5.39
2026-06-07T20:20:48,1,3.71,33530.00,21.00,16099.00,999.00,19.22,1558.70,19.12,5.41
2026-06-07T20:20:48,1,3.70,33530.00,21.00,16099.00,999.00,19.22,1560.20,19.12,5.42
2026-06-07T20:20:48,1,3.68,33530.00,21.00,16099.00,999.00,19.22,1561.20,19.12,5.43
2026-06-07T20:20:48,1,3.68,33530.00,21.00,16099.00,999.00,19.22,1562.70,19.12,5.45
2026-06-07T20:20:49,1,3.69,33530.00,21.00,16099.00,999.00,19.22,1563.70,19.12,5.46
2026-06-07T20:20:49,1,3.69,33580.00,21.03,16122.00,999.00,19.22,1564.10,19.12,5.46
2026-06-07T20:20:49,1,3.68,33580.00,21.03,16122.00,999.00,19.21,1565.70,19.12,5.48
2026-06-07T20:20:49,1,3.70,33580.00,21.03,16122.00,999.00,19.22,1566.90,19.12,5.49
2026-06-07T20:20:49,1,3.66,33580.00,21.03,16122.00,999.00,19.22,1567.60,19.12,5.50
2026-06-07T20:20:50,1,3.69,33600.00,21.04,16128.00,999.00,19.21,1568.50,19.12,5.50
2026-06-07T20:20:50,1,3.70,33600.00,21.04,16128.00,999.00,19.22,1569.30,19.12,5.51
2026-06-07T20:20:50,1,3.71,33600.00,21.04,16128.00,999.00,19.22,1570.10,19.12,5.52
2026-06-07T20:20:50,1,3.68,33600.00,21.04,16128.00,999.00,19.21,1571.20,19.12,5.53
2026-06-07T20:20:50,1,3.70,33600.00,21.04,16128.00,999.00,19.21,1572.70,19.12,5.55
2026-06-07T20:20:51,1,3.69,33650.00,21.08,16152.00,999.00,19.21,1573.50,19.11,5.55
2026-06-07T20:20:51,1,3.70,33650.00,21.08,16152.00,999.00,19.22,1574.40,19.12,5.56
2026-06-07T20:20:51,1,3.71,33650.00,21.08,16152.00,999.00,19.21,1574.20,19.12,5.56
2026-06-07T20:20:51,1,3.69,33650.00,21.08,16152.00,999.00,19.21,1575.20,19.12,5.57
2026-06-07T20:20:51,1,3.67,33650.00,21.08,16152.00,999.00,19.21,1576.60,19.12,5.59
2026-06-07T20:20:52,1,3.69,33650.00,21.08,16153.00,999.00,19.21,1578.10,19.11,5.60
2026-06-07T20:20:52,1,3.68,33650.00,21.08,16153.00,999.00,19.21,1579.60,19.12,5.61
2026-06-07T20:20:52,1,3.70,33650.00,21.08,16153.00,999.00,19.21,1581.00,19.12,5.63
2026-06-07T20:20:52,1,3.67,33650.00,21.08,16153.00,999.00,19.22,1583.00,19.12,5.65
2026-06-07T20:20:53,1,3.67,33650.00,21.08,16153.00,999.00,19.21,1584.20,19.11,5.66
2026-06-07T20:20:53,1,3.68,33720.00,21.13,16188.00,999.00,19.20,1584.90,19.11,5.67
2026-06-07T20:20:53,1,3.71,33720.00,21.13,16188.00,999.00,19.21,1585.80,19.11,5.68
2026-06-07T20:20:53,1,3.69,33720.00,21.13,16188.00,999.00,19.21,1587.40,19.11,5.69
2026-06-07T20:20:53,1,3.69,33720.00,21.13,16188.00,999.00,19.21,1588.40,19.11,5.70
2026-06-07T20:20:54,1,3.69,33820.00,21.20,16235.00,999.00,19.20,1590.60,19.11,5.72
2026-06-07T20:20:54,1,3.68,33820.00,21.20,16235.00,999.00,19.21,1592.50,19.11,5.74
2026-06-07T20:20:54,1,3.70,33820.00,21.20,16235.00,999.00,19.22,1594.00,19.11,5.76
2026-06-07T20:20:54,1,3.66,33820.00,21.20,16235.00,999.00,19.21,1595.90,19.11,5.78
2026-06-07T20:20:54,1,3.69,33820.00,21.20,16235.00,999.00,19.21,1597.70,19.11,5.79
2026-06-07T20:20:55,1,3.71,33800.00,21.19,16228.00,999.00,19.22,1600.10,19.11,5.82
2026-06-07T20:20:55,1,3.70,33800.00,21.19,16228.00,999.00,19.20,1601.80,19.11,5.83
2026-06-07T20:20:55,1,3.71,33800.00,21.19,16228.00,999.00,19.21,1602.60,19.11,5.84
2026-06-07T20:20:55,1,3.68,33800.00,21.19,16228.00,999.00,19.22,1602.80,19.11,5.84
2026-06-07T20:20:55,1,3.69,33800.00,21.19,16228.00,999.00,19.21,1604.80,19.11,5.86
2026-06-07T20:20:56,1,3.68,33850.00,21.22,16250.00,999.00,19.21,1605.60,19.11,5.87
2026-06-07T20:20:56,1,3.68,33850.00,21.22,16250.00,999.00,19.20,1606.80,19.11,5.88
2026-06-07T20:20:56,1,3.70,33850.00,21.22,16250.00,999.00,19.21,1608.10,19.11,5.90
2026-06-07T20:20:56,1,3.70,33850.00,21.22,16250.00,999.00,19.22,1609.30,19.11,5.91
2026-06-07T20:20:56,1,3.69,33850.00,21.22,16250.00,999.00,19.21,1610.30,19.11,5.92
2026-06-07T20:20:57,1,3.69,33860.00,21.23,16255.00,999.00,19.21,1610.60,19.11,5.92
2026-06-07T20:20:57,1,3.68,33860.00,21.23,16255.00,999.00,19.21,1612.10,19.11,5.94
2026-06-07T20:20:57,1,3.70,33860.00,21.23,16255.00,999.00,19.21,1613.00,19.11,5.95
2026-06-07T20:20:57,1,3.68,33860.00,21.23,16255.00,999.00,19.21,1614.40,19.11,5.96
2026-06-07T20:20:57,1,3.68,33860.00,21.23,16255.00,999.00,19.21,1615.20,19.11,5.97
2026-06-07T20:20:58,1,3.70,33900.00,21.25,16272.00,999.00,19.21,1615.60,19.11,5.97
2026-06-07T20:20:58,1,3.68,33900.00,21.25,16272.00,999.00,19.21,1617.00,19.11,5.99
2026-06-07T20:20:58,1,3.70,33900.00,21.25,16272.00,999.00,19.20,1618.80,19.10,6.00
2026-06-07T20:20:58,1,3.68,33900.00,21.25,16272.00,999.00,19.21,1620.00,19.10,6.02
2026-06-07T20:20:59,1,3.70,33940.00,21.28,16294.00,999.00,19.21,1621.30,19.11,6.03
2026-06-07T20:20:59,1,3.68,33940.00,21.28,16294.00,999.00,19.21,1622.30,19.11,6.04
2026-06-07T20:20:59,1,3.71,33940.00,21.28,16294.00,999.00,19.20,1624.30,19.11,6.06
2026-06-07T20:20:59,1,3.69,33940.00,21.28,16294.00,999.00,19.21,1625.10,19.11,6.07
2026-06-07T20:20:59,1,3.67,33940.00,21.28,16294.00,999.00,19.20,1626.10,19.11,6.08
2026-06-07T20:21:00,1,3.68,34080.00,21.38,16360.00,999.00,19.21,1626.70,19.11,6.08
2026-06-07T20:21:00,1,3.70,34080.00,21.38,16360.00,999.00,19.20,1627.60,19.09,6.09
2026-06-07T20:21:00,1,3.71,34080.00,21.38,16360.00,999.00,19.20,1629.20,19.10,6.11
2026-06-07T20:21:00,1,3.70,34080.00,21.38,16360.00,999.00,19.21,1630.30,19.10,6.12
2026-06-07T20:21:00,1,3.67,34080.00,21.38,16361.00,999.00,19.20,1630.90,19.10,6.12
2026-06-07T20:21:01,1,3.69,34080.00,21.38,16361.00,999.00,19.20,1630.70,19.10,6.12
2026-06-07T20:21:01,1,3.70,34080.00,21.38,16361.00,999.00,19.20,1632.00,19.10,6.13
2026-06-07T20:21:01,1,3.68,34080.00,21.38,16361.00,999.00,19.21,1632.80,19.10,6.14
2026-06-07T20:21:01,1,3.66,34080.00,21.38,16361.00,999.00,19.20,1632.70,19.10,6.14
2026-06-07T20:21:01,1,3.68,33950.00,21.29,16297.00,999.00,19.20,1633.60,19.10,6.15
2026-06-07T20:21:02,1,3.71,33950.00,21.29,16297.00,999.00,19.21,1634.10,19.10,6.15
2026-06-07T20:21:02,1,3.71,33950.00,21.29,16297.00,999.00,19.20,1634.60,19.10,6.16
2026-06-07T20:21:02,1,3.67,33950.00,21.29,16297.00,999.00,19.21,1634.70,19.11,6.16
2026-06-07T20:21:02,1,3.68,33950.00,21.29,16297.00,999.00,19.20,1636.30,19.10,6.18
2026-06-07T20:21:03,1,3.70,33980.00,21.31,16315.00,999.00,19.20,1638.50,19.10,6.20
2026-06-07T20:21:03,1,3.70,33980.00,21.31,16315.00,999.00,19.20,1640.10,19.11,6.21
2026-06-07T20:21:03,1,3.71,33980.00,21.31,16315.00,999.00,19.20,1641.30,19.11,6.23
2026-06-07T20:21:03,1,3.69,33980.00,21.31,16315.00,999.00,19.21,1642.50,19.10,6.24
2026-06-07T20:21:03,1,3.69,33980.00,21.31,16315.00,999.00,19.20,1643.10,19.11,6.24
2026-06-07T20:21:04,1,3.71,34010.00,21.33,16325.00,999.00,19.21,1643.60,19.10,6.25
2026-06-07T20:21:04,1,3.70,34010.00,21.33,16325.00,999.00,19.21,1644.40,19.10,6.26
2026-06-07T20:21:04,1,3.69,34010.00,21.33,16325.00,999.00,19.20,1645.10,19.10,6.26
2026-06-07T20:21:04,1,3.67,34010.00,21.33,16325.00,999.00,19.20,1646.30,19.10,6.28
2026-06-07T20:21:04,1,3.67,34010.00,21.33,16325.00,999.00,19.20,1648.20,19.10,6.29
2026-06-07T20:21:05,1,3.68,34070.00,21.37,16354.00,999.00,19.20,1649.70,19.10,6.31
2026-06-07T20:21:05,1,3.71,34070.00,21.37,16354.00,999.00,19.20,1651.10,19.10,6.32
2026-06-07T20:21:05,1,3.71,34070.00,21.37,16354.00,999.00,19.20,1652.40,19.10,6.34
2026-06-07T20:21:05,1,3.68,34070.00,21.37,16354.00,999.00,19.20,1655.60,19.10,6.37
2026-06-07T20:21:05,1,3.68,34090.00,21.39,16366.00,999.00,19.20,1658.10,19.10,6.39
2026-06-07T20:21:06,1,3.70,34090.00,21.39,16366.00,999.00,19.20,1659.50,19.10,6.41
2026-06-07T20:21:06,1,3.71,34090.00,21.39,16366.00,999.00,19.20,1661.50,19.10,6.43
2026-06-07T20:21:06,1,3.67,34090.00,21.39,16366.00,999.00,19.20,1662.40,19.10,6.44
2026-06-07T20:21:06,1,3.69,34090.00,21.39,16366.00,999.00,19.20,1664.00,19.10,6.45
2026-06-07T20:21:06,1,3.71,34180.00,21.45,16408.00,999.00,19.20,1665.80,19.10,6.47
2026-06-07T20:21:07,1,3.68,34180.00,21.45,16408.00,999.00,19.20,1666.60,19.10,6.48
2026-06-07T20:21:07,1,3.69,34180.00,21.45,16408.00,999.00,19.20,1668.90,19.10,6.50
2026-06-07T20:21:07,1,3.68,34180.00,21.45,16408.00,999.00,19.20,1670.90,19.10,6.52
2026-06-07T20:21:07,1,3.66,34180.00,21.45,16408.00,999.00,19.20,1673.10,19.10,6.54
2026-06-07T20:21:07,1,3.69,34090.00,21.39,16367.00,999.00,19.20,1674.50,19.10,6.56
2026-06-07T20:21:08,1,3.69,34090.00,21.39,16367.00,999.00,19.21,1675.60,19.10,6.57
2026-06-07T20:21:08,1,3.71,34090.00,21.39,16367.00,999.00,19.20,1677.20,19.10,6.58
2026-06-07T20:21:08,1,3.70,34090.00,21.39,16367.00,999.00,19.20,1679.10,19.10,6.60
2026-06-07T20:21:08,1,3.68,34090.00,21.39,16367.00,999.00,19.20,1681.10,19.10,6.62
2026-06-07T20:21:08,1,3.70,34200.00,21.46,16417.00,999.00,19.20,1683.30,19.10,6.64
2026-06-07T20:21:09,1,3.68,34200.00,21.46,16417.00,999.00,19.21,1685.40,19.10,6.66
2026-06-07T20:21:09,1,3.70,34200.00,21.46,16417.00,999.00,19.20,1686.80,19.10,6.68
2026-06-07T20:21:09,1,3.68,34200.00,21.46,16417.00,999.00,19.20,1688.30,19.10,6.69
2026-06-07T20:21:09,1,3.68,34200.00,21.46,16417.00,999.00,19.20,1689.20,19.10,6.70
2026-06-07T20:21:10,1,3.68,34120.00,21.40,16378.00,999.00,19.22,1691.40,19.10,6.72
2026-06-07T20:21:10,1,3.71,34120.00,21.40,16378.00,999.00,19.21,1693.90,19.10,6.75
2026-06-07T20:21:10,1,3.70,34120.00,21.40,16378.00,999.00,19.21,1696.10,19.10,6.77
2026-06-07T20:21:10,1,3.70,34120.00,21.40,16378.00,999.00,19.20,1698.50,19.10,6.79
2026-06-07T20:21:10,1,3.67,34130.00,21.41,16386.00,999.00,19.20,1700.50,19.10,6.81
2026-06-07T20:21:11,1,3.70,34130.00,21.41,16386.00,999.00,19.20,1701.90,19.10,6.83
2026-06-07T20:21:11,1,3.69,34130.00,21.41,16386.00,999.00,19.21,1702.90,19.09,6.84
2026-06-07T20:21:11,1,3.69,34130.00,21.41,16386.00,999.00,19.21,1703.70,19.10,6.84
2026-06-07T20:21:11,1,3.68,34130.00,21.41,16386.00,999.00,19.20,1705.50,19.10,6.86
2026-06-07T20:21:11,1,3.69,34160.00,21.43,16399.00,999.00,19.20,1706.60,19.10,6.87
2026-06-07T20:21:12,1,3.70,34160.00,21.43,16399.00,999.00,19.20,1708.30,19.10,6.89
2026-06-07T20:21:12,1,3.71,34160.00,21.43,16399.00,999.00,19.20,1709.40,19.10,6.90
2026-06-07T20:21:12,1,3.66,34160.00,21.43,16399.00,999.00,19.20,1711.20,19.10,6.92
2026-06-07T20:21:12,1,3.69,34160.00,21.43,16399.00,999.00,19.20,1712.80,19.10,6.93
2026-06-07T20:21:12,1,3.70,34220.00,21.48,16428.00,999.00,19.20,1714.10,19.10,6.95
2026-06-07T20:21:13,1,3.68,34220.00,21.48,16428.00,999.00,19.21,1716.30,19.09,6.97
2026-06-07T20:21:13,1,3.70,34220.00,21.48,16428.00,999.00,19.20,1717.30,19.10,6.98
2026-06-07T20:21:13,1,3.66,34220.00,21.48,16428.00,999.00,19.20,1718.00,19.10,6.99
2026-06-07T20:21:13,1,3.68,34160.00,21.43,16398.00,999.00,19.20,1718.80,19.10,6.99
2026-06-07T20:21:14,1,3.71,34160.00,21.43,16398.00,999.00,19.20,1719.10,19.09,7.00
2026-06-07T20:21:14,1,3.71,34160.00,21.43,16398.00,999.00,19.20,1719.50,19.10,7.00
2026-06-07T20:21:14,1,3.67,34160.00,21.43,16398.00,999.00,19.20,1719.70,19.10,7.00
2026-06-07T20:21:14,1,3.70,34160.00,21.43,16398.00,999.00,19.20,1720.30,19.10,7.01
2026-06-07T20:21:14,1,3.68,34130.00,21.41,16383.00,999.00,19.20,1720.20,19.10,7.01
2026-06-07T20:21:15,1,3.71,34130.00,21.41,16383.00,999.00,19.21,1720.90,19.10,7.02
2026-06-07T20:21:15,1,3.71,34130.00,21.41,16383.00,999.00,19.20,1722.90,19.10,7.03
2026-06-07T20:21:15,1,3.68,34130.00,21.41,16383.00,999.00,19.21,1724.30,19.10,7.05
2026-06-07T20:21:15,1,3.68,34130.00,21.41,16383.00,999.00,19.21,1726.80,19.10,7.07
2026-06-07T20:21:15,1,3.68,34200.00,21.46,16418.00,999.00,19.20,1729.40,19.10,7.10
2026-06-07T20:21:16,1,3.71,34200.00,21.46,16418.00,999.00,19.21,1731.70,19.10,7.12
2026-06-07T20:21:16,1,3.71,34200.00,21.46,16418.00,999.00,19.21,1733.20,19.10,7.14
2026-06-07T20:21:16,1,3.68,34200.00,21.46,16418.00,999.00,19.21,1734.20,19.10,7.15
2026-06-07T20:21:16,1,3.69,34200.00,21.46,16418.00,999.00,19.20,1735.80,19.10,7.16
2026-06-07T20:21:16,1,3.71,34230.00,21.48,16431.00,999.00,19.20,1737.70,19.10,7.18
2026-06-07T20:21:17,1,3.71,34230.00,21.48,16431.00,999.00,19.20,1740.70,19.10,7.21
2026-06-07T20:21:17,1,3.68,34230.00,21.48,16431.00,999.00,19.21,1742.80,19.10,7.23
2026-06-07T20:21:17,1,3.68,34230.00,21.48,16431.00,999.00,19.21,1744.90,19.10,7.25
2026-06-07T20:21:17,1,3.69,34210.00,21.47,16425.00,999.00,19.20,1746.40,19.10,7.27
2026-06-07T20:21:17,1,3.71,34210.00,21.47,16425.00,999.00,19.20,1748.80,19.10,7.29
2026-06-07T20:21:18,1,3.71,34210.00,21.47,16425.00,999.00,19.21,1750.40,19.10,7.31
2026-06-07T20:21:18,1,3.67,34210.00,21.47,16425.00,999.00,19.21,1752.80,19.10,7.33
2026-06-07T20:21:18,1,3.68,34210.00,21.47,16425.00,999.00,19.21,1753.80,19.10,7.34
2026-06-07T20:21:18,1,3.70,34210.00,21.47,16424.00,999.00,19.21,1755.10,19.10,7.35
2026-06-07T20:21:18,1,3.70,34210.00,21.47,16424.00,999.00,19.21,1756.20,19.10,7.36
2026-06-07T20:21:19,1,3.69,34210.00,21.47,16424.00,999.00,19.21,1757.80,19.10,7.38
2026-06-07T20:21:19,1,3.67,34210.00,21.47,16424.00,999.00,19.21,1759.40,19.10,7.40
2026-06-07T20:21:19,1,3.69,34210.00,21.47,16424.00,999.00,19.21,1760.80,19.10,7.41
2026-06-07T20:21:19,1,3.69,34230.00,21.48,16431.00,999.00,19.20,1763.40,19.10,7.44
2026-06-07T20:21:20,1,3.71,34230.00,21.48,16431.00,999.00,19.21,1765.80,19.10,7.46
2026-06-07T20:21:20,1,3.71,34230.00,21.48,16431.00,999.00,19.21,1767.10,19.10,7.47
2026-06-07T20:21:20,1,3.70,34230.00,21.48,16431.00,999.00,19.21,1768.60,19.10,7.49
2026-06-07T20:21:20,1,3.68,34230.00,21.48,16431.00,999.00,19.21,1769.60,19.10,7.50
2026-06-07T20:21:20,1,3.70,34240.00,21.49,16436.00,999.00,19.20,1769.60,19.10,7.50
2026-06-07T20:21:21,1,3.70,34240.00,21.49,16436.00,999.00,19.20,1770.60,19.10,7.51
2026-06-07T20:21:21,1,3.70,34240.00,21.49,16436.00,999.00,19.21,1773.40,19.10,7.54
2026-06-07T20:21:21,1,3.69,34240.00,21.49,16436.00,999.00,19.20,1776.20,19.10,7.56
2026-06-07T20:21:21,1,3.70,34240.00,21.49,16437.00,999.00,19.21,1779.50,19.10,7.60
2026-06-07T20:21:21,1,3.71,34240.00,21.49,16437.00,999.00,19.21,1782.30,19.10,7.62
2026-06-07T20:21:22,1,3.68,34240.00,21.49,16437.00,999.00,19.20,1785.40,19.10,7.65
2026-06-07T20:21:22,1,3.68,34240.00,21.49,16437.00,999.00,19.21,1788.50,19.10,7.69
2026-06-07T20:21:22,1,3.67,34240.00,21.49,16437.00,999.00,19.21,1791.20,19.10,7.71
2026-06-07T20:21:22,1,3.68,34260.00,21.50,16446.00,999.00,19.21,1793.20,19.10,7.73
2026-06-07T20:21:22,1,3.71,34260.00,21.50,16446.00,999.00,19.21,1795.70,19.10,7.76
2026-06-07T20:21:23,1,3.71,34260.00,21.50,16446.00,999.00,19.21,1797.80,19.11,7.78
2026-06-07T20:21:23,1,3.68,34260.00,21.50,16446.00,999.00,19.20,1800.10,19.11,7.80
2026-06-07T20:21:23,1,3.68,34260.00,21.50,16446.00,999.00,19.20,1802.00,19.10,7.82
2026-06-07T20:21:23,1,3.71,34260.00,21.51,16449.00,999.00,19.21,1805.00,19.10,7.85
2026-06-07T20:21:23,1,3.69,34260.00,21.51,16449.00,999.00,19.21,1807.60,19.10,7.87
2026-06-07T20:21:24,1,3.69,34260.00,21.51,16449.00,999.00,19.20,1809.50,19.10,7.89
2026-06-07T20:21:24,1,3.68,34260.00,21.51,16449.00,999.00,19.20,1812.40,19.10,7.92
2026-06-07T20:21:24,1,3.68,34260.00,21.51,16449.00,999.00,19.21,1814.70,19.10,7.94
2026-06-07T20:21:24,1,3.70,34280.00,21.51,16456.00,999.00,19.21,1817.40,19.10,7.97
2026-06-07T20:21:25,1,3.71,34280.00,21.51,16456.00,999.00,19.20,1818.50,19.10,7.98
2026-06-07T20:21:25,1,3.69,34280.00,21.51,16456.00,999.00,19.20,1819.30,19.10,7.99
2026-06-07T20:21:25,1,3.70,34280.00,21.51,16456.00,999.00,19.20,1820.30,19.10,8.00
2026-06-07T20:21:25,1,3.67,34290.00,21.52,16461.00,999.00,19.21,1822.20,19.11,8.02
2026-06-07T20:21:25,1,3.69,34290.00,21.52,16461.00,999.00,19.21,1823.70,19.10,8.03
2026-06-07T20:21:26,1,3.69,34290.00,21.52,16461.00,999.00,19.21,1825.50,19.10,8.05
2026-06-07T20:21:26,1,3.70,34290.00,21.52,16461.00,999.00,19.21,1828.20,19.09,8.08
2026-06-07T20:21:26,1,3.69,34290.00,21.52,16461.00,999.00,19.21,1829.90,19.10,8.10
2026-06-07T20:21:26,1,3.68,34280.00,21.52,16459.00,999.00,19.21,1831.80,19.10,8.11
2026-06-07T20:21:26,1,3.71,34280.00,21.52,16459.00,999.00,19.20,1834.10,19.10,8.14
2026-06-07T20:21:27,1,3.69,34280.00,21.52,16459.00,999.00,19.21,1836.10,19.11,8.16
2026-06-07T20:21:27,1,3.70,34280.00,21.52,16459.00,999.00,19.21,1838.80,19.11,8.18
2026-06-07T20:21:27,1,3.66,34280.00,21.52,16459.00,999.00,19.20,1840.60,19.10,8.20
2026-06-07T20:21:27,1,3.71,34300.00,21.53,16465.00,999.00,19.20,1843.10,19.11,8.23
2026-06-07T20:21:27,1,3.70,34300.00,21.53,16465.00,999.00,19.21,1844.60,19.11,8.24
2026-06-07T20:21:28,1,3.70,34300.00,21.53,16465.00,999.00,19.21,1846.00,19.11,8.25
2026-06-07T20:21:28,1,3.67,34300.00,21.53,16465.00,999.00,19.20,1847.60,19.11,8.27
2026-06-07T20:21:28,1,3.70,34290.00,21.52,16462.00,999.00,19.21,1849.10,19.11,8.29
2026-06-07T20:21:28,1,3.71,34290.00,21.52,16462.00,999.00,19.20,1851.10,19.11,8.31
2026-06-07T20:21:28,1,3.68,34290.00,21.52,16462.00,999.00,19.21,1852.70,19.11,8.32
2026-06-07T20:21:29,1,3.68,34290.00,21.52,16462.00,999.00,19.21,1854.30,19.11,8.34
2026-06-07T20:21:29,1,3.69,34290.00,21.52,16462.00,999.00,19.20,1856.60,19.11,8.36
2026-06-07T20:21:29,1,3.70,34290.00,21.53,16463.00,999.00,19.21,1858.80,19.11,8.38
2026-06-07T20:21:29,1,3.69,34290.00,21.53,16463.00,999.00,19.20,1861.40,19.11,8.41
2026-06-07T20:21:30,1,3.68,34290.00,21.53,16463.00,999.00,19.21,1863.10,19.11,8.42
2026-06-07T20:21:30,1,3.66,34290.00,21.53,16463.00,999.00,19.20,1865.30,19.11,8.45
2026-06-07T20:21:30,1,3.67,34290.00,21.53,16463.00,999.00,19.21,1866.30,19.11,8.46
2026-06-07T20:21:30,1,3.69,34300.00,21.53,16465.00,999.00,19.20,1867.70,19.11,8.47
2026-06-07T20:21:30,1,3.68,34300.00,21.53,16465.00,999.00,19.20,1869.20,19.11,8.48
2026-06-07T20:21:31,1,3.68,34300.00,21.53,16465.00,999.00,19.21,1871.80,19.11,8.51
2026-06-07T20:21:31,1,3.67,34300.00,21.53,16465.00,999.00,19.21,1873.10,19.11,8.52
2026-06-07T20:21:31,1,3.68,34300.00,21.53,16465.00,999.00,19.21,1874.10,19.11,8.53
2026-06-07T20:21:31,1,3.70,34290.00,21.52,16461.00,999.00,19.20,1875.30,19.11,8.55
2026-06-07T20:21:31,1,3.71,34290.00,21.52,16461.00,999.00,19.20,1876.60,19.11,8.56
2026-06-07T20:21:32,1,3.68,34290.00,21.52,16461.00,999.00,19.21,1878.00,19.11,8.57
2026-06-07T20:21:32,1,3.70,34290.00,21.52,16461.00,999.00,19.20,1878.60,19.11,8.58
2026-06-07T20:21:32,1,3.70,34290.00,21.52,16461.00,999.00,19.20,1878.80,19.11,8.58
2026-06-07T20:21:32,1,3.71,34310.00,21.54,16472.00,999.00,19.20,1879.60,19.11,8.59
2026-06-07T20:21:32,1,3.70,34310.00,21.54,16472.00,999.00,19.21,1880.50,19.11,8.60
2026-06-07T20:21:33,1,3.69,34310.00,21.54,16472.00,999.00,19.20,1881.90,19.11,8.61
2026-06-07T20:21:33,1,3.69,34310.00,21.54,16472.00,999.00,19.20,1883.70,19.11,8.63
2026-06-07T20:21:33,1,3.67,34300.00,21.53,16465.00,999.00,19.21,1885.40,19.11,8.65
2026-06-07T20:21:33,1,3.69,34300.00,21.53,16465.00,999.00,19.21,1886.60,19.11,8.66
2026-06-07T20:21:33,1,3.71,34300.00,21.53,16465.00,999.00,19.21,1888.60,19.11,8.68
2026-06-07T20:21:34,1,3.67,34300.00,21.53,16465.00,999.00,19.20,1890.00,19.11,8.69
2026-06-07T20:21:34,1,3.68,34300.00,21.53,16465.00,999.00,19.20,1892.50,19.11,8.72
2026-06-07T20:21:34,1,3.67,34300.00,21.53,16468.00,999.00,19.21,1895.70,19.11,8.75
2026-06-07T20:21:34,1,3.68,34300.00,21.53,16468.00,999.00,19.21,1897.70,19.11,8.77
2026-06-07T20:21:34,1,3.70,34300.00,21.53,16468.00,999.00,19.20,1901.10,19.11,8.80
2026-06-07T20:21:35,1,3.70,34300.00,21.53,16468.00,999.00,19.20,1903.80,19.11,8.83
2026-06-07T20:21:35,1,3.67,34300.00,21.53,16468.00,999.00,19.21,1906.20,19.11,8.85
2026-06-07T20:21:35,1,3.70,34310.00,21.54,16471.00,999.00,19.21,1909.00,19.11,8.88
2026-06-07T20:21:35,1,3.70,34310.00,21.54,16471.00,999.00,19.21,1912.30,19.11,8.91
2026-06-07T20:21:35,1,3.68,34310.00,21.54,16471.00,999.00,19.21,1915.40,19.11,8.94
2026-06-07T20:21:36,1,3.68,34310.00,21.54,16471.00,999.00,19.21,1918.60,19.11,8.97
2026-06-07T20:21:36,1,3.69,34310.00,21.54,16471.00,999.00,19.20,1919.90,19.11,8.99
2026-06-07T20:21:36,1,3.68,34320.00,21.55,16477.00,999.00,19.21,1921.80,19.10,9.01
2026-06-07T20:21:36,1,3.69,34320.00,21.55,16477.00,999.00,19.20,1923.70,19.11,9.02
2026-06-07T20:21:37,1,3.65,34320.00,21.55,16477.00,999.00,19.20,1924.40,19.11,9.03
2026-06-07T20:21:37,1,3.68,34320.00,21.55,16477.00,999.00,19.21,1924.30,19.11,9.03
2026-06-07T20:21:37,1,3.67,34290.00,21.53,16464.00,999.00,19.21,1925.80,19.11,9.05
2026-06-07T20:21:37,1,3.71,34290.00,21.53,16464.00,999.00,19.21,1928.20,19.11,9.07
2026-06-07T20:21:37,1,3.70,34290.00,21.53,16464.00,999.00,19.20,1930.40,19.11,9.09
2026-06-07T20:21:38,1,3.68,34290.00,21.53,16464.00,999.00,19.21,1932.20,19.11,9.11
2026-06-07T20:21:38,1,3.68,34290.00,21.53,16464.00,999.00,19.21,1932.30,19.11,9.11
2026-06-07T20:21:38,1,3.68,34320.00,21.54,16476.00,999.00,19.20,1932.50,19.11,9.11
2026-06-07T20:21:38,1,3.71,34320.00,21.54,16476.00,999.00,19.21,1932.80,19.11,9.12
2026-06-07T20:21:38,1,3.69,34320.00,21.54,16476.00,999.00,19.21,1932.30,19.11,9.11
2026-06-07T20:21:39,1,3.70,34320.00,21.54,16476.00,999.00,19.20,1933.40,19.11,9.12
2026-06-07T20:21:39,1,3.70,34320.00,21.54,16476.00,999.00,19.20,1936.10,19.10,9.15
2026-06-07T20:21:39,1,3.70,34300.00,21.53,16466.00,999.00,19.20,1939.30,19.11,9.18
2026-06-07T20:21:39,1,3.70,34300.00,21.53,16466.00,999.00,19.20,1942.40,19.11,9.21
2026-06-07T20:21:40,1,3.68,34300.00,21.53,16466.00,999.00,19.21,1945.40,19.11,9.24
2026-06-07T20:21:40,1,3.67,34300.00,21.53,16466.00,999.00,19.20,1946.50,19.11,9.25
2026-06-07T20:21:40,1,3.69,34300.00,21.53,16466.00,999.00,19.20,1947.10,19.11,9.26
2026-06-07T20:21:40,1,3.69,34300.00,21.53,16466.00,999.00,19.21,1949.80,19.11,9.28
2026-06-07T20:21:40,1,3.69,34300.00,21.53,16466.00,999.00,19.21,1954.80,19.11,9.33
2026-06-07T20:21:41,1,3.70,34300.00,21.53,16466.00,999.00,19.20,1958.00,19.11,9.36
2026-06-07T20:21:41,1,3.68,34300.00,21.53,16466.00,999.00,19.20,1960.30,19.11,9.39
2026-06-07T20:21:41,1,3.71,34300.00,21.53,16465.00,999.00,19.20,1965.00,19.11,9.43
2026-06-07T20:21:41,1,3.71,34300.00,21.53,16465.00,999.00,19.20,1969.30,19.11,9.48
2026-06-07T20:21:41,1,3.70,34300.00,21.53,16465.00,999.00,19.20,1973.30,19.11,9.52
2026-06-07T20:21:42,1,3.69,34300.00,21.53,16465.00,999.00,19.20,1978.10,19.11,9.56
2026-06-07T20:21:42,1,3.69,34300.00,21.53,16465.00,999.00,19.20,1983.20,19.11,9.61
2026-06-07T20:21:42,1,3.68,34310.00,21.54,16470.00,999.00,19.20,1986.30,19.11,9.65
2026-06-07T20:21:42,1,3.70,34310.00,21.54,16470.00,999.00,19.20,1990.90,19.11,9.69
2026-06-07T20:21:42,1,3.71,34310.00,21.54,16470.00,999.00,19.20,1993.40,19.11,9.72
2026-06-07T20:21:43,1,3.68,34310.00,21.54,16470.00,999.00,19.20,1994.20,19.11,9.72
2026-06-07T20:21:43,1,3.68,34310.00,21.54,16470.00,999.00,19.20,1994.10,19.12,9.72
2026-06-07T20:21:43,1,3.71,34310.00,21.54,16471.00,999.00,19.20,1995.10,19.11,9.73
2026-06-07T20:21:43,1,3.70,34310.00,21.54,16471.00,999.00,19.20,1995.40,19.12,9.74
2026-06-07T20:21:43,1,3.69,34310.00,21.54,16471.00,999.00,19.20,1995.90,19.11,9.74
2026-06-07T20:21:44,1,3.66,34310.00,21.54,16471.00,999.00,19.20,1995.40,19.11,9.74
2026-06-07T20:21:44,1,3.69,34310.00,21.54,16471.00,999.00,19.20,1991.20,19.11,9.69
2026-06-07T20:21:44,1,3.71,34310.00,21.54,16471.00,999.00,19.20,1979.80,19.11,9.58
2026-06-07T20:21:44,1,3.68,34310.00,21.54,16471.00,999.00,19.20,1965.30,19.11,9.44
2026-06-07T20:21:44,1,3.68,34310.00,21.54,16471.00,999.00,19.20,1952.50,19.11,9.31
2026-06-07T20:21:45,1,3.68,34310.00,21.54,16471.00,999.00,19.20,1937.40,19.11,9.16
2026-06-07T20:21:45,1,3.69,34300.00,21.53,16467.00,999.00,19.21,1919.10,19.11,8.98
2026-06-07T20:21:45,1,3.68,34300.00,21.53,16467.00,999.00,19.20,1895.20,19.10,8.74
2026-06-07T20:21:45,1,3.70,34300.00,21.53,16467.00,999.00,19.20,1871.10,19.10,8.50
2026-06-07T20:21:45,1,3.70,34300.00,21.53,16467.00,999.00,19.20,1847.40,19.10,8.27
2026-06-07T20:21:46,1,3.68,34300.00,21.53,16467.00,999.00,19.20,1820.80,19.10,8.01
2026-06-07T20:21:46,1,3.68,34280.00,21.52,16457.00,999.00,19.20,1791.10,19.09,7.71
2026-06-07T20:21:46,1,3.70,34280.00,21.52,16457.00,999.00,19.21,1762.10,19.09,7.42
2026-06-07T20:21:46,1,3.68,34280.00,21.52,16457.00,999.00,19.20,1734.40,19.09,7.15
2026-06-07T20:21:47,1,3.69,34280.00,21.52,16457.00,999.00,19.21,1704.90,19.09,6.86
2026-06-07T20:21:47,1,3.69,34280.00,21.52,16457.00,999.00,19.20,1677.40,19.08,6.58
2026-06-07T20:21:47,1,3.68,34230.00,21.48,16431.00,999.00,19.21,1648.80,19.08,6.30
2026-06-07T20:21:47,1,3.70,34230.00,21.48,16431.00,999.00,19.20,1619.50,19.08,6.01
2026-06-07T20:21:47,1,3.70,34230.00,21.48,16431.00,999.00,19.20,1589.00,19.08,5.71
2026-06-07T20:21:48,1,3.68,34230.00,21.48,16431.00,999.00,19.20,1559.20,19.08,5.41
2026-06-07T20:21:48,1,3.65,34230.00,21.48,16431.00,999.00,19.21,1529.60,19.07,5.12
2026-06-07T20:21:48,1,3.72,33870.00,21.23,16258.00,999.00,19.20,1494.70,19.07,4.77
2026-06-07T20:21:48,1,3.71,33870.00,21.23,16258.00,999.00,19.21,1463.40,19.07,4.46
2026-06-07T20:21:48,1,3.70,33870.00,21.23,16258.00,999.00,19.20,1432.60,19.07,4.16
2026-06-07T20:21:49,1,3.69,33870.00,21.23,16258.00,999.00,19.22,1392.80,19.05,3.76
2026-06-07T20:21:49,1,3.68,32030.00,19.97,15378.00,999.00,19.22,1362.30,19.06,3.46
2026-06-07T20:21:49,1,3.71,32030.00,19.97,15378.00,999.00,19.24,1330.20,19.06,3.14
2026-06-07T20:21:49,1,3.70,32030.00,19.97,15378.00,999.00,19.25,1298.40,19.06,2.83
2026-06-07T20:21:49,1,3.70,32030.00,19.97,15378.00,999.00,19.27,1266.20,19.06,2.51
2026-06-07T20:21:50,1,3.69,32030.00,19.97,15378.00,999.00,19.28,1231.50,19.05,2.17
2026-06-07T20:21:50,1,3.71,29490.00,18.23,14157.00,999.00,19.30,1200.80,19.05,1.86
2026-06-07T20:21:50,1,3.69,29490.00,18.23,14157.00,999.00,19.33,1166.20,19.05,1.52
2026-06-07T20:21:50,1,3.68,29490.00,18.23,14157.00,999.00,19.34,1135.00,19.05,1.21
2026-06-07T20:21:50,1,3.69,29490.00,18.23,14157.00,999.00,19.36,1104.20,19.05,0.90
2026-06-07T20:21:51,1,3.70,29490.00,18.23,14157.00,999.00,19.38,1071.20,19.05,0.58
2026-06-07T20:21:51,1,3.71,29280.00,18.08,14056.00,999.00,19.39,1038.90,19.05,0.26
2026-06-07T20:21:51,1,3.69,29280.00,18.08,14056.00,999.00,19.40,1014.50,19.05,0.01
2026-06-07T20:21:51,1,3.69,29280.00,18.08,14056.00,999.00,19.40,1014.60,19.06,0.02
2026-06-07T20:21:52,1,3.68,29280.00,18.08,14056.00,999.00,19.40,1014.80,19.06,0.02
2026-06-07T20:21:52,1,3.70,5261.00,2.83,2526.00,999.00,19.37,1014.70,19.05,0.02
2026-06-07T20:21:52,1,3.71,5261.00,2.83,2526.00,999.00,19.34,1014.90,19.07,0.02
2026-06-07T20:21:52,1,3.68,5261.00,2.83,2526.00,999.00,19.27,1014.80,19.07,0.02
2026-06-07T20:21:52,1,3.70,5261.00,2.83,2526.00,999.00,19.21,1014.80,19.08,0.02
2026-06-07T20:21:53,1,3.70,5261.00,2.83,2526.00,999.00,19.18,1014.90,19.08,0.02
2026-06-07T20:21:53,1,3.71,2894.00,1.50,1389.00,999.00,19.15,1014.60,19.08,0.02
2026-06-07T20:21:53,1,3.68,2894.00,1.50,1389.00,999.00,19.13,1015.20,19.09,0.02
2026-06-07T20:21:53,1,3.67,2894.00,1.50,1389.00,999.00,19.11,1014.90,19.09,0.02
2026-06-07T20:21:53,1,3.68,2894.00,1.50,1389.00,999.00,19.07,1014.60,19.09,0.02
2026-06-07T20:21:54,1,3.70,2894.00,1.50,1389.00,999.00,19.04,1015.30,19.09,0.02
2026-06-07T20:21:54,1,3.70,3064.00,1.59,1471.00,999.00,19.01,1015.10,19.09,0.02
2026-06-07T20:21:54,1,3.70,3064.00,1.59,1471.00,999.00,18.97,1015.20,19.09,0.02
2026-06-07T20:21:54,1,3.69,3064.00,1.59,1471.00,999.00,18.93,1014.80,19.09,0.02
2026-06-07T20:21:54,1,3.68,3064.00,1.59,1471.00,999.00,18.87,1014.90,19.09,0.02
2026-06-07T20:21:55,1,3.70,3064.00,1.59,1471.00,999.00,18.81,1014.90,19.10,0.02
2026-06-07T20:21:55,1,3.71,2667.00,1.38,1280.00,999.00,18.76,1015.10,19.10,0.02
2026-06-07T20:21:55,1,3.68,2667.00,1.38,1280.00,999.00,18.70,1015.10,19.10,0.02
2026-06-07T20:21:55,1,3.68,2667.00,1.38,1280.00,999.00,18.65,1014.60,19.10,0.02
2026-06-07T20:21:55,1,3.69,2667.00,1.38,1280.00,999.00,18.60,1014.50,19.10,0.01
2026-06-07T20:21:56,1,3.69,2891.00,1.50,1388.00,999.00,18.56,1015.10,19.10,0.02
2026-06-07T20:21:56,1,3.67,2891.00,1.50,1388.00,999.00,18.51,1014.70,19.09,0.02
2026-06-07T20:21:56,1,3.70,2891.00,1.50,1388.00,999.00,18.48,1014.90,19.09,0.02
2026-06-07T20:21:56,1,3.67,2891.00,1.50,1388.00,999.00,18.42,1015.40,19.09,0.02
2026-06-07T20:21:57,1,3.70,2891.00,1.50,1388.00,999.00,18.36,1015.00,19.09,0.02
2026-06-07T20:21:57,1,3.70,2734.00,1.41,1312.00,999.00,18.26,1015.00,19.08,0.02
2026-06-07T20:21:57,1,3.71,2734.00,1.41,1312.00,999.00,18.15,1015.00,19.08,0.02
2026-06-07T20:21:57,1,3.71,2734.00,1.41,1312.00,999.00,18.03,1015.40,19.08,0.02
2026-06-07T20:21:57,1,3.68,2734.00,1.41,1312.00,999.00,17.91,1015.40,19.08,0.02
2026-06-07T20:21:58,1,3.70,2734.00,1.41,1312.00,999.00,17.83,1018.30,19.07,0.05
2026-06-07T20:21:58,1,3.71,8169.00,4.53,3922.00,999.00,17.99,1021.20,19.07,0.08
2026-06-07T20:21:58,1,3.68,8169.00,4.53,3922.00,999.00,18.21,1016.50,19.07,0.03
2026-06-07T20:21:58,1,3.69,8169.00,4.53,3922.00,999.00,18.41,1015.70,19.06,0.03
2026-06-07T20:21:58,1,3.68,8169.00,4.53,3922.00,999.00,18.58,1015.70,19.06,0.03
2026-06-07T20:21:59,1,3.70,8169.00,4.53,3922.00,999.00,18.71,1016.30,19.06,0.03
2026-06-07T20:21:59,1,3.71,29230.00,18.05,14031.00,999.00,18.79,1015.80,19.06,0.03
2026-06-07T20:21:59,1,3.70,29230.00,18.05,14031.00,999.00,18.89,1014.80,19.06,0.02
2026-06-07T20:21:59,1,3.70,29230.00,18.05,14031.00,999.00,18.97,1015.00,19.06,0.02
2026-06-07T20:21:59,1,3.67,29230.00,18.05,14031.00,999.00,19.03,1015.90,19.06,0.03
2026-06-07T20:22:00,1,3.70,29230.00,18.05,14031.00,999.00,19.07,1014.50,19.06,0.01
2026-06-07T20:22:00,1,3.71,27610.00,16.96,13256.00,999.00,19.13,1014.70,19.07,0.02
2026-06-07T20:22:00,1,3.69,27610.00,16.96,13256.00,999.00,19.14,1014.80,19.06,0.02
2026-06-07T20:22:00,1,3.70,27610.00,16.96,13256.00,999.00,19.13,1015.00,19.07,0.02
2026-06-07T20:22:00,1,3.68,27610.00,16.96,13256.00,999.00,19.12,1014.90,19.07,0.02
2026-06-07T20:22:01,1,3.67,22410.00,13.49,10758.00,999.00,19.10,1014.90,19.08,0.02
2026-06-07T20:22:01,1,3.69,22410.00,13.49,10758.00,999.00,19.09,1014.80,19.07,0.02
2026-06-07T20:22:01,1,3.69,22410.00,13.49,10758.00,999.00,19.08,1015.00,19.08,0.02
2026-06-07T20:22:01,1,3.68,22410.00,13.49,10758.00,999.00,19.06,1014.40,19.07,0.01
2026-06-07T20:22:02,1,3.67,22410.00,13.49,10758.00,999.00,19.05,1015.00,19.08,0.02
2026-06-07T20:22:02,1,3.69,19000.00,11.27,9120.00,999.00,19.02,1014.70,19.08,0.02
2026-06-07T20:22:02,1,3.71,19000.00,11.27,9120.00,999.00,19.00,1014.70,19.09,0.02
2026-06-07T20:22:02,1,3.71,19000.00,11.27,9120.00,999.00,18.99,1014.60,19.09,0.02
2026-06-07T20:22:02,1,3.70,19000.00,11.27,9120.00,999.00,18.96,1014.90,19.09,0.02
2026-06-07T20:22:03,1,3.66,19000.00,11.27,9120.00,999.00,18.93,1015.00,19.09,0.02
2026-06-07T20:22:03,1,3.70,18780.00,11.13,9017.00,999.00,18.89,1015.20,19.09,0.02
2026-06-07T20:22:03,1,3.71,18780.00,11.13,9017.00,999.00,18.87,1014.50,19.09,0.01
2026-06-07T20:22:03,1,3.70,18780.00,11.13,9017.00,999.00,18.85,1014.40,19.09,0.01
2026-06-07T20:22:03,1,3.67,18780.00,11.13,9017.00,999.00,18.81,1014.40,19.09,0.01
2026-06-07T20:22:04,1,3.67,18730.00,11.10,8991.00,999.00,18.79,1014.60,19.09,0.02
2026-06-07T20:22:04,1,3.71,18730.00,11.10,8991.00,999.00,18.79,1014.10,19.09,0.01
2026-06-07T20:22:04,1,3.68,18730.00,11.10,8991.00,999.00,18.75,1014.60,19.09,0.02
2026-06-07T20:22:04,1,3.68,18730.00,11.10,8991.00,999.00,18.73,1014.50,19.09,0.01
2026-06-07T20:22:04,1,3.69,18730.00,11.10,8991.00,999.00,18.71,1014.50,19.09,0.01
2026-06-07T20:22:05,1,3.70,18550.00,10.98,8904.00,999.00,18.69,1014.10,19.10,0.01
2026-06-07T20:22:05,1,3.70,18550.00,10.98,8904.00,999.00,18.67,1014.20,19.08,0.01
2026-06-07T20:22:05,1,3.70,18550.00,10.98,8904.00,999.00,18.65,1014.50,19.09,0.01
2026-06-07T20:22:05,1,3.69,18550.00,10.98,8904.00,999.00,18.64,1014.40,19.09,0.01
2026-06-07T20:22:05,1,3.69,18550.00,10.98,8904.00,999.00,18.60,1014.70,19.09,0.02
2026-06-07T20:22:06,1,3.68,18150.00,10.72,8714.00,999.00,18.58,1014.10,19.09,0.01
2026-06-07T20:22:06,1,3.71,18150.00,10.72,8714.00,999.00,18.58,1014.50,19.09,0.01
2026-06-07T20:22:06,1,3.71,18150.00,10.72,8714.00,999.00,18.55,1014.00,19.09,0.01
2026-06-07T20:22:06,1,3.68,18150.00,10.72,8714.00,999.00,18.53,1014.00,19.09,0.01
2026-06-07T20:22:07,1,3.68,18150.00,10.72,8714.00,999.00,18.51,1014.00,19.09,0.01
2026-06-07T20:22:07,1,3.70,18000.00,10.63,8642.00,999.00,18.46,1014.60,19.09,0.02
2026-06-07T20:22:07,1,3.68,18000.00,10.63,8642.00,999.00,18.44,1014.40,19.08,0.01
2026-06-07T20:22:07,1,3.70,18000.00,10.63,8642.00,999.00,18.40,1014.00,19.09,0.01
2026-06-07T20:22:07,1,3.68,18000.00,10.63,8642.00,999.00,18.37,1014.10,19.09,0.01
2026-06-07T20:22:08,1,3.67,18710.00,11.08,8983.00,999.00,18.33,1014.30,19.09,0.01
2026-06-07T20:22:08,1,3.71,18710.00,11.08,8983.00,999.00,18.30,1014.30,19.08,0.01
2026-06-07T20:22:08,1,3.68,18710.00,11.08,8983.00,999.00,18.27,1014.40,19.08,0.01
2026-06-07T20:22:08,1,3.67,18710.00,11.08,8983.00,999.00,18.24,1014.40,19.08,0.01
2026-06-07T20:22:08,1,3.67,18710.00,11.08,8983.00,999.00,18.21,1014.60,19.08,0.02
2026-06-07T20:22:09,1,3.69,15970.00,9.34,7670.00,999.00,18.18,1014.90,19.08,0.02
2026-06-07T20:22:09,1,3.71,15970.00,9.34,7670.00,999.00,18.17,1014.50,19.08,0.01
2026-06-07T20:22:09,1,3.71,15970.00,9.34,7670.00,999.00,18.13,1014.50,19.08,0.01
2026-06-07T20:22:09,1,3.68,15970.00,9.34,7670.00,999.00,18.10,1014.10,19.07,0.01
2026-06-07T20:22:09,1,3.70,15970.00,9.34,7670.00,999.00,18.07,1014.40,19.07,0.01
2026-06-07T20:22:10,1,3.71,18710.00,11.08,8982.00,999.00,18.03,1014.00,19.07,0.01
2026-06-07T20:22:10,1,3.69,18710.00,11.08,8982.00,999.00,17.98,1014.30,19.07,0.01
2026-06-07T20:22:10,1,3.70,18710.00,11.08,8982.00,999.00,17.94,1014.20,19.07,0.01
2026-06-07T20:22:10,1,3.68,18710.00,11.08,8982.00,999.00,17.89,1014.20,19.07,0.01
2026-06-07T20:22:10,1,3.69,18710.00,11.08,8982.00,999.00,17.83,1014.30,19.06,0.01
2026-06-07T20:22:11,1,3.71,18590.00,11.01,8927.00,999.00,17.78,1014.00,19.06,0.01
2026-06-07T20:22:11,1,3.68,18590.00,11.01,8927.00,999.00,17.73,1014.50,19.06,0.01
2026-06-07T20:22:11,1,3.70,18590.00,11.01,8927.00,999.00,17.70,1014.20,19.06,0.01
2026-06-07T20:22:11,1,3.69,18590.00,11.01,8927.00,999.00,17.67,1014.20,19.06,0.01
2026-06-07T20:22:11,1,3.69,18590.00,11.01,8927.00,999.00,17.63,1014.30,19.05,0.01
2026-06-07T20:22:12,1,3.68,18270.00,10.80,8770.00,999.00,17.60,1013.90,19.05,0.01
2026-06-07T20:22:12,1,3.70,18270.00,10.80,8770.00,999.00,17.57,1013.90,19.05,0.01
2026-06-07T20:22:12,1,3.70,18270.00,10.80,8770.00,999.00,17.54,1014.80,19.04,0.02
2026-06-07T20:22:12,1,3.68,18270.00,10.80,8770.00,999.00,17.49,1015.20,19.04,0.02
2026-06-07T20:22:12,1,3.68,7530.00,4.15,3615.00,999.00,17.45,1014.60,19.04,0.02
2026-06-07T20:22:13,1,3.70,7530.00,4.15,3615.00,999.00,17.39,1014.70,19.04,0.02
2026-06-07T20:22:13,1,3.71,7530.00,4.15,3615.00,999.00,17.33,1014.60,19.03,0.02
2026-06-07T20:22:13,1,3.70,7530.00,4.15,3615.00,999.00,17.31,1014.60,19.03,0.02
2026-06-07T20:22:13,1,3.67,7530.00,4.15,3615.00,999.00,17.28,1015.10,19.03,0.02
2026-06-07T20:22:14,1,3.71,8607.00,4.79,4131.00,999.00,17.26,1014.40,19.03,0.01
2026-06-07T20:22:14,1,3.69,8607.00,4.79,4131.00,999.00,17.23,1014.50,19.02,0.01
2026-06-07T20:22:14,1,3.69,8607.00,4.79,4131.00,999.00,17.19,1014.30,19.01,0.01
2026-06-07T20:22:14,1,3.70,8607.00,4.79,4131.00,999.00,17.16,1014.50,19.01,0.01
2026-06-07T20:22:14,1,3.70,8607.00,4.79,4131.00,999.00,17.12,1015.00,19.01,0.02
2026-06-07T20:22:15,1,3.71,8608.00,4.79,4132.00,999.00,17.08,1015.10,19.01,0.02
2026-06-07T20:22:15,1,3.69,8608.00,4.79,4132.00,999.00,17.05,1014.80,19.00,0.02
2026-06-07T20:22:15,1,3.66,8608.00,4.79,4132.00,999.00,17.03,1014.10,19.00,0.01
2026-06-07T20:22:15,1,3.67,8608.00,4.79,4132.00,999.00,17.01,1014.30,19.00,0.01
2026-06-07T20:22:15,1,3.70,8629.00,4.80,4142.00,999.00,16.97,1015.00,18.99,0.02
2026-06-07T20:22:16,1,3.71,8629.00,4.80,4142.00,999.00,16.94,1015.00,18.99,0.02
2026-06-07T20:22:16,1,3.66,8629.00,4.80,4142.00,999.00,16.90,1014.40,18.99,0.01
2026-06-07T20:22:16,1,3.70,8629.00,4.80,4142.00,999.00,16.86,1014.80,18.98,0.02
2026-06-07T20:22:16,1,3.67,8629.00,4.80,4142.00,999.00,16.83,1014.60,18.98,0.02
2026-06-07T20:22:16,1,3.70,8629.00,4.80,4142.00,999.00,16.80,1014.50,18.98,0.01
2026-06-07T20:22:17,1,3.68,8629.00,4.80,4142.00,999.00,16.76,1014.50,18.97,0.01
2026-06-07T20:22:17,1,3.70,8629.00,4.80,4142.00,999.00,16.72,1014.10,18.97,0.01
2026-06-07T20:22:17,1,3.68,8629.00,4.80,4142.00,999.00,16.69,1014.80,18.97,0.02
2026-06-07T20:22:17,1,3.70,8629.00,4.80,4142.00,999.00,16.69,1014.70,18.96,0.02
2026-06-07T20:22:17,1,3.70,8634.00,4.81,4145.00,999.00,16.66,1014.50,18.96,0.01
2026-06-07T20:22:18,1,3.69,8634.00,4.81,4145.00,999.00,16.63,1014.90,18.96,0.02
2026-06-07T20:22:18,1,3.68,8634.00,4.81,4145.00,999.00,16.62,1014.90,18.94,0.02
2026-06-07T20:22:18,1,3.70,8634.00,4.81,4145.00,999.00,16.61,1014.50,18.95,0.01
2026-06-07T20:22:18,1,3.66,8634.00,4.81,4145.00,999.00,16.59,1014.20,18.94,0.01
2026-06-07T20:22:19,1,3.70,8615.00,4.79,4136.00,999.00,16.57,1014.00,18.94,0.01
2026-06-07T20:22:19,1,3.72,8615.00,4.79,4136.00,999.00,16.55,1014.80,18.94,0.02
2026-06-07T20:22:19,1,3.67,8615.00,4.79,4136.00,999.00,16.55,1014.40,18.94,0.01
2026-06-07T20:22:19,1,3.70,8615.00,4.79,4136.00,999.00,16.54,1014.70,18.93,0.02
2026-06-07T20:22:19,1,3.70,8317.00,4.62,3992.00,999.00,16.53,1014.50,18.93,0.01
2026-06-07T20:22:20,1,3.70,8317.00,4.62,3992.00,999.00,16.50,1014.40,18.92,0.01
2026-06-07T20:22:20,1,3.69,8317.00,4.62,3992.00,999.00,16.51,1014.60,18.92,0.02
2026-06-07T20:22:20,1,3.69,8317.00,4.62,3992.00,999.00,16.49,1015.00,18.92,0.02
2026-06-07T20:22:20,1,3.70,8317.00,4.62,3992.00,999.00,16.48,1014.40,18.92,0.01
2026-06-07T20:22:20,1,3.70,7845.00,4.34,3766.00,999.00,16.47,1014.60,18.91,0.02
2026-06-07T20:22:21,1,3.70,7845.00,4.34,3766.00,999.00,16.44,1014.70,18.91,0.02
2026-06-07T20:22:21,1,3.70,7845.00,4.34,3766.00,999.00,16.44,1015.10,18.91,0.02
2026-06-07T20:22:21,1,3.67,7845.00,4.34,3766.00,999.00,16.43,1014.80,18.90,0.02
2026-06-07T20:22:21,1,3.70,7845.00,4.34,3766.00,999.00,16.42,1014.70,18.90,0.02
2026-06-07T20:22:21,1,3.70,8978.00,5.01,4310.00,999.00,16.41,1014.80,18.90,0.02
2026-06-07T20:22:22,1,3.70,8978.00,5.01,4310.00,999.00,16.40,1014.40,18.89,0.01
2026-06-07T20:22:22,1,3.68,8978.00,5.01,4310.00,999.00,16.40,1015.10,18.89,0.02
2026-06-07T20:22:22,1,3.67,8978.00,5.01,4310.00,999.00,16.38,1014.40,18.89,0.01
2026-06-07T20:22:22,1,3.68,8978.00,5.01,4310.00,999.00,16.37,1014.90,18.89,0.02
2026-06-07T20:22:22,1,3.69,8855.00,4.94,4251.00,999.00,16.36,1014.80,18.88,0.02
2026-06-07T20:22:23,1,3.67,8855.00,4.94,4251.00,999.00,16.36,1014.90,18.88,0.02
2026-06-07T20:22:23,1,3.69,8855.00,4.94,4251.00,999.00,16.33,1014.50,18.88,0.01
2026-06-07T20:22:23,1,3.68,8855.00,4.94,4251.00,999.00,16.31,1014.60,18.88,0.02
2026-06-07T20:22:23,1,3.70,8977.00,5.01,4309.00,999.00,16.29,1014.90,18.87,0.02
2026-06-07T20:22:23,1,3.66,8977.00,5.01,4309.00,999.00,16.28,1015.00,18.87,0.02
2026-06-07T20:22:24,1,3.71,8977.00,5.01,4309.00,999.00,16.26,1014.40,18.87,0.01
2026-06-07T20:22:24,1,3.70,8977.00,5.01,4309.00,999.00,16.25,1015.10,18.87,0.02
2026-06-07T20:22:24,1,3.66,8977.00,5.01,4309.00,999.00,16.23,1014.80,18.86,0.02
2026-06-07T20:22:24,1,3.69,8826.00,4.92,4237.00,999.00,16.21,1014.50,18.86,0.01
2026-06-07T20:22:25,1,3.68,8826.00,4.92,4237.00,999.00,16.20,1014.70,18.86,0.02
2026-06-07T20:22:25,1,3.68,8826.00,4.92,4237.00,999.00,16.19,1014.60,18.84,0.02
2026-06-07T20:22:25,1,3.68,8826.00,4.92,4237.00,999.00,16.19,1015.00,18.85,0.02
2026-06-07T20:22:25,1,3.67,8826.00,4.92,4237.00,999.00,16.18,1014.30,18.85,0.01
2026-06-07T20:22:25,1,3.70,8455.00,4.70,4059.00,999.00,16.16,1014.50,18.85,0.01
2026-06-07T20:22:26,1,3.71,8455.00,4.70,4059.00,999.00,16.16,1015.00,18.84,0.02
2026-06-07T20:22:26,1,3.70,8455.00,4.70,4059.00,999.00,16.16,1015.20,18.83,0.02
2026-06-07T20:22:26,1,3.67,8455.00,4.70,4059.00,999.00,16.16,1015.20,18.83,0.02
2026-06-07T20:22:26,1,3.68,8455.00,4.70,4059.00,999.00,16.15,1014.70,18.83,0.02
2026-06-07T20:22:26,1,3.68,8571.00,4.77,4114.00,999.00,16.14,1014.80,18.83,0.02
2026-06-07T20:22:27,1,3.71,8571.00,4.77,4114.00,999.00,16.13,1015.00,18.82,0.02
2026-06-07T20:22:27,1,3.69,8571.00,4.77,4114.00,999.00,16.12,1014.80,18.82,0.02
2026-06-07T20:22:27,1,3.68,8571.00,4.77,4114.00,999.00,16.11,1014.50,18.82,0.01
2026-06-07T20:22:27,1,3.68,8569.00,4.77,4113.00,999.00,16.10,1015.10,18.82,0.02
