time,deviceMode,vBat,ec,sal,tds,slowDallasTemp,fastBRTemp,slowBRPres,slowBRTemp,slowBRDepth
2026-06-08T12:33:06,1,3.69,999.00,999.00,999.00,999.00,20.22,1016.30,20.64,0.03
2026-06-08T12:33:09,1,3.70,999.00,999.00,999.00,999.00,20.28,1016.40,20.66,0.03
2026-06-08T12:33:09,1,3.70,1254.00,0.62,602.00,999.00,20.35,1017.10,20.68,0.04
2026-06-08T12:33:09,1,3.68,1254.00,0.62,602.00,999.00,20.43,1017.00,20.68,0.04
2026-06-08T12:33:09,1,3.70,1254.00,0.62,602.00,999.00,20.48,1016.80,20.68,0.04
2026-06-08T12:33:09,1,3.71,1284.00,0.64,617.00,999.00,20.50,1016.50,20.69,0.03
2026-06-08T12:33:10,1,3.70,1284.00,0.64,617.00,999.00,20.50,1016.70,20.70,0.04
2026-06-08T12:33:10,1,3.69,1284.00,0.64,617.00,999.00,20.54,1016.50,20.70,0.03
2026-06-08T12:33:10,1,3.68,1284.00,0.64,617.00,999.00,20.59,1016.80,20.70,0.04
2026-06-08T12:33:10,1,3.69,1012.00,0.50,486.00,999.00,20.65,1016.80,20.71,0.04
2026-06-08T12:33:10,1,3.70,1012.00,0.50,486.00,999.00,20.70,1017.00,20.71,0.04
2026-06-08T12:33:11,1,3.69,1012.00,0.50,486.00,999.00,20.75,1017.00,20.71,0.04
2026-06-08T12:33:11,1,3.70,1012.00,0.50,486.00,999.00,20.77,1017.10,20.72,0.04
2026-06-08T12:33:11,1,3.70,1012.00,0.50,486.00,999.00,20.76,1016.70,20.72,0.04
2026-06-08T12:33:11,1,3.69,1129.00,0.56,542.00,999.00,20.75,1017.20,20.73,0.04
2026-06-08T12:33:11,1,3.70,1129.00,0.56,542.00,999.00,20.73,1015.90,20.74,0.03
2026-06-08T12:33:12,1,3.68,1129.00,0.56,542.00,999.00,20.72,1016.30,20.74,0.03
2026-06-08T12:33:12,1,3.70,1129.00,0.56,542.00,999.00,20.71,1016.50,20.74,0.03
2026-06-08T12:33:12,1,3.69,1129.00,0.56,542.00,999.00,20.69,1016.70,20.74,0.04
2026-06-08T12:33:12,1,3.71,1150.00,0.57,552.00,999.00,20.67,1016.00,20.74,0.03
2026-06-08T12:33:12,1,3.68,1150.00,0.57,552.00,999.00,20.66,1016.10,20.75,0.03
2026-06-08T12:33:13,1,3.71,1150.00,0.57,552.00,999.00,20.64,1016.40,20.75,0.03
2026-06-08T12:33:13,1,3.70,1150.00,0.57,552.00,999.00,20.62,1016.20,20.76,0.03
2026-06-08T12:33:13,1,3.68,1150.00,0.57,552.00,999.00,20.61,1016.00,20.76,0.03
2026-06-08T12:33:13,1,3.68,1243.00,0.62,597.00,999.00,20.59,1015.90,20.77,0.03
2026-06-08T12:33:13,1,3.71,1243.00,0.62,597.00,999.00,20.55,1016.20,20.77,0.03
2026-06-08T12:33:14,1,3.70,1243.00,0.62,597.00,999.00,20.54,1016.30,20.77,0.03
2026-06-08T12:33:14,1,3.70,1243.00,0.62,597.00,999.00,20.51,1016.30,20.78,0.03
2026-06-08T12:33:14,1,3.69,1243.00,0.62,597.00,999.00,20.47,1016.50,20.78,0.03
2026-06-08T12:33:14,1,3.71,1302.00,0.65,625.00,999.00,20.43,1016.30,20.78,0.03
2026-06-08T12:33:15,1,3.69,1302.00,0.65,625.00,999.00,20.42,1016.40,20.78,0.03
2026-06-08T12:33:15,1,3.68,1302.00,0.65,625.00,999.00,20.42,1016.10,20.78,0.03
2026-06-08T12:33:15,1,3.68,1302.00,0.65,625.00,999.00,20.41,1016.10,20.79,0.03
2026-06-08T12:33:15,1,3.71,1291.00,0.64,620.00,999.00,20.42,1016.50,20.79,0.03
2026-06-08T12:33:15,1,3.69,1291.00,0.64,620.00,999.00,20.42,1016.30,20.79,0.03
2026-06-08T12:33:16,1,3.70,1291.00,0.64,620.00,999.00,20.42,1016.30,20.80,0.03
2026-06-08T12:33:16,1,3.68,1291.00,0.64,620.00,999.00,20.41,1016.30,20.80,0.03
2026-06-08T12:33:16,1,3.70,1291.00,0.64,620.00,999.00,20.41,1016.50,20.80,0.03
2026-06-08T12:33:16,1,3.70,1285.00,0.64,617.00,999.00,20.39,1016.40,20.80,0.03
2026-06-08T12:33:16,1,3.68,1285.00,0.64,617.00,999.00,20.38,1016.80,20.81,0.04
2026-06-08T12:33:17,1,3.70,1285.00,0.64,617.00,999.00,20.34,1016.60,20.81,0.04
2026-06-08T12:33:17,1,3.70,1285.00,0.64,617.00,999.00,20.30,1017.00,20.82,0.04
2026-06-08T12:33:17,1,3.68,1285.00,0.64,617.00,999.00,20.26,1016.70,20.82,0.04
2026-06-08T12:33:17,1,3.70,862.30,0.42,414.00,999.00,20.22,1016.30,20.83,0.03
2026-06-08T12:33:17,1,3.70,862.30,0.42,414.00,999.00,20.19,1016.20,20.81,0.03
2026-06-08T12:33:18,1,3.70,862.30,0.42,414.00,999.00,20.15,1016.60,20.82,0.04
2026-06-08T12:33:18,1,3.65,862.30,0.42,414.00,999.00,20.14,1016.20,20.82,0.03
2026-06-08T12:33:18,1,3.69,1062.00,0.53,510.00,999.00,20.10,1017.00,20.83,0.04
2026-06-08T12:33:18,1,3.71,1062.00,0.53,510.00,999.00,20.11,1016.50,20.83,0.03
2026-06-08T12:33:19,1,3.71,1062.00,0.53,510.00,999.00,20.13,1017.20,20.83,0.04
2026-06-08T12:33:19,1,3.69,1062.00,0.53,510.00,999.00,20.15,1016.40,20.83,0.03
2026-06-08T12:33:19,1,3.68,1062.00,0.53,510.00,999.00,20.15,1016.50,20.83,0.03
2026-06-08T12:33:19,1,3.68,1461.00,0.73,702.00,999.00,20.15,1016.20,20.84,0.03
2026-06-08T12:33:19,1,3.71,1461.00,0.73,702.00,999.00,20.17,1016.40,20.84,0.03
2026-06-08T12:33:20,1,3.70,1461.00,0.73,702.00,999.00,20.19,1016.30,20.83,0.03
2026-06-08T12:33:20,1,3.68,1461.00,0.73,702.00,999.00,20.22,1017.00,20.82,0.04
2026-06-08T12:33:20,1,3.70,1461.00,0.73,702.00,999.00,20.26,1016.30,20.83,0.03
2026-06-08T12:33:20,1,3.66,1391.00,0.70,668.00,999.00,20.27,1016.30,20.84,0.03
2026-06-08T12:33:20,1,3.72,1391.00,0.70,668.00,999.00,20.28,1016.30,20.84,0.03
2026-06-08T12:33:21,1,3.68,1391.00,0.70,668.00,999.00,20.26,1016.20,20.84,0.03
2026-06-08T12:33:21,1,3.68,1391.00,0.70,668.00,999.00,20.23,1016.80,20.84,0.04
2026-06-08T12:33:21,1,3.67,1192.00,0.59,572.00,999.00,20.22,1016.90,20.84,0.04
2026-06-08T12:33:21,1,3.71,1192.00,0.59,572.00,999.00,20.25,1016.40,20.84,0.03
2026-06-08T12:33:21,1,3.69,1192.00,0.59,572.00,999.00,20.25,1017.10,20.84,0.04
2026-06-08T12:33:22,1,3.68,1192.00,0.59,572.00,999.00,20.22,1016.60,20.85,0.04
2026-06-08T12:33:22,1,3.70,1192.00,0.59,572.00,999.00,20.16,1016.70,20.84,0.04
2026-06-08T12:33:22,1,3.69,1134.00,0.56,545.00,999.00,20.13,1016.20,20.85,0.03
2026-06-08T12:33:22,1,3.70,1134.00,0.56,545.00,999.00,20.09,1015.80,20.85,0.03
2026-06-08T12:33:22,1,3.71,1134.00,0.56,545.00,999.00,20.06,1016.10,20.85,0.03
2026-06-08T12:33:23,1,3.69,1134.00,0.56,545.00,999.00,20.01,1015.80,20.85,0.03
2026-06-08T12:33:23,1,3.68,1134.00,0.56,545.00,999.00,19.98,1015.90,20.85,0.03
2026-06-08T12:33:23,1,3.69,550.00,0.27,264.00,999.00,19.93,1016.20,20.85,0.03
2026-06-08T12:33:23,1,3.70,550.00,0.27,264.00,999.00,19.88,1015.90,20.86,0.03
2026-06-08T12:33:24,1,3.71,550.00,0.27,264.00,999.00,19.83,1016.20,20.85,0.03
2026-06-08T12:33:24,1,3.70,550.00,0.27,264.00,999.00,19.79,1016.10,20.85,0.03
2026-06-08T12:33:24,1,3.67,550.00,0.27,264.00,999.00,19.76,1016.40,20.85,0.03
2026-06-08T12:33:24,1,3.69,418.60,0.20,201.00,999.00,19.72,1015.70,20.86,0.03
2026-06-08T12:33:24,1,3.70,418.60,0.20,201.00,999.00,19.69,1016.20,20.85,0.03
2026-06-08T12:33:25,1,3.70,418.60,0.20,201.00,999.00,19.67,1016.70,20.85,0.04
2026-06-08T12:33:25,1,3.69,418.60,0.20,201.00,999.00,19.63,1016.10,20.85,0.03
2026-06-08T12:33:25,1,3.69,269.00,0.13,129.00,999.00,19.61,1016.30,20.85,0.03
2026-06-08T12:33:25,1,3.71,269.00,0.13,129.00,999.00,19.59,1016.30,20.85,0.03
2026-06-08T12:33:25,1,3.71,269.00,0.13,129.00,999.00,19.57,1016.20,20.85,0.03
2026-06-08T12:33:26,1,3.70,269.00,0.13,129.00,999.00,19.56,1016.00,20.85,0.03
2026-06-08T12:33:26,1,3.69,269.00,0.13,129.00,999.00,19.55,1016.30,20.85,0.03
2026-06-08T12:33:26,1,3.70,261.30,0.13,125.00,999.00,19.53,1016.50,20.85,0.03
2026-06-08T12:33:26,1,3.71,261.30,0.13,125.00,999.00,19.49,1016.30,20.85,0.03
2026-06-08T12:33:26,1,3.71,261.30,0.13,125.00,999.00,19.45,1016.20,20.85,0.03
2026-06-08T12:33:27,1,3.70,261.30,0.13,125.00,999.00,19.41,1016.20,20.85,0.03
2026-06-08T12:33:27,1,3.70,261.30,0.13,125.00,999.00,19.38,1016.60,20.85,0.04
2026-06-08T12:33:27,1,3.71,260.30,0.13,125.00,999.00,19.36,1016.40,20.85,0.03
2026-06-08T12:33:27,1,3.71,260.30,0.13,125.00,999.00,19.34,1016.40,20.85,0.03
2026-06-08T12:33:27,1,3.70,260.30,0.13,125.00,999.00,19.31,1016.40,20.85,0.03
2026-06-08T12:33:28,1,3.68,260.30,0.13,125.00,999.00,19.29,1016.40,20.85,0.03
2026-06-08T12:33:28,1,3.70,260.30,0.13,125.00,999.00,19.28,1016.30,20.85,0.03
2026-06-08T12:33:28,1,3.71,254.40,0.12,122.00,999.00,19.28,1016.50,20.85,0.03
2026-06-08T12:33:28,1,3.69,254.40,0.12,122.00,999.00,19.28,1016.20,20.85,0.03
2026-06-08T12:33:28,1,3.68,254.40,0.12,122.00,999.00,19.27,1016.10,20.85,0.03
2026-06-08T12:33:29,1,3.68,254.40,0.12,122.00,999.00,19.26,1016.40,20.84,0.03
2026-06-08T12:33:29,1,3.68,268.80,0.13,129.00,999.00,19.26,1016.20,20.85,0.03
2026-06-08T12:33:29,1,3.70,268.80,0.13,129.00,999.00,19.24,1016.10,20.84,0.03
2026-06-08T12:33:29,1,3.70,268.80,0.13,129.00,999.00,19.22,1016.00,20.84,0.03
2026-06-08T12:33:30,1,3.68,268.80,0.13,129.00,999.00,19.20,1016.30,20.84,0.03
2026-06-08T12:33:30,1,3.69,268.80,0.13,129.00,999.00,19.20,1016.80,20.84,0.04
2026-06-08T12:33:30,1,3.71,290.60,0.14,140.00,999.00,19.20,1016.60,20.84,0.04
2026-06-08T12:33:30,1,3.71,290.60,0.14,140.00,999.00,19.19,1015.90,20.84,0.03
2026-06-08T12:33:30,1,3.70,290.60,0.14,140.00,999.00,19.17,1016.40,20.84,0.03
2026-06-08T12:33:31,1,3.70,290.60,0.14,140.00,999.00,19.16,1016.40,20.83,0.03
2026-06-08T12:33:31,1,3.70,290.60,0.14,140.00,999.00,19.14,1016.20,20.84,0.03
2026-06-08T12:33:31,1,3.69,260.90,0.13,125.00,999.00,19.13,1016.20,20.84,0.03
2026-06-08T12:33:31,1,3.71,260.90,0.13,125.00,999.00,19.12,1016.20,20.84,0.03
2026-06-08T12:33:31,1,3.70,260.90,0.13,125.00,999.00,19.10,1016.30,20.84,0.03
2026-06-08T12:33:32,1,3.70,260.90,0.13,125.00,999.00,19.09,1016.70,20.83,0.04
2026-06-08T12:33:32,1,3.71,240.80,0.12,116.00,999.00,19.07,1016.10,20.84,0.03
2026-06-08T12:33:32,1,3.71,240.80,0.12,116.00,999.00,19.06,1016.30,20.84,0.03
2026-06-08T12:33:32,1,3.70,240.80,0.12,116.00,999.00,19.05,1016.30,20.83,0.03
2026-06-08T12:33:33,1,3.68,240.80,0.12,116.00,999.00,19.02,1016.80,20.82,0.04
2026-06-08T12:33:33,1,3.70,240.80,0.12,116.00,999.00,19.02,1016.40,20.83,0.03
2026-06-08T12:33:33,1,3.70,241.20,0.12,116.00,999.00,18.99,1016.00,20.83,0.03
2026-06-08T12:33:33,1,3.71,241.20,0.12,116.00,999.00,18.97,1016.50,20.83,0.03
2026-06-08T12:33:33,1,3.71,241.20,0.12,116.00,999.00,18.93,1015.70,20.83,0.03
2026-06-08T12:33:34,1,3.71,241.20,0.12,116.00,999.00,18.91,1016.70,20.83,0.04
2026-06-08T12:33:34,1,3.69,241.20,0.12,116.00,999.00,18.87,1015.80,20.83,0.03
2026-06-08T12:33:34,1,3.70,233.10,0.11,112.00,999.00,18.84,1016.30,20.83,0.03
2026-06-08T12:33:34,1,3.71,233.10,0.11,112.00,999.00,18.80,1016.40,20.83,0.03
2026-06-08T12:33:34,1,3.70,233.10,0.11,112.00,999.00,18.78,1016.40,20.83,0.03
2026-06-08T12:33:35,1,3.68,233.10,0.11,112.00,999.00,18.75,1016.80,20.83,0.04
2026-06-08T12:33:35,1,3.69,229.20,0.11,110.00,999.00,18.72,1016.00,20.82,0.03
2026-06-08T12:33:35,1,3.71,229.20,0.11,110.00,999.00,18.71,1016.30,20.83,0.03
2026-06-08T12:33:35,1,3.70,229.20,0.11,110.00,999.00,18.69,1016.40,20.83,0.03
2026-06-08T12:33:35,1,3.71,229.20,0.11,110.00,999.00,18.69,1016.10,20.82,0.03
2026-06-08T12:33:36,1,3.69,229.20,0.11,110.00,999.00,18.69,1016.50,20.83,0.03
2026-06-08T12:33:36,1,3.71,225.50,0.11,108.00,999.00,18.69,1016.80,20.82,0.04
2026-06-08T12:33:36,1,3.71,225.50,0.11,108.00,999.00,18.68,1017.10,20.82,0.04
2026-06-08T12:33:36,1,3.70,225.50,0.11,108.00,999.00,18.69,1016.70,20.82,0.04
2026-06-08T12:33:36,1,3.68,225.50,0.11,108.00,999.00,18.69,1016.30,20.82,0.03
2026-06-08T12:33:37,1,3.68,225.50,0.11,108.00,999.00,18.68,1016.60,20.82,0.04
2026-06-08T12:33:37,1,3.71,226.50,0.11,109.00,999.00,18.68,1016.00,20.82,0.03
2026-06-08T12:33:37,1,3.70,226.50,0.11,109.00,999.00,18.67,1016.50,20.82,0.03
2026-06-08T12:33:37,1,3.70,226.50,0.11,109.00,999.00,18.66,1016.30,20.82,0.03
2026-06-08T12:33:37,1,3.70,226.50,0.11,109.00,999.00,18.65,1016.50,20.82,0.03
2026-06-08T12:33:38,1,3.70,226.50,0.11,109.00,999.00,18.64,1016.40,20.82,0.03
2026-06-08T12:33:38,1,3.70,223.70,0.11,107.00,999.00,18.63,1016.20,20.81,0.03
2026-06-08T12:33:38,1,3.70,223.70,0.11,107.00,999.00,18.63,1016.50,20.82,0.03
2026-06-08T12:33:38,1,3.70,223.70,0.11,107.00,999.00,18.62,1016.90,20.81,0.04
2026-06-08T12:33:39,1,3.71,223.70,0.11,107.00,999.00,18.61,1016.40,20.81,0.03
2026-06-08T12:33:39,1,3.68,224.10,0.11,108.00,999.00,18.61,1016.50,20.81,0.03
2026-06-08T12:33:39,1,3.68,224.10,0.11,108.00,999.00,18.59,1015.90,20.81,0.03
2026-06-08T12:33:39,1,3.68,224.10,0.11,108.00,999.00,18.59,1016.40,20.81,0.03
2026-06-08T12:33:39,1,3.70,224.10,0.11,108.00,999.00,18.58,1016.40,20.81,0.03
2026-06-08T12:33:40,1,3.70,224.10,0.11,108.00,999.00,18.58,1016.00,20.81,0.03
2026-06-08T12:33:40,1,3.69,224.10,0.11,108.00,999.00,18.56,1016.40,20.81,0.03
2026-06-08T12:33:40,1,3.70,224.10,0.11,108.00,999.00,18.54,1016.70,20.80,0.04
2026-06-08T12:33:40,1,3.70,224.10,0.11,108.00,999.00,18.53,1016.50,20.81,0.03
2026-06-08T12:33:40,1,3.71,224.10,0.11,108.00,999.00,18.51,1016.40,20.80,0.03
2026-06-08T12:33:41,1,3.66,224.10,0.11,108.00,999.00,18.51,1016.30,20.80,0.03
2026-06-08T12:33:41,1,3.70,228.70,0.11,110.00,999.00,18.50,1016.30,20.80,0.03
2026-06-08T12:33:41,1,3.68,228.70,0.11,110.00,999.00,18.49,1016.40,20.80,0.03
2026-06-08T12:33:41,1,3.71,228.70,0.11,110.00,999.00,18.47,1016.50,20.80,0.03
2026-06-08T12:33:41,1,3.68,228.70,0.11,110.00,999.00,18.46,1016.20,20.80,0.03
2026-06-08T12:33:42,1,3.68,228.70,0.11,110.00,999.00,18.45,1016.30,20.80,0.03
2026-06-08T12:33:42,1,3.68,227.80,0.11,109.00,999.00,18.44,1016.40,20.80,0.03
2026-06-08T12:33:42,1,3.71,227.80,0.11,109.00,999.00,18.43,1016.20,20.80,0.03
2026-06-08T12:33:42,1,3.68,227.80,0.11,109.00,999.00,18.43,1016.10,20.79,0.03
2026-06-08T12:33:42,1,3.68,227.80,0.11,109.00,999.00,18.43,1016.10,20.80,0.03
2026-06-08T12:33:43,1,3.68,225.10,0.11,108.00,999.00,18.41,1016.80,20.79,0.04
2026-06-08T12:33:43,1,3.70,225.10,0.11,108.00,999.00,18.40,1016.30,20.80,0.03
2026-06-08T12:33:43,1,3.68,225.10,0.11,108.00,999.00,18.39,1016.60,20.79,0.04
2026-06-08T12:33:43,1,3.68,225.10,0.11,108.00,999.00,18.38,1016.50,20.79,0.03
2026-06-08T12:33:43,1,3.69,225.10,0.11,108.00,999.00,18.37,1016.50,20.79,0.03
2026-06-08T12:33:44,1,3.71,220.90,0.11,106.00,999.00,18.37,1016.50,20.77,0.03
2026-06-08T12:33:44,1,3.70,220.90,0.11,106.00,999.00,18.35,1016.30,20.78,0.03
2026-06-08T12:33:44,1,3.69,220.90,0.11,106.00,999.00,18.35,1016.00,20.79,0.03
2026-06-08T12:33:44,1,3.68,220.90,0.11,106.00,999.00,18.33,1016.70,20.78,0.04
2026-06-08T12:33:45,1,3.70,220.90,0.11,106.00,999.00,18.32,1016.70,20.78,0.04
2026-06-08T12:33:45,1,3.69,223.60,0.11,107.00,999.00,18.31,1016.50,20.78,0.03
2026-06-08T12:33:45,1,3.68,223.60,0.11,107.00,999.00,18.30,1016.50,20.78,0.03
2026-06-08T12:33:45,1,3.70,223.60,0.11,107.00,999.00,18.28,1016.50,20.77,0.03
2026-06-08T12:33:45,1,3.68,223.60,0.11,107.00,999.00,18.27,1016.30,20.77,0.03
2026-06-08T12:33:46,1,3.68,222.40,0.11,107.00,999.00,18.27,1017.10,20.77,0.04
2026-06-08T12:33:46,1,3.71,222.40,0.11,107.00,999.00,18.26,1016.60,20.77,0.04
2026-06-08T12:33:46,1,3.71,222.40,0.11,107.00,999.00,18.24,1016.40,20.77,0.03
2026-06-08T12:33:46,1,3.69,222.40,0.11,107.00,999.00,18.28,1018.40,20.77,0.05
2026-06-08T12:33:46,1,3.68,222.40,0.11,107.00,999.00,18.36,1018.40,20.77,0.05
2026-06-08T12:33:47,1,3.68,26670.00,16.32,12802.00,999.00,18.42,1019.30,20.75,0.06
2026-06-08T12:33:47,1,3.70,26670.00,16.32,12802.00,999.00,18.48,1019.70,20.72,0.07
2026-06-08T12:33:47,1,3.68,26670.00,16.32,12802.00,999.00,18.51,1019.20,20.68,0.06
2026-06-08T12:33:47,1,3.69,26670.00,16.32,12802.00,999.00,18.56,1019.20,20.62,0.06
2026-06-08T12:33:48,1,3.69,26670.00,16.32,12802.00,999.00,18.58,1018.60,20.58,0.06
2026-06-08T12:33:48,1,3.69,26160.00,15.98,12558.00,999.00,18.62,1018.90,20.53,0.06
2026-06-08T12:33:48,1,3.71,26160.00,15.98,12558.00,999.00,18.64,1020.50,20.49,0.07
2026-06-08T12:33:48,1,3.71,26160.00,15.98,12558.00,999.00,18.67,1020.60,20.46,0.08
2026-06-08T12:33:48,1,3.70,26160.00,15.98,12558.00,999.00,18.70,1020.20,20.43,0.07
2026-06-08T12:33:49,1,3.68,26040.00,15.90,12502.00,999.00,18.72,1020.90,20.40,0.08
2026-06-08T12:33:49,1,3.69,26040.00,15.90,12502.00,999.00,18.73,1022.70,20.37,0.10
2026-06-08T12:33:49,1,3.71,26040.00,15.90,12502.00,999.00,18.75,1023.30,20.34,0.10
2026-06-08T12:33:49,1,3.66,26040.00,15.90,12502.00,999.00,18.76,1022.40,20.31,0.09
2026-06-08T12:33:49,1,3.68,26040.00,15.90,12502.00,999.00,18.77,1020.30,20.29,0.07
2026-06-08T12:33:50,1,3.70,26000.00,15.87,12481.00,999.00,18.79,1020.20,20.27,0.07
2026-06-08T12:33:50,1,3.71,26000.00,15.87,12481.00,999.00,18.79,1021.40,20.24,0.08
2026-06-08T12:33:50,1,3.67,26000.00,15.87,12481.00,999.00,18.79,1022.30,20.22,0.09
2026-06-08T12:33:50,1,3.70,26000.00,15.87,12481.00,999.00,18.80,1022.40,20.20,0.09
2026-06-08T12:33:50,1,3.68,26000.00,15.87,12481.00,999.00,18.81,1022.50,20.17,0.09
2026-06-08T12:33:51,1,3.70,25980.00,15.86,12472.00,999.00,18.82,1022.50,20.15,0.09
2026-06-08T12:33:51,1,3.71,25980.00,15.86,12472.00,999.00,18.83,1021.70,20.13,0.09
2026-06-08T12:33:51,1,3.71,25980.00,15.86,12472.00,999.00,18.83,1020.60,20.09,0.08
2026-06-08T12:33:51,1,3.68,25980.00,15.86,12472.00,999.00,18.83,1020.80,20.08,0.08
2026-06-08T12:33:51,1,3.68,25960.00,15.85,12463.00,999.00,18.83,1021.10,20.06,0.08
2026-06-08T12:33:52,1,3.70,25960.00,15.85,12463.00,999.00,18.84,1021.30,20.04,0.08
2026-06-08T12:33:52,1,3.71,25960.00,15.85,12463.00,999.00,18.84,1020.30,20.01,0.07
2026-06-08T12:33:52,1,3.67,25960.00,15.85,12463.00,999.00,18.85,1019.60,20.00,0.07
2026-06-08T12:33:52,1,3.68,25960.00,15.85,12463.00,999.00,18.84,1020.20,19.98,0.07
2026-06-08T12:33:53,1,3.69,25940.00,15.83,12453.00,999.00,18.85,1022.00,19.96,0.09
2026-06-08T12:33:53,1,3.71,25940.00,15.83,12453.00,999.00,18.85,1022.70,19.93,0.10
2026-06-08T12:33:53,1,3.70,25940.00,15.83,12453.00,999.00,18.85,1021.40,19.91,0.08
2026-06-08T12:33:53,1,3.67,25940.00,15.83,12453.00,999.00,18.85,1020.30,19.89,0.07
2026-06-08T12:33:53,1,3.68,25940.00,15.83,12453.00,999.00,18.84,1021.90,19.88,0.09
2026-06-08T12:33:54,1,3.69,25910.00,15.82,12441.00,999.00,18.85,1023.40,19.86,0.10
2026-06-08T12:33:54,1,3.70,25910.00,15.82,12441.00,999.00,18.84,1023.30,19.84,0.10
2026-06-08T12:33:54,1,3.70,25910.00,15.82,12441.00,999.00,18.85,1022.20,19.82,0.09
2026-06-08T12:33:54,1,3.67,25910.00,15.82,12441.00,999.00,18.84,1021.60,19.81,0.09
2026-06-08T12:33:54,1,3.68,25910.00,15.82,12441.00,999.00,18.84,1021.70,19.79,0.09
2026-06-08T12:33:55,1,3.71,25910.00,15.82,12440.00,999.00,18.85,1022.10,19.78,0.09
2026-06-08T12:33:55,1,3.70,25910.00,15.82,12440.00,999.00,18.85,1022.00,19.77,0.09
2026-06-08T12:33:55,1,3.71,25910.00,15.82,12440.00,999.00,18.85,1021.50,19.75,0.08
2026-06-08T12:33:55,1,3.69,25910.00,15.82,12440.00,999.00,18.84,1022.00,19.74,0.09
2026-06-08T12:33:55,1,3.70,25910.00,15.82,12439.00,999.00,18.85,1023.30,19.72,0.10
2026-06-08T12:33:56,1,3.70,25910.00,15.82,12439.00,999.00,18.85,1022.60,19.71,0.10
2026-06-08T12:33:56,1,3.70,25910.00,15.82,12439.00,999.00,18.85,1020.70,19.70,0.08
2026-06-08T12:33:56,1,3.70,25910.00,15.82,12439.00,999.00,18.85,1019.00,19.68,0.06
2026-06-08T12:33:56,1,3.67,25910.00,15.82,12439.00,999.00,18.86,1019.20,19.67,0.06
2026-06-08T12:33:56,1,3.69,25900.00,15.81,12434.00,999.00,18.85,1019.50,19.65,0.06
2026-06-08T12:33:57,1,3.70,25900.00,15.81,12434.00,999.00,18.85,1020.00,19.63,0.07
2026-06-08T12:33:57,1,3.70,25900.00,15.81,12434.00,999.00,18.85,1021.70,19.62,0.09
2026-06-08T12:33:57,1,3.69,25900.00,15.81,12434.00,999.00,18.84,1023.70,19.61,0.11
2026-06-08T12:33:57,1,3.68,25900.00,15.81,12434.00,999.00,18.84,1023.90,19.59,0.11
2026-06-08T12:33:58,1,3.70,25900.00,15.81,12435.00,999.00,18.84,1022.70,19.58,0.10
2026-06-08T12:33:58,1,3.70,25900.00,15.81,12435.00,999.00,18.84,1021.30,19.57,0.08
2026-06-08T12:33:58,1,3.69,25900.00,15.81,12435.00,999.00,18.84,1020.10,19.56,0.07
2026-06-08T12:33:58,1,3.70,25900.00,15.81,12435.00,999.00,18.84,1020.50,19.54,0.07
2026-06-08T12:33:58,1,3.68,25880.00,15.80,12426.00,999.00,18.84,1022.60,19.53,0.10
2026-06-08T12:33:59,1,3.68,25880.00,15.80,12426.00,999.00,18.84,1024.60,19.52,0.11
2026-06-08T12:33:59,1,3.69,25880.00,15.80,12426.00,999.00,18.85,1023.90,19.51,0.11
2026-06-08T12:33:59,1,3.68,25880.00,15.80,12426.00,999.00,18.84,1023.00,19.50,0.10
2026-06-08T12:33:59,1,3.68,25880.00,15.80,12426.00,999.00,18.84,1022.30,19.49,0.09
2026-06-08T12:33:59,1,3.68,25880.00,15.80,12426.00,999.00,18.85,1023.40,19.48,0.10
2026-06-08T12:34:00,1,3.71,25880.00,15.80,12426.00,999.00,18.84,1024.40,19.46,0.11
2026-06-08T12:34:00,1,3.71,25880.00,15.80,12426.00,999.00,18.85,1024.30,19.45,0.11
2026-06-08T12:34:00,1,3.68,25880.00,15.80,12426.00,999.00,18.84,1022.80,19.44,0.10
2026-06-08T12:34:00,1,3.68,25880.00,15.80,12426.00,999.00,18.85,1021.50,19.44,0.08
2026-06-08T12:34:00,1,3.70,25880.00,15.79,12423.00,999.00,18.85,1022.70,19.43,0.10
2026-06-08T12:34:01,1,3.70,25880.00,15.79,12423.00,999.00,18.85,1024.30,19.42,0.11
2026-06-08T12:34:01,1,3.71,25880.00,15.79,12423.00,999.00,18.85,1025.80,19.41,0.13
2026-06-08T12:34:01,1,3.67,25880.00,15.79,12423.00,999.00,18.85,1025.10,19.40,0.12
2026-06-08T12:34:01,1,3.66,25880.00,15.79,12423.00,999.00,18.84,1024.90,19.40,0.12
2026-06-08T12:34:01,1,3.69,25890.00,15.80,12429.00,999.00,18.84,1025.10,19.38,0.12
2026-06-08T12:34:02,1,3.69,25890.00,15.80,12429.00,999.00,18.85,1027.10,19.38,0.14
2026-06-08T12:34:02,1,3.71,25890.00,15.80,12429.00,999.00,18.84,1028.20,19.37,0.15
2026-06-08T12:34:02,1,3.69,25890.00,15.80,12429.00,999.00,18.84,1028.70,19.36,0.16
2026-06-08T12:34:02,1,3.68,25870.00,15.79,12422.00,999.00,18.84,1026.80,19.35,0.14
2026-06-08T12:34:03,1,3.69,25870.00,15.79,12422.00,999.00,18.84,1022.40,19.34,0.09
2026-06-08T12:34:03,1,3.70,25870.00,15.79,12422.00,999.00,18.84,1021.10,19.33,0.08
2026-06-08T12:34:03,1,3.70,25870.00,15.79,12422.00,999.00,18.85,1021.30,19.32,0.08
2026-06-08T12:34:03,1,3.70,25870.00,15.79,12422.00,999.00,18.85,1020.70,19.31,0.08
2026-06-08T12:34:03,1,3.70,25900.00,15.81,12434.00,999.00,18.84,1018.20,19.30,0.05
2026-06-08T12:34:04,1,3.70,25900.00,15.81,12434.00,999.00,18.84,1017.60,19.30,0.05
2026-06-08T12:34:04,1,3.68,25900.00,15.81,12434.00,999.00,18.84,1023.20,19.28,0.10
2026-06-08T12:34:04,1,3.68,25900.00,15.81,12434.00,999.00,18.84,1032.60,19.28,0.19
2026-06-08T12:34:04,1,3.68,25900.00,15.81,12434.00,999.00,18.84,1036.10,19.28,0.23
2026-06-08T12:34:04,1,3.71,25870.00,15.79,12421.00,999.00,18.84,1030.20,19.27,0.17
2026-06-08T12:34:05,1,3.70,25870.00,15.79,12421.00,999.00,18.84,1019.80,19.27,0.07
2026-06-08T12:34:05,1,3.71,25870.00,15.79,12421.00,999.00,18.83,1017.80,19.26,0.05
2026-06-08T12:34:05,1,3.67,25870.00,15.79,12421.00,999.00,18.83,1027.00,19.24,0.14
2026-06-08T12:34:05,1,3.70,25890.00,15.80,12428.00,999.00,18.83,1032.60,19.24,0.19
2026-06-08T12:34:05,1,3.68,25890.00,15.80,12428.00,999.00,18.82,1027.30,19.23,0.14
2026-06-08T12:34:06,1,3.70,25890.00,15.80,12428.00,999.00,18.83,1020.90,19.22,0.08
2026-06-08T12:34:06,1,3.68,25890.00,15.80,12428.00,999.00,18.82,1019.80,19.22,0.07
2026-06-08T12:34:06,1,3.68,25890.00,15.80,12428.00,999.00,18.82,1021.60,19.21,0.09
2026-06-08T12:34:06,1,3.70,25850.00,15.78,12412.00,999.00,18.83,1021.00,19.20,0.08
2026-06-08T12:34:07,1,3.69,25850.00,15.78,12412.00,999.00,18.82,1020.50,19.19,0.07
2026-06-08T12:34:07,1,3.71,25850.00,15.78,12412.00,999.00,18.82,1021.50,19.19,0.08
2026-06-08T12:34:07,1,3.69,25850.00,15.78,12412.00,999.00,18.82,1022.80,19.18,0.10
2026-06-08T12:34:07,1,3.68,25850.00,15.78,12412.00,999.00,18.82,1024.40,19.17,0.11
2026-06-08T12:34:07,1,3.70,25890.00,15.80,12428.00,999.00,18.82,1024.60,19.17,0.11
2026-06-08T12:34:08,1,3.70,25890.00,15.80,12428.00,999.00,18.82,1025.60,19.16,0.12
2026-06-08T12:34:08,1,3.70,25890.00,15.80,12428.00,999.00,18.82,1026.00,19.15,0.13
2026-06-08T12:34:08,1,3.70,25890.00,15.80,12428.00,999.00,18.82,1026.60,19.15,0.13
2026-06-08T12:34:08,1,3.67,25890.00,15.80,12428.00,999.00,18.83,1026.80,19.15,0.14
2026-06-08T12:34:08,1,3.71,25870.00,15.79,12420.00,999.00,18.83,1026.70,19.14,0.14
2026-06-08T12:34:09,1,3.71,25870.00,15.79,12420.00,999.00,18.83,1025.60,19.14,0.12
2026-06-08T12:34:09,1,3.69,25870.00,15.79,12420.00,999.00,18.83,1025.00,19.13,0.12
2026-06-08T12:34:09,1,3.70,25870.00,15.79,12420.00,999.00,18.84,1025.90,19.13,0.13
2026-06-08T12:34:09,1,3.69,25870.00,15.79,12420.00,999.00,18.83,1026.90,19.13,0.14
2026-06-08T12:34:09,1,3.69,25870.00,15.79,12420.00,999.00,18.83,1028.50,19.12,0.15
2026-06-08T12:34:10,1,3.71,25870.00,15.79,12420.00,999.00,18.83,1029.70,19.12,0.17
2026-06-08T12:34:10,1,3.70,25870.00,15.79,12420.00,999.00,18.83,1031.90,19.10,0.19
2026-06-08T12:34:10,1,3.66,25870.00,15.79,12420.00,999.00,18.83,1033.40,19.11,0.20
2026-06-08T12:34:10,1,3.71,25870.00,15.79,12418.00,999.00,18.84,1034.00,19.10,0.21
2026-06-08T12:34:10,1,3.70,25870.00,15.79,12418.00,999.00,18.83,1033.90,19.10,0.21
2026-06-08T12:34:11,1,3.71,25870.00,15.79,12418.00,999.00,18.84,1033.90,19.10,0.21
2026-06-08T12:34:11,1,3.68,25870.00,15.79,12418.00,999.00,18.84,1034.80,19.09,0.22
2026-06-08T12:34:11,1,3.68,25870.00,15.79,12418.00,999.00,18.84,1035.60,19.09,0.22
2026-06-08T12:34:11,1,3.70,25890.00,15.80,12428.00,999.00,18.84,1037.80,19.08,0.25
2026-06-08T12:34:12,1,3.70,25890.00,15.80,12428.00,999.00,18.84,1039.50,19.08,0.26
2026-06-08T12:34:12,1,3.68,25890.00,15.80,12428.00,999.00,18.84,1040.60,19.08,0.27
2026-06-08T12:34:12,1,3.68,25890.00,15.80,12428.00,999.00,18.83,1042.90,19.08,0.30
2026-06-08T12:34:12,1,3.67,25880.00,15.80,12426.00,999.00,18.85,1045.10,19.07,0.32
2026-06-08T12:34:12,1,3.71,25880.00,15.80,12426.00,999.00,18.84,1046.50,19.07,0.33
2026-06-08T12:34:13,1,3.71,25880.00,15.80,12426.00,999.00,18.83,1047.90,19.06,0.35
2026-06-08T12:34:13,1,3.68,25880.00,15.80,12426.00,999.00,18.84,1049.00,19.06,0.36
2026-06-08T12:34:13,1,3.70,25880.00,15.80,12426.00,999.00,18.84,1051.20,19.06,0.38
2026-06-08T12:34:13,1,3.70,25870.00,15.79,12420.00,999.00,18.84,1052.10,19.06,0.39
2026-06-08T12:34:13,1,3.71,25870.00,15.79,12420.00,999.00,18.84,1052.90,19.06,0.40
2026-06-08T12:34:14,1,3.69,25870.00,15.79,12420.00,999.00,18.84,1053.70,19.05,0.40
2026-06-08T12:34:14,1,3.66,25870.00,15.79,12420.00,999.00,18.84,1054.50,19.05,0.41
2026-06-08T12:34:14,1,3.70,25870.00,15.79,12420.00,999.00,18.83,1054.50,19.05,0.41
2026-06-08T12:34:14,1,3.71,25870.00,15.79,12418.00,999.00,18.84,1055.00,19.05,0.42
2026-06-08T12:34:14,1,3.71,25870.00,15.79,12418.00,999.00,18.84,1055.40,19.05,0.42
2026-06-08T12:34:15,1,3.71,25870.00,15.79,12418.00,999.00,18.84,1056.90,19.04,0.44
2026-06-08T12:34:15,1,3.68,25870.00,15.79,12418.00,999.00,18.85,1056.90,19.04,0.44
2026-06-08T12:34:15,1,3.68,25870.00,15.79,12418.00,999.00,18.83,1057.20,19.04,0.44
2026-06-08T12:34:15,1,3.70,25880.00,15.80,12425.00,999.00,18.84,1057.60,19.04,0.44
2026-06-08T12:34:15,1,3.70,25880.00,15.80,12425.00,999.00,18.84,1059.10,19.03,0.46
2026-06-08T12:34:16,1,3.71,25880.00,15.80,12425.00,999.00,18.84,1060.90,19.03,0.47
2026-06-08T12:34:16,1,3.69,25880.00,15.80,12425.00,999.00,18.84,1061.90,19.03,0.48
2026-06-08T12:34:16,1,3.70,25870.00,15.79,12421.00,999.00,18.83,1063.50,19.03,0.50
2026-06-08T12:34:16,1,3.68,25870.00,15.79,12421.00,999.00,18.83,1064.90,19.03,0.51
2026-06-08T12:34:17,1,3.70,25870.00,15.79,12421.00,999.00,18.83,1066.10,19.01,0.53
2026-06-08T12:34:17,1,3.70,25870.00,15.79,12421.00,999.00,18.83,1067.40,19.02,0.54
2026-06-08T12:34:17,1,3.68,25870.00,15.79,12421.00,999.00,18.84,1068.70,19.02,0.55
2026-06-08T12:34:17,1,3.69,25880.00,15.79,12423.00,999.00,18.84,1069.50,19.01,0.56
2026-06-08T12:34:17,1,3.70,25880.00,15.79,12423.00,999.00,18.84,1070.90,19.01,0.57
2026-06-08T12:34:18,1,3.69,25880.00,15.79,12423.00,999.00,18.83,1072.50,19.01,0.59
2026-06-08T12:34:18,1,3.70,25880.00,15.79,12423.00,999.00,18.84,1074.00,19.01,0.60
2026-06-08T12:34:18,1,3.69,25880.00,15.79,12423.00,999.00,18.84,1075.20,19.01,0.62
2026-06-08T12:34:18,1,3.71,25870.00,15.79,12421.00,999.00,18.84,1075.50,19.01,0.62
2026-06-08T12:34:18,1,3.71,25870.00,15.79,12421.00,999.00,18.84,1077.60,19.01,0.64
2026-06-08T12:34:19,1,3.70,25870.00,15.79,12421.00,999.00,18.84,1078.80,19.00,0.65
2026-06-08T12:34:19,1,3.68,25870.00,15.79,12421.00,999.00,18.84,1080.30,19.00,0.67
2026-06-08T12:34:19,1,3.67,25880.00,15.79,12424.00,999.00,18.84,1081.70,19.00,0.68
2026-06-08T12:34:19,1,3.70,25880.00,15.79,12424.00,999.00,18.84,1083.50,19.00,0.70
2026-06-08T12:34:19,1,3.71,25880.00,15.79,12424.00,999.00,18.85,1084.50,19.00,0.71
2026-06-08T12:34:20,1,3.68,25880.00,15.79,12424.00,999.00,18.85,1085.00,18.99,0.71
2026-06-08T12:34:20,1,3.68,25880.00,15.79,12424.00,999.00,18.84,1085.50,18.99,0.72
2026-06-08T12:34:20,1,3.68,25880.00,15.79,12424.00,999.00,18.85,1087.30,18.99,0.74
2026-06-08T12:34:20,1,3.71,25880.00,15.79,12424.00,999.00,18.85,1087.80,18.99,0.74
2026-06-08T12:34:20,1,3.68,25880.00,15.79,12424.00,999.00,18.85,1088.90,18.99,0.75
2026-06-08T12:34:21,1,3.68,25880.00,15.79,12424.00,999.00,18.85,1088.60,18.99,0.75
2026-06-08T12:34:21,1,3.69,25880.00,15.79,12424.00,999.00,18.85,1089.40,18.99,0.76
2026-06-08T12:34:21,1,3.70,25880.00,15.79,12423.00,999.00,18.85,1090.00,18.99,0.76
2026-06-08T12:34:21,1,3.70,25880.00,15.79,12423.00,999.00,18.85,1090.80,18.98,0.77
2026-06-08T12:34:22,1,3.69,25880.00,15.79,12423.00,999.00,18.85,1091.70,18.98,0.78
2026-06-08T12:34:22,1,3.67,25880.00,15.79,12423.00,999.00,18.84,1092.80,18.98,0.79
2026-06-08T12:34:22,1,3.69,25880.00,15.79,12423.00,999.00,18.85,1094.40,18.98,0.81
2026-06-08T12:34:22,1,3.69,25880.00,15.79,12423.00,999.00,18.84,1095.00,18.98,0.81
2026-06-08T12:34:22,1,3.70,25880.00,15.79,12423.00,999.00,18.84,1095.00,18.98,0.81
2026-06-08T12:34:23,1,3.71,25880.00,15.79,12423.00,999.00,18.85,1096.90,18.98,0.83
2026-06-08T12:34:23,1,3.69,25880.00,15.79,12423.00,999.00,18.85,1097.80,18.97,0.84
2026-06-08T12:34:23,1,3.69,25880.00,15.79,12423.00,999.00,18.85,1099.10,18.96,0.85
2026-06-08T12:34:23,1,3.68,25880.00,15.79,12423.00,999.00,18.85,1099.30,18.97,0.86
2026-06-08T12:34:23,1,3.69,25880.00,15.79,12423.00,999.00,18.85,1100.50,18.97,0.87
2026-06-08T12:34:24,1,3.68,25880.00,15.79,12423.00,999.00,18.85,1101.60,18.97,0.88
2026-06-08T12:34:24,1,3.68,25880.00,15.79,12423.00,999.00,18.85,1100.20,18.97,0.86
2026-06-08T12:34:24,1,3.69,25880.00,15.80,12425.00,999.00,18.84,1090.80,18.96,0.77
2026-06-08T12:34:24,1,3.71,25880.00,15.80,12425.00,999.00,18.85,1077.00,18.96,0.63
2026-06-08T12:34:24,1,3.72,25880.00,15.80,12425.00,999.00,18.84,1065.80,18.95,0.52
2026-06-08T12:34:25,1,3.70,25880.00,15.80,12425.00,999.00,18.85,1055.90,18.95,0.43
2026-06-08T12:34:25,1,3.66,25880.00,15.80,12425.00,999.00,18.85,1047.60,18.95,0.34
2026-06-08T12:34:25,1,3.69,25880.00,15.79,12423.00,999.00,18.85,1042.80,18.94,0.30
2026-06-08T12:34:25,1,3.68,25880.00,15.79,12423.00,999.00,18.86,1037.40,18.94,0.24
2026-06-08T12:34:26,1,3.71,25880.00,15.79,12423.00,999.00,18.86,1031.70,18.94,0.19
2026-06-08T12:34:26,1,3.67,25880.00,15.79,12423.00,999.00,18.85,1028.90,18.94,0.16
2026-06-08T12:34:26,1,3.68,25870.00,15.79,12419.00,999.00,18.86,1028.90,18.94,0.16
2026-06-08T12:34:26,1,3.72,25870.00,15.79,12419.00,999.00,18.84,1029.40,18.93,0.16
2026-06-08T12:34:26,1,3.71,25870.00,15.79,12419.00,999.00,18.85,1031.00,18.93,0.18
2026-06-08T12:34:27,1,3.69,25870.00,15.79,12419.00,999.00,18.84,1031.00,18.93,0.18
2026-06-08T12:34:27,1,3.68,25870.00,15.79,12419.00,999.00,18.85,1029.90,18.93,0.17
2026-06-08T12:34:27,1,3.70,25870.00,15.79,12419.00,999.00,18.84,1031.50,18.93,0.18
2026-06-08T12:34:27,1,3.71,25870.00,15.79,12419.00,999.00,18.84,1033.50,18.92,0.20
2026-06-08T12:34:27,1,3.69,25870.00,15.79,12419.00,999.00,18.84,1034.60,18.92,0.21
2026-06-08T12:34:28,1,3.68,25870.00,15.79,12419.00,999.00,18.84,1034.30,18.92,0.21
2026-06-08T12:34:28,1,3.68,25870.00,15.79,12419.00,999.00,18.83,1034.40,18.92,0.21
2026-06-08T12:34:28,1,3.69,25860.00,15.78,12416.00,999.00,18.83,1034.30,18.92,0.21
2026-06-08T12:34:28,1,3.68,25860.00,15.78,12416.00,999.00,18.84,1034.90,18.92,0.22
2026-06-08T12:34:28,1,3.68,25860.00,15.78,12416.00,999.00,18.84,1035.40,18.92,0.22
2026-06-08T12:34:29,1,3.68,25860.00,15.78,12416.00,999.00,18.83,1034.80,18.91,0.22
2026-06-08T12:34:29,1,3.70,25860.00,15.78,12416.00,999.00,18.84,1034.20,18.91,0.21
2026-06-08T12:34:29,1,3.68,25860.00,15.78,12414.00,999.00,18.84,1033.90,18.91,0.21
2026-06-08T12:34:29,1,3.68,25860.00,15.78,12414.00,999.00,18.84,1034.90,18.90,0.22
2026-06-08T12:34:29,1,3.68,25860.00,15.78,12414.00,999.00,18.84,1035.80,18.90,0.23
2026-06-08T12:34:30,1,3.70,25860.00,15.78,12414.00,999.00,18.83,1035.80,18.91,0.23
2026-06-08T12:34:30,1,3.68,25890.00,15.80,12427.00,999.00,18.84,1035.50,18.90,0.22
2026-06-08T12:34:30,1,3.70,25890.00,15.80,12427.00,999.00,18.84,1034.40,18.90,0.21
2026-06-08T12:34:30,1,3.70,25890.00,15.80,12427.00,999.00,18.83,1033.20,18.90,0.20
2026-06-08T12:34:31,1,3.69,25890.00,15.80,12427.00,999.00,18.85,1033.70,18.90,0.21
2026-06-08T12:34:31,1,3.69,25890.00,15.80,12427.00,999.00,18.84,1033.30,18.90,0.20
2026-06-08T12:34:31,1,3.68,25870.00,15.79,12420.00,999.00,18.84,1034.10,18.90,0.21
2026-06-08T12:34:31,1,3.72,25870.00,15.79,12420.00,999.00,18.84,1034.50,18.90,0.21
2026-06-08T12:34:31,1,3.71,25870.00,15.79,12420.00,999.00,18.84,1035.00,18.90,0.22
2026-06-08T12:34:32,1,3.68,25870.00,15.79,12420.00,999.00,18.84,1035.30,18.90,0.22
2026-06-08T12:34:32,1,3.67,25870.00,15.79,12420.00,999.00,18.84,1035.30,18.89,0.22
2026-06-08T12:34:32,1,3.70,25880.00,15.79,12425.00,999.00,18.84,1035.20,18.89,0.22
2026-06-08T12:34:32,1,3.70,25880.00,15.79,12425.00,999.00,18.84,1033.10,18.90,0.20
2026-06-08T12:34:32,1,3.70,25880.00,15.79,12425.00,999.00,18.84,1032.70,18.89,0.20
2026-06-08T12:34:33,1,3.68,25880.00,15.79,12425.00,999.00,18.84,1033.90,18.89,0.21
2026-06-08T12:34:33,1,3.68,25870.00,15.79,12418.00,999.00,18.84,1034.20,18.89,0.21
2026-06-08T12:34:33,1,3.70,25870.00,15.79,12418.00,999.00,18.83,1034.00,18.89,0.21
2026-06-08T12:34:33,1,3.68,25870.00,15.79,12418.00,999.00,18.83,1033.30,18.89,0.20
2026-06-08T12:34:33,1,3.69,25870.00,15.79,12418.00,999.00,18.84,1032.40,18.89,0.19
2026-06-08T12:34:34,1,3.69,25870.00,15.79,12418.00,999.00,18.83,1033.30,18.89,0.20
2026-06-08T12:34:34,1,3.69,25870.00,15.79,12418.00,999.00,18.84,1032.90,18.89,0.20
2026-06-08T12:34:34,1,3.71,25870.00,15.79,12418.00,999.00,18.84,1032.60,18.89,0.19
2026-06-08T12:34:34,1,3.70,25870.00,15.79,12418.00,999.00,18.83,1033.90,18.89,0.21
2026-06-08T12:34:34,1,3.68,25870.00,15.79,12418.00,999.00,18.83,1033.70,18.89,0.21
2026-06-08T12:34:35,1,3.69,25870.00,15.79,12418.00,999.00,18.83,1034.20,18.89,0.21
2026-06-08T12:34:35,1,3.70,25860.00,15.78,12416.00,999.00,18.84,1033.60,18.88,0.20
2026-06-08T12:34:35,1,3.70,25860.00,15.78,12416.00,999.00,18.83,1033.30,18.88,0.20
2026-06-08T12:34:35,1,3.68,25860.00,15.78,12416.00,999.00,18.84,1033.50,18.88,0.20
2026-06-08T12:34:35,1,3.68,25860.00,15.78,12416.00,999.00,18.84,1034.10,18.88,0.21
2026-06-08T12:34:36,1,3.68,25860.00,15.78,12416.00,999.00,18.83,1033.90,18.88,0.21
2026-06-08T12:34:36,1,3.71,25870.00,15.79,12418.00,999.00,18.84,1035.10,18.87,0.22
2026-06-08T12:34:36,1,3.70,25870.00,15.79,12418.00,999.00,18.83,1035.30,18.87,0.22
2026-06-08T12:34:36,1,3.70,25870.00,15.79,12418.00,999.00,18.84,1035.90,18.88,0.23
2026-06-08T12:34:37,1,3.68,25870.00,15.79,12418.00,999.00,18.84,1035.20,18.87,0.22
2026-06-08T12:34:37,1,3.67,25870.00,15.79,12419.00,999.00,18.83,1034.30,18.87,0.21
2026-06-08T12:34:37,1,3.68,25870.00,15.79,12419.00,999.00,18.84,1032.70,18.87,0.20
2026-06-08T12:34:37,1,3.68,25870.00,15.79,12419.00,999.00,18.84,1031.80,18.87,0.19
2026-06-08T12:34:37,1,3.69,25870.00,15.79,12419.00,999.00,18.83,1033.00,18.87,0.20
2026-06-08T12:34:38,1,3.67,25870.00,15.79,12419.00,999.00,18.83,1034.70,18.86,0.22
2026-06-08T12:34:38,1,3.68,25860.00,15.78,12417.00,999.00,18.85,1036.90,18.87,0.24
2026-06-08T12:34:38,1,3.68,25860.00,15.78,12417.00,999.00,18.84,1037.10,18.86,0.24
2026-06-08T12:34:38,1,3.70,25860.00,15.78,12417.00,999.00,18.84,1036.70,18.86,0.23
2026-06-08T12:34:38,1,3.68,25860.00,15.78,12417.00,999.00,18.84,1034.70,18.86,0.22
2026-06-08T12:34:39,1,3.67,25860.00,15.78,12417.00,999.00,18.84,1034.30,18.86,0.21
2026-06-08T12:34:39,1,3.69,25870.00,15.79,12420.00,999.00,18.84,1034.70,18.86,0.22
2026-06-08T12:34:39,1,3.71,25870.00,15.79,12420.00,999.00,18.85,1035.30,18.86,0.22
2026-06-08T12:34:39,1,3.70,25870.00,15.79,12420.00,999.00,18.84,1035.30,18.86,0.22
2026-06-08T12:34:39,1,3.68,25870.00,15.79,12420.00,999.00,18.85,1034.50,18.86,0.21
2026-06-08T12:34:40,1,3.70,25870.00,15.79,12419.00,999.00,18.84,1033.80,18.86,0.21
2026-06-08T12:34:40,1,3.68,25870.00,15.79,12419.00,999.00,18.84,1033.90,18.86,0.21
2026-06-08T12:34:40,1,3.70,25870.00,15.79,12419.00,999.00,18.85,1034.60,18.86,0.21
2026-06-08T12:34:40,1,3.69,25870.00,15.79,12419.00,999.00,18.85,1035.30,18.86,0.22
2026-06-08T12:34:41,1,3.66,25870.00,15.79,12419.00,999.00,18.84,1036.70,18.86,0.23
2026-06-08T12:34:41,1,3.70,25880.00,15.80,12427.00,999.00,18.85,1035.90,18.86,0.23
2026-06-08T12:34:41,1,3.70,25880.00,15.80,12427.00,999.00,18.84,1035.60,18.85,0.22
2026-06-08T12:34:41,1,3.70,25880.00,15.80,12427.00,999.00,18.85,1034.80,18.85,0.22
2026-06-08T12:34:41,1,3.68,25880.00,15.80,12427.00,999.00,18.84,1034.60,18.85,0.21
2026-06-08T12:34:42,1,3.70,25880.00,15.80,12427.00,999.00,18.85,1034.00,18.86,0.21
2026-06-08T12:34:42,1,3.70,25870.00,15.79,12419.00,999.00,18.85,1034.70,18.86,0.22
2026-06-08T12:34:42,1,3.70,25870.00,15.79,12419.00,999.00,18.85,1034.50,18.84,0.21
2026-06-08T12:34:42,1,3.68,25870.00,15.79,12419.00,999.00,18.83,1034.50,18.85,0.21
2026-06-08T12:34:42,1,3.69,25870.00,15.79,12419.00,999.00,18.84,1036.30,18.85,0.23
2026-06-08T12:34:43,1,3.68,25870.00,15.79,12419.00,999.00,18.84,1037.10,18.85,0.24
2026-06-08T12:34:43,1,3.70,25870.00,15.79,12419.00,999.00,18.84,1037.30,18.85,0.24
2026-06-08T12:34:43,1,3.70,25870.00,15.79,12419.00,999.00,18.84,1036.00,18.85,0.23
2026-06-08T12:34:43,1,3.69,25870.00,15.79,12419.00,999.00,18.85,1034.10,18.85,0.21
2026-06-08T12:34:43,1,3.65,25870.00,15.79,12419.00,999.00,18.85,1033.70,18.85,0.21
2026-06-08T12:34:44,1,3.68,25870.00,15.79,12418.00,999.00,18.84,1034.90,18.85,0.22
2026-06-08T12:34:44,1,3.71,25870.00,15.79,12418.00,999.00,18.84,1035.10,18.84,0.22
2026-06-08T12:34:44,1,3.71,25870.00,15.79,12418.00,999.00,18.84,1035.50,18.84,0.22
2026-06-08T12:34:44,1,3.66,25870.00,15.79,12418.00,999.00,18.83,1035.60,18.84,0.22
2026-06-08T12:34:45,1,3.67,25870.00,15.79,12418.00,999.00,18.85,1035.90,18.84,0.23
2026-06-08T12:34:45,1,3.71,25870.00,15.79,12418.00,999.00,18.84,1036.40,18.84,0.23
2026-06-08T12:34:45,1,3.70,25870.00,15.79,12418.00,999.00,18.84,1037.00,18.84,0.24
2026-06-08T12:34:45,1,3.69,25870.00,15.79,12418.00,999.00,18.85,1036.20,18.84,0.23
2026-06-08T12:34:45,1,3.69,25870.00,15.79,12418.00,999.00,18.84,1036.10,18.84,0.23
2026-06-08T12:34:46,1,3.69,25870.00,15.79,12418.00,999.00,18.84,1035.90,18.84,0.23
2026-06-08T12:34:46,1,3.68,25870.00,15.79,12418.00,999.00,18.85,1035.80,18.84,0.23
2026-06-08T12:34:46,1,3.70,25870.00,15.79,12418.00,999.00,18.84,1035.60,18.84,0.22
2026-06-08T12:34:46,1,3.68,25870.00,15.79,12418.00,999.00,18.84,1035.60,18.84,0.22
2026-06-08T12:34:46,1,3.67,25870.00,15.79,12418.00,999.00,18.84,1035.80,18.85,0.23
2026-06-08T12:34:47,1,3.68,25870.00,15.79,12420.00,999.00,18.84,1036.40,18.84,0.23
2026-06-08T12:34:47,1,3.68,25870.00,15.79,12420.00,999.00,18.84,1036.50,18.84,0.23
2026-06-08T12:34:47,1,3.69,25870.00,15.79,12420.00,999.00,18.83,1036.40,18.84,0.23
2026-06-08T12:34:47,1,3.67,25870.00,15.79,12420.00,999.00,18.84,1036.50,18.84,0.23
2026-06-08T12:34:47,1,3.70,25870.00,15.79,12420.00,999.00,18.83,1036.50,18.84,0.23
2026-06-08T12:34:48,1,3.68,25870.00,15.79,12418.00,999.00,18.83,1037.00,18.84,0.24
2026-06-08T12:34:48,1,3.68,25870.00,15.79,12418.00,999.00,18.84,1038.00,18.84,0.25
2026-06-08T12:34:48,1,3.71,25870.00,15.79,12418.00,999.00,18.84,1037.60,18.84,0.24
2026-06-08T12:34:48,1,3.67,25870.00,15.79,12418.00,999.00,18.83,1035.90,18.84,0.23
2026-06-08T12:34:48,1,3.70,25870.00,15.79,12418.00,999.00,18.84,1035.00,18.84,0.22
2026-06-08T12:34:49,1,3.69,25880.00,15.79,12424.00,999.00,18.84,1034.90,18.83,0.22
2026-06-08T12:34:49,1,3.71,25880.00,15.79,12424.00,999.00,18.84,1035.00,18.84,0.22
2026-06-08T12:34:49,1,3.68,25880.00,15.79,12424.00,999.00,18.83,1035.80,18.82,0.23
2026-06-08T12:34:49,1,3.68,25880.00,15.79,12424.00,999.00,18.84,1035.80,18.83,0.23
2026-06-08T12:34:50,1,3.69,25880.00,15.79,12424.00,999.00,18.85,1034.60,18.83,0.21
2026-06-08T12:34:50,1,3.69,25880.00,15.79,12424.00,999.00,18.83,1035.00,18.83,0.22
2026-06-08T12:34:50,1,3.67,25880.00,15.79,12424.00,999.00,18.84,1035.30,18.83,0.22
2026-06-08T12:34:50,1,3.68,25880.00,15.79,12424.00,999.00,18.84,1036.10,18.83,0.23
2026-06-08T12:34:50,1,3.68,25880.00,15.79,12424.00,999.00,18.84,1036.00,18.83,0.23
2026-06-08T12:34:51,1,3.70,25860.00,15.78,12417.00,999.00,18.84,1035.70,18.83,0.22
2026-06-08T12:34:51,1,3.68,25860.00,15.78,12417.00,999.00,18.84,1035.70,18.82,0.22
2026-06-08T12:34:51,1,3.70,25860.00,15.78,12417.00,999.00,18.84,1034.70,18.83,0.22
2026-06-08T12:34:51,1,3.68,25860.00,15.78,12417.00,999.00,18.84,1034.20,18.83,0.21
2026-06-08T12:34:51,1,3.69,25860.00,15.78,12417.00,999.00,18.84,1033.80,18.83,0.21
2026-06-08T12:34:52,1,3.70,25870.00,15.79,12420.00,999.00,18.84,1034.50,18.83,0.21
2026-06-08T12:34:52,1,3.70,25870.00,15.79,12420.00,999.00,18.84,1035.00,18.83,0.22
2026-06-08T12:34:52,1,3.71,25870.00,15.79,12420.00,999.00,18.83,1035.50,18.82,0.22
2026-06-08T12:34:52,1,3.66,25870.00,15.79,12420.00,999.00,18.83,1036.80,18.83,0.24
2026-06-08T12:34:52,1,3.68,25870.00,15.79,12420.00,999.00,18.84,1036.30,18.82,0.23
2026-06-08T12:34:53,1,3.69,25870.00,15.79,12421.00,999.00,18.84,1035.50,18.82,0.22
2026-06-08T12:34:53,1,3.71,25870.00,15.79,12421.00,999.00,18.84,1033.70,18.82,0.21
2026-06-08T12:34:53,1,3.70,25870.00,15.79,12421.00,999.00,18.84,1033.70,18.83,0.21
2026-06-08T12:34:53,1,3.70,25870.00,15.79,12421.00,999.00,18.84,1034.40,18.83,0.21
2026-06-08T12:34:53,1,3.66,25870.00,15.79,12421.00,999.00,18.84,1035.40,18.83,0.22
2026-06-08T12:34:54,1,3.69,25870.00,15.79,12421.00,999.00,18.84,1035.60,18.82,0.22
2026-06-08T12:34:54,1,3.70,25870.00,15.79,12421.00,999.00,18.84,1035.60,18.82,0.22
2026-06-08T12:34:54,1,3.68,25870.00,15.79,12421.00,999.00,18.84,1036.20,18.82,0.23
2026-06-08T12:34:54,1,3.68,25870.00,15.79,12421.00,999.00,18.84,1037.30,18.82,0.24
2026-06-08T12:34:54,1,3.71,25870.00,15.79,12421.00,999.00,18.84,1037.70,18.82,0.24
2026-06-08T12:34:55,1,3.68,25870.00,15.79,12421.00,999.00,18.84,1036.70,18.81,0.23
2026-06-08T12:34:55,1,3.70,25870.00,15.79,12421.00,999.00,18.84,1036.30,18.82,0.23
2026-06-08T12:34:55,1,3.66,25870.00,15.79,12421.00,999.00,18.84,1035.90,18.82,0.23
2026-06-08T12:34:55,1,3.70,25870.00,15.79,12421.00,999.00,18.84,1035.90,18.82,0.23
2026-06-08T12:34:56,1,3.71,25870.00,15.79,12419.00,999.00,18.84,1036.30,18.82,0.23
2026-06-08T12:34:56,1,3.68,25870.00,15.79,12419.00,999.00,18.84,1036.70,18.82,0.23
2026-06-08T12:34:56,1,3.68,25870.00,15.79,12419.00,999.00,18.84,1036.50,18.82,0.23
2026-06-08T12:34:56,1,3.70,25870.00,15.79,12419.00,999.00,18.84,1036.20,18.81,0.23
2026-06-08T12:34:56,1,3.67,25880.00,15.80,12426.00,999.00,18.84,1036.20,18.82,0.23
2026-06-08T12:34:57,1,3.70,25880.00,15.80,12426.00,999.00,18.84,1036.60,18.82,0.23
2026-06-08T12:34:57,1,3.69,25880.00,15.80,12426.00,999.00,18.85,1037.50,18.82,0.24
2026-06-08T12:34:57,1,3.68,25880.00,15.80,12426.00,999.00,18.84,1038.30,18.82,0.25
2026-06-08T12:34:57,1,3.68,25880.00,15.80,12426.00,999.00,18.84,1037.80,18.82,0.25
2026-06-08T12:34:57,1,3.71,25870.00,15.79,12419.00,999.00,18.84,1036.40,18.82,0.23
2026-06-08T12:34:58,1,3.72,25870.00,15.79,12419.00,999.00,18.84,1036.20,18.82,0.23
2026-06-08T12:34:58,1,3.68,25870.00,15.79,12419.00,999.00,18.84,1035.80,18.82,0.23
2026-06-08T12:34:58,1,3.68,25870.00,15.79,12419.00,999.00,18.84,1035.90,18.81,0.23
2026-06-08T12:34:58,1,3.68,25870.00,15.79,12419.00,999.00,18.83,1036.40,18.82,0.23
2026-06-08T12:34:58,1,3.69,25870.00,15.79,12420.00,999.00,18.84,1036.20,18.81,0.23
2026-06-08T12:34:59,1,3.70,25870.00,15.79,12420.00,999.00,18.84,1036.90,18.81,0.24
2026-06-08T12:34:59,1,3.70,25870.00,15.79,12420.00,999.00,18.85,1036.60,18.82,0.23
2026-06-08T12:34:59,1,3.68,25870.00,15.79,12420.00,999.00,18.83,1037.30,18.82,0.24
2026-06-08T12:34:59,1,3.70,25870.00,15.79,12420.00,999.00,18.84,1036.50,18.81,0.23
2026-06-08T12:35:00,1,3.70,25860.00,15.78,12416.00,999.00,18.84,1035.90,18.81,0.23
2026-06-08T12:35:00,1,3.69,25860.00,15.78,12416.00,999.00,18.84,1035.30,18.81,0.22
2026-06-08T12:35:00,1,3.69,25860.00,15.78,12416.00,999.00,18.84,1035.20,18.82,0.22
2026-06-08T12:35:00,1,3.70,25860.00,15.78,12416.00,999.00,18.84,1034.50,18.82,0.21
2026-06-08T12:35:00,1,3.68,25870.00,15.79,12418.00,999.00,18.84,1034.60,18.82,0.21
2026-06-08T12:35:01,1,3.69,25870.00,15.79,12418.00,999.00,18.84,1035.50,18.81,0.22
2026-06-08T12:35:01,1,3.68,25870.00,15.79,12418.00,999.00,18.84,1036.00,18.81,0.23
2026-06-08T12:35:01,1,3.68,25870.00,15.79,12418.00,999.00,18.85,1035.60,18.81,0.22
2026-06-08T12:35:01,1,3.68,25870.00,15.79,12418.00,999.00,18.83,1034.60,18.81,0.21
2026-06-08T12:35:01,1,3.71,25870.00,15.79,12421.00,999.00,18.85,1034.20,18.81,0.21
2026-06-08T12:35:02,1,3.69,25870.00,15.79,12421.00,999.00,18.84,1035.00,18.81,0.22
2026-06-08T12:35:02,1,3.70,25870.00,15.79,12421.00,999.00,18.85,1036.20,18.81,0.23
2026-06-08T12:35:02,1,3.68,25870.00,15.79,12421.00,999.00,18.84,1035.90,18.81,0.23
2026-06-08T12:35:02,1,3.69,25870.00,15.79,12421.00,999.00,18.84,1035.20,18.80,0.22
2026-06-08T12:35:02,1,3.71,25870.00,15.79,12422.00,999.00,18.84,1035.40,18.81,0.22
2026-06-08T12:35:03,1,3.69,25870.00,15.79,12422.00,999.00,18.84,1035.30,18.81,0.22
2026-06-08T12:35:03,1,3.70,25870.00,15.79,12422.00,999.00,18.85,1035.70,18.81,0.22
2026-06-08T12:35:03,1,3.67,25870.00,15.79,12422.00,999.00,18.84,1035.20,18.81,0.22
2026-06-08T12:35:03,1,3.69,25880.00,15.79,12423.00,999.00,18.83,1035.60,18.81,0.22
2026-06-08T12:35:03,1,3.70,25880.00,15.79,12423.00,999.00,18.85,1036.10,18.81,0.23
2026-06-08T12:35:04,1,3.68,25880.00,15.79,12423.00,999.00,18.84,1036.60,18.81,0.23
2026-06-08T12:35:04,1,3.66,25880.00,15.79,12423.00,999.00,18.84,1035.70,18.81,0.22
2026-06-08T12:35:04,1,3.67,25880.00,15.79,12423.00,999.00,18.85,1035.10,18.81,0.22
2026-06-08T12:35:04,1,3.71,25880.00,15.80,12425.00,999.00,18.85,1036.20,18.81,0.23
2026-06-08T12:35:05,1,3.71,25880.00,15.80,12425.00,999.00,18.84,1037.00,18.81,0.24
2026-06-08T12:35:05,1,3.70,25880.00,15.80,12425.00,999.00,18.84,1036.80,18.81,0.24
2026-06-08T12:35:05,1,3.68,25880.00,15.80,12425.00,999.00,18.84,1035.10,18.81,0.22
2026-06-08T12:35:05,1,3.68,25880.00,15.80,12425.00,999.00,18.83,1034.60,18.81,0.21
2026-06-08T12:35:05,1,3.70,25880.00,15.80,12425.00,999.00,18.84,1034.10,18.81,0.21
2026-06-08T12:35:06,1,3.70,25880.00,15.80,12425.00,999.00,18.84,1035.00,18.81,0.22
2026-06-08T12:35:06,1,3.68,25880.00,15.80,12425.00,999.00,18.84,1036.20,18.81,0.23
2026-06-08T12:35:06,1,3.67,25880.00,15.80,12425.00,999.00,18.84,1037.10,18.81,0.24
2026-06-08T12:35:06,1,3.68,25880.00,15.80,12425.00,999.00,18.84,1037.30,18.81,0.24
2026-06-08T12:35:06,1,3.68,25870.00,15.79,12421.00,999.00,18.84,1036.00,18.81,0.23
2026-06-08T12:35:07,1,3.66,25870.00,15.79,12421.00,999.00,18.84,1035.70,18.81,0.22
2026-06-08T12:35:07,1,3.68,25870.00,15.79,12421.00,999.00,18.84,1035.10,18.81,0.22
2026-06-08T12:35:07,1,3.70,25870.00,15.79,12421.00,999.00,18.84,1035.70,18.81,0.22
2026-06-08T12:35:07,1,3.69,25870.00,15.79,12422.00,999.00,18.84,1035.70,18.81,0.22
2026-06-08T12:35:07,1,3.70,25870.00,15.79,12422.00,999.00,18.85,1035.70,18.79,0.22
2026-06-08T12:35:08,1,3.68,25870.00,15.79,12422.00,999.00,18.85,1036.00,18.80,0.23
2026-06-08T12:35:08,1,3.70,25870.00,15.79,12422.00,999.00,18.84,1036.20,18.80,0.23
2026-06-08T12:35:08,1,3.68,25870.00,15.79,12422.00,999.00,18.84,1036.40,18.80,0.23
2026-06-08T12:35:08,1,3.71,25870.00,15.79,12420.00,999.00,18.85,1035.70,18.81,0.22
2026-06-08T12:35:09,1,3.69,25870.00,15.79,12420.00,999.00,18.84,1035.80,18.80,0.23
2026-06-08T12:35:09,1,3.70,25870.00,15.79,12420.00,999.00,18.84,1035.10,18.81,0.22
2026-06-08T12:35:09,1,3.67,25870.00,15.79,12420.00,999.00,18.84,1035.10,18.81,0.22
2026-06-08T12:35:09,1,3.69,25870.00,15.79,12420.00,999.00,18.84,1034.80,18.80,0.22
2026-06-08T12:35:09,1,3.68,25880.00,15.80,12427.00,999.00,18.83,1034.50,18.80,0.21
2026-06-08T12:35:10,1,3.71,25880.00,15.80,12427.00,999.00,18.85,1034.00,18.81,0.21
2026-06-08T12:35:10,1,3.68,25880.00,15.80,12427.00,999.00,18.84,1034.10,18.81,0.21
2026-06-08T12:35:10,1,3.66,25880.00,15.80,12427.00,999.00,18.85,1035.00,18.81,0.22
2026-06-08T12:35:10,1,3.70,25870.00,15.79,12421.00,999.00,18.84,1035.60,18.80,0.22
2026-06-08T12:35:10,1,3.70,25870.00,15.79,12421.00,999.00,18.84,1035.50,18.80,0.22
2026-06-08T12:35:11,1,3.69,25870.00,15.79,12421.00,999.00,18.84,1034.40,18.80,0.21
2026-06-08T12:35:11,1,3.70,25870.00,15.79,12421.00,999.00,18.84,1034.30,18.80,0.21
2026-06-08T12:35:11,1,3.70,25870.00,15.79,12421.00,999.00,18.83,1034.30,18.81,0.21
2026-06-08T12:35:11,1,3.69,25880.00,15.79,12423.00,999.00,18.84,1034.30,18.80,0.21
2026-06-08T12:35:11,1,3.70,25880.00,15.79,12423.00,999.00,18.84,1034.10,18.80,0.21
2026-06-08T12:35:12,1,3.69,25880.00,15.79,12423.00,999.00,18.84,1033.60,18.80,0.20
2026-06-08T12:35:12,1,3.70,25880.00,15.79,12423.00,999.00,18.84,1033.90,18.80,0.21
2026-06-08T12:35:12,1,3.68,25880.00,15.79,12423.00,999.00,18.84,1035.60,18.80,0.22
2026-06-08T12:35:12,1,3.69,25870.00,15.79,12419.00,999.00,18.84,1036.10,18.80,0.23
2026-06-08T12:35:12,1,3.68,25870.00,15.79,12419.00,999.00,18.84,1037.10,18.80,0.24
2026-06-08T12:35:13,1,3.71,25870.00,15.79,12419.00,999.00,18.83,1036.80,18.80,0.24
2026-06-08T12:35:13,1,3.70,25870.00,15.79,12419.00,999.00,18.85,1035.90,18.80,0.23
2026-06-08T12:35:13,1,3.68,25870.00,15.79,12419.00,999.00,18.83,1035.40,18.80,0.22
2026-06-08T12:35:13,1,3.68,25870.00,15.79,12421.00,999.00,18.84,1035.30,18.80,0.22
2026-06-08T12:35:13,1,3.70,25870.00,15.79,12421.00,999.00,18.84,1036.20,18.80,0.23
2026-06-08T12:35:14,1,3.68,25870.00,15.79,12421.00,999.00,18.84,1036.50,18.80,0.23
2026-06-08T12:35:14,1,3.70,25870.00,15.79,12421.00,999.00,18.84,1036.50,18.80,0.23
2026-06-08T12:35:14,1,3.69,25880.00,15.80,12427.00,999.00,18.84,1036.00,18.80,0.23
2026-06-08T12:35:14,1,3.71,25880.00,15.80,12427.00,999.00,18.84,1036.50,18.80,0.23
2026-06-08T12:35:15,1,3.69,25880.00,15.80,12427.00,999.00,18.84,1036.50,18.80,0.23
2026-06-08T12:35:15,1,3.68,25880.00,15.80,12427.00,999.00,18.84,1037.00,18.80,0.24
2026-06-08T12:35:15,1,3.69,25880.00,15.80,12427.00,999.00,18.83,1036.50,18.80,0.23
2026-06-08T12:35:15,1,3.68,25860.00,15.78,12417.00,999.00,18.84,1036.60,18.78,0.23
2026-06-08T12:35:15,1,3.71,25860.00,15.78,12417.00,999.00,18.84,1036.50,18.80,0.23
2026-06-08T12:35:16,1,3.68,25860.00,15.78,12417.00,999.00,18.84,1036.50,18.80,0.23
2026-06-08T12:35:16,1,3.67,25860.00,15.78,12417.00,999.00,18.83,1036.20,18.79,0.23
2026-06-08T12:35:16,1,3.68,25860.00,15.78,12417.00,999.00,18.84,1036.70,18.80,0.23
2026-06-08T12:35:16,1,3.68,25870.00,15.79,12421.00,999.00,18.84,1037.00,18.79,0.24
2026-06-08T12:35:16,1,3.71,25870.00,15.79,12421.00,999.00,18.84,1037.50,18.79,0.24
2026-06-08T12:35:17,1,3.70,25870.00,15.79,12421.00,999.00,18.83,1037.00,18.80,0.24
2026-06-08T12:35:17,1,3.67,25870.00,15.79,12421.00,999.00,18.83,1035.50,18.80,0.22
2026-06-08T12:35:17,1,3.69,25880.00,15.80,12426.00,999.00,18.83,1034.90,18.79,0.22
2026-06-08T12:35:17,1,3.70,25880.00,15.80,12426.00,999.00,18.84,1034.50,18.80,0.21
2026-06-08T12:35:17,1,3.71,25880.00,15.80,12426.00,999.00,18.83,1035.60,18.79,0.22
2026-06-08T12:35:18,1,3.69,25880.00,15.80,12426.00,999.00,18.85,1036.00,18.80,0.23
2026-06-08T12:35:18,1,3.70,25880.00,15.80,12426.00,999.00,18.84,1035.70,18.79,0.22
2026-06-08T12:35:18,1,3.70,25860.00,15.78,12416.00,999.00,18.84,1035.80,18.79,0.23
2026-06-08T12:35:18,1,3.70,25860.00,15.78,12416.00,999.00,18.83,1034.90,18.79,0.22
2026-06-08T12:35:19,1,3.71,25860.00,15.78,12416.00,999.00,18.84,1035.30,18.80,0.22
2026-06-08T12:35:19,1,3.69,25860.00,15.78,12416.00,999.00,18.84,1034.70,18.79,0.22
2026-06-08T12:35:19,1,3.68,25860.00,15.78,12416.00,999.00,18.83,1035.00,18.79,0.22
2026-06-08T12:35:19,1,3.70,25870.00,15.79,12418.00,999.00,18.84,1035.30,18.79,0.22
2026-06-08T12:35:19,1,3.71,25870.00,15.79,12418.00,999.00,18.84,1035.70,18.79,0.22
2026-06-08T12:35:20,1,3.70,25870.00,15.79,12418.00,999.00,18.85,1035.60,18.79,0.22
2026-06-08T12:35:20,1,3.66,25870.00,15.79,12418.00,999.00,18.83,1035.30,18.79,0.22
2026-06-08T12:35:20,1,3.69,25870.00,15.79,12418.00,999.00,18.84,1034.40,18.79,0.21
2026-06-08T12:35:20,1,3.70,25860.00,15.78,12414.00,999.00,18.84,1033.70,18.78,0.21
2026-06-08T12:35:20,1,3.69,25860.00,15.78,12414.00,999.00,18.83,1033.70,18.79,0.21
2026-06-08T12:35:21,1,3.68,25860.00,15.78,12414.00,999.00,18.83,1034.20,18.79,0.21
2026-06-08T12:35:21,1,3.67,25860.00,15.78,12414.00,999.00,18.83,1035.20,18.79,0.22
2026-06-08T12:35:21,1,3.70,25870.00,15.79,12421.00,999.00,18.84,1035.60,18.79,0.22
2026-06-08T12:35:21,1,3.71,25870.00,15.79,12421.00,999.00,18.83,1035.50,18.79,0.22
2026-06-08T12:35:21,1,3.71,25870.00,15.79,12421.00,999.00,18.84,1035.60,18.79,0.22
2026-06-08T12:35:22,1,3.70,25870.00,15.79,12421.00,999.00,18.84,1035.60,18.79,0.22
2026-06-08T12:35:22,1,3.69,25870.00,15.79,12421.00,999.00,18.83,1035.10,18.79,0.22
2026-06-08T12:35:22,1,3.70,25870.00,15.79,12421.00,999.00,18.84,1035.30,18.79,0.22
2026-06-08T12:35:22,1,3.71,25870.00,15.79,12421.00,999.00,18.85,1035.90,18.79,0.23
2026-06-08T12:35:22,1,3.68,25870.00,15.79,12421.00,999.00,18.84,1036.10,18.79,0.23
2026-06-08T12:35:23,1,3.69,25870.00,15.79,12421.00,999.00,18.84,1036.50,18.79,0.23
2026-06-08T12:35:23,1,3.67,25870.00,15.79,12421.00,999.00,18.84,1036.50,18.79,0.23
2026-06-08T12:35:23,1,3.70,25860.00,15.78,12416.00,999.00,18.84,1036.20,18.79,0.23
2026-06-08T12:35:23,1,3.70,25860.00,15.78,12416.00,999.00,18.84,1036.10,18.79,0.23
2026-06-08T12:35:24,1,3.68,25860.00,15.78,12416.00,999.00,18.84,1037.20,18.79,0.24
2026-06-08T12:35:24,1,3.70,25860.00,15.78,12416.00,999.00,18.83,1036.50,18.79,0.23
2026-06-08T12:35:24,1,3.68,25880.00,15.79,12424.00,999.00,18.84,1036.80,18.79,0.24
2026-06-08T12:35:24,1,3.69,25880.00,15.79,12424.00,999.00,18.84,1036.70,18.79,0.23
2026-06-08T12:35:24,1,3.69,25880.00,15.79,12424.00,999.00,18.84,1036.80,18.79,0.24
2026-06-08T12:35:25,1,3.69,25880.00,15.79,12424.00,999.00,18.83,1036.60,18.79,0.23
2026-06-08T12:35:25,1,3.68,25880.00,15.79,12424.00,999.00,18.83,1037.10,18.79,0.24
2026-06-08T12:35:25,1,3.70,25860.00,15.78,12417.00,999.00,18.83,1036.20,18.79,0.23
2026-06-08T12:35:25,1,3.70,25860.00,15.78,12417.00,999.00,18.83,1035.90,18.79,0.23
2026-06-08T12:35:25,1,3.70,25860.00,15.78,12417.00,999.00,18.83,1036.20,18.79,0.23
2026-06-08T12:35:26,1,3.68,25860.00,15.78,12417.00,999.00,18.84,1036.20,18.79,0.23
2026-06-08T12:35:26,1,3.66,25860.00,15.78,12417.00,999.00,18.84,1036.60,18.79,0.23
2026-06-08T12:35:26,1,3.71,25860.00,15.78,12416.00,999.00,18.84,1036.90,18.79,0.24
2026-06-08T12:35:26,1,3.70,25860.00,15.78,12416.00,999.00,18.84,1036.40,18.79,0.23
2026-06-08T12:35:26,1,3.68,25860.00,15.78,12416.00,999.00,18.83,1035.40,18.79,0.22
2026-06-08T12:35:27,1,3.69,25860.00,15.78,12416.00,999.00,18.84,1034.80,18.79,0.22
2026-06-08T12:35:27,1,3.67,25860.00,15.78,12416.00,999.00,18.84,1034.90,18.78,0.22
2026-06-08T12:35:27,1,3.70,25870.00,15.79,12420.00,999.00,18.84,1034.70,18.78,0.22
2026-06-08T12:35:27,1,3.70,25870.00,15.79,12420.00,999.00,18.84,1034.70,18.78,0.22
2026-06-08T12:35:27,1,3.71,25870.00,15.79,12420.00,999.00,18.84,1034.50,18.78,0.21
2026-06-08T12:35:28,1,3.66,25870.00,15.79,12420.00,999.00,18.83,1034.70,18.78,0.22
2026-06-08T12:35:28,1,3.68,25870.00,15.79,12420.00,999.00,18.84,1034.60,18.78,0.21
2026-06-08T12:35:28,1,3.70,25870.00,15.79,12420.00,999.00,18.84,1034.70,18.79,0.22
2026-06-08T12:35:28,1,3.70,25870.00,15.79,12420.00,999.00,18.84,1034.50,18.78,0.21
2026-06-08T12:35:29,1,3.66,25870.00,15.79,12420.00,999.00,18.84,1035.20,18.78,0.22
2026-06-08T12:35:29,1,3.68,25870.00,15.79,12420.00,999.00,18.84,1035.50,18.78,0.22
2026-06-08T12:35:29,1,3.71,25870.00,15.79,12420.00,999.00,18.84,1035.30,18.78,0.22
2026-06-08T12:35:29,1,3.68,25870.00,15.79,12420.00,999.00,18.84,1034.20,18.78,0.21
2026-06-08T12:35:29,1,3.71,25870.00,15.79,12420.00,999.00,18.84,1033.60,18.78,0.20
2026-06-08T12:35:30,1,3.68,25870.00,15.79,12420.00,999.00,18.84,1033.40,18.78,0.20
2026-06-08T12:35:30,1,3.69,25870.00,15.79,12420.00,999.00,18.84,1033.90,18.78,0.21
2026-06-08T12:35:30,1,3.68,25880.00,15.79,12423.00,999.00,18.84,1033.80,18.79,0.21
2026-06-08T12:35:30,1,3.68,25880.00,15.79,12423.00,999.00,18.83,1033.80,18.78,0.21
2026-06-08T12:35:30,1,3.71,25880.00,15.79,12423.00,999.00,18.84,1034.30,18.78,0.21
2026-06-08T12:35:31,1,3.70,25880.00,15.79,12423.00,999.00,18.84,1034.50,18.78,0.21
2026-06-08T12:35:31,1,3.67,25860.00,15.78,12417.00,999.00,18.84,1034.40,18.78,0.21
2026-06-08T12:35:31,1,3.69,25860.00,15.78,12417.00,999.00,18.83,1034.30,18.78,0.21
2026-06-08T12:35:31,1,3.70,25860.00,15.78,12417.00,999.00,18.84,1034.10,18.78,0.21
2026-06-08T12:35:31,1,3.69,25860.00,15.78,12417.00,999.00,18.84,1034.50,18.78,0.21
2026-06-08T12:35:32,1,3.66,25860.00,15.78,12417.00,999.00,18.84,1035.30,18.78,0.22
2026-06-08T12:35:32,1,3.71,25870.00,15.79,12420.00,999.00,18.83,1035.60,18.78,0.22
2026-06-08T12:35:32,1,3.70,25870.00,15.79,12420.00,999.00,18.83,1035.10,18.78,0.22
2026-06-08T12:35:32,1,3.70,25870.00,15.79,12420.00,999.00,18.83,1034.30,18.78,0.21
2026-06-08T12:35:32,1,3.70,25870.00,15.79,12420.00,999.00,18.84,1034.40,18.78,0.21
2026-06-08T12:35:33,1,3.69,25870.00,15.79,12420.00,999.00,18.84,1034.50,18.78,0.21
2026-06-08T12:35:33,1,3.71,25880.00,15.79,12423.00,999.00,18.84,1035.70,18.77,0.22
2026-06-08T12:35:33,1,3.70,25880.00,15.79,12423.00,999.00,18.84,1034.50,18.78,0.21
2026-06-08T12:35:33,1,3.70,25880.00,15.79,12423.00,999.00,18.84,1034.20,18.78,0.21
2026-06-08T12:35:34,1,3.68,25880.00,15.79,12423.00,999.00,18.84,1034.00,18.78,0.21
2026-06-08T12:35:34,1,3.70,25870.00,15.79,12419.00,999.00,18.84,1034.90,18.78,0.22
2026-06-08T12:35:34,1,3.68,25870.00,15.79,12419.00,999.00,18.84,1035.90,18.78,0.23
2026-06-08T12:35:34,1,3.70,25870.00,15.79,12419.00,999.00,18.84,1034.80,18.78,0.22
2026-06-08T12:35:34,1,3.68,25870.00,15.79,12419.00,999.00,18.83,1034.50,18.78,0.21
2026-06-08T12:35:35,1,3.67,25870.00,15.79,12419.00,999.00,18.83,1033.80,18.78,0.21
2026-06-08T12:35:35,1,3.69,25870.00,15.79,12420.00,999.00,18.84,1035.00,18.78,0.22
2026-06-08T12:35:35,1,3.69,25870.00,15.79,12420.00,999.00,18.85,1036.00,18.78,0.23
2026-06-08T12:35:35,1,3.68,25870.00,15.79,12420.00,999.00,18.84,1036.20,18.78,0.23
2026-06-08T12:35:35,1,3.70,25870.00,15.79,12420.00,999.00,18.84,1036.20,18.78,0.23
2026-06-08T12:35:36,1,3.68,25870.00,15.79,12420.00,999.00,18.84,1035.70,18.78,0.22
2026-06-08T12:35:36,1,3.70,25870.00,15.79,12419.00,999.00,18.84,1035.30,18.78,0.22
2026-06-08T12:35:36,1,3.70,25870.00,15.79,12419.00,999.00,18.84,1034.90,18.78,0.22
2026-06-08T12:35:36,1,3.70,25870.00,15.79,12419.00,999.00,18.84,1034.50,18.78,0.21
2026-06-08T12:35:36,1,3.66,25870.00,15.79,12419.00,999.00,18.83,1034.60,18.78,0.21
2026-06-08T12:35:37,1,3.68,25870.00,15.79,12419.00,999.00,18.84,1034.40,18.78,0.21
2026-06-08T12:35:37,1,3.71,25860.00,15.78,12417.00,999.00,18.83,1034.60,18.78,0.21
2026-06-08T12:35:37,1,3.69,25860.00,15.78,12417.00,999.00,18.83,1033.50,18.78,0.20
2026-06-08T12:35:37,1,3.70,25860.00,15.78,12417.00,999.00,18.83,1034.00,18.78,0.21
2026-06-08T12:35:38,1,3.69,25860.00,15.78,12417.00,999.00,18.83,1033.80,18.78,0.21
2026-06-08T12:35:38,1,3.68,25880.00,15.79,12423.00,999.00,18.83,1034.10,18.78,0.21
2026-06-08T12:35:38,1,3.70,25880.00,15.79,12423.00,999.00,18.84,1034.80,18.78,0.22
2026-06-08T12:35:38,1,3.69,25880.00,15.79,12423.00,999.00,18.84,1035.20,18.78,0.22
2026-06-08T12:35:38,1,3.70,25880.00,15.79,12423.00,999.00,18.84,1034.60,18.78,0.21
2026-06-08T12:35:39,1,3.68,25880.00,15.79,12423.00,999.00,18.85,1034.70,18.78,0.22
2026-06-08T12:35:39,1,3.71,25870.00,15.79,12422.00,999.00,18.84,1034.10,18.78,0.21
2026-06-08T12:35:39,1,3.68,25870.00,15.79,12422.00,999.00,18.84,1034.30,18.78,0.21
2026-06-08T12:35:39,1,3.68,25870.00,15.79,12422.00,999.00,18.84,1034.60,18.78,0.21
2026-06-08T12:35:39,1,3.68,25870.00,15.79,12422.00,999.00,18.84,1034.80,18.78,0.22
2026-06-08T12:35:40,1,3.70,25870.00,15.79,12422.00,999.00,18.84,1034.70,18.78,0.22
2026-06-08T12:35:40,1,3.70,25880.00,15.79,12422.00,999.00,18.85,1034.80,18.78,0.22
2026-06-08T12:35:40,1,3.70,25880.00,15.79,12422.00,999.00,18.84,1034.80,18.77,0.22
2026-06-08T12:35:40,1,3.71,25880.00,15.79,12422.00,999.00,18.84,1034.70,18.77,0.22
2026-06-08T12:35:40,1,3.70,25880.00,15.79,12422.00,999.00,18.84,1035.10,18.77,0.22
2026-06-08T12:35:41,1,3.69,25880.00,15.79,12422.00,999.00,18.84,1035.90,18.77,0.23
2026-06-08T12:35:41,1,3.69,25870.00,15.79,12420.00,999.00,18.84,1035.50,18.78,0.22
2026-06-08T12:35:41,1,3.70,25870.00,15.79,12420.00,999.00,18.84,1034.00,18.78,0.21
2026-06-08T12:35:41,1,3.69,25870.00,15.79,12420.00,999.00,18.84,1033.60,18.77,0.20
2026-06-08T12:35:41,1,3.70,25870.00,15.79,12420.00,999.00,18.84,1034.30,18.76,0.21
2026-06-08T12:35:42,1,3.70,25870.00,15.79,12418.00,999.00,18.83,1034.90,18.77,0.22
2026-06-08T12:35:42,1,3.71,25870.00,15.79,12418.00,999.00,18.84,1035.50,18.77,0.22
2026-06-08T12:35:42,1,3.70,25870.00,15.79,12418.00,999.00,18.83,1035.70,18.77,0.22
2026-06-08T12:35:42,1,3.68,25870.00,15.79,12418.00,999.00,18.84,1035.30,18.78,0.22
2026-06-08T12:35:43,1,3.69,25870.00,15.79,12418.00,999.00,18.84,1035.10,18.77,0.22
2026-06-08T12:35:43,1,3.68,25880.00,15.79,12423.00,999.00,18.83,1035.30,18.77,0.22
2026-06-08T12:35:43,1,3.69,25880.00,15.79,12423.00,999.00,18.83,1035.20,18.77,0.22
2026-06-08T12:35:43,1,3.70,25880.00,15.79,12423.00,999.00,18.83,1035.10,18.77,0.22
2026-06-08T12:35:43,1,3.66,25880.00,15.79,12423.00,999.00,18.83,1035.10,18.77,0.22
2026-06-08T12:35:44,1,3.66,25880.00,15.79,12423.00,999.00,18.84,1035.30,18.77,0.22
2026-06-08T12:35:44,1,3.68,25870.00,15.79,12420.00,999.00,18.83,1034.50,18.77,0.21
2026-06-08T12:35:44,1,3.70,25870.00,15.79,12420.00,999.00,18.84,1034.40,18.77,0.21
2026-06-08T12:35:44,1,3.69,25870.00,15.79,12420.00,999.00,18.84,1035.00,18.77,0.22
2026-06-08T12:35:44,1,3.69,25870.00,15.79,12420.00,999.00,18.83,1034.60,18.77,0.21
2026-06-08T12:35:45,1,3.70,25870.00,15.79,12420.00,999.00,18.84,1034.90,18.77,0.22
2026-06-08T12:35:45,1,3.68,25870.00,15.79,12420.00,999.00,18.83,1035.10,18.77,0.22
2026-06-08T12:35:45,1,3.70,25870.00,15.79,12420.00,999.00,18.84,1034.40,18.77,0.21
2026-06-08T12:35:45,1,3.69,25870.00,15.79,12420.00,999.00,18.84,1034.00,18.77,0.21
2026-06-08T12:35:45,1,3.70,25870.00,15.79,12420.00,999.00,18.84,1034.20,18.77,0.21
2026-06-08T12:35:46,1,3.70,25880.00,15.79,12423.00,999.00,18.83,1034.50,18.76,0.21
2026-06-08T12:35:46,1,3.68,25880.00,15.79,12423.00,999.00,18.83,1033.90,18.77,0.21
2026-06-08T12:35:46,1,3.70,25880.00,15.79,12423.00,999.00,18.84,1033.70,18.77,0.21
2026-06-08T12:35:46,1,3.69,25880.00,15.79,12423.00,999.00,18.83,1034.40,18.77,0.21
2026-06-08T12:35:47,1,3.68,25880.00,15.79,12423.00,999.00,18.84,1034.20,18.77,0.21
2026-06-08T12:35:47,1,3.70,25870.00,15.79,12418.00,999.00,18.83,1034.50,18.77,0.21
2026-06-08T12:35:47,1,3.68,25870.00,15.79,12418.00,999.00,18.83,1033.90,18.77,0.21
2026-06-08T12:35:47,1,3.68,25870.00,15.79,12418.00,999.00,18.84,1033.80,18.77,0.21
2026-06-08T12:35:47,1,3.68,25870.00,15.79,12418.00,999.00,18.83,1034.70,18.77,0.22
2026-06-08T12:35:48,1,3.66,25870.00,15.79,12419.00,999.00,18.84,1034.60,18.77,0.21
2026-06-08T12:35:48,1,3.71,25870.00,15.79,12419.00,999.00,18.83,1035.00,18.77,0.22
2026-06-08T12:35:48,1,3.68,25870.00,15.79,12419.00,999.00,18.83,1034.00,18.77,0.21
2026-06-08T12:35:48,1,3.68,25870.00,15.79,12419.00,999.00,18.84,1033.70,18.77,0.21
2026-06-08T12:35:48,1,3.69,25870.00,15.79,12419.00,999.00,18.83,1034.70,18.77,0.22
2026-06-08T12:35:49,1,3.70,25870.00,15.79,12418.00,999.00,18.83,1036.10,18.77,0.23
2026-06-08T12:35:49,1,3.71,25870.00,15.79,12418.00,999.00,18.83,1036.50,18.77,0.23
2026-06-08T12:35:49,1,3.66,25870.00,15.79,12418.00,999.00,18.83,1036.20,18.77,0.23
2026-06-08T12:35:49,1,3.68,25870.00,15.79,12418.00,999.00,18.84,1034.10,18.77,0.21
2026-06-08T12:35:49,1,3.70,25870.00,15.79,12418.00,999.00,18.84,1033.60,18.77,0.20
2026-06-08T12:35:50,1,3.71,25860.00,15.78,12416.00,999.00,18.83,1033.30,18.77,0.20
2026-06-08T12:35:50,1,3.70,25860.00,15.78,12416.00,999.00,18.83,1033.60,18.76,0.20
2026-06-08T12:35:50,1,3.70,25860.00,15.78,12416.00,999.00,18.83,1035.00,18.77,0.22
2026-06-08T12:35:50,1,3.67,25860.00,15.78,12416.00,999.00,18.84,1034.80,18.77,0.22
2026-06-08T12:35:50,1,3.68,25860.00,15.78,12416.00,999.00,18.83,1034.60,18.77,0.21
2026-06-08T12:35:51,1,3.70,25860.00,15.78,12416.00,999.00,18.83,1034.20,18.77,0.21
2026-06-08T12:35:51,1,3.71,25860.00,15.78,12416.00,999.00,18.84,1033.60,18.76,0.20
2026-06-08T12:35:51,1,3.70,25860.00,15.78,12416.00,999.00,18.83,1033.50,18.76,0.20
2026-06-08T12:35:51,1,3.69,25860.00,15.78,12416.00,999.00,18.83,1032.70,18.77,0.20
2026-06-08T12:35:51,1,3.70,25860.00,15.78,12416.00,999.00,18.83,1034.10,18.76,0.21
2026-06-08T12:35:52,1,3.70,25860.00,15.78,12416.00,999.00,18.83,1035.30,18.77,0.22
2026-06-08T12:35:52,1,3.70,25860.00,15.78,12416.00,999.00,18.83,1035.90,18.76,0.23
2026-06-08T12:35:52,1,3.70,25860.00,15.78,12416.00,999.00,18.83,1035.90,18.76,0.23
2026-06-08T12:35:52,1,3.66,25860.00,15.78,12416.00,999.00,18.83,1034.70,18.76,0.22
2026-06-08T12:35:53,1,3.70,25860.00,15.78,12415.00,999.00,18.83,1034.80,18.76,0.22
2026-06-08T12:35:53,1,3.70,25860.00,15.78,12415.00,999.00,18.83,1033.90,18.76,0.21
2026-06-08T12:35:53,1,3.70,25860.00,15.78,12415.00,999.00,18.83,1033.40,18.76,0.20
2026-06-08T12:35:53,1,3.68,25860.00,15.78,12415.00,999.00,18.82,1033.80,18.76,0.21
2026-06-08T12:35:53,1,3.69,25860.00,15.78,12415.00,999.00,18.83,1034.20,18.76,0.21
2026-06-08T12:35:54,1,3.70,25870.00,15.79,12418.00,999.00,18.83,1034.00,18.76,0.21
2026-06-08T12:35:54,1,3.70,25870.00,15.79,12418.00,999.00,18.84,1033.40,18.76,0.20
2026-06-08T12:35:54,1,3.70,25870.00,15.79,12418.00,999.00,18.84,1032.20,18.76,0.19
2026-06-08T12:35:54,1,3.67,25870.00,15.79,12418.00,999.00,18.84,1032.10,18.76,0.19
2026-06-08T12:35:54,1,3.70,25870.00,15.79,12420.00,999.00,18.83,1032.80,18.75,0.20
2026-06-08T12:35:55,1,3.68,25870.00,15.79,12420.00,999.00,18.83,1033.90,18.76,0.21
2026-06-08T12:35:55,1,3.68,25870.00,15.79,12420.00,999.00,18.83,1034.70,18.75,0.22
2026-06-08T12:35:55,1,3.68,25870.00,15.79,12420.00,999.00,18.82,1034.70,18.76,0.22
2026-06-08T12:35:55,1,3.68,25870.00,15.79,12420.00,999.00,18.83,1034.10,18.76,0.21
2026-06-08T12:35:55,1,3.69,25860.00,15.78,12416.00,999.00,18.83,1033.80,18.76,0.21
2026-06-08T12:35:56,1,3.70,25860.00,15.78,12416.00,999.00,18.83,1033.60,18.76,0.20
2026-06-08T12:35:56,1,3.71,25860.00,15.78,12416.00,999.00,18.83,1033.40,18.76,0.20
2026-06-08T12:35:56,1,3.67,25860.00,15.78,12416.00,999.00,18.83,1033.00,18.76,0.20
2026-06-08T12:35:56,1,3.67,25860.00,15.78,12416.00,999.00,18.83,1033.10,18.76,0.20
2026-06-08T12:35:57,1,3.66,25870.00,15.79,12420.00,999.00,18.83,1033.50,18.76,0.20
2026-06-08T12:35:57,1,3.68,25870.00,15.79,12420.00,999.00,18.84,1032.70,18.76,0.20
2026-06-08T12:35:57,1,3.70,25870.00,15.79,12420.00,999.00,18.83,1032.30,18.76,0.19
2026-06-08T12:35:57,1,3.67,25870.00,15.79,12420.00,999.00,18.84,1033.30,18.76,0.20
2026-06-08T12:35:57,1,3.68,25870.00,15.79,12420.00,999.00,18.84,1034.20,18.76,0.21
2026-06-08T12:35:58,1,3.70,25860.00,15.78,12416.00,999.00,18.84,1035.00,18.76,0.22
2026-06-08T12:35:58,1,3.71,25860.00,15.78,12416.00,999.00,18.84,1034.30,18.76,0.21
2026-06-08T12:35:58,1,3.66,25860.00,15.78,12416.00,999.00,18.84,1033.60,18.76,0.20
2026-06-08T12:35:58,1,3.67,25860.00,15.78,12416.00,999.00,18.83,1033.50,18.75,0.20
2026-06-08T12:35:58,1,3.69,25870.00,15.79,12420.00,999.00,18.83,1033.90,18.75,0.21
2026-06-08T12:35:59,1,3.69,25870.00,15.79,12420.00,999.00,18.84,1034.50,18.75,0.21
2026-06-08T12:35:59,1,3.69,25870.00,15.79,12420.00,999.00,18.83,1034.80,18.76,0.22
2026-06-08T12:35:59,1,3.70,25870.00,15.79,12420.00,999.00,18.83,1034.60,18.76,0.21
2026-06-08T12:35:59,1,3.67,25870.00,15.79,12420.00,999.00,18.83,1033.80,18.76,0.21
2026-06-08T12:35:59,1,3.69,25880.00,15.79,12423.00,999.00,18.84,1034.70,18.76,0.22
2026-06-08T12:36:00,1,3.68,25880.00,15.79,12423.00,999.00,18.84,1035.70,18.76,0.22
2026-06-08T12:36:00,1,3.70,25880.00,15.79,12423.00,999.00,18.84,1035.90,18.76,0.23
2026-06-08T12:36:00,1,3.68,25880.00,15.79,12423.00,999.00,18.85,1034.80,18.76,0.22
2026-06-08T12:36:00,1,3.66,25880.00,15.79,12423.00,999.00,18.84,1033.80,18.76,0.21
2026-06-08T12:36:00,1,3.70,25860.00,15.78,12417.00,999.00,18.84,1032.90,18.75,0.20
2026-06-08T12:36:01,1,3.66,25860.00,15.78,12417.00,999.00,18.84,1033.20,18.75,0.20
2026-06-08T12:36:01,1,3.68,25860.00,15.78,12417.00,999.00,18.84,1033.80,18.76,0.21
2026-06-08T12:36:01,1,3.69,25860.00,15.78,12417.00,999.00,18.84,1034.00,18.75,0.21
2026-06-08T12:36:01,1,3.68,25870.00,15.79,12418.00,999.00,18.84,1034.50,18.75,0.21
2026-06-08T12:36:02,1,3.70,25870.00,15.79,12418.00,999.00,18.83,1035.00,18.76,0.22
2026-06-08T12:36:02,1,3.70,25870.00,15.79,12418.00,999.00,18.84,1034.30,18.76,0.21
2026-06-08T12:36:02,1,3.70,25870.00,15.79,12418.00,999.00,18.84,1033.80,18.75,0.21
2026-06-08T12:36:02,1,3.67,25870.00,15.79,12418.00,999.00,18.84,1034.20,18.75,0.21
2026-06-08T12:36:02,1,3.68,25870.00,15.79,12418.00,999.00,18.85,1034.20,18.75,0.21
2026-06-08T12:36:03,1,3.71,25870.00,15.79,12418.00,999.00,18.84,1033.80,18.75,0.21
2026-06-08T12:36:03,1,3.68,25870.00,15.79,12418.00,999.00,18.84,1034.00,18.75,0.21
2026-06-08T12:36:03,1,3.68,25870.00,15.79,12418.00,999.00,18.84,1034.40,18.76,0.21
2026-06-08T12:36:03,1,3.68,25870.00,15.79,12418.00,999.00,18.84,1034.60,18.75,0.21
2026-06-08T12:36:03,1,3.70,25870.00,15.79,12418.00,999.00,18.83,1034.20,18.75,0.21
2026-06-08T12:36:04,1,3.70,25870.00,15.79,12418.00,999.00,18.84,1033.60,18.75,0.20
2026-06-08T12:36:04,1,3.71,25870.00,15.79,12418.00,999.00,18.83,1033.00,18.75,0.20
2026-06-08T12:36:04,1,3.69,25870.00,15.79,12418.00,999.00,18.84,1033.50,18.76,0.20
2026-06-08T12:36:04,1,3.69,25870.00,15.79,12418.00,999.00,18.84,1032.80,18.75,0.20
2026-06-08T12:36:04,1,3.70,25870.00,15.79,12421.00,999.00,18.84,1033.70,18.75,0.21
2026-06-08T12:36:05,1,3.71,25870.00,15.79,12421.00,999.00,18.84,1034.70,18.75,0.22
2026-06-08T12:36:05,1,3.67,25870.00,15.79,12421.00,999.00,18.85,1034.80,18.75,0.22
2026-06-08T12:36:05,1,3.68,25870.00,15.79,12421.00,999.00,18.85,1033.80,18.75,0.21
2026-06-08T12:36:05,1,3.68,25880.00,15.79,12422.00,999.00,18.84,1032.50,18.76,0.19
2026-06-08T12:36:05,1,3.68,25880.00,15.79,12422.00,999.00,18.84,1031.10,18.75,0.18
2026-06-08T12:36:06,1,3.70,25880.00,15.79,12422.00,999.00,18.84,1031.20,18.75,0.18
2026-06-08T12:36:06,1,3.68,25880.00,15.79,12422.00,999.00,18.84,1031.80,18.76,0.19
2026-06-08T12:36:06,1,3.66,25880.00,15.79,12422.00,999.00,18.84,1032.50,18.76,0.19
2026-06-08T12:36:06,1,3.68,25870.00,15.79,12418.00,999.00,18.84,1033.00,18.76,0.20
2026-06-08T12:36:06,1,3.71,25870.00,15.79,12418.00,999.00,18.84,1033.80,18.75,0.21
2026-06-08T12:36:07,1,3.70,25870.00,15.79,12418.00,999.00,18.84,1034.00,18.75,0.21
2026-06-08T12:36:07,1,3.68,25870.00,15.79,12418.00,999.00,18.84,1033.60,18.76,0.20
2026-06-08T12:36:07,1,3.69,25870.00,15.79,12418.00,999.00,18.84,1033.50,18.75,0.20
2026-06-08T12:36:07,1,3.71,25880.00,15.79,12422.00,999.00,18.84,1033.20,18.75,0.20
2026-06-08T12:36:08,1,3.70,25880.00,15.79,12422.00,999.00,18.85,1032.30,18.74,0.19
2026-06-08T12:36:08,1,3.70,25880.00,15.79,12422.00,999.00,18.84,1032.90,18.75,0.20
2026-06-08T12:36:08,1,3.67,25880.00,15.79,12422.00,999.00,18.85,1034.00,18.75,0.21
2026-06-08T12:36:08,1,3.69,25880.00,15.80,12425.00,999.00,18.85,1034.50,18.75,0.21
2026-06-08T12:36:08,1,3.69,25880.00,15.80,12425.00,999.00,18.84,1034.20,18.75,0.21
2026-06-08T12:36:09,1,3.69,25880.00,15.80,12425.00,999.00,18.85,1034.10,18.75,0.21
2026-06-08T12:36:09,1,3.70,25880.00,15.80,12425.00,999.00,18.84,1033.80,18.76,0.21
2026-06-08T12:36:09,1,3.69,25880.00,15.80,12425.00,999.00,18.84,1035.10,18.75,0.22
2026-06-08T12:36:09,1,3.69,25870.00,15.79,12418.00,999.00,18.84,1036.10,18.75,0.23
2026-06-08T12:36:09,1,3.70,25870.00,15.79,12418.00,999.00,18.85,1035.50,18.75,0.22
2026-06-08T12:36:10,1,3.68,25870.00,15.79,12418.00,999.00,18.84,1034.80,18.76,0.22
2026-06-08T12:36:10,1,3.69,25870.00,15.79,12418.00,999.00,18.85,1033.30,18.75,0.20
2026-06-08T12:36:10,1,3.70,25870.00,15.79,12418.00,999.00,18.84,1032.40,18.76,0.19
2026-06-08T12:36:10,1,3.68,25880.00,15.80,12427.00,999.00,18.85,1032.40,18.75,0.19
2026-06-08T12:36:10,1,3.68,25880.00,15.80,12427.00,999.00,18.85,1033.10,18.76,0.20
2026-06-08T12:36:11,1,3.70,25880.00,15.80,12427.00,999.00,18.85,1035.00,18.76,0.22
2026-06-08T12:36:11,1,3.66,25880.00,15.80,12427.00,999.00,18.84,1035.10,18.75,0.22
2026-06-08T12:36:11,1,3.67,25870.00,15.79,12422.00,999.00,18.85,1035.40,18.74,0.22
2026-06-08T12:36:11,1,3.70,25870.00,15.79,12422.00,999.00,18.84,1035.50,18.75,0.22
2026-06-08T12:36:12,1,3.70,25870.00,15.79,12422.00,999.00,18.85,1034.10,18.75,0.21
2026-06-08T12:36:12,1,3.70,25870.00,15.79,12422.00,999.00,18.84,1033.70,18.75,0.21
2026-06-08T12:36:12,1,3.66,25870.00,15.79,12422.00,999.00,18.85,1033.50,18.75,0.20
2026-06-08T12:36:12,1,3.70,25880.00,15.79,12423.00,999.00,18.86,1033.50,18.75,0.20
2026-06-08T12:36:12,1,3.70,25880.00,15.79,12423.00,999.00,18.85,1032.80,18.75,0.20
2026-06-08T12:36:13,1,3.70,25880.00,15.79,12423.00,999.00,18.85,1033.20,18.75,0.20
2026-06-08T12:36:13,1,3.66,25880.00,15.79,12423.00,999.00,18.86,1032.90,18.76,0.20
2026-06-08T12:36:13,1,3.69,25880.00,15.79,12423.00,999.00,18.85,1033.40,18.75,0.20
2026-06-08T12:36:13,1,3.68,25870.00,15.79,12422.00,999.00,18.85,1034.70,18.75,0.22
2026-06-08T12:36:13,1,3.71,25870.00,15.79,12422.00,999.00,18.85,1035.20,18.75,0.22
2026-06-08T12:36:14,1,3.68,25870.00,15.79,12422.00,999.00,18.84,1035.00,18.75,0.22
2026-06-08T12:36:14,1,3.66,25870.00,15.79,12422.00,999.00,18.86,1034.30,18.75,0.21
2026-06-08T12:36:14,1,3.70,25870.00,15.79,12422.00,999.00,18.85,1034.40,18.75,0.21
2026-06-08T12:36:14,1,3.70,25880.00,15.79,12423.00,999.00,18.85,1034.10,18.75,0.21
2026-06-08T12:36:14,1,3.68,25880.00,15.79,12423.00,999.00,18.85,1034.60,18.76,0.21
2026-06-08T12:36:15,1,3.66,25880.00,15.79,12423.00,999.00,18.85,1033.50,18.75,0.20
2026-06-08T12:36:15,1,3.68,25880.00,15.79,12423.00,999.00,18.84,1032.30,18.76,0.19
2026-06-08T12:36:15,1,3.67,25880.00,15.79,12424.00,999.00,18.84,1032.00,18.75,0.19
2026-06-08T12:36:15,1,3.68,25880.00,15.79,12424.00,999.00,18.85,1033.30,18.75,0.20
2026-06-08T12:36:16,1,3.71,25880.00,15.79,12424.00,999.00,18.85,1034.80,18.75,0.22
2026-06-08T12:36:16,1,3.70,25880.00,15.79,12424.00,999.00,18.85,1036.10,18.76,0.23
2026-06-08T12:36:16,1,3.68,25880.00,15.79,12424.00,999.00,18.84,1035.70,18.75,0.22
2026-06-08T12:36:16,1,3.71,25880.00,15.79,12424.00,999.00,18.84,1034.50,18.75,0.21
2026-06-08T12:36:16,1,3.71,25880.00,15.79,12424.00,999.00,18.84,1033.40,18.75,0.20
2026-06-08T12:36:17,1,3.70,25880.00,15.79,12424.00,999.00,18.84,1033.20,18.75,0.20
2026-06-08T12:36:17,1,3.68,25880.00,15.79,12424.00,999.00,18.85,1032.80,18.75,0.20
2026-06-08T12:36:17,1,3.69,25880.00,15.79,12424.00,999.00,18.85,1033.30,18.75,0.20
2026-06-08T12:36:17,1,3.69,25880.00,15.80,12425.00,999.00,18.84,1032.70,18.75,0.20
2026-06-08T12:36:17,1,3.68,25880.00,15.80,12425.00,999.00,18.85,1033.50,18.75,0.20
2026-06-08T12:36:18,1,3.70,25880.00,15.80,12425.00,999.00,18.85,1033.70,18.75,0.21
2026-06-08T12:36:18,1,3.65,25880.00,15.80,12425.00,999.00,18.84,1033.70,18.75,0.21
2026-06-08T12:36:18,1,3.67,25880.00,15.80,12425.00,999.00,18.84,1033.70,18.76,0.21
2026-06-08T12:36:18,1,3.70,25880.00,15.80,12425.00,999.00,18.84,1034.00,18.75,0.21
2026-06-08T12:36:18,1,3.67,25880.00,15.80,12425.00,999.00,18.84,1034.30,18.76,0.21
2026-06-08T12:36:19,1,3.68,25880.00,15.80,12425.00,999.00,18.84,1034.60,18.75,0.21
2026-06-08T12:36:19,1,3.70,25880.00,15.80,12425.00,999.00,18.84,1034.80,18.76,0.22
2026-06-08T12:36:19,1,3.67,25860.00,15.78,12415.00,999.00,18.84,1034.40,18.76,0.21
2026-06-08T12:36:19,1,3.70,25860.00,15.78,12415.00,999.00,18.84,1033.20,18.75,0.20
2026-06-08T12:36:19,1,3.71,25860.00,15.78,12415.00,999.00,18.84,1031.90,18.75,0.19
2026-06-08T12:36:20,1,3.67,25860.00,15.78,12415.00,999.00,18.84,1030.90,18.75,0.18
2026-06-08T12:36:20,1,3.69,25860.00,15.78,12415.00,999.00,18.83,1031.90,18.76,0.19
2026-06-08T12:36:20,1,3.69,25870.00,15.79,12422.00,999.00,18.84,1033.10,18.75,0.20
2026-06-08T12:36:20,1,3.70,25870.00,15.79,12422.00,999.00,18.83,1033.60,18.75,0.20
2026-06-08T12:36:20,1,3.69,25870.00,15.79,12422.00,999.00,18.83,1034.50,18.75,0.21
2026-06-08T12:36:21,1,3.69,25870.00,15.79,12422.00,999.00,18.84,1034.00,18.74,0.21
2026-06-08T12:36:21,1,3.66,25870.00,15.79,12422.00,999.00,18.83,1034.60,18.75,0.21
2026-06-08T12:36:21,1,3.71,25860.00,15.78,12415.00,999.00,18.83,1034.00,18.75,0.21
2026-06-08T12:36:21,1,3.71,25860.00,15.78,12415.00,999.00,18.84,1034.10,18.75,0.21
2026-06-08T12:36:22,1,3.66,25860.00,15.78,12415.00,999.00,18.84,1032.70,18.75,0.20
2026-06-08T12:36:22,1,3.68,25860.00,15.78,12415.00,999.00,18.83,1032.40,18.75,0.19
2026-06-08T12:36:22,1,3.70,25860.00,15.78,12413.00,999.00,18.84,1033.10,18.75,0.20
2026-06-08T12:36:22,1,3.71,25860.00,15.78,12413.00,999.00,18.84,1032.70,18.75,0.20
2026-06-08T12:36:22,1,3.71,25860.00,15.78,12413.00,999.00,18.84,1032.70,18.75,0.20
2026-06-08T12:36:23,1,3.69,25860.00,15.78,12413.00,999.00,18.84,1033.00,18.75,0.20
2026-06-08T12:36:23,1,3.66,25860.00,15.78,12413.00,999.00,18.84,1033.60,18.75,0.20
2026-06-08T12:36:23,1,3.69,25860.00,15.79,12417.00,999.00,18.83,1033.90,18.75,0.21
2026-06-08T12:36:23,1,3.68,25860.00,15.79,12417.00,999.00,18.83,1033.50,18.75,0.20
2026-06-08T12:36:23,1,3.68,25860.00,15.79,12417.00,999.00,18.83,1033.80,18.75,0.21
2026-06-08T12:36:24,1,3.68,25860.00,15.79,12417.00,999.00,18.84,1034.20,18.75,0.21
2026-06-08T12:36:24,1,3.67,25860.00,15.79,12417.00,999.00,18.84,1034.50,18.74,0.21
2026-06-08T12:36:24,1,3.68,25870.00,15.79,12420.00,999.00,18.84,1034.50,18.75,0.21
2026-06-08T12:36:24,1,3.68,25870.00,15.79,12420.00,999.00,18.83,1034.00,18.75,0.21
2026-06-08T12:36:25,1,3.68,25870.00,15.79,12420.00,999.00,18.83,1033.30,18.75,0.20
2026-06-08T12:36:25,1,3.70,25870.00,15.79,12420.00,999.00,18.83,1033.50,18.75,0.20
2026-06-08T12:36:25,1,3.69,25860.00,15.78,12416.00,999.00,18.84,1033.30,18.75,0.20
2026-06-08T12:36:25,1,3.70,25860.00,15.78,12416.00,999.00,18.84,1033.40,18.75,0.20
2026-06-08T12:36:25,1,3.71,25860.00,15.78,12416.00,999.00,18.83,1033.50,18.75,0.20
2026-06-08T12:36:26,1,3.67,25860.00,15.78,12416.00,999.00,18.83,1033.70,18.75,0.21
2026-06-08T12:36:26,1,3.68,25860.00,15.78,12416.00,999.00,18.84,1034.70,18.75,0.22
2026-06-08T12:36:26,1,3.69,25880.00,15.79,12423.00,999.00,18.84,1034.50,18.75,0.21
2026-06-08T12:36:26,1,3.69,25880.00,15.79,12423.00,999.00,18.83,1033.20,18.75,0.20
2026-06-08T12:36:26,1,3.70,25880.00,15.79,12423.00,999.00,18.84,1032.10,18.74,0.19
2026-06-08T12:36:27,1,3.68,25880.00,15.79,12423.00,999.00,18.83,1032.10,18.75,0.19
2026-06-08T12:36:27,1,3.68,25880.00,15.79,12423.00,999.00,18.84,1032.60,18.75,0.19
2026-06-08T12:36:27,1,3.68,25860.00,15.78,12416.00,999.00,18.84,1032.90,18.75,0.20
2026-06-08T12:36:27,1,3.70,25860.00,15.78,12416.00,999.00,18.83,1032.80,18.74,0.20
2026-06-08T12:36:27,1,3.70,25860.00,15.78,12416.00,999.00,18.84,1031.60,18.74,0.18
2026-06-08T12:36:28,1,3.68,25860.00,15.78,12416.00,999.00,18.84,1032.10,18.74,0.19
2026-06-08T12:36:28,1,3.69,25860.00,15.78,12416.00,999.00,18.84,1033.10,18.75,0.20
2026-06-08T12:36:28,1,3.69,25860.00,15.78,12414.00,999.00,18.84,1033.70,18.75,0.21
2026-06-08T12:36:28,1,3.69,25860.00,15.78,12414.00,999.00,18.84,1032.90,18.74,0.20
2026-06-08T12:36:28,1,3.68,25860.00,15.78,12414.00,999.00,18.83,1032.80,18.75,0.20
2026-06-08T12:36:29,1,3.66,25860.00,15.78,12414.00,999.00,18.83,1031.90,18.74,0.19
2026-06-08T12:36:29,1,3.70,25870.00,15.79,12421.00,999.00,18.83,1032.10,18.75,0.19
2026-06-08T12:36:29,1,3.69,25870.00,15.79,12421.00,999.00,18.83,1032.70,18.74,0.20
2026-06-08T12:36:29,1,3.70,25870.00,15.79,12421.00,999.00,18.84,1033.80,18.74,0.21
2026-06-08T12:36:29,1,3.69,25870.00,15.79,12421.00,999.00,18.83,1033.20,18.74,0.20
2026-06-08T12:36:30,1,3.68,25870.00,15.79,12421.00,999.00,18.84,1032.40,18.75,0.19
2026-06-08T12:36:30,1,3.70,25870.00,15.79,12420.00,999.00,18.84,1031.30,18.74,0.18
2026-06-08T12:36:30,1,3.68,25870.00,15.79,12420.00,999.00,18.84,1031.00,18.74,0.18
2026-06-08T12:36:30,1,3.71,25870.00,15.79,12420.00,999.00,18.84,1031.00,18.74,0.18
2026-06-08T12:36:31,1,3.68,25870.00,15.79,12420.00,999.00,18.84,1032.00,18.74,0.19
2026-06-08T12:36:31,1,3.70,25870.00,15.79,12420.00,999.00,18.84,1032.80,18.74,0.20
2026-06-08T12:36:31,1,3.70,25860.00,15.78,12416.00,999.00,18.84,1032.60,18.74,0.19
2026-06-08T12:36:31,1,3.70,25860.00,15.78,12416.00,999.00,18.83,1033.40,18.74,0.20
2026-06-08T12:36:31,1,3.69,25860.00,15.78,12416.00,999.00,18.84,1033.20,18.74,0.20
2026-06-08T12:36:32,1,3.69,25860.00,15.78,12416.00,999.00,18.84,1033.70,18.74,0.21
2026-06-08T12:36:32,1,3.68,25860.00,15.78,12416.00,999.00,18.83,1034.00,18.74,0.21
2026-06-08T12:36:32,1,3.68,25870.00,15.79,12422.00,999.00,18.84,1033.90,18.74,0.21
2026-06-08T12:36:32,1,3.70,25870.00,15.79,12422.00,999.00,18.84,1033.00,18.74,0.20
2026-06-08T12:36:32,1,3.68,25870.00,15.79,12422.00,999.00,18.84,1032.70,18.74,0.20
2026-06-08T12:36:33,1,3.70,25870.00,15.79,12422.00,999.00,18.84,1032.20,18.74,0.19
2026-06-08T12:36:33,1,3.70,25860.00,15.78,12415.00,999.00,18.85,1032.60,18.74,0.19
2026-06-08T12:36:33,1,3.71,25860.00,15.78,12415.00,999.00,18.84,1032.50,18.74,0.19
2026-06-08T12:36:33,1,3.68,25860.00,15.78,12415.00,999.00,18.84,1032.20,18.74,0.19
2026-06-08T12:36:33,1,3.70,25860.00,15.78,12415.00,999.00,18.84,1032.30,18.74,0.19
2026-06-08T12:36:34,1,3.68,25860.00,15.78,12415.00,999.00,18.84,1033.70,18.74,0.21
2026-06-08T12:36:34,1,3.68,25860.00,15.78,12415.00,999.00,18.84,1033.80,18.73,0.21
2026-06-08T12:36:34,1,3.68,25860.00,15.78,12415.00,999.00,18.84,1033.50,18.74,0.20
2026-06-08T12:36:34,1,3.70,25860.00,15.78,12415.00,999.00,18.84,1033.00,18.74,0.20
2026-06-08T12:36:34,1,3.68,25860.00,15.78,12415.00,999.00,18.84,1031.70,18.74,0.19
2026-06-08T12:36:35,1,3.68,25860.00,15.78,12415.00,999.00,18.84,1032.10,18.74,0.19
2026-06-08T12:36:35,1,3.70,25860.00,15.78,12416.00,999.00,18.84,1031.50,18.74,0.18
2026-06-08T12:36:35,1,3.70,25860.00,15.78,12416.00,999.00,18.84,1031.90,18.74,0.19
2026-06-08T12:36:35,1,3.69,25860.00,15.78,12416.00,999.00,18.84,1032.40,18.74,0.19
2026-06-08T12:36:36,1,3.67,25860.00,15.78,12416.00,999.00,18.83,1032.20,18.74,0.19
2026-06-08T12:36:36,1,3.68,25860.00,15.78,12415.00,999.00,18.84,1032.60,18.74,0.19
2026-06-08T12:36:36,1,3.71,25860.00,15.78,12415.00,999.00,18.84,1032.70,18.74,0.20
2026-06-08T12:36:36,1,3.71,25860.00,15.78,12415.00,999.00,18.85,1033.30,18.74,0.20
2026-06-08T12:36:36,1,3.67,25860.00,15.78,12415.00,999.00,18.84,1033.20,18.74,0.20
2026-06-08T12:36:37,1,3.68,25860.00,15.78,12415.00,999.00,18.84,1033.60,18.73,0.20
2026-06-08T12:36:37,1,3.68,25860.00,15.78,12415.00,999.00,18.83,1033.60,18.74,0.20
2026-06-08T12:36:37,1,3.71,25860.00,15.78,12415.00,999.00,18.84,1032.60,18.74,0.19
2026-06-08T12:36:37,1,3.71,25860.00,15.78,12415.00,999.00,18.85,1031.40,18.74,0.18
2026-06-08T12:36:37,1,3.69,25860.00,15.78,12415.00,999.00,18.84,1031.20,18.74,0.18
2026-06-08T12:36:38,1,3.68,25860.00,15.78,12415.00,999.00,18.83,1030.80,18.74,0.18
2026-06-08T12:36:38,1,3.70,25860.00,15.78,12413.00,999.00,18.83,1031.10,18.74,0.18
2026-06-08T12:36:38,1,3.70,25860.00,15.78,12413.00,999.00,18.84,1031.60,18.74,0.18
2026-06-08T12:36:38,1,3.68,25860.00,15.78,12413.00,999.00,18.83,1032.10,18.74,0.19
2026-06-08T12:36:38,1,3.69,25860.00,15.78,12413.00,999.00,18.84,1031.60,18.74,0.18
2026-06-08T12:36:39,1,3.68,25860.00,15.78,12414.00,999.00,18.84,1032.40,18.74,0.19
2026-06-08T12:36:39,1,3.68,25860.00,15.78,12414.00,999.00,18.84,1032.70,18.74,0.20
2026-06-08T12:36:39,1,3.70,25860.00,15.78,12414.00,999.00,18.84,1032.60,18.74,0.19
2026-06-08T12:36:39,1,3.66,25860.00,15.78,12414.00,999.00,18.84,1033.00,18.74,0.20
2026-06-08T12:36:40,1,3.70,25860.00,15.78,12414.00,999.00,18.84,1032.00,18.74,0.19
2026-06-08T12:36:40,1,3.68,25860.00,15.78,12416.00,999.00,18.84,1031.20,18.74,0.18
2026-06-08T12:36:40,1,3.67,25860.00,15.78,12416.00,999.00,18.83,1031.70,18.74,0.19
2026-06-08T12:36:40,1,3.69,25860.00,15.78,12416.00,999.00,18.84,1031.60,18.74,0.18
2026-06-08T12:36:40,1,3.68,25860.00,15.78,12416.00,999.00,18.85,1032.30,18.74,0.19
2026-06-08T12:36:41,1,3.70,25860.00,15.78,12416.00,999.00,18.84,1033.60,18.74,0.20
2026-06-08T12:36:41,1,3.71,25860.00,15.78,12416.00,999.00,18.83,1033.90,18.74,0.21
2026-06-08T12:36:41,1,3.68,25860.00,15.78,12416.00,999.00,18.84,1033.50,18.74,0.20
2026-06-08T12:36:41,1,3.68,25860.00,15.78,12416.00,999.00,18.84,1032.90,18.74,0.20
2026-06-08T12:36:41,1,3.68,25860.00,15.78,12416.00,999.00,18.84,1032.50,18.74,0.19
2026-06-08T12:36:42,1,3.69,25860.00,15.78,12416.00,999.00,18.84,1032.20,18.74,0.19
2026-06-08T12:36:42,1,3.71,25860.00,15.78,12414.00,999.00,18.84,1031.50,18.74,0.18
2026-06-08T12:36:42,1,3.70,25860.00,15.78,12414.00,999.00,18.85,1031.40,18.74,0.18
2026-06-08T12:36:42,1,3.68,25860.00,15.78,12414.00,999.00,18.84,1031.50,18.74,0.18
2026-06-08T12:36:42,1,3.68,25860.00,15.78,12414.00,999.00,18.84,1032.40,18.74,0.19
2026-06-08T12:36:43,1,3.70,25870.00,15.79,12420.00,999.00,18.83,1032.40,18.74,0.19
2026-06-08T12:36:43,1,3.66,25870.00,15.79,12420.00,999.00,18.84,1033.20,18.74,0.20
2026-06-08T12:36:43,1,3.70,25870.00,15.79,12420.00,999.00,18.84,1033.60,18.74,0.20
2026-06-08T12:36:43,1,3.69,25870.00,15.79,12420.00,999.00,18.84,1033.50,18.74,0.20
2026-06-08T12:36:43,1,3.68,25870.00,15.79,12420.00,999.00,18.84,1033.20,18.74,0.20
2026-06-08T12:36:44,1,3.68,25860.00,15.78,12414.00,999.00,18.84,1033.00,18.74,0.20
2026-06-08T12:36:44,1,3.70,25860.00,15.78,12414.00,999.00,18.83,1033.00,18.74,0.20
2026-06-08T12:36:44,1,3.70,25860.00,15.78,12414.00,999.00,18.83,1032.50,18.74,0.19
2026-06-08T12:36:44,1,3.67,25860.00,15.78,12414.00,999.00,18.84,1032.80,18.74,0.20
2026-06-08T12:36:44,1,3.66,25860.00,15.78,12414.00,999.00,18.85,1033.00,18.73,0.20
2026-06-08T12:36:45,1,3.70,25860.00,15.78,12416.00,999.00,18.84,1033.30,18.74,0.20
2026-06-08T12:36:45,1,3.70,25860.00,15.78,12416.00,999.00,18.83,1033.30,18.74,0.20
2026-06-08T12:36:45,1,3.71,25860.00,15.78,12416.00,999.00,18.84,1032.80,18.74,0.20
2026-06-08T12:36:45,1,3.68,25860.00,15.78,12416.00,999.00,18.84,1032.90,18.74,0.20
2026-06-08T12:36:46,1,3.70,25860.00,15.78,12416.00,999.00,18.84,1033.20,18.74,0.20
2026-06-08T12:36:46,1,3.70,25870.00,15.79,12418.00,999.00,18.84,1032.90,18.74,0.20
2026-06-08T12:36:46,1,3.68,25870.00,15.79,12418.00,999.00,18.84,1032.90,18.74,0.20
2026-06-08T12:36:46,1,3.69,25870.00,15.79,12418.00,999.00,18.85,1032.40,18.74,0.19
2026-06-08T12:36:46,1,3.67,25870.00,15.79,12418.00,999.00,18.85,1032.20,18.74,0.19
2026-06-08T12:36:47,1,3.69,25870.00,15.79,12418.00,999.00,18.84,1032.10,18.74,0.19
2026-06-08T12:36:47,1,3.70,25870.00,15.79,12418.00,999.00,18.85,1031.60,18.73,0.18
2026-06-08T12:36:47,1,3.69,25870.00,15.79,12418.00,999.00,18.85,1032.10,18.73,0.19
2026-06-08T12:36:47,1,3.69,25870.00,15.79,12418.00,999.00,18.84,1032.60,18.74,0.19
2026-06-08T12:36:47,1,3.70,25870.00,15.79,12418.00,999.00,18.85,1032.50,18.73,0.19
2026-06-08T12:36:48,1,3.70,25860.00,15.78,12416.00,999.00,18.84,1032.30,18.74,0.19
2026-06-08T12:36:48,1,3.71,25860.00,15.78,12416.00,999.00,18.85,1032.90,18.74,0.20
2026-06-08T12:36:48,1,3.71,25860.00,15.78,12416.00,999.00,18.85,1032.60,18.73,0.19
2026-06-08T12:36:48,1,3.68,25860.00,15.78,12416.00,999.00,18.84,1033.10,18.74,0.20
2026-06-08T12:36:48,1,3.66,25860.00,15.78,12416.00,999.00,18.85,1032.20,18.74,0.19
2026-06-08T12:36:49,1,3.70,25860.00,15.78,12416.00,999.00,18.84,1031.60,18.73,0.18
2026-06-08T12:36:49,1,3.68,25860.00,15.78,12416.00,999.00,18.85,1031.10,18.74,0.18
2026-06-08T12:36:49,1,3.69,25860.00,15.78,12416.00,999.00,18.85,1030.20,18.74,0.17
2026-06-08T12:36:49,1,3.67,25860.00,15.78,12416.00,999.00,18.84,1030.20,18.73,0.17
2026-06-08T12:36:50,1,3.69,25870.00,15.79,12421.00,999.00,18.85,1031.90,18.74,0.19
2026-06-08T12:36:50,1,3.68,25870.00,15.79,12421.00,999.00,18.85,1033.20,18.74,0.20
2026-06-08T12:36:50,1,3.70,25870.00,15.79,12421.00,999.00,18.85,1033.40,18.74,0.20
2026-06-08T12:36:50,1,3.67,25870.00,15.79,12421.00,999.00,18.85,1033.10,18.74,0.20
2026-06-08T12:36:50,1,3.70,25870.00,15.79,12421.00,999.00,18.85,1033.20,18.74,0.20
2026-06-08T12:36:51,1,3.69,25870.00,15.79,12418.00,999.00,18.86,1032.50,18.74,0.19
2026-06-08T12:36:51,1,3.69,25870.00,15.79,12418.00,999.00,18.85,1032.50,18.74,0.19
2026-06-08T12:36:51,1,3.70,25870.00,15.79,12418.00,999.00,18.84,1031.70,18.74,0.19
2026-06-08T12:36:51,1,3.67,25870.00,15.79,12418.00,999.00,18.85,1031.80,18.74,0.19
2026-06-08T12:36:51,1,3.66,25870.00,15.79,12418.00,999.00,18.85,1032.10,18.74,0.19
2026-06-08T12:36:52,1,3.70,25860.00,15.78,12416.00,999.00,18.85,1031.80,18.74,0.19
2026-06-08T12:36:52,1,3.71,25860.00,15.78,12416.00,999.00,18.85,1032.40,18.74,0.19
2026-06-08T12:36:52,1,3.67,25860.00,15.78,12416.00,999.00,18.85,1032.40,18.74,0.19
2026-06-08T12:36:52,1,3.68,25860.00,15.78,12416.00,999.00,18.85,1033.50,18.74,0.20
2026-06-08T12:36:52,1,3.68,25870.00,15.79,12420.00,999.00,18.85,1034.30,18.74,0.21
2026-06-08T12:36:53,1,3.70,25870.00,15.79,12420.00,999.00,18.85,1034.70,18.74,0.22
2026-06-08T12:36:53,1,3.71,25870.00,15.79,12420.00,999.00,18.85,1034.30,18.74,0.21
2026-06-08T12:36:53,1,3.67,25870.00,15.79,12420.00,999.00,18.85,1033.60,18.74,0.20
2026-06-08T12:36:53,1,3.69,25870.00,15.79,12420.00,999.00,18.85,1032.70,18.74,0.20
2026-06-08T12:36:53,1,3.68,25860.00,15.78,12416.00,999.00,18.86,1031.40,18.74,0.18
2026-06-08T12:36:54,1,3.70,25860.00,15.78,12416.00,999.00,18.85,1030.40,18.74,0.17
2026-06-08T12:36:54,1,3.69,25860.00,15.78,12416.00,999.00,18.85,1031.40,18.74,0.18
2026-06-08T12:36:54,1,3.68,25860.00,15.78,12416.00,999.00,18.86,1032.00,18.73,0.19
2026-06-08T12:36:54,1,3.67,25860.00,15.78,12416.00,999.00,18.85,1032.80,18.74,0.20
2026-06-08T12:36:55,1,3.70,25860.00,15.79,12417.00,999.00,18.86,1033.60,18.74,0.20
2026-06-08T12:36:55,1,3.68,25860.00,15.79,12417.00,999.00,18.86,1033.00,18.74,0.20
2026-06-08T12:36:55,1,3.68,25860.00,15.79,12417.00,999.00,18.85,1032.10,18.74,0.19
2026-06-08T12:36:55,1,3.69,25860.00,15.79,12417.00,999.00,18.86,1031.00,18.74,0.18
2026-06-08T12:36:55,1,3.68,25860.00,15.79,12417.00,999.00,18.86,1030.90,18.74,0.18
2026-06-08T12:36:56,1,3.70,25860.00,15.79,12417.00,999.00,18.86,1031.80,18.74,0.19
2026-06-08T12:36:56,1,3.70,25860.00,15.79,12417.00,999.00,18.86,1031.80,18.74,0.19
2026-06-08T12:36:56,1,3.66,25860.00,15.79,12417.00,999.00,18.86,1032.40,18.74,0.19
2026-06-08T12:36:56,1,3.66,25860.00,15.79,12417.00,999.00,18.86,1032.70,18.74,0.20
2026-06-08T12:36:56,1,3.68,25870.00,15.79,12418.00,999.00,18.86,1032.70,18.74,0.20
2026-06-08T12:36:57,1,3.70,25870.00,15.79,12418.00,999.00,18.86,1032.50,18.74,0.19
2026-06-08T12:36:57,1,3.70,25870.00,15.79,12418.00,999.00,18.86,1032.10,18.74,0.19
2026-06-08T12:36:57,1,3.68,25870.00,15.79,12418.00,999.00,18.86,1031.60,18.74,0.18
2026-06-08T12:36:57,1,3.68,25870.00,15.79,12418.00,999.00,18.86,1032.00,18.74,0.19
2026-06-08T12:36:57,1,3.71,25860.00,15.78,12417.00,999.00,18.86,1031.40,18.74,0.18
2026-06-08T12:36:58,1,3.70,25860.00,15.78,12417.00,999.00,18.85,1031.40,18.74,0.18
2026-06-08T12:36:58,1,3.68,25860.00,15.78,12417.00,999.00,18.86,1030.90,18.74,0.18
2026-06-08T12:36:58,1,3.67,25860.00,15.78,12417.00,999.00,18.86,1030.50,18.74,0.17
2026-06-08T12:36:58,1,3.68,25860.00,15.78,12417.00,999.00,18.86,1030.80,18.74,0.18
2026-06-08T12:36:58,1,3.68,25870.00,15.79,12422.00,999.00,18.86,1032.00,18.74,0.19
2026-06-08T12:36:59,1,3.71,25870.00,15.79,12422.00,999.00,18.86,1032.60,18.74,0.19
2026-06-08T12:36:59,1,3.70,25870.00,15.79,12422.00,999.00,18.86,1032.20,18.74,0.19
2026-06-08T12:36:59,1,3.68,25870.00,15.79,12422.00,999.00,18.86,1032.20,18.74,0.19
2026-06-08T12:36:59,1,3.69,25870.00,15.79,12422.00,999.00,18.86,1032.20,18.74,0.19
2026-06-08T12:37:00,1,3.70,25870.00,15.79,12420.00,999.00,18.86,1031.60,18.74,0.18
2026-06-08T12:37:00,1,3.71,25870.00,15.79,12420.00,999.00,18.86,1031.30,18.74,0.18
2026-06-08T12:37:00,1,3.70,25870.00,15.79,12420.00,999.00,18.86,1031.90,18.73,0.19
2026-06-08T12:37:00,1,3.68,25870.00,15.79,12420.00,999.00,18.86,1031.30,18.74,0.18
2026-06-08T12:37:00,1,3.70,25870.00,15.79,12418.00,999.00,18.86,1031.00,18.74,0.18
2026-06-08T12:37:01,1,3.70,25870.00,15.79,12418.00,999.00,18.86,1030.80,18.74,0.18
2026-06-08T12:37:01,1,3.68,25870.00,15.79,12418.00,999.00,18.86,1030.90,18.74,0.18
2026-06-08T12:37:01,1,3.69,25870.00,15.79,12418.00,999.00,18.86,1031.30,18.74,0.18
2026-06-08T12:37:01,1,3.67,25870.00,15.79,12418.00,999.00,18.86,1032.00,18.74,0.19
2026-06-08T12:37:01,1,3.68,25870.00,15.79,12418.00,999.00,18.86,1032.20,18.74,0.19
2026-06-08T12:37:02,1,3.68,25870.00,15.79,12418.00,999.00,18.86,1032.20,18.74,0.19
2026-06-08T12:37:02,1,3.70,25870.00,15.79,12418.00,999.00,18.86,1032.20,18.74,0.19
2026-06-08T12:37:02,1,3.70,25870.00,15.79,12418.00,999.00,18.86,1030.90,18.73,0.18
2026-06-08T12:37:02,1,3.67,25870.00,15.79,12419.00,999.00,18.86,1030.90,18.74,0.18
2026-06-08T12:37:02,1,3.70,25870.00,15.79,12419.00,999.00,18.86,1030.50,18.75,0.17
2026-06-08T12:37:03,1,3.68,25870.00,15.79,12419.00,999.00,18.86,1031.20,18.74,0.18
2026-06-08T12:37:03,1,3.68,25870.00,15.79,12419.00,999.00,18.86,1031.90,18.74,0.19
2026-06-08T12:37:03,1,3.70,25870.00,15.79,12419.00,999.00,18.86,1032.50,18.75,0.19
2026-06-08T12:37:03,1,3.71,25860.00,15.78,12417.00,999.00,18.85,1032.70,18.74,0.20
2026-06-08T12:37:04,1,3.68,25860.00,15.78,12417.00,999.00,18.86,1032.40,18.74,0.19
2026-06-08T12:37:04,1,3.69,25860.00,15.78,12417.00,999.00,18.86,1031.90,18.74,0.19
2026-06-08T12:37:04,1,3.69,25860.00,15.78,12417.00,999.00,18.86,1031.90,18.75,0.19
2026-06-08T12:37:04,1,3.69,25860.00,15.78,12417.00,999.00,18.85,1032.20,18.74,0.19
2026-06-08T12:37:04,1,3.69,25870.00,15.79,12419.00,999.00,18.85,1031.90,18.74,0.19
2026-06-08T12:37:05,1,3.71,25870.00,15.79,12419.00,999.00,18.85,1031.40,18.74,0.18
2026-06-08T12:37:05,1,3.70,25870.00,15.79,12419.00,999.00,18.86,1032.20,18.74,0.19
2026-06-08T12:37:05,1,3.69,25870.00,15.79,12419.00,999.00,18.85,1031.70,18.74,0.19
2026-06-08T12:37:05,1,3.68,25870.00,15.79,12419.00,999.00,18.85,1031.00,18.74,0.18
2026-06-08T12:37:05,1,3.68,25870.00,15.79,12420.00,999.00,18.85,1030.50,18.74,0.17
2026-06-08T12:37:06,1,3.69,25870.00,15.79,12420.00,999.00,18.85,1030.50,18.74,0.17
2026-06-08T12:37:06,1,3.67,25870.00,15.79,12420.00,999.00,18.85,1031.40,18.74,0.18
2026-06-08T12:37:06,1,3.67,25870.00,15.79,12420.00,999.00,18.85,1031.60,18.74,0.18
2026-06-08T12:37:06,1,3.71,25870.00,15.79,12418.00,999.00,18.85,1032.00,18.74,0.19
2026-06-08T12:37:06,1,3.68,25870.00,15.79,12418.00,999.00,18.86,1031.80,18.74,0.19
2026-06-08T12:37:07,1,3.69,25870.00,15.79,12418.00,999.00,18.85,1031.50,18.74,0.18
2026-06-08T12:37:07,1,3.68,25870.00,15.79,12418.00,999.00,18.85,1031.30,18.74,0.18
2026-06-08T12:37:07,1,3.68,25870.00,15.79,12418.00,999.00,18.85,1031.20,18.74,0.18
2026-06-08T12:37:07,1,3.68,25860.00,15.78,12416.00,999.00,18.85,1031.40,18.74,0.18
2026-06-08T12:37:07,1,3.69,25860.00,15.78,12416.00,999.00,18.85,1032.10,18.74,0.19
2026-06-08T12:37:08,1,3.70,25860.00,15.78,12416.00,999.00,18.85,1031.80,18.74,0.19
2026-06-08T12:37:08,1,3.67,25860.00,15.78,12416.00,999.00,18.84,1031.40,18.74,0.18
2026-06-08T12:37:08,1,3.68,25860.00,15.78,12416.00,999.00,18.85,1031.30,18.74,0.18
2026-06-08T12:37:08,1,3.70,25870.00,15.79,12420.00,999.00,18.85,1031.80,18.74,0.19
2026-06-08T12:37:09,1,3.71,25870.00,15.79,12420.00,999.00,18.85,1031.20,18.74,0.18
2026-06-08T12:37:09,1,3.69,25870.00,15.79,12420.00,999.00,18.85,1030.20,18.74,0.17
2026-06-08T12:37:09,1,3.68,25870.00,15.79,12420.00,999.00,18.85,1029.40,18.74,0.16
2026-06-08T12:37:09,1,3.69,25870.00,15.79,12420.00,999.00,18.85,1030.50,18.74,0.17
2026-06-08T12:37:09,1,3.70,25870.00,15.79,12420.00,999.00,18.85,1030.90,18.74,0.18
2026-06-08T12:37:10,1,3.69,25870.00,15.79,12420.00,999.00,18.85,1031.30,18.74,0.18
2026-06-08T12:37:10,1,3.68,25870.00,15.79,12420.00,999.00,18.85,1031.10,18.74,0.18
2026-06-08T12:37:10,1,3.67,25870.00,15.79,12420.00,999.00,18.85,1032.30,18.74,0.19
2026-06-08T12:37:10,1,3.71,25860.00,15.78,12417.00,999.00,18.86,1032.80,18.74,0.20
2026-06-08T12:37:10,1,3.68,25860.00,15.78,12417.00,999.00,18.85,1033.20,18.74,0.20
2026-06-08T12:37:11,1,3.70,25860.00,15.78,12417.00,999.00,18.85,1032.80,18.74,0.20
2026-06-08T12:37:11,1,3.68,25860.00,15.78,12417.00,999.00,18.85,1032.60,18.74,0.19
2026-06-08T12:37:11,1,3.68,25860.00,15.78,12417.00,999.00,18.85,1031.90,18.74,0.19
2026-06-08T12:37:11,1,3.69,25870.00,15.79,12418.00,999.00,18.85,1031.00,18.74,0.18
2026-06-08T12:37:11,1,3.70,25870.00,15.79,12418.00,999.00,18.86,1031.10,18.74,0.18
2026-06-08T12:37:12,1,3.70,25870.00,15.79,12418.00,999.00,18.85,1032.20,18.74,0.19
2026-06-08T12:37:12,1,3.69,25870.00,15.79,12418.00,999.00,18.85,1032.70,18.74,0.20
2026-06-08T12:37:12,1,3.69,25870.00,15.79,12418.00,999.00,18.86,1033.50,18.74,0.20
2026-06-08T12:37:12,1,3.67,25870.00,15.79,12418.00,999.00,18.85,1032.90,18.74,0.20
2026-06-08T12:37:12,1,3.68,25870.00,15.79,12418.00,999.00,18.85,1032.70,18.74,0.20
2026-06-08T12:37:13,1,3.68,25870.00,15.79,12418.00,999.00,18.85,1033.10,18.74,0.20
2026-06-08T12:37:13,1,3.68,25870.00,15.79,12418.00,999.00,18.85,1033.40,18.74,0.20
2026-06-08T12:37:13,1,3.68,25860.00,15.78,12416.00,999.00,18.84,1033.00,18.73,0.20
2026-06-08T12:37:13,1,3.70,25860.00,15.78,12416.00,999.00,18.85,1031.70,18.74,0.19
2026-06-08T12:37:14,1,3.68,25860.00,15.78,12416.00,999.00,18.86,1031.50,18.74,0.18
2026-06-08T12:37:14,1,3.66,25860.00,15.78,12416.00,999.00,18.86,1030.70,18.74,0.18
2026-06-08T12:37:14,1,3.66,25860.00,15.78,12416.00,999.00,18.85,1030.90,18.74,0.18
2026-06-08T12:37:14,1,3.71,25860.00,15.78,12414.00,999.00,18.84,1031.50,18.74,0.18
2026-06-08T12:37:14,1,3.68,25860.00,15.78,12414.00,999.00,18.85,1030.90,18.74,0.18
2026-06-08T12:37:15,1,3.70,25860.00,15.78,12414.00,999.00,18.85,1031.00,18.74,0.18
2026-06-08T12:37:15,1,3.66,25860.00,15.78,12414.00,999.00,18.84,1031.30,18.73,0.18
2026-06-08T12:37:15,1,3.67,25860.00,15.78,12414.00,999.00,18.85,1032.50,18.73,0.19
2026-06-08T12:37:15,1,3.70,25860.00,15.78,12415.00,999.00,18.85,1032.80,18.74,0.20
2026-06-08T12:37:15,1,3.71,25860.00,15.78,12415.00,999.00,18.85,1032.20,18.74,0.19
2026-06-08T12:37:16,1,3.66,25860.00,15.78,12415.00,999.00,18.86,1031.30,18.74,0.18
2026-06-08T12:37:16,1,3.70,25860.00,15.78,12415.00,999.00,18.85,1030.70,18.74,0.18
2026-06-08T12:37:16,1,3.68,25860.00,15.78,12414.00,999.00,18.85,1031.00,18.74,0.18
2026-06-08T12:37:16,1,3.68,25860.00,15.78,12414.00,999.00,18.84,1031.50,18.74,0.18
2026-06-08T12:37:16,1,3.68,25860.00,15.78,12414.00,999.00,18.85,1032.30,18.74,0.19
2026-06-08T12:37:17,1,3.65,25860.00,15.78,12414.00,999.00,18.85,1031.70,18.74,0.19
2026-06-08T12:37:17,1,3.67,25860.00,15.78,12414.00,999.00,18.84,1031.20,18.74,0.18
2026-06-08T12:37:17,1,3.70,25860.00,15.78,12417.00,999.00,18.85,1030.70,18.74,0.18
2026-06-08T12:37:17,1,3.68,25860.00,15.78,12417.00,999.00,18.84,1030.70,18.74,0.18
2026-06-08T12:37:18,1,3.70,25860.00,15.78,12417.00,999.00,18.84,1030.80,18.74,0.18
2026-06-08T12:37:18,1,3.68,25860.00,15.78,12417.00,999.00,18.84,1031.30,18.73,0.18
2026-06-08T12:37:18,1,3.68,25860.00,15.78,12417.00,999.00,18.85,1031.40,18.74,0.18
2026-06-08T12:37:18,1,3.69,25870.00,15.79,12420.00,999.00,18.84,1030.90,18.74,0.18
2026-06-08T12:37:18,1,3.70,25870.00,15.79,12420.00,999.00,18.86,1029.60,18.73,0.16
2026-06-08T12:37:19,1,3.69,25870.00,15.79,12420.00,999.00,18.85,1029.30,18.74,0.16
2026-06-08T12:37:19,1,3.69,25870.00,15.79,12420.00,999.00,18.84,1029.70,18.74,0.17
2026-06-08T12:37:19,1,3.68,25870.00,15.79,12420.00,999.00,18.85,1030.80,18.74,0.18
2026-06-08T12:37:19,1,3.68,25860.00,15.78,12417.00,999.00,18.85,1031.10,18.74,0.18
2026-06-08T12:37:19,1,3.70,25860.00,15.78,12417.00,999.00,18.84,1031.40,18.73,0.18
2026-06-08T12:37:20,1,3.68,25860.00,15.78,12417.00,999.00,18.86,1031.80,18.73,0.19
2026-06-08T12:37:20,1,3.68,25860.00,15.78,12417.00,999.00,18.86,1032.10,18.73,0.19
2026-06-08T12:37:20,1,3.71,25860.00,15.78,12415.00,999.00,18.85,1032.00,18.73,0.19
2026-06-08T12:37:20,1,3.68,25860.00,15.78,12415.00,999.00,18.86,1031.70,18.73,0.19
2026-06-08T12:37:20,1,3.70,25860.00,15.78,12415.00,999.00,18.85,1031.20,18.73,0.18
2026-06-08T12:37:21,1,3.67,25860.00,15.78,12415.00,999.00,18.85,1031.20,18.73,0.18
2026-06-08T12:37:21,1,3.68,25860.00,15.78,12415.00,999.00,18.85,1031.50,18.73,0.18
2026-06-08T12:37:21,1,3.70,25870.00,15.79,12421.00,999.00,18.85,1031.20,18.73,0.18
2026-06-08T12:37:21,1,3.68,25870.00,15.79,12421.00,999.00,18.85,1031.00,18.74,0.18
2026-06-08T12:37:21,1,3.70,25870.00,15.79,12421.00,999.00,18.85,1030.40,18.73,0.17
2026-06-08T12:37:22,1,3.66,25870.00,15.79,12421.00,999.00,18.85,1030.90,18.73,0.18
2026-06-08T12:37:22,1,3.66,25870.00,15.79,12421.00,999.00,18.85,1031.80,18.73,0.19
2026-06-08T12:37:22,1,3.70,25870.00,15.79,12421.00,999.00,18.85,1032.10,18.73,0.19
2026-06-08T12:37:22,1,3.70,25870.00,15.79,12421.00,999.00,18.85,1032.70,18.73,0.20
2026-06-08T12:37:22,1,3.68,25870.00,15.79,12421.00,999.00,18.85,1032.60,18.73,0.19
2026-06-08T12:37:23,1,3.69,25870.00,15.79,12421.00,999.00,18.86,1032.00,18.73,0.19
2026-06-08T12:37:23,1,3.68,25870.00,15.79,12421.00,999.00,18.85,1031.90,18.73,0.19
2026-06-08T12:37:23,1,3.70,25870.00,15.79,12420.00,999.00,18.85,1032.80,18.73,0.20
2026-06-08T12:37:23,1,3.70,25870.00,15.79,12420.00,999.00,18.85,1032.60,18.73,0.19
2026-06-08T12:37:24,1,3.69,25870.00,15.79,12420.00,999.00,18.85,1032.90,18.73,0.20
2026-06-08T12:37:24,1,3.67,25870.00,15.79,12420.00,999.00,18.85,1032.00,18.73,0.19
2026-06-08T12:37:24,1,3.69,25870.00,15.79,12418.00,999.00,18.85,1032.00,18.73,0.19
2026-06-08T12:37:24,1,3.70,25870.00,15.79,12418.00,999.00,18.85,1032.40,18.73,0.19
2026-06-08T12:37:24,1,3.70,25870.00,15.79,12418.00,999.00,18.85,1033.20,18.73,0.20
2026-06-08T12:37:25,1,3.67,25870.00,15.79,12418.00,999.00,18.85,1033.70,18.73,0.21
2026-06-08T12:37:25,1,3.69,25870.00,15.79,12418.00,999.00,18.85,1033.20,18.73,0.20
2026-06-08T12:37:25,1,3.70,25860.00,15.78,12416.00,999.00,18.86,1032.60,18.73,0.19
2026-06-08T12:37:25,1,3.68,25860.00,15.78,12416.00,999.00,18.85,1031.80,18.73,0.19
2026-06-08T12:37:25,1,3.69,25860.00,15.78,12416.00,999.00,18.84,1031.00,18.73,0.18
2026-06-08T12:37:26,1,3.69,25860.00,15.78,12416.00,999.00,18.85,1030.80,18.73,0.18
2026-06-08T12:37:26,1,3.68,25860.00,15.78,12416.00,999.00,18.85,1031.30,18.73,0.18
2026-06-08T12:37:26,1,3.70,25870.00,15.79,12419.00,999.00,18.85,1030.00,18.72,0.17
2026-06-08T12:37:26,1,3.68,25870.00,15.79,12419.00,999.00,18.85,1030.80,18.73,0.18
2026-06-08T12:37:26,1,3.69,25870.00,15.79,12419.00,999.00,18.85,1031.10,18.73,0.18
2026-06-08T12:37:27,1,3.70,25870.00,15.79,12419.00,999.00,18.85,1031.60,18.73,0.18
2026-06-08T12:37:27,1,3.68,25870.00,15.79,12420.00,999.00,18.86,1032.50,18.73,0.19
2026-06-08T12:37:27,1,3.68,25870.00,15.79,12420.00,999.00,18.86,1031.00,18.73,0.18
2026-06-08T12:37:27,1,3.68,25870.00,15.79,12420.00,999.00,18.85,1030.60,18.73,0.17
2026-06-08T12:37:28,1,3.68,25870.00,15.79,12420.00,999.00,18.85,1031.00,18.72,0.18
2026-06-08T12:37:28,1,3.68,25870.00,15.79,12420.00,999.00,18.85,1031.50,18.73,0.18
2026-06-08T12:37:28,1,3.68,25860.00,15.78,12416.00,999.00,18.85,1031.70,18.73,0.19
2026-06-08T12:37:28,1,3.69,25860.00,15.78,12416.00,999.00,18.86,1030.00,18.73,0.17
2026-06-08T12:37:28,1,3.69,25860.00,15.78,12416.00,999.00,18.86,1029.30,18.73,0.16
2026-06-08T12:37:29,1,3.68,25860.00,15.78,12416.00,999.00,18.86,1030.00,18.73,0.17
2026-06-08T12:37:29,1,3.69,25860.00,15.78,12416.00,999.00,18.86,1030.60,18.73,0.17
2026-06-08T12:37:29,1,3.70,25860.00,15.78,12417.00,999.00,18.86,1031.40,18.73,0.18
2026-06-08T12:37:29,1,3.70,25860.00,15.78,12417.00,999.00,18.86,1031.70,18.73,0.19
2026-06-08T12:37:29,1,3.68,25860.00,15.78,12417.00,999.00,18.86,1031.00,18.73,0.18
2026-06-08T12:37:30,1,3.69,25860.00,15.78,12417.00,999.00,18.87,1030.80,18.73,0.18
2026-06-08T12:37:30,1,3.70,25870.00,15.79,12420.00,999.00,18.86,1030.40,18.73,0.17
2026-06-08T12:37:30,1,3.67,25870.00,15.79,12420.00,999.00,18.86,1029.50,18.73,0.16
2026-06-08T12:37:30,1,3.69,25870.00,15.79,12420.00,999.00,18.86,1029.30,18.73,0.16
2026-06-08T12:37:30,1,3.69,25870.00,15.79,12420.00,999.00,18.87,1030.70,18.73,0.18
2026-06-08T12:37:31,1,3.66,25870.00,15.79,12420.00,999.00,18.87,1031.30,18.73,0.18
2026-06-08T12:37:31,1,3.68,25880.00,15.79,12423.00,999.00,18.87,1032.00,18.73,0.19
2026-06-08T12:37:31,1,3.70,25880.00,15.79,12423.00,999.00,18.87,1031.80,18.73,0.19
2026-06-08T12:37:31,1,3.71,25880.00,15.79,12423.00,999.00,18.87,1031.30,18.73,0.18
2026-06-08T12:37:31,1,3.69,25880.00,15.79,12423.00,999.00,18.87,1030.50,18.73,0.17
2026-06-08T12:37:32,1,3.66,25880.00,15.79,12423.00,999.00,18.87,1030.90,18.73,0.18
2026-06-08T12:37:32,1,3.69,25870.00,15.79,12418.00,999.00,18.87,1032.10,18.73,0.19
2026-06-08T12:37:32,1,3.68,25870.00,15.79,12418.00,999.00,18.87,1031.70,18.73,0.19
2026-06-08T12:37:32,1,3.70,25870.00,15.79,12418.00,999.00,18.86,1031.40,18.73,0.18
2026-06-08T12:37:33,1,3.70,25870.00,15.79,12418.00,999.00,18.86,1031.10,18.73,0.18
2026-06-08T12:37:33,1,3.68,25870.00,15.79,12418.00,999.00,18.86,1032.20,18.74,0.19
2026-06-08T12:37:33,1,3.70,25870.00,15.79,12418.00,999.00,18.86,1032.40,18.73,0.19
2026-06-08T12:37:33,1,3.70,25870.00,15.79,12418.00,999.00,18.86,1033.20,18.74,0.20
2026-06-08T12:37:33,1,3.65,25870.00,15.79,12418.00,999.00,18.86,1032.50,18.74,0.19
2026-06-08T12:37:34,1,3.68,25870.00,15.79,12418.00,999.00,18.86,1031.80,18.74,0.19
2026-06-08T12:37:34,1,3.70,25860.00,15.78,12417.00,999.00,18.86,1031.70,18.74,0.19
2026-06-08T12:37:34,1,3.70,25860.00,15.78,12417.00,999.00,18.86,1032.10,18.74,0.19
2026-06-08T12:37:34,1,3.71,25860.00,15.78,12417.00,999.00,18.86,1032.20,18.73,0.19
2026-06-08T12:37:34,1,3.69,25860.00,15.78,12417.00,999.00,18.86,1032.80,18.74,0.20
2026-06-08T12:37:35,1,3.67,25860.00,15.78,12417.00,999.00,18.86,1032.90,18.73,0.20
2026-06-08T12:37:35,1,3.70,25870.00,15.79,12422.00,999.00,18.86,1032.30,18.73,0.19
2026-06-08T12:37:35,1,3.69,25870.00,15.79,12422.00,999.00,18.86,1031.10,18.73,0.18
2026-06-08T12:37:35,1,3.68,25870.00,15.79,12422.00,999.00,18.86,1030.10,18.73,0.17
2026-06-08T12:37:35,1,3.66,25870.00,15.79,12422.00,999.00,18.86,1030.40,18.73,0.17
2026-06-08T12:37:36,1,3.67,25870.00,15.79,12422.00,999.00,18.86,1031.50,18.73,0.18
2026-06-08T12:37:36,1,3.71,25880.00,15.79,12423.00,999.00,18.86,1032.50,18.73,0.19
2026-06-08T12:37:36,1,3.70,25880.00,15.79,12423.00,999.00,18.86,1032.60,18.73,0.19
2026-06-08T12:37:36,1,3.69,25880.00,15.79,12423.00,999.00,18.86,1031.70,18.73,0.19
2026-06-08T12:37:36,1,3.70,25880.00,15.79,12423.00,999.00,18.86,1031.10,18.73,0.18
2026-06-08T12:37:37,1,3.68,25860.00,15.78,12417.00,999.00,18.86,1029.70,18.73,0.17
2026-06-08T12:37:37,1,3.69,25860.00,15.78,12417.00,999.00,18.86,1029.90,18.73,0.17
2026-06-08T12:37:37,1,3.68,25860.00,15.78,12417.00,999.00,18.86,1029.50,18.73,0.16
2026-06-08T12:37:37,1,3.68,25860.00,15.78,12417.00,999.00,18.86,1029.30,18.73,0.16
2026-06-08T12:37:37,1,3.69,25860.00,15.78,12417.00,999.00,18.86,1028.20,18.73,0.15
2026-06-08T12:37:38,1,3.68,25870.00,15.79,12418.00,999.00,18.86,1028.10,18.73,0.15
2026-06-08T12:37:38,1,3.71,25870.00,15.79,12418.00,999.00,18.86,1029.20,18.74,0.16
2026-06-08T12:37:38,1,3.68,25870.00,15.79,12418.00,999.00,18.86,1029.80,18.73,0.17
2026-06-08T12:37:38,1,3.66,25870.00,15.79,12418.00,999.00,18.86,1030.50,18.73,0.17
2026-06-08T12:37:39,1,3.68,25870.00,15.79,12418.00,999.00,18.86,1030.20,18.74,0.17
2026-06-08T12:37:39,1,3.68,25860.00,15.78,12417.00,999.00,18.86,1029.70,18.73,0.17
2026-06-08T12:37:39,1,3.68,25860.00,15.78,12417.00,999.00,18.86,1029.30,18.74,0.16
2026-06-08T12:37:39,1,3.68,25860.00,15.78,12417.00,999.00,18.85,1029.10,18.72,0.16
2026-06-08T12:37:39,1,3.66,25860.00,15.78,12417.00,999.00,18.85,1029.70,18.73,0.17
2026-06-08T12:37:40,1,3.70,25860.00,15.78,12417.00,999.00,18.85,1030.00,18.73,0.17
2026-06-08T12:37:40,1,3.69,25860.00,15.78,12416.00,999.00,18.85,1029.90,18.73,0.17
2026-06-08T12:37:40,1,3.68,25860.00,15.78,12416.00,999.00,18.86,1030.30,18.73,0.17
2026-06-08T12:37:40,1,3.70,25860.00,15.78,12416.00,999.00,18.86,1031.00,18.72,0.18
2026-06-08T12:37:40,1,3.67,25860.00,15.78,12416.00,999.00,18.86,1031.20,18.73,0.18
2026-06-08T12:37:41,1,3.71,25860.00,15.78,12414.00,999.00,18.86,1030.80,18.73,0.18
2026-06-08T12:37:41,1,3.70,25860.00,15.78,12414.00,999.00,18.86,1029.50,18.73,0.16
2026-06-08T12:37:41,1,3.70,25860.00,15.78,12414.00,999.00,18.86,1029.50,18.73,0.16
2026-06-08T12:37:41,1,3.70,25860.00,15.78,12414.00,999.00,18.85,1029.60,18.74,0.16
2026-06-08T12:37:42,1,3.65,25860.00,15.78,12414.00,999.00,18.85,1029.50,18.73,0.16
2026-06-08T12:37:42,1,3.68,25870.00,15.79,12418.00,999.00,18.86,1029.90,18.73,0.17
2026-06-08T12:37:42,1,3.69,25870.00,15.79,12418.00,999.00,18.85,1030.20,18.73,0.17
2026-06-08T12:37:42,1,3.70,25870.00,15.79,12418.00,999.00,18.85,1030.20,18.73,0.17
2026-06-08T12:37:42,1,3.68,25870.00,15.79,12418.00,999.00,18.86,1031.50,18.73,0.18
2026-06-08T12:37:43,1,3.67,25870.00,15.79,12418.00,999.00,18.86,1031.90,18.73,0.19
2026-06-08T12:37:43,1,3.70,25860.00,15.78,12416.00,999.00,18.86,1032.70,18.73,0.20
2026-06-08T12:37:43,1,3.70,25860.00,15.78,12416.00,999.00,18.85,1032.50,18.73,0.19
2026-06-08T12:37:43,1,3.69,25860.00,15.78,12416.00,999.00,18.85,1032.30,18.74,0.19
2026-06-08T12:37:43,1,3.66,25860.00,15.78,12416.00,999.00,18.84,1031.60,18.73,0.18
2026-06-08T12:37:44,1,3.68,25870.00,15.79,12418.00,999.00,18.85,1031.00,18.73,0.18
2026-06-08T12:37:44,1,3.71,25870.00,15.79,12418.00,999.00,18.86,1030.10,18.73,0.17
2026-06-08T12:37:44,1,3.71,25870.00,15.79,12418.00,999.00,18.85,1030.70,18.73,0.18
2026-06-08T12:37:44,1,3.68,25870.00,15.79,12418.00,999.00,18.85,1031.40,18.73,0.18
2026-06-08T12:37:44,1,3.68,25870.00,15.79,12418.00,999.00,18.85,1031.90,18.73,0.19
2026-06-08T12:37:45,1,3.70,25860.00,15.78,12415.00,999.00,18.84,1031.60,18.73,0.18
2026-06-08T12:37:45,1,3.69,25860.00,15.78,12415.00,999.00,18.85,1030.90,18.73,0.18
2026-06-08T12:37:45,1,3.68,25860.00,15.78,12415.00,999.00,18.85,1030.00,18.73,0.17
2026-06-08T12:37:45,1,3.67,25860.00,15.78,12415.00,999.00,18.86,1029.90,18.73,0.17
2026-06-08T12:37:45,1,3.68,25860.00,15.78,12415.00,999.00,18.85,1029.00,18.73,0.16
2026-06-08T12:37:46,1,3.69,25860.00,15.78,12416.00,999.00,18.85,1029.10,18.73,0.16
2026-06-08T12:37:46,1,3.71,25860.00,15.78,12416.00,999.00,18.84,1029.20,18.73,0.16
2026-06-08T12:37:46,1,3.70,25860.00,15.78,12416.00,999.00,18.85,1029.10,18.73,0.16
2026-06-08T12:37:46,1,3.67,25860.00,15.78,12416.00,999.00,18.85,1029.00,18.73,0.16
2026-06-08T12:37:46,1,3.68,25860.00,15.78,12416.00,999.00,18.85,1028.70,18.73,0.16
2026-06-08T12:37:47,1,3.70,25860.00,15.78,12416.00,999.00,18.85,1029.70,18.73,0.17
2026-06-08T12:37:47,1,3.70,25860.00,15.78,12416.00,999.00,18.85,1031.00,18.73,0.18
2026-06-08T12:37:47,1,3.68,25860.00,15.78,12416.00,999.00,18.85,1031.10,18.73,0.18
2026-06-08T12:37:47,1,3.69,25860.00,15.78,12416.00,999.00,18.85,1030.70,18.73,0.18
2026-06-08T12:37:48,1,3.68,25870.00,15.79,12420.00,999.00,18.86,1029.30,18.73,0.16
2026-06-08T12:37:48,1,3.70,25870.00,15.79,12420.00,999.00,18.85,1028.60,18.73,0.15
2026-06-08T12:37:48,1,3.70,25870.00,15.79,12420.00,999.00,18.85,1028.50,18.73,0.15
2026-06-08T12:37:48,1,3.69,25870.00,15.79,12420.00,999.00,18.85,1028.40,18.73,0.15
2026-06-08T12:37:48,1,3.66,25870.00,15.79,12420.00,999.00,18.86,1027.20,18.72,0.14
2026-06-08T12:37:49,1,3.70,25870.00,15.79,12420.00,999.00,18.85,1024.70,18.73,0.12
2026-06-08T12:37:49,1,3.70,25870.00,15.79,12420.00,999.00,18.86,1020.80,18.73,0.08
2026-06-08T12:37:49,1,3.68,25870.00,15.79,12420.00,999.00,18.86,1019.50,18.73,0.06
2026-06-08T12:37:49,1,3.68,25870.00,15.79,12420.00,999.00,18.86,1019.90,18.73,0.07
2026-06-08T12:37:49,1,3.68,25870.00,15.79,12420.00,999.00,18.85,1019.40,18.73,0.06
2026-06-08T12:37:50,1,3.70,25860.00,15.78,12415.00,999.00,18.86,1018.10,18.73,0.05
2026-06-08T12:37:50,1,3.70,25860.00,15.78,12415.00,999.00,18.86,1018.80,18.73,0.06
2026-06-08T12:37:50,1,3.68,25860.00,15.78,12415.00,999.00,18.86,1019.00,18.73,0.06
2026-06-08T12:37:50,1,3.67,25860.00,15.78,12415.00,999.00,18.86,1018.40,18.73,0.05
2026-06-08T12:37:50,1,3.71,25870.00,15.79,12418.00,999.00,18.86,1018.80,18.73,0.06
2026-06-08T12:37:51,1,3.68,25870.00,15.79,12418.00,999.00,18.85,1019.40,18.73,0.06
2026-06-08T12:37:51,1,3.68,25870.00,15.79,12418.00,999.00,18.85,1020.20,18.72,0.07
2026-06-08T12:37:51,1,3.66,25870.00,15.79,12418.00,999.00,18.85,1020.40,18.73,0.07
2026-06-08T12:37:51,1,3.70,25870.00,15.79,12418.00,999.00,18.85,1021.30,18.73,0.08
2026-06-08T12:37:51,1,3.69,25860.00,15.78,12415.00,999.00,18.85,1022.20,18.73,0.09
2026-06-08T12:37:52,1,3.69,25860.00,15.78,12415.00,999.00,18.85,1021.40,18.72,0.08
2026-06-08T12:37:52,1,3.70,25860.00,15.78,12415.00,999.00,18.85,1020.00,18.72,0.07
2026-06-08T12:37:52,1,3.66,25860.00,15.78,12415.00,999.00,18.85,1019.70,18.72,0.07
2026-06-08T12:37:52,1,3.67,25860.00,15.78,12415.00,999.00,18.84,1020.50,18.72,0.07
2026-06-08T12:37:53,1,3.71,25870.00,15.79,12420.00,999.00,18.84,1021.00,18.72,0.08
2026-06-08T12:37:53,1,3.70,25870.00,15.79,12420.00,999.00,18.84,1020.30,18.72,0.07
2026-06-08T12:37:53,1,3.68,25870.00,15.79,12420.00,999.00,18.84,1018.60,18.71,0.06
2026-06-08T12:37:53,1,3.68,25870.00,15.79,12420.00,999.00,18.84,1019.00,18.72,0.06
2026-06-08T12:37:53,1,3.68,25860.00,15.78,12413.00,999.00,18.84,1020.00,18.72,0.07
2026-06-08T12:37:54,1,3.68,25860.00,15.78,12413.00,999.00,18.84,1021.10,18.72,0.08
2026-06-08T12:37:54,1,3.68,25860.00,15.78,12413.00,999.00,18.84,1020.20,18.72,0.07
2026-06-08T12:37:54,1,3.67,25860.00,15.78,12413.00,999.00,18.85,1018.10,18.72,0.05
2026-06-08T12:37:54,1,3.67,25860.00,15.78,12413.00,999.00,18.84,1018.60,18.72,0.06
2026-06-08T12:37:54,1,3.70,25850.00,15.78,12411.00,999.00,18.84,1021.40,18.72,0.08
2026-06-08T12:37:55,1,3.71,25850.00,15.78,12411.00,999.00,18.84,1021.80,18.72,0.09
2026-06-08T12:37:55,1,3.69,25850.00,15.78,12411.00,999.00,18.84,1022.40,18.72,0.09
2026-06-08T12:37:55,1,3.68,25850.00,15.78,12411.00,999.00,18.85,1022.70,18.72,0.10
2026-06-08T12:37:55,1,3.68,25850.00,15.78,12411.00,999.00,18.85,1023.60,18.71,0.11
2026-06-08T12:37:56,1,3.71,25870.00,15.79,12420.00,999.00,18.85,1024.70,18.71,0.12
2026-06-08T12:37:56,1,3.68,25870.00,15.79,12420.00,999.00,18.85,1023.50,18.72,0.10
2026-06-08T12:37:56,1,3.68,25870.00,15.79,12420.00,999.00,18.85,1024.00,18.72,0.11
2026-06-08T12:37:56,1,3.68,25870.00,15.79,12420.00,999.00,18.85,1023.90,18.71,0.11
2026-06-08T12:37:56,1,3.69,25870.00,15.79,12422.00,999.00,18.85,1022.20,18.72,0.09
2026-06-08T12:37:57,1,3.68,25870.00,15.79,12422.00,999.00,18.84,1020.00,18.72,0.07
2026-06-08T12:37:57,1,3.70,25870.00,15.79,12422.00,999.00,18.85,1020.50,18.72,0.07
2026-06-08T12:37:57,1,3.69,25870.00,15.79,12422.00,999.00,18.85,1019.50,18.71,0.06
2026-06-08T12:37:57,1,3.67,25870.00,15.79,12422.00,999.00,18.85,1021.40,18.72,0.08
2026-06-08T12:37:57,1,3.70,25850.00,15.78,12412.00,999.00,18.85,1025.80,18.71,0.13
2026-06-08T12:37:58,1,3.68,25850.00,15.78,12412.00,999.00,18.84,1032.40,18.72,0.19
2026-06-08T12:37:58,1,3.70,25850.00,15.78,12412.00,999.00,18.85,1035.90,18.72,0.23
2026-06-08T12:37:58,1,3.69,25850.00,15.78,12412.00,999.00,18.85,1029.20,18.71,0.16
2026-06-08T12:37:58,1,3.68,25850.00,15.78,12412.00,999.00,18.85,1022.40,18.72,0.09
2026-06-08T12:37:58,1,3.70,25860.00,15.78,12413.00,999.00,18.85,1019.10,18.71,0.06
2026-06-08T12:37:59,1,3.70,25860.00,15.78,12413.00,999.00,18.85,1020.60,18.72,0.08
2026-06-08T12:37:59,1,3.68,25860.00,15.78,12413.00,999.00,18.86,1020.40,18.72,0.07
2026-06-08T12:37:59,1,3.69,25860.00,15.78,12413.00,999.00,18.86,1017.80,18.72,0.05
2026-06-08T12:37:59,1,3.67,25860.00,15.78,12417.00,999.00,18.86,1017.00,18.72,0.04
2026-06-08T12:37:59,1,3.70,25860.00,15.78,12417.00,999.00,18.86,1016.60,18.71,0.04
2026-06-08T12:38:00,1,3.68,25860.00,15.78,12417.00,999.00,18.86,1017.00,18.71,0.04
2026-06-08T12:38:00,1,3.67,25860.00,15.78,12417.00,999.00,18.85,1017.60,18.72,0.05
2026-06-08T12:38:00,1,3.67,25860.00,15.78,12417.00,999.00,18.85,1016.60,18.71,0.04
2026-06-08T12:38:00,1,3.69,25870.00,15.79,12420.00,999.00,18.85,1014.10,18.72,0.01
2026-06-08T12:38:01,1,3.69,25870.00,15.79,12420.00,999.00,18.85,1013.50,18.71,0.00
2026-06-08T12:38:01,1,3.71,25870.00,15.79,12420.00,999.00,18.86,1010.70,18.71,-0.02
2026-06-08T12:38:01,1,3.66,25870.00,15.79,12420.00,999.00,18.85,1009.30,18.71,-0.04
2026-06-08T12:38:01,1,3.68,25870.00,15.79,12420.00,999.00,18.86,1008.60,18.72,-0.04
2026-06-08T12:38:01,1,3.70,25860.00,15.78,12416.00,999.00,18.86,1008.40,18.72,-0.05
2026-06-08T12:38:02,1,3.69,25860.00,15.78,12416.00,999.00,18.86,1009.40,18.72,-0.04
2026-06-08T12:38:02,1,3.70,25860.00,15.78,12416.00,999.00,18.86,1009.10,18.72,-0.04
2026-06-08T12:38:02,1,3.67,25860.00,15.78,12416.00,999.00,18.86,1008.20,18.71,-0.05
2026-06-08T12:38:02,1,3.66,25860.00,15.78,12416.00,999.00,18.85,1008.60,18.71,-0.04
2026-06-08T12:38:02,1,3.70,24950.00,15.18,11980.00,999.00,18.85,1008.70,18.71,-0.04
2026-06-08T12:38:03,1,3.70,24950.00,15.18,11980.00,999.00,18.85,1012.10,18.72,-0.01
2026-06-08T12:38:03,1,3.70,24950.00,15.18,11980.00,999.00,18.85,1015.60,18.72,0.03
2026-06-08T12:38:03,1,3.68,24950.00,15.18,11980.00,999.00,18.85,1014.50,18.72,0.01
2026-06-08T12:38:03,1,3.68,25850.00,15.78,12413.00,999.00,18.85,1014.30,18.71,0.01
2026-06-08T12:38:03,1,3.70,25850.00,15.78,12413.00,999.00,18.85,1014.90,18.71,0.02
2026-06-08T12:38:04,1,3.70,25850.00,15.78,12413.00,999.00,18.85,1017.00,18.71,0.04
2026-06-08T12:38:04,1,3.67,25850.00,15.78,12413.00,999.00,18.85,1017.90,18.71,0.05
2026-06-08T12:38:04,1,3.68,25850.00,15.78,12413.00,999.00,18.85,1018.30,18.71,0.05
2026-06-08T12:38:04,1,3.70,25860.00,15.78,12413.00,999.00,18.85,1017.10,18.71,0.04
2026-06-08T12:38:04,1,3.70,25860.00,15.78,12413.00,999.00,18.85,1014.60,18.71,0.02
2026-06-08T12:38:05,1,3.71,25860.00,15.78,12413.00,999.00,18.85,1013.90,18.71,0.01
2026-06-08T12:38:05,1,3.65,25860.00,15.78,12413.00,999.00,18.85,1015.00,18.71,0.02
2026-06-08T12:38:05,1,3.69,25860.00,15.78,12413.00,999.00,18.86,1016.20,18.71,0.03
2026-06-08T12:38:05,1,3.69,25870.00,15.79,12421.00,999.00,18.85,1016.90,18.70,0.04
2026-06-08T12:38:06,1,3.68,25870.00,15.79,12421.00,999.00,18.85,1016.60,18.70,0.04
2026-06-08T12:38:06,1,3.68,25870.00,15.79,12421.00,999.00,18.86,1016.40,18.70,0.03
2026-06-08T12:38:06,1,3.69,25870.00,15.79,12421.00,999.00,18.86,1016.40,18.71,0.03
2026-06-08T12:38:06,1,3.69,25860.00,15.78,12417.00,999.00,18.85,1017.10,18.71,0.04
2026-06-08T12:38:06,1,3.69,25860.00,15.78,12417.00,999.00,18.85,1017.30,18.71,0.04
2026-06-08T12:38:07,1,3.70,25860.00,15.78,12417.00,999.00,18.85,1018.60,18.71,0.06
2026-06-08T12:38:07,1,3.68,25860.00,15.78,12417.00,999.00,18.86,1022.30,18.71,0.09
2026-06-08T12:38:07,1,3.70,25860.00,15.78,12417.00,999.00,18.84,1024.90,18.71,0.12
2026-06-08T12:38:07,1,3.68,25860.00,15.78,12415.00,999.00,18.85,1026.80,18.71,0.14
2026-06-08T12:38:07,1,3.70,25860.00,15.78,12415.00,999.00,18.84,1028.40,18.71,0.15
2026-06-08T12:38:08,1,3.71,25860.00,15.78,12415.00,999.00,18.85,1030.90,18.71,0.18
2026-06-08T12:38:08,1,3.69,25860.00,15.78,12415.00,999.00,18.86,1031.80,18.71,0.19
2026-06-08T12:38:08,1,3.69,25860.00,15.78,12415.00,999.00,18.86,1033.40,18.71,0.20
2026-06-08T12:38:08,1,3.70,25870.00,15.79,12420.00,999.00,18.85,1035.50,18.71,0.22
2026-06-08T12:38:08,1,3.68,25870.00,15.79,12420.00,999.00,18.85,1036.60,18.71,0.23
2026-06-08T12:38:09,1,3.70,25870.00,15.79,12420.00,999.00,18.85,1038.10,18.71,0.25
2026-06-08T12:38:09,1,3.67,25870.00,15.79,12420.00,999.00,18.85,1038.50,18.71,0.25
2026-06-08T12:38:09,1,3.68,25870.00,15.79,12420.00,999.00,18.86,1039.60,18.71,0.26
2026-06-08T12:38:09,1,3.68,25860.00,15.78,12416.00,999.00,18.85,1040.70,18.71,0.27
2026-06-08T12:38:10,1,3.68,25860.00,15.78,12416.00,999.00,18.86,1042.10,18.71,0.29
2026-06-08T12:38:10,1,3.67,25860.00,15.78,12416.00,999.00,18.86,1043.70,18.71,0.30
2026-06-08T12:38:10,1,3.67,25860.00,15.78,12416.00,999.00,18.85,1045.30,18.71,0.32
2026-06-08T12:38:10,1,3.70,25850.00,15.78,12413.00,999.00,18.85,1047.70,18.71,0.34
2026-06-08T12:38:10,1,3.70,25850.00,15.78,12413.00,999.00,18.86,1049.30,18.71,0.36
2026-06-08T12:38:11,1,3.70,25850.00,15.78,12413.00,999.00,18.85,1049.80,18.71,0.36
2026-06-08T12:38:11,1,3.70,25850.00,15.78,12413.00,999.00,18.86,1050.00,18.71,0.37
2026-06-08T12:38:11,1,3.68,25850.00,15.78,12413.00,999.00,18.85,1050.40,18.71,0.37
2026-06-08T12:38:11,1,3.70,25860.00,15.78,12414.00,999.00,18.85,1052.20,18.71,0.39
2026-06-08T12:38:11,1,3.70,25860.00,15.78,12414.00,999.00,18.85,1053.90,18.71,0.41
2026-06-08T12:38:12,1,3.70,25860.00,15.78,12414.00,999.00,18.85,1056.00,18.72,0.43
2026-06-08T12:38:12,1,3.70,25860.00,15.78,12414.00,999.00,18.85,1057.40,18.72,0.44
2026-06-08T12:38:12,1,3.68,25860.00,15.78,12414.00,999.00,18.85,1058.00,18.72,0.45
2026-06-08T12:38:12,1,3.69,25870.00,15.79,12420.00,999.00,18.85,1059.60,18.71,0.46
2026-06-08T12:38:12,1,3.70,25870.00,15.79,12420.00,999.00,18.85,1061.60,18.72,0.48
2026-06-08T12:38:13,1,3.69,25870.00,15.79,12420.00,999.00,18.86,1061.50,18.72,0.48
2026-06-08T12:38:13,1,3.68,25870.00,15.79,12420.00,999.00,18.86,1062.50,18.72,0.49
2026-06-08T12:38:13,1,3.68,25860.00,15.78,12415.00,999.00,18.86,1064.20,18.71,0.51
2026-06-08T12:38:13,1,3.70,25860.00,15.78,12415.00,999.00,18.85,1066.30,18.72,0.53
2026-06-08T12:38:13,1,3.70,25860.00,15.78,12415.00,999.00,18.86,1069.20,18.72,0.56
2026-06-08T12:38:14,1,3.66,25860.00,15.78,12415.00,999.00,18.85,1070.90,18.72,0.57
2026-06-08T12:38:14,1,3.68,25860.00,15.78,12415.00,999.00,18.85,1072.90,18.72,0.59
2026-06-08T12:38:14,1,3.71,25850.00,15.78,12411.00,999.00,18.85,1075.20,18.72,0.62
2026-06-08T12:38:14,1,3.68,25850.00,15.78,12411.00,999.00,18.85,1078.80,18.72,0.65
2026-06-08T12:38:14,1,3.70,25850.00,15.78,12411.00,999.00,18.85,1081.80,18.72,0.68
2026-06-08T12:38:15,1,3.68,25850.00,15.78,12411.00,999.00,18.85,1083.30,18.72,0.70
2026-06-08T12:38:15,1,3.68,25850.00,15.78,12411.00,999.00,18.86,1085.10,18.72,0.71
2026-06-08T12:38:15,1,3.68,25870.00,15.79,12418.00,999.00,18.85,1085.90,18.72,0.72
2026-06-08T12:38:15,1,3.70,25870.00,15.79,12418.00,999.00,18.86,1087.00,18.72,0.73
2026-06-08T12:38:16,1,3.70,25870.00,15.79,12418.00,999.00,18.86,1087.20,18.72,0.74
2026-06-08T12:38:16,1,3.68,25870.00,15.79,12418.00,999.00,18.86,1088.30,18.72,0.75
2026-06-08T12:38:16,1,3.69,25870.00,15.79,12418.00,999.00,18.85,1089.90,18.72,0.76
2026-06-08T12:38:16,1,3.70,25860.00,15.78,12416.00,999.00,18.86,1091.80,18.72,0.78
2026-06-08T12:38:16,1,3.71,25860.00,15.78,12416.00,999.00,18.85,1093.60,18.72,0.80
2026-06-08T12:38:17,1,3.68,25860.00,15.78,12416.00,999.00,18.85,1095.30,18.72,0.82
2026-06-08T12:38:17,1,3.67,25860.00,15.78,12416.00,999.00,18.85,1096.50,18.72,0.83
2026-06-08T12:38:17,1,3.67,25870.00,15.79,12422.00,999.00,18.86,1097.90,18.72,0.84
2026-06-08T12:38:17,1,3.70,25870.00,15.79,12422.00,999.00,18.85,1099.20,18.72,0.85
2026-06-08T12:38:17,1,3.70,25870.00,15.79,12422.00,999.00,18.85,1100.30,18.72,0.87
2026-06-08T12:38:18,1,3.68,25870.00,15.79,12422.00,999.00,18.85,1101.40,18.72,0.88
2026-06-08T12:38:18,1,3.69,25870.00,15.79,12422.00,999.00,18.85,1103.10,18.72,0.89
2026-06-08T12:38:18,1,3.69,25870.00,15.79,12421.00,999.00,18.85,1105.30,18.72,0.91
2026-06-08T12:38:18,1,3.68,25870.00,15.79,12421.00,999.00,18.86,1107.70,18.72,0.94
2026-06-08T12:38:19,1,3.70,25870.00,15.79,12421.00,999.00,18.84,1109.70,18.70,0.96
2026-06-08T12:38:19,1,3.68,25870.00,15.79,12421.00,999.00,18.85,1111.00,18.72,0.97
2026-06-08T12:38:19,1,3.67,25870.00,15.79,12421.00,999.00,18.85,1112.10,18.72,0.98
2026-06-08T12:38:19,1,3.68,25860.00,15.78,12417.00,999.00,18.85,1112.70,18.72,0.99
2026-06-08T12:38:19,1,3.69,25860.00,15.78,12417.00,999.00,18.85,1113.90,18.72,1.00
2026-06-08T12:38:20,1,3.69,25860.00,15.78,12417.00,999.00,18.85,1115.80,18.72,1.02
2026-06-08T12:38:20,1,3.69,25860.00,15.78,12417.00,999.00,18.85,1117.80,18.72,1.04
2026-06-08T12:38:20,1,3.70,25860.00,15.78,12416.00,999.00,18.85,1119.90,18.72,1.06
2026-06-08T12:38:20,1,3.70,25860.00,15.78,12416.00,999.00,18.85,1121.50,18.72,1.08
2026-06-08T12:38:20,1,3.66,25860.00,15.78,12416.00,999.00,18.85,1122.30,18.72,1.08
2026-06-08T12:38:21,1,3.66,25860.00,15.78,12416.00,999.00,18.86,1124.20,18.72,1.10
2026-06-08T12:38:21,1,3.68,25860.00,15.78,12416.00,999.00,18.86,1125.70,18.72,1.12
2026-06-08T12:38:21,1,3.68,25860.00,15.78,12414.00,999.00,18.86,1127.50,18.72,1.13
2026-06-08T12:38:21,1,3.67,25860.00,15.78,12414.00,999.00,18.85,1127.80,18.72,1.14
2026-06-08T12:38:21,1,3.68,25860.00,15.78,12414.00,999.00,18.85,1129.20,18.72,1.15
2026-06-08T12:38:22,1,3.67,25860.00,15.78,12414.00,999.00,18.86,1131.00,18.72,1.17
2026-06-08T12:38:22,1,3.70,25860.00,15.78,12414.00,999.00,18.86,1133.10,18.73,1.19
2026-06-08T12:38:22,1,3.70,25860.00,15.78,12414.00,999.00,18.85,1134.60,18.72,1.21
2026-06-08T12:38:22,1,3.67,25860.00,15.78,12414.00,999.00,18.85,1135.90,18.73,1.22
2026-06-08T12:38:22,1,3.69,25860.00,15.78,12414.00,999.00,18.85,1138.30,18.72,1.24
2026-06-08T12:38:23,1,3.69,25860.00,15.78,12414.00,999.00,18.86,1139.80,18.73,1.26
2026-06-08T12:38:23,1,3.68,25860.00,15.78,12414.00,999.00,18.86,1141.30,18.72,1.27
2026-06-08T12:38:23,1,3.71,25870.00,15.79,12421.00,999.00,18.86,1143.80,18.73,1.30
2026-06-08T12:38:23,1,3.70,25870.00,15.79,12421.00,999.00,18.86,1145.60,18.73,1.31
2026-06-08T12:38:23,1,3.68,25870.00,15.79,12421.00,999.00,18.86,1147.40,18.72,1.33
2026-06-08T12:38:24,1,3.65,25870.00,15.79,12421.00,999.00,18.86,1148.60,18.72,1.34
2026-06-08T12:38:24,1,3.68,25880.00,15.79,12424.00,999.00,18.86,1149.30,18.73,1.35
2026-06-08T12:38:24,1,3.70,25880.00,15.79,12424.00,999.00,18.86,1148.50,18.72,1.34
2026-06-08T12:38:24,1,3.68,25880.00,15.79,12424.00,999.00,18.86,1149.90,18.72,1.36
2026-06-08T12:38:25,1,3.68,25880.00,15.79,12424.00,999.00,18.86,1150.50,18.72,1.36
2026-06-08T12:38:25,1,3.68,25880.00,15.79,12424.00,999.00,18.86,1152.30,18.72,1.38
2026-06-08T12:38:25,1,3.71,25860.00,15.78,12414.00,999.00,18.86,1153.70,18.72,1.39
2026-06-08T12:38:25,1,3.70,25860.00,15.78,12414.00,999.00,18.86,1154.50,18.72,1.40
2026-06-08T12:38:25,1,3.68,25860.00,15.78,12414.00,999.00,18.86,1155.80,18.73,1.42
2026-06-08T12:38:26,1,3.69,25860.00,15.78,12414.00,999.00,18.86,1157.10,18.72,1.43
2026-06-08T12:38:26,1,3.67,25860.00,15.78,12414.00,999.00,18.86,1157.90,18.72,1.44
2026-06-08T12:38:26,1,3.70,25860.00,15.78,12416.00,999.00,18.86,1159.50,18.73,1.45
2026-06-08T12:38:26,1,3.69,25860.00,15.78,12416.00,999.00,18.86,1161.10,18.72,1.47
2026-06-08T12:38:26,1,3.70,25860.00,15.78,12416.00,999.00,18.86,1163.50,18.73,1.49
2026-06-08T12:38:27,1,3.70,25860.00,15.78,12416.00,999.00,18.86,1165.70,18.73,1.51
2026-06-08T12:38:27,1,3.68,25860.00,15.78,12415.00,999.00,18.86,1166.60,18.73,1.52
2026-06-08T12:38:27,1,3.69,25860.00,15.78,12415.00,999.00,18.86,1167.30,18.73,1.53
2026-06-08T12:38:27,1,3.68,25860.00,15.78,12415.00,999.00,18.86,1168.30,18.73,1.54
2026-06-08T12:38:27,1,3.69,25860.00,15.78,12415.00,999.00,18.86,1169.20,18.73,1.55
2026-06-08T12:38:28,1,3.67,25860.00,15.78,12415.00,999.00,18.86,1170.30,18.73,1.56
2026-06-08T12:38:28,1,3.70,25860.00,15.78,12414.00,999.00,18.86,1172.00,18.73,1.58
2026-06-08T12:38:28,1,3.68,25860.00,15.78,12414.00,999.00,18.86,1174.50,18.73,1.60
2026-06-08T12:38:28,1,3.70,25860.00,15.78,12414.00,999.00,18.86,1175.90,18.73,1.61
2026-06-08T12:38:28,1,3.67,25860.00,15.78,12414.00,999.00,18.86,1178.50,18.73,1.64
2026-06-08T12:38:29,1,3.68,25860.00,15.78,12414.00,999.00,18.86,1180.20,18.73,1.66
2026-06-08T12:38:29,1,3.71,25860.00,15.78,12417.00,999.00,18.86,1182.30,18.73,1.68
2026-06-08T12:38:29,1,3.68,25860.00,15.78,12417.00,999.00,18.86,1183.70,18.73,1.69
2026-06-08T12:38:29,1,3.68,25860.00,15.78,12417.00,999.00,18.86,1184.70,18.73,1.70
2026-06-08T12:38:30,1,3.67,25860.00,15.78,12417.00,999.00,18.86,1186.00,18.73,1.71
2026-06-08T12:38:30,1,3.67,25860.00,15.78,12417.00,999.00,18.86,1187.60,18.73,1.73
2026-06-08T12:38:30,1,3.69,25870.00,15.79,12419.00,999.00,18.86,1189.00,18.73,1.74
2026-06-08T12:38:30,1,3.70,25870.00,15.79,12419.00,999.00,18.87,1190.00,18.73,1.75
2026-06-08T12:38:30,1,3.70,25870.00,15.79,12419.00,999.00,18.86,1191.00,18.73,1.76
2026-06-08T12:38:31,1,3.70,25870.00,15.79,12419.00,999.00,18.86,1192.30,18.73,1.78
2026-06-08T12:38:31,1,3.68,25870.00,15.79,12422.00,999.00,18.87,1193.40,18.73,1.79
2026-06-08T12:38:31,1,3.68,25870.00,15.79,12422.00,999.00,18.86,1194.00,18.72,1.79
2026-06-08T12:38:31,1,3.70,25870.00,15.79,12422.00,999.00,18.86,1194.50,18.73,1.80
2026-06-08T12:38:31,1,3.67,25870.00,15.79,12422.00,999.00,18.87,1196.00,18.73,1.81
2026-06-08T12:38:32,1,3.69,25870.00,15.79,12422.00,999.00,18.86,1197.50,18.72,1.83
2026-06-08T12:38:32,1,3.68,25860.00,15.78,12417.00,999.00,18.86,1198.50,18.73,1.84
2026-06-08T12:38:32,1,3.69,25860.00,15.78,12417.00,999.00,18.86,1199.60,18.73,1.85
2026-06-08T12:38:32,1,3.68,25860.00,15.78,12417.00,999.00,18.86,1200.00,18.73,1.85
2026-06-08T12:38:32,1,3.70,25860.00,15.78,12417.00,999.00,18.87,1201.40,18.73,1.87
2026-06-08T12:38:33,1,3.67,25860.00,15.78,12417.00,999.00,18.87,1202.30,18.73,1.88
2026-06-08T12:38:33,1,3.70,25860.00,15.78,12416.00,999.00,18.87,1203.50,18.73,1.89
2026-06-08T12:38:33,1,3.70,25860.00,15.78,12416.00,999.00,18.87,1205.10,18.73,1.90
2026-06-08T12:38:33,1,3.69,25860.00,15.78,12416.00,999.00,18.86,1206.20,18.73,1.91
2026-06-08T12:38:34,1,3.68,25860.00,15.78,12416.00,999.00,18.86,1207.70,18.73,1.93
2026-06-08T12:38:34,1,3.71,25880.00,15.79,12423.00,999.00,18.86,1209.10,18.73,1.94
2026-06-08T12:38:34,1,3.70,25880.00,15.79,12423.00,999.00,18.87,1210.10,18.74,1.95
2026-06-08T12:38:34,1,3.71,25880.00,15.79,12423.00,999.00,18.87,1210.80,18.73,1.96
2026-06-08T12:38:34,1,3.68,25880.00,15.79,12423.00,999.00,18.87,1212.70,18.73,1.98
2026-06-08T12:38:35,1,3.68,25880.00,15.79,12423.00,999.00,18.87,1213.20,18.73,1.98
2026-06-08T12:38:35,1,3.72,25870.00,15.79,12419.00,999.00,18.87,1215.50,18.73,2.01
2026-06-08T12:38:35,1,3.71,25870.00,15.79,12419.00,999.00,18.87,1217.20,18.73,2.02
2026-06-08T12:38:35,1,3.71,25870.00,15.79,12419.00,999.00,18.87,1219.20,18.73,2.04
2026-06-08T12:38:35,1,3.68,25870.00,15.79,12419.00,999.00,18.87,1220.40,18.74,2.06
2026-06-08T12:38:36,1,3.69,25870.00,15.79,12419.00,999.00,18.86,1222.00,18.74,2.07
2026-06-08T12:38:36,1,3.68,25860.00,15.78,12415.00,999.00,18.86,1223.50,18.73,2.09
2026-06-08T12:38:36,1,3.68,25860.00,15.78,12415.00,999.00,18.86,1224.30,18.73,2.09
2026-06-08T12:38:36,1,3.69,25860.00,15.78,12415.00,999.00,18.86,1225.70,18.73,2.11
2026-06-08T12:38:36,1,3.69,25860.00,15.78,12415.00,999.00,18.86,1227.20,18.74,2.12
2026-06-08T12:38:37,1,3.68,25870.00,15.79,12419.00,999.00,18.87,1228.30,18.73,2.13
2026-06-08T12:38:37,1,3.69,25870.00,15.79,12419.00,999.00,18.86,1229.20,18.73,2.14
2026-06-08T12:38:37,1,3.68,25870.00,15.79,12419.00,999.00,18.86,1231.10,18.73,2.16
2026-06-08T12:38:37,1,3.66,25870.00,15.79,12419.00,999.00,18.87,1233.10,18.73,2.18
2026-06-08T12:38:37,1,3.68,25870.00,15.79,12419.00,999.00,18.86,1234.70,18.73,2.20
2026-06-08T12:38:38,1,3.70,25860.00,15.78,12416.00,999.00,18.87,1236.10,18.73,2.21
2026-06-08T12:38:38,1,3.68,25860.00,15.78,12416.00,999.00,18.86,1237.50,18.74,2.22
2026-06-08T12:38:38,1,3.71,25860.00,15.78,12416.00,999.00,18.86,1238.90,18.74,2.24
2026-06-08T12:38:38,1,3.66,25860.00,15.78,12416.00,999.00,18.86,1240.70,18.73,2.26
2026-06-08T12:38:39,1,3.70,25860.00,15.78,12416.00,999.00,18.87,1241.80,18.74,2.27
2026-06-08T12:38:39,1,3.70,25880.00,15.79,12424.00,999.00,18.86,1243.40,18.74,2.28
2026-06-08T12:38:39,1,3.70,25880.00,15.79,12424.00,999.00,18.87,1244.80,18.74,2.30
2026-06-08T12:38:39,1,3.71,25880.00,15.79,12424.00,999.00,18.86,1245.40,18.74,2.30
2026-06-08T12:38:39,1,3.67,25880.00,15.79,12424.00,999.00,18.86,1247.40,18.74,2.32
2026-06-08T12:38:40,1,3.69,25880.00,15.79,12424.00,999.00,18.86,1250.10,18.74,2.35
2026-06-08T12:38:40,1,3.70,25870.00,15.79,12418.00,999.00,18.86,1252.00,18.74,2.37
2026-06-08T12:38:40,1,3.70,25870.00,15.79,12418.00,999.00,18.86,1253.40,18.74,2.38
2026-06-08T12:38:40,1,3.69,25870.00,15.79,12418.00,999.00,18.87,1254.50,18.74,2.39
2026-06-08T12:38:40,1,3.68,25870.00,15.79,12418.00,999.00,18.86,1256.00,18.74,2.41
2026-06-08T12:38:41,1,3.68,25860.00,15.78,12417.00,999.00,18.87,1257.00,18.74,2.42
2026-06-08T12:38:41,1,3.69,25860.00,15.78,12417.00,999.00,18.87,1258.80,18.74,2.44
2026-06-08T12:38:41,1,3.70,25860.00,15.78,12417.00,999.00,18.86,1260.40,18.74,2.45
2026-06-08T12:38:41,1,3.66,25860.00,15.78,12417.00,999.00,18.86,1262.60,18.74,2.47
2026-06-08T12:38:41,1,3.68,25860.00,15.78,12417.00,999.00,18.86,1263.40,18.74,2.48
2026-06-08T12:38:42,1,3.69,25870.00,15.79,12418.00,999.00,18.87,1263.70,18.74,2.48
2026-06-08T12:38:42,1,3.70,25870.00,15.79,12418.00,999.00,18.86,1264.60,18.74,2.49
2026-06-08T12:38:42,1,3.68,25870.00,15.79,12418.00,999.00,18.86,1264.80,18.74,2.50
2026-06-08T12:38:42,1,3.68,25870.00,15.79,12418.00,999.00,18.86,1265.30,18.74,2.50
2026-06-08T12:38:42,1,3.68,25870.00,15.79,12418.00,999.00,18.87,1265.70,18.74,2.50
2026-06-08T12:38:43,1,3.69,25870.00,15.79,12418.00,999.00,18.86,1266.00,18.74,2.51
2026-06-08T12:38:43,1,3.71,25870.00,15.79,12418.00,999.00,18.86,1267.20,18.74,2.52
2026-06-08T12:38:43,1,3.69,25870.00,15.79,12418.00,999.00,18.86,1268.20,18.74,2.53
2026-06-08T12:38:43,1,3.68,25870.00,15.79,12418.00,999.00,18.86,1269.80,18.74,2.54
2026-06-08T12:38:43,1,3.67,25870.00,15.79,12418.00,999.00,18.86,1271.20,18.74,2.56
2026-06-08T12:38:44,1,3.68,25860.00,15.78,12416.00,999.00,18.86,1273.00,18.73,2.58
2026-06-08T12:38:44,1,3.70,25860.00,15.78,12416.00,999.00,18.86,1274.10,18.74,2.59
2026-06-08T12:38:44,1,3.67,25860.00,15.78,12416.00,999.00,18.87,1275.70,18.74,2.60
2026-06-08T12:38:44,1,3.69,25860.00,15.78,12416.00,999.00,18.87,1277.50,18.74,2.62
2026-06-08T12:38:45,1,3.69,25860.00,15.78,12417.00,999.00,18.86,1279.80,18.73,2.64
2026-06-08T12:38:45,1,3.70,25860.00,15.78,12417.00,999.00,18.86,1282.30,18.74,2.67
2026-06-08T12:38:45,1,3.70,25860.00,15.78,12417.00,999.00,18.86,1283.80,18.73,2.68
2026-06-08T12:38:45,1,3.68,25860.00,15.78,12417.00,999.00,18.87,1285.80,18.74,2.70
2026-06-08T12:38:45,1,3.70,25860.00,15.78,12417.00,999.00,18.86,1286.40,18.74,2.71
2026-06-08T12:38:46,1,3.69,25880.00,15.79,12423.00,999.00,18.86,1287.60,18.74,2.72
2026-06-08T12:38:46,1,3.70,25880.00,15.79,12423.00,999.00,18.86,1289.00,18.74,2.74
2026-06-08T12:38:46,1,3.66,25880.00,15.79,12423.00,999.00,18.86,1290.40,18.74,2.75
2026-06-08T12:38:46,1,3.68,25880.00,15.79,12423.00,999.00,18.87,1291.80,18.74,2.76
2026-06-08T12:38:46,1,3.69,25870.00,15.79,12422.00,999.00,18.86,1293.20,18.74,2.78
2026-06-08T12:38:47,1,3.68,25870.00,15.79,12422.00,999.00,18.86,1295.50,18.74,2.80
2026-06-08T12:38:47,1,3.69,25870.00,15.79,12422.00,999.00,18.86,1297.80,18.74,2.82
2026-06-08T12:38:47,1,3.68,25870.00,15.79,12422.00,999.00,18.86,1299.10,18.74,2.84
2026-06-08T12:38:47,1,3.69,25870.00,15.79,12422.00,999.00,18.86,1299.40,18.74,2.84
2026-06-08T12:38:48,1,3.70,25860.00,15.78,12416.00,999.00,18.86,1300.30,18.74,2.85
2026-06-08T12:38:48,1,3.68,25860.00,15.78,12416.00,999.00,18.86,1301.40,18.74,2.86
2026-06-08T12:38:48,1,3.70,25860.00,15.78,12416.00,999.00,18.86,1303.00,18.74,2.87
2026-06-08T12:38:48,1,3.69,25860.00,15.78,12416.00,999.00,18.87,1304.70,18.74,2.89
2026-06-08T12:38:48,1,3.70,25860.00,15.78,12416.00,999.00,18.86,1305.10,18.74,2.89
2026-06-08T12:38:49,1,3.70,25860.00,15.78,12417.00,999.00,18.87,1306.30,18.74,2.91
2026-06-08T12:38:49,1,3.70,25860.00,15.78,12417.00,999.00,18.86,1308.00,18.74,2.92
2026-06-08T12:38:49,1,3.70,25860.00,15.78,12417.00,999.00,18.87,1309.10,18.74,2.93
2026-06-08T12:38:49,1,3.69,25860.00,15.78,12417.00,999.00,18.86,1310.10,18.74,2.94
2026-06-08T12:38:49,1,3.67,25860.00,15.78,12417.00,999.00,18.86,1311.40,18.74,2.96
2026-06-08T12:38:50,1,3.69,25880.00,15.79,12423.00,999.00,18.86,1313.70,18.74,2.98
2026-06-08T12:38:50,1,3.70,25880.00,15.79,12423.00,999.00,18.86,1317.50,18.74,3.02
2026-06-08T12:38:50,1,3.70,25880.00,15.79,12423.00,999.00,18.86,1320.60,18.74,3.05
2026-06-08T12:38:50,1,3.68,25880.00,15.79,12423.00,999.00,18.86,1323.20,18.74,3.07
2026-06-08T12:38:50,1,3.66,25860.00,15.78,12417.00,999.00,18.86,1324.80,18.74,3.09
2026-06-08T12:38:51,1,3.70,25860.00,15.78,12417.00,999.00,18.86,1326.40,18.74,3.11
2026-06-08T12:38:51,1,3.70,25860.00,15.78,12417.00,999.00,18.86,1328.50,18.74,3.13
2026-06-08T12:38:51,1,3.68,25860.00,15.78,12417.00,999.00,18.86,1330.10,18.74,3.14
2026-06-08T12:38:51,1,3.67,25860.00,15.78,12417.00,999.00,18.86,1331.70,18.74,3.16
2026-06-08T12:38:51,1,3.68,25860.00,15.78,12416.00,999.00,18.86,1333.60,18.74,3.18
2026-06-08T12:38:52,1,3.71,25860.00,15.78,12416.00,999.00,18.86,1336.10,18.74,3.20
2026-06-08T12:38:52,1,3.70,25860.00,15.78,12416.00,999.00,18.86,1338.90,18.74,3.23
2026-06-08T12:38:52,1,3.69,25860.00,15.78,12416.00,999.00,18.86,1341.20,18.74,3.25
2026-06-08T12:38:52,1,3.66,25860.00,15.78,12416.00,999.00,18.86,1343.30,18.74,3.27
2026-06-08T12:38:52,1,3.70,25860.00,15.78,12414.00,999.00,18.85,1344.20,18.74,3.28
2026-06-08T12:38:53,1,3.70,25860.00,15.78,12414.00,999.00,18.86,1346.60,18.74,3.31
2026-06-08T12:38:53,1,3.70,25860.00,15.78,12414.00,999.00,18.85,1348.60,18.74,3.33
2026-06-08T12:38:53,1,3.68,25860.00,15.78,12414.00,999.00,18.85,1351.30,18.74,3.35
2026-06-08T12:38:53,1,3.68,25860.00,15.78,12414.00,999.00,18.85,1353.50,18.74,3.37
2026-06-08T12:38:54,1,3.70,25860.00,15.78,12416.00,999.00,18.86,1355.10,18.74,3.39
2026-06-08T12:38:54,1,3.70,25860.00,15.78,12416.00,999.00,18.85,1356.10,18.74,3.40
2026-06-08T12:38:54,1,3.68,25860.00,15.78,12416.00,999.00,18.86,1357.70,18.74,3.42
2026-06-08T12:38:54,1,3.70,25860.00,15.78,12416.00,999.00,18.85,1358.70,18.74,3.43
2026-06-08T12:38:54,1,3.69,25860.00,15.78,12415.00,999.00,18.85,1359.60,18.74,3.43
2026-06-08T12:38:55,1,3.70,25860.00,15.78,12415.00,999.00,18.85,1361.20,18.74,3.45
2026-06-08T12:38:55,1,3.68,25860.00,15.78,12415.00,999.00,18.84,1362.80,18.74,3.47
2026-06-08T12:38:55,1,3.68,25860.00,15.78,12415.00,999.00,18.85,1364.60,18.74,3.48
2026-06-08T12:38:55,1,3.66,25860.00,15.78,12415.00,999.00,18.85,1367.50,18.74,3.51
2026-06-08T12:38:55,1,3.69,25860.00,15.78,12417.00,999.00,18.84,1371.00,18.74,3.55
2026-06-08T12:38:56,1,3.70,25860.00,15.78,12417.00,999.00,18.85,1374.90,18.74,3.59
2026-06-08T12:38:56,1,3.70,25860.00,15.78,12417.00,999.00,18.85,1377.80,18.74,3.62
2026-06-08T12:38:56,1,3.69,25860.00,15.78,12417.00,999.00,18.85,1379.60,18.74,3.63
2026-06-08T12:38:56,1,3.68,25860.00,15.78,12417.00,999.00,18.84,1380.90,18.74,3.65
2026-06-08T12:38:56,1,3.70,25860.00,15.78,12417.00,999.00,18.86,1382.30,18.73,3.66
2026-06-08T12:38:57,1,3.70,25860.00,15.78,12417.00,999.00,18.84,1383.40,18.73,3.67
2026-06-08T12:38:57,1,3.70,25860.00,15.78,12417.00,999.00,18.85,1385.30,18.74,3.69
2026-06-08T12:38:57,1,3.65,25860.00,15.78,12417.00,999.00,18.85,1388.10,18.74,3.72
2026-06-08T12:38:57,1,3.69,25850.00,15.78,12411.00,999.00,18.84,1390.70,18.74,3.74
2026-06-08T12:38:58,1,3.71,25850.00,15.78,12411.00,999.00,18.85,1392.90,18.73,3.76
2026-06-08T12:38:58,1,3.68,25850.00,15.78,12411.00,999.00,18.84,1394.90,18.73,3.78
2026-06-08T12:38:58,1,3.69,25850.00,15.78,12411.00,999.00,18.84,1396.60,18.73,3.80
2026-06-08T12:38:58,1,3.68,25850.00,15.78,12411.00,999.00,18.85,1397.70,18.73,3.81
2026-06-08T12:38:58,1,3.70,25850.00,15.78,12412.00,999.00,18.83,1398.90,18.74,3.82
2026-06-08T12:38:59,1,3.68,25850.00,15.78,12412.00,999.00,18.83,1400.00,18.74,3.84
2026-06-08T12:38:59,1,3.70,25850.00,15.78,12412.00,999.00,18.83,1400.30,18.74,3.84
2026-06-08T12:38:59,1,3.68,25850.00,15.78,12412.00,999.00,18.83,1401.70,18.74,3.85
2026-06-08T12:38:59,1,3.66,25850.00,15.78,12412.00,999.00,18.83,1403.80,18.74,3.87
2026-06-08T12:38:59,1,3.70,25860.00,15.78,12415.00,999.00,18.83,1405.80,18.73,3.89
2026-06-08T12:39:00,1,3.70,25860.00,15.78,12415.00,999.00,18.83,1407.50,18.74,3.91
2026-06-08T12:39:00,1,3.70,25860.00,15.78,12415.00,999.00,18.83,1408.90,18.73,3.92
2026-06-08T12:39:00,1,3.67,25860.00,15.78,12415.00,999.00,18.83,1410.30,18.73,3.94
2026-06-08T12:39:00,1,3.68,25850.00,15.77,12408.00,999.00,18.83,1413.20,18.74,3.97
2026-06-08T12:39:00,1,3.68,25850.00,15.77,12408.00,999.00,18.83,1415.10,18.73,3.98
2026-06-08T12:39:01,1,3.68,25850.00,15.77,12408.00,999.00,18.82,1417.80,18.74,4.01
2026-06-08T12:39:01,1,3.67,25850.00,15.77,12408.00,999.00,18.81,1419.70,18.73,4.03
2026-06-08T12:39:01,1,3.68,25850.00,15.77,12408.00,999.00,18.82,1423.10,18.73,4.06
2026-06-08T12:39:01,1,3.70,25840.00,15.77,12407.00,999.00,18.82,1425.50,18.73,4.09
2026-06-08T12:39:01,1,3.69,25840.00,15.77,12407.00,999.00,18.82,1426.70,18.73,4.10
2026-06-08T12:39:02,1,3.70,25840.00,15.77,12407.00,999.00,18.82,1427.80,18.73,4.11
2026-06-08T12:39:02,1,3.66,25840.00,15.77,12407.00,999.00,18.83,1431.20,18.73,4.14
2026-06-08T12:39:02,1,3.68,25840.00,15.77,12407.00,999.00,18.82,1432.40,18.73,4.16
2026-06-08T12:39:02,1,3.68,25860.00,15.78,12416.00,999.00,18.83,1432.60,18.73,4.16
2026-06-08T12:39:03,1,3.69,25860.00,15.78,12416.00,999.00,18.82,1432.60,18.73,4.16
2026-06-08T12:39:03,1,3.70,25860.00,15.78,12416.00,999.00,18.82,1432.30,18.73,4.16
2026-06-08T12:39:03,1,3.68,25860.00,15.78,12416.00,999.00,18.83,1432.20,18.73,4.15
2026-06-08T12:39:03,1,3.67,25860.00,15.78,12416.00,999.00,18.82,1432.00,18.72,4.15
2026-06-08T12:39:03,1,3.70,25870.00,15.79,12419.00,999.00,18.83,1432.30,18.73,4.16
2026-06-08T12:39:04,1,3.69,25870.00,15.79,12419.00,999.00,18.83,1432.50,18.73,4.16
2026-06-08T12:39:04,1,3.71,25870.00,15.79,12419.00,999.00,18.82,1434.20,18.73,4.17
2026-06-08T12:39:04,1,3.68,25870.00,15.79,12419.00,999.00,18.82,1437.00,18.73,4.20
2026-06-08T12:39:04,1,3.68,25860.00,15.78,12415.00,999.00,18.83,1439.40,18.73,4.23
2026-06-08T12:39:04,1,3.71,25860.00,15.78,12415.00,999.00,18.83,1440.20,18.73,4.23
2026-06-08T12:39:05,1,3.68,25860.00,15.78,12415.00,999.00,18.83,1440.90,18.73,4.24
2026-06-08T12:39:05,1,3.69,25860.00,15.78,12415.00,999.00,18.84,1442.10,18.73,4.25
2026-06-08T12:39:05,1,3.69,25860.00,15.78,12415.00,999.00,18.83,1443.60,18.73,4.27
2026-06-08T12:39:05,1,3.71,25850.00,15.78,12412.00,999.00,18.84,1446.60,18.73,4.30
2026-06-08T12:39:05,1,3.70,25850.00,15.78,12412.00,999.00,18.84,1449.70,18.73,4.33
2026-06-08T12:39:06,1,3.68,25850.00,15.78,12412.00,999.00,18.84,1451.30,18.73,4.34
2026-06-08T12:39:06,1,3.68,25850.00,15.78,12412.00,999.00,18.84,1453.10,18.73,4.36
2026-06-08T12:39:06,1,3.67,25850.00,15.78,12412.00,999.00,18.84,1456.80,18.73,4.40
2026-06-08T12:39:06,1,3.68,25860.00,15.78,12417.00,999.00,18.83,1461.70,18.73,4.45
2026-06-08T12:39:06,1,3.71,25860.00,15.78,12417.00,999.00,18.83,1466.60,18.72,4.50
2026-06-08T12:39:07,1,3.67,25860.00,15.78,12417.00,999.00,18.84,1469.70,18.73,4.53
2026-06-08T12:39:07,1,3.68,25860.00,15.78,12417.00,999.00,18.84,1470.50,18.73,4.53
2026-06-08T12:39:07,1,3.69,25860.00,15.78,12417.00,999.00,18.84,1472.40,18.73,4.55
2026-06-08T12:39:07,1,3.71,25850.00,15.78,12411.00,999.00,18.82,1473.80,18.73,4.57
2026-06-08T12:39:07,1,3.69,25850.00,15.78,12411.00,999.00,18.83,1473.60,18.73,4.56
2026-06-08T12:39:08,1,3.70,25850.00,15.78,12411.00,999.00,18.83,1474.10,18.73,4.57
2026-06-08T12:39:08,1,3.70,25850.00,15.78,12411.00,999.00,18.83,1477.40,18.73,4.60
2026-06-08T12:39:08,1,3.67,25850.00,15.78,12412.00,999.00,18.83,1481.30,18.73,4.64
2026-06-08T12:39:08,1,3.68,25850.00,15.78,12412.00,999.00,18.83,1484.00,18.73,4.67
2026-06-08T12:39:09,1,3.67,25850.00,15.78,12412.00,999.00,18.82,1486.00,18.73,4.69
2026-06-08T12:39:09,1,3.69,25850.00,15.78,12412.00,999.00,18.82,1487.60,18.72,4.70
2026-06-08T12:39:09,1,3.66,25850.00,15.78,12412.00,999.00,18.82,1489.30,18.72,4.72
2026-06-08T12:39:09,1,3.70,25860.00,15.78,12416.00,999.00,18.82,1489.20,18.71,4.72
2026-06-08T12:39:09,1,3.70,25860.00,15.78,12416.00,999.00,18.82,1491.80,18.72,4.74
2026-06-08T12:39:10,1,3.68,25860.00,15.78,12416.00,999.00,18.82,1495.30,18.72,4.78
2026-06-08T12:39:10,1,3.68,25860.00,15.78,12416.00,999.00,18.82,1497.00,18.72,4.80
2026-06-08T12:39:10,1,3.67,25860.00,15.78,12416.00,999.00,18.82,1500.20,18.72,4.83
2026-06-08T12:39:10,1,3.70,25850.00,15.77,12410.00,999.00,18.82,1503.00,18.72,4.86
2026-06-08T12:39:10,1,3.69,25850.00,15.77,12410.00,999.00,18.82,1503.70,18.72,4.86
2026-06-08T12:39:11,1,3.70,25850.00,15.77,12410.00,999.00,18.83,1504.80,18.72,4.87
2026-06-08T12:39:11,1,3.68,25850.00,15.77,12410.00,999.00,18.82,1507.10,18.71,4.90
2026-06-08T12:39:11,1,3.70,25860.00,15.78,12415.00,999.00,18.82,1509.00,18.72,4.92
2026-06-08T12:39:11,1,3.70,25860.00,15.78,12415.00,999.00,18.82,1511.90,18.72,4.94
2026-06-08T12:39:12,1,3.68,25860.00,15.78,12415.00,999.00,18.83,1515.40,18.72,4.98
2026-06-08T12:39:12,1,3.67,25860.00,15.78,12415.00,999.00,18.81,1518.90,18.72,5.01
2026-06-08T12:39:12,1,3.69,25860.00,15.78,12415.00,999.00,18.82,1521.50,18.72,5.04
2026-06-08T12:39:12,1,3.68,25840.00,15.77,12408.00,999.00,18.82,1523.10,18.72,5.05
2026-06-08T12:39:12,1,3.68,25840.00,15.77,12408.00,999.00,18.82,1525.90,18.72,5.08
2026-06-08T12:39:13,1,3.70,25840.00,15.77,12408.00,999.00,18.82,1528.00,18.72,5.10
2026-06-08T12:39:13,1,3.68,25840.00,15.77,12408.00,999.00,18.81,1530.30,18.72,5.13
2026-06-08T12:39:13,1,3.69,25840.00,15.77,12408.00,999.00,18.82,1532.20,18.72,5.15
2026-06-08T12:39:13,1,3.68,25850.00,15.78,12413.00,999.00,18.82,1533.50,18.72,5.16
2026-06-08T12:39:13,1,3.70,25850.00,15.78,12413.00,999.00,18.83,1536.30,18.72,5.19
2026-06-08T12:39:14,1,3.68,25850.00,15.78,12413.00,999.00,18.82,1539.40,18.72,5.22
2026-06-08T12:39:14,1,3.68,25850.00,15.78,12413.00,999.00,18.82,1542.50,18.72,5.25
2026-06-08T12:39:14,1,3.66,25870.00,15.79,12418.00,999.00,18.82,1545.00,18.72,5.27
2026-06-08T12:39:14,1,3.70,25870.00,15.79,12418.00,999.00,18.81,1547.80,18.72,5.30
2026-06-08T12:39:14,1,3.71,25870.00,15.79,12418.00,999.00,18.82,1551.50,18.72,5.34
2026-06-08T12:39:15,1,3.68,25870.00,15.79,12418.00,999.00,18.82,1554.20,18.72,5.36
2026-06-08T12:39:15,1,3.68,25870.00,15.79,12418.00,999.00,18.83,1555.00,18.72,5.37
2026-06-08T12:39:15,1,3.70,25850.00,15.78,12412.00,999.00,18.82,1555.90,18.72,5.38
2026-06-08T12:39:15,1,3.71,25850.00,15.78,12412.00,999.00,18.82,1557.40,18.72,5.39
2026-06-08T12:39:15,1,3.70,25850.00,15.78,12412.00,999.00,18.83,1559.30,18.72,5.41
2026-06-08T12:39:16,1,3.68,25850.00,15.78,12412.00,999.00,18.82,1560.70,18.72,5.43
2026-06-08T12:39:16,1,3.66,25850.00,15.78,12412.00,999.00,18.82,1562.50,18.72,5.45
2026-06-08T12:39:16,1,3.68,25870.00,15.79,12419.00,999.00,18.82,1564.00,18.72,5.46
2026-06-08T12:39:16,1,3.68,25870.00,15.79,12419.00,999.00,18.83,1565.50,18.72,5.48
2026-06-08T12:39:16,1,3.70,25870.00,15.79,12419.00,999.00,18.81,1567.80,18.72,5.50
2026-06-08T12:39:17,1,3.69,25870.00,15.79,12419.00,999.00,18.83,1569.50,18.71,5.51
2026-06-08T12:39:17,1,3.68,25850.00,15.78,12412.00,999.00,18.82,1570.80,18.72,5.53
2026-06-08T12:39:17,1,3.70,25850.00,15.78,12412.00,999.00,18.83,1572.20,18.72,5.54
2026-06-08T12:39:17,1,3.68,25850.00,15.78,12412.00,999.00,18.81,1573.90,18.72,5.56
2026-06-08T12:39:18,1,3.66,25850.00,15.78,12412.00,999.00,18.83,1576.20,18.72,5.58
2026-06-08T12:39:18,1,3.67,25850.00,15.78,12412.00,999.00,18.83,1578.50,18.72,5.60
2026-06-08T12:39:18,1,3.68,25860.00,15.78,12414.00,999.00,18.82,1580.80,18.72,5.63
2026-06-08T12:39:18,1,3.70,25860.00,15.78,12414.00,999.00,18.82,1582.20,18.72,5.64
2026-06-08T12:39:18,1,3.70,25860.00,15.78,12414.00,999.00,18.82,1582.90,18.72,5.65
2026-06-08T12:39:19,1,3.68,25860.00,15.78,12414.00,999.00,18.83,1583.90,18.72,5.66
2026-06-08T12:39:19,1,3.68,25860.00,15.78,12414.00,999.00,18.82,1584.30,18.72,5.66
2026-06-08T12:39:19,1,3.70,25850.00,15.78,12413.00,999.00,18.83,1585.40,18.72,5.67
2026-06-08T12:39:19,1,3.68,25850.00,15.78,12413.00,999.00,18.82,1587.40,18.72,5.69
2026-06-08T12:39:19,1,3.68,25850.00,15.78,12413.00,999.00,18.82,1589.90,18.73,5.72
2026-06-08T12:39:20,1,3.67,25850.00,15.78,12413.00,999.00,18.82,1592.40,18.72,5.74
2026-06-08T12:39:20,1,3.68,25850.00,15.78,12413.00,999.00,18.83,1595.50,18.72,5.77
2026-06-08T12:39:20,1,3.70,25850.00,15.78,12412.00,999.00,18.83,1596.50,18.72,5.78
2026-06-08T12:39:20,1,3.68,25850.00,15.78,12412.00,999.00,18.82,1596.70,18.72,5.78
2026-06-08T12:39:20,1,3.70,25850.00,15.78,12412.00,999.00,18.82,1596.90,18.72,5.79
2026-06-08T12:39:21,1,3.68,25850.00,15.78,12412.00,999.00,18.82,1598.70,18.72,5.80
2026-06-08T12:39:21,1,3.67,25860.00,15.78,12413.00,999.00,18.82,1600.40,18.72,5.82
2026-06-08T12:39:21,1,3.69,25860.00,15.78,12413.00,999.00,18.82,1601.20,18.72,5.83
2026-06-08T12:39:21,1,3.70,25860.00,15.78,12413.00,999.00,18.82,1602.20,18.72,5.84
2026-06-08T12:39:22,1,3.67,25860.00,15.78,12413.00,999.00,18.82,1602.90,18.72,5.85
2026-06-08T12:39:22,1,3.69,25860.00,15.78,12413.00,999.00,18.82,1603.60,18.72,5.85
2026-06-08T12:39:22,1,3.71,25860.00,15.78,12416.00,999.00,18.82,1605.60,18.72,5.87
2026-06-08T12:39:22,1,3.68,25860.00,15.78,12416.00,999.00,18.83,1607.10,18.72,5.89
2026-06-08T12:39:22,1,3.71,25860.00,15.78,12416.00,999.00,18.81,1608.70,18.72,5.90
2026-06-08T12:39:23,1,3.68,25860.00,15.78,12416.00,999.00,18.82,1609.90,18.72,5.92
2026-06-08T12:39:23,1,3.68,25860.00,15.78,12416.00,999.00,18.82,1611.30,18.72,5.93
2026-06-08T12:39:23,1,3.69,25860.00,15.78,12417.00,999.00,18.82,1612.20,18.72,5.94
2026-06-08T12:39:23,1,3.70,25860.00,15.78,12417.00,999.00,18.82,1613.90,18.72,5.95
2026-06-08T12:39:23,1,3.68,25860.00,15.78,12417.00,999.00,18.82,1614.70,18.72,5.96
2026-06-08T12:39:24,1,3.68,25860.00,15.78,12417.00,999.00,18.82,1616.10,18.72,5.98
2026-06-08T12:39:24,1,3.67,25870.00,15.79,12419.00,999.00,18.82,1617.60,18.71,5.99
2026-06-08T12:39:24,1,3.68,25870.00,15.79,12419.00,999.00,18.83,1619.50,18.72,6.01
2026-06-08T12:39:24,1,3.70,25870.00,15.79,12419.00,999.00,18.83,1620.60,18.72,6.02
2026-06-08T12:39:24,1,3.68,25870.00,15.79,12419.00,999.00,18.83,1621.90,18.71,6.03
2026-06-08T12:39:25,1,3.68,25870.00,15.79,12419.00,999.00,18.84,1624.10,18.72,6.06
2026-06-08T12:39:25,1,3.68,25870.00,15.79,12418.00,999.00,18.83,1625.30,18.72,6.07
2026-06-08T12:39:25,1,3.68,25870.00,15.79,12418.00,999.00,18.83,1626.40,18.72,6.08
2026-06-08T12:39:25,1,3.70,25870.00,15.79,12418.00,999.00,18.84,1627.80,18.72,6.09
2026-06-08T12:39:26,1,3.68,25870.00,15.79,12418.00,999.00,18.83,1629.70,18.72,6.11
2026-06-08T12:39:26,1,3.69,25870.00,15.79,12418.00,999.00,18.84,1630.90,18.72,6.12
2026-06-08T12:39:26,1,3.68,25850.00,15.78,12412.00,999.00,18.84,1632.30,18.72,6.14
2026-06-08T12:39:26,1,3.71,25850.00,15.78,12412.00,999.00,18.84,1634.30,18.72,6.16
2026-06-08T12:39:26,1,3.68,25850.00,15.78,12412.00,999.00,18.83,1635.80,18.72,6.17
2026-06-08T12:39:27,1,3.67,25850.00,15.78,12412.00,999.00,18.84,1637.70,18.72,6.19
2026-06-08T12:39:27,1,3.66,25850.00,15.78,12412.00,999.00,18.84,1639.00,18.72,6.20
2026-06-08T12:39:27,1,3.70,25870.00,15.79,12418.00,999.00,18.84,1640.70,18.72,6.22
2026-06-08T12:39:27,1,3.70,25870.00,15.79,12418.00,999.00,18.83,1641.90,18.72,6.23
2026-06-08T12:39:27,1,3.69,25870.00,15.79,12418.00,999.00,18.84,1643.70,18.72,6.25
2026-06-08T12:39:28,1,3.66,25870.00,15.79,12418.00,999.00,18.85,1645.50,18.72,6.27
2026-06-08T12:39:28,1,3.68,25870.00,15.79,12420.00,999.00,18.85,1647.40,18.72,6.29
2026-06-08T12:39:28,1,3.71,25870.00,15.79,12420.00,999.00,18.85,1649.10,18.73,6.30
2026-06-08T12:39:28,1,3.70,25870.00,15.79,12420.00,999.00,18.85,1651.00,18.72,6.32
2026-06-08T12:39:28,1,3.69,25870.00,15.79,12420.00,999.00,18.85,1652.30,18.72,6.34
2026-06-08T12:39:29,1,3.66,25870.00,15.79,12420.00,999.00,18.86,1654.00,18.73,6.35
2026-06-08T12:39:29,1,3.68,25860.00,15.78,12415.00,999.00,18.85,1656.10,18.73,6.37
2026-06-08T12:39:29,1,3.68,25860.00,15.78,12415.00,999.00,18.85,1657.50,18.72,6.39
2026-06-08T12:39:29,1,3.69,25860.00,15.78,12415.00,999.00,18.86,1658.20,18.72,6.39
2026-06-08T12:39:29,1,3.66,25860.00,15.78,12415.00,999.00,18.85,1659.20,18.71,6.40
2026-06-08T12:39:30,1,3.69,25860.00,15.78,12415.00,999.00,18.85,1660.50,18.73,6.42
2026-06-08T12:39:30,1,3.70,25870.00,15.79,12418.00,999.00,18.85,1662.20,18.72,6.43
2026-06-08T12:39:30,1,3.71,25870.00,15.79,12418.00,999.00,18.85,1663.10,18.72,6.44
2026-06-08T12:39:30,1,3.70,25870.00,15.79,12418.00,999.00,18.86,1664.40,18.73,6.46
2026-06-08T12:39:31,1,3.70,25870.00,15.79,12418.00,999.00,18.86,1665.90,18.73,6.47
2026-06-08T12:39:31,1,3.68,25860.00,15.78,12414.00,999.00,18.86,1667.00,18.73,6.48
2026-06-08T12:39:31,1,3.69,25860.00,15.78,12414.00,999.00,18.86,1668.80,18.73,6.50
2026-06-08T12:39:31,1,3.68,25860.00,15.78,12414.00,999.00,18.86,1671.70,18.73,6.53
2026-06-08T12:39:31,1,3.68,25860.00,15.78,12414.00,999.00,18.86,1673.90,18.73,6.55
2026-06-08T12:39:32,1,3.69,25860.00,15.78,12414.00,999.00,18.86,1675.80,18.73,6.57
2026-06-08T12:39:32,1,3.70,25860.00,15.78,12416.00,999.00,18.86,1677.90,18.73,6.59
2026-06-08T12:39:32,1,3.69,25860.00,15.78,12416.00,999.00,18.86,1680.30,18.73,6.61
2026-06-08T12:39:32,1,3.68,25860.00,15.78,12416.00,999.00,18.86,1682.70,18.73,6.64
2026-06-08T12:39:32,1,3.70,25860.00,15.78,12416.00,999.00,18.86,1685.00,18.73,6.66
2026-06-08T12:39:33,1,3.70,25860.00,15.78,12416.00,999.00,18.86,1687.20,18.73,6.68
2026-06-08T12:39:33,1,3.70,25860.00,15.78,12414.00,999.00,18.86,1689.20,18.73,6.70
2026-06-08T12:39:33,1,3.69,25860.00,15.78,12414.00,999.00,18.86,1692.00,18.73,6.73
2026-06-08T12:39:33,1,3.68,25860.00,15.78,12414.00,999.00,18.86,1694.80,18.73,6.76
2026-06-08T12:39:33,1,3.67,25860.00,15.78,12414.00,999.00,18.86,1698.20,18.73,6.79
2026-06-08T12:39:34,1,3.67,25860.00,15.78,12414.00,999.00,18.86,1701.30,18.73,6.82
2026-06-08T12:39:34,1,3.68,25860.00,15.78,12417.00,999.00,18.86,1703.10,18.73,6.84
2026-06-08T12:39:34,1,3.71,25860.00,15.78,12417.00,999.00,18.86,1704.60,18.73,6.85
2026-06-08T12:39:34,1,3.70,25860.00,15.78,12417.00,999.00,18.86,1706.50,18.74,6.87
2026-06-08T12:39:34,1,3.70,25860.00,15.78,12417.00,999.00,18.86,1709.30,18.73,6.90
2026-06-08T12:39:35,1,3.68,25880.00,15.79,12424.00,999.00,18.86,1711.40,18.74,6.92
2026-06-08T12:39:35,1,3.69,25880.00,15.79,12424.00,999.00,18.86,1713.30,18.74,6.94
2026-06-08T12:39:35,1,3.70,25880.00,15.79,12424.00,999.00,18.86,1713.70,18.73,6.94
2026-06-08T12:39:35,1,3.70,25880.00,15.79,12424.00,999.00,18.86,1714.00,18.74,6.95
2026-06-08T12:39:35,1,3.68,25880.00,15.79,12424.00,999.00,18.86,1715.90,18.74,6.97
2026-06-08T12:39:36,1,3.68,25860.00,15.79,12417.00,999.00,18.86,1718.80,18.74,6.99
2026-06-08T12:39:36,1,3.71,25860.00,15.79,12417.00,999.00,18.86,1721.00,18.74,7.02
2026-06-08T12:39:36,1,3.69,25860.00,15.79,12417.00,999.00,18.86,1723.30,18.74,7.04
2026-06-08T12:39:36,1,3.67,25860.00,15.79,12417.00,999.00,18.86,1725.10,18.74,7.06
2026-06-08T12:39:37,1,3.68,25860.00,15.79,12417.00,999.00,18.86,1727.80,18.74,7.08
2026-06-08T12:39:37,1,3.68,25860.00,15.78,12415.00,999.00,18.86,1729.80,18.74,7.10
2026-06-08T12:39:37,1,3.68,25860.00,15.78,12415.00,999.00,18.86,1732.00,18.73,7.13
2026-06-08T12:39:37,1,3.71,25860.00,15.78,12415.00,999.00,18.86,1733.90,18.74,7.14
2026-06-08T12:39:37,1,3.69,25860.00,15.78,12415.00,999.00,18.86,1735.40,18.74,7.16
2026-06-08T12:39:38,1,3.69,25860.00,15.78,12415.00,999.00,18.86,1736.30,18.74,7.17
2026-06-08T12:39:38,1,3.71,25860.00,15.78,12415.00,999.00,18.86,1738.50,18.74,7.19
2026-06-08T12:39:38,1,3.71,25860.00,15.78,12415.00,999.00,18.86,1739.90,18.74,7.20
2026-06-08T12:39:38,1,3.70,25860.00,15.78,12415.00,999.00,18.86,1741.10,18.74,7.22
2026-06-08T12:39:38,1,3.69,25860.00,15.78,12415.00,999.00,18.85,1742.10,18.74,7.23
2026-06-08T12:39:39,1,3.69,25860.00,15.78,12415.00,999.00,18.85,1744.10,18.74,7.25
2026-06-08T12:39:39,1,3.70,25860.00,15.78,12415.00,999.00,18.85,1744.40,18.74,7.25
2026-06-08T12:39:39,1,3.68,25860.00,15.78,12415.00,999.00,18.85,1746.40,18.74,7.27
2026-06-08T12:39:39,1,3.66,25860.00,15.78,12415.00,999.00,18.85,1747.20,18.74,7.28
2026-06-08T12:39:39,1,3.67,25860.00,15.78,12415.00,999.00,18.85,1748.20,18.74,7.29
2026-06-08T12:39:40,1,3.70,25860.00,15.78,12417.00,999.00,18.84,1749.30,18.74,7.30
2026-06-08T12:39:40,1,3.71,25860.00,15.78,12417.00,999.00,18.85,1751.80,18.74,7.32
2026-06-08T12:39:40,1,3.69,25860.00,15.78,12417.00,999.00,18.84,1753.40,18.74,7.34
2026-06-08T12:39:40,1,3.68,25860.00,15.78,12417.00,999.00,18.84,1754.20,18.74,7.35
2026-06-08T12:39:41,1,3.68,25860.00,15.78,12417.00,999.00,18.84,1754.80,18.74,7.35
2026-06-08T12:39:41,1,3.70,25850.00,15.78,12411.00,999.00,18.85,1755.10,18.74,7.35
2026-06-08T12:39:41,1,3.70,25850.00,15.78,12411.00,999.00,18.84,1756.30,18.74,7.37
2026-06-08T12:39:41,1,3.68,25850.00,15.78,12411.00,999.00,18.84,1759.30,18.74,7.40
2026-06-08T12:39:41,1,3.68,25850.00,15.78,12411.00,999.00,18.83,1763.30,18.74,7.44
2026-06-08T12:39:42,1,3.68,25850.00,15.78,12413.00,999.00,18.84,1768.00,18.74,7.48
2026-06-08T12:39:42,1,3.70,25850.00,15.78,12413.00,999.00,18.83,1772.90,18.74,7.53
2026-06-08T12:39:42,1,3.70,25850.00,15.78,12413.00,999.00,18.84,1776.60,18.74,7.57
2026-06-08T12:39:42,1,3.68,25850.00,15.78,12413.00,999.00,18.83,1779.40,18.73,7.59
2026-06-08T12:39:42,1,3.68,25850.00,15.78,12413.00,999.00,18.83,1782.90,18.74,7.63
2026-06-08T12:39:43,1,3.68,25860.00,15.78,12417.00,999.00,18.83,1786.60,18.74,7.67
2026-06-08T12:39:43,1,3.69,25860.00,15.78,12417.00,999.00,18.83,1790.20,18.73,7.70
2026-06-08T12:39:43,1,3.70,25860.00,15.78,12417.00,999.00,18.84,1793.40,18.74,7.73
2026-06-08T12:39:43,1,3.68,25860.00,15.78,12417.00,999.00,18.83,1795.20,18.74,7.75
2026-06-08T12:39:43,1,3.66,25860.00,15.78,12417.00,999.00,18.84,1796.40,18.74,7.76
2026-06-08T12:39:44,1,3.68,25850.00,15.78,12412.00,999.00,18.84,1796.30,18.74,7.76
2026-06-08T12:39:44,1,3.69,25850.00,15.78,12412.00,999.00,18.84,1797.80,18.74,7.78
2026-06-08T12:39:44,1,3.68,25850.00,15.78,12412.00,999.00,18.84,1799.10,18.73,7.79
2026-06-08T12:39:44,1,3.66,25850.00,15.78,12412.00,999.00,18.84,1801.90,18.74,7.82
2026-06-08T12:39:44,1,3.68,25850.00,15.78,12412.00,999.00,18.84,1803.60,18.74,7.83
2026-06-08T12:39:45,1,3.70,25850.00,15.78,12411.00,999.00,18.84,1807.80,18.74,7.88
2026-06-08T12:39:45,1,3.70,25850.00,15.78,12411.00,999.00,18.84,1811.80,18.74,7.92
2026-06-08T12:39:45,1,3.67,25850.00,15.78,12411.00,999.00,18.84,1813.10,18.74,7.93
2026-06-08T12:39:45,1,3.68,25850.00,15.78,12411.00,999.00,18.84,1814.70,18.74,7.94
2026-06-08T12:39:46,1,3.71,25850.00,15.78,12411.00,999.00,18.85,1817.40,18.74,7.97
2026-06-08T12:39:46,1,3.70,25850.00,15.78,12411.00,999.00,18.85,1820.10,18.74,8.00
2026-06-08T12:39:46,1,3.68,25850.00,15.78,12411.00,999.00,18.84,1821.10,18.74,8.01
2026-06-08T12:39:46,1,3.67,25850.00,15.78,12411.00,999.00,18.84,1821.70,18.74,8.01
2026-06-08T12:39:46,1,3.66,25850.00,15.78,12411.00,999.00,18.84,1821.90,18.74,8.02
2026-06-08T12:39:47,1,3.71,25860.00,15.78,12413.00,999.00,18.84,1822.30,18.74,8.02
2026-06-08T12:39:47,1,3.70,25860.00,15.78,12413.00,999.00,18.83,1823.70,18.74,8.03
2026-06-08T12:39:47,1,3.71,25860.00,15.78,12413.00,999.00,18.84,1826.40,18.74,8.06
2026-06-08T12:39:47,1,3.68,25860.00,15.78,12413.00,999.00,18.82,1827.80,18.74,8.07
2026-06-08T12:39:47,1,3.68,25860.00,15.78,12413.00,999.00,18.84,1828.50,18.74,8.08
2026-06-08T12:39:48,1,3.70,25850.00,15.78,12412.00,999.00,18.82,1830.30,18.74,8.10
2026-06-08T12:39:48,1,3.70,25850.00,15.78,12412.00,999.00,18.83,1831.30,18.74,8.11
2026-06-08T12:39:48,1,3.70,25850.00,15.78,12412.00,999.00,18.83,1832.40,18.74,8.12
2026-06-08T12:39:48,1,3.70,25850.00,15.78,12412.00,999.00,18.83,1833.60,18.74,8.13
2026-06-08T12:39:48,1,3.67,25850.00,15.78,12412.00,999.00,18.83,1834.70,18.74,8.14
2026-06-08T12:39:49,1,3.71,25850.00,15.78,12412.00,999.00,18.84,1836.70,18.74,8.16
2026-06-08T12:39:49,1,3.68,25850.00,15.78,12412.00,999.00,18.84,1837.70,18.74,8.17
2026-06-08T12:39:49,1,3.68,25850.00,15.78,12412.00,999.00,18.84,1838.60,18.74,8.18
2026-06-08T12:39:49,1,3.68,25850.00,15.78,12412.00,999.00,18.84,1839.20,18.74,8.19
2026-06-08T12:39:49,1,3.70,25860.00,15.78,12414.00,999.00,18.84,1839.70,18.74,8.19
2026-06-08T12:39:50,1,3.70,25860.00,15.78,12414.00,999.00,18.84,1840.20,18.74,8.20
2026-06-08T12:39:50,1,3.70,25860.00,15.78,12414.00,999.00,18.84,1840.70,18.74,8.20
2026-06-08T12:39:50,1,3.67,25860.00,15.78,12414.00,999.00,18.84,1841.00,18.72,8.21
2026-06-08T12:39:50,1,3.66,25860.00,15.78,12414.00,999.00,18.84,1841.40,18.74,8.21
2026-06-08T12:39:51,1,3.71,25850.00,15.78,12412.00,999.00,18.84,1842.60,18.74,8.22
2026-06-08T12:39:51,1,3.69,25850.00,15.78,12412.00,999.00,18.84,1842.70,18.74,8.22
2026-06-08T12:39:51,1,3.68,25850.00,15.78,12412.00,999.00,18.83,1843.50,18.73,8.23
2026-06-08T12:39:51,1,3.66,25850.00,15.78,12412.00,999.00,18.82,1844.50,18.74,8.24
2026-06-08T12:39:51,1,3.70,25850.00,15.78,12412.00,999.00,18.83,1845.60,18.74,8.25
2026-06-08T12:39:52,1,3.70,25850.00,15.78,12413.00,999.00,18.83,1846.40,18.74,8.26
2026-06-08T12:39:52,1,3.68,25850.00,15.78,12413.00,999.00,18.83,1847.70,18.73,8.27
2026-06-08T12:39:52,1,3.67,25850.00,15.78,12413.00,999.00,18.84,1849.50,18.74,8.29
2026-06-08T12:39:52,1,3.68,25850.00,15.78,12413.00,999.00,18.83,1851.00,18.73,8.30
2026-06-08T12:39:52,1,3.71,25850.00,15.78,12411.00,999.00,18.84,1852.20,18.74,8.32
2026-06-08T12:39:53,1,3.68,25850.00,15.78,12411.00,999.00,18.83,1853.90,18.73,8.33
2026-06-08T12:39:53,1,3.70,25850.00,15.78,12411.00,999.00,18.83,1855.60,18.74,8.35
2026-06-08T12:39:53,1,3.69,25850.00,15.78,12411.00,999.00,18.83,1857.00,18.74,8.36
2026-06-08T12:39:53,1,3.70,25850.00,15.78,12411.00,999.00,18.83,1858.00,18.74,8.37
2026-06-08T12:39:53,1,3.70,25870.00,15.79,12421.00,999.00,18.83,1858.80,18.74,8.38
2026-06-08T12:39:54,1,3.70,25870.00,15.79,12421.00,999.00,18.83,1859.80,18.74,8.39
2026-06-08T12:39:54,1,3.71,25870.00,15.79,12421.00,999.00,18.83,1860.70,18.74,8.40
2026-06-08T12:39:54,1,3.69,25870.00,15.79,12421.00,999.00,18.84,1862.60,18.74,8.42
2026-06-08T12:39:54,1,3.68,25870.00,15.79,12421.00,999.00,18.83,1863.70,18.74,8.43
2026-06-08T12:39:54,1,3.70,25860.00,15.78,12415.00,999.00,18.84,1865.60,18.74,8.45
2026-06-08T12:39:55,1,3.69,25860.00,15.78,12415.00,999.00,18.83,1867.80,18.74,8.47
2026-06-08T12:39:55,1,3.68,25860.00,15.78,12415.00,999.00,18.83,1869.70,18.73,8.49
2026-06-08T12:39:55,1,3.66,25860.00,15.78,12415.00,999.00,18.82,1870.00,18.73,8.49
2026-06-08T12:39:55,1,3.70,25860.00,15.78,12416.00,999.00,18.83,1869.90,18.74,8.49
2026-06-08T12:39:56,1,3.67,25860.00,15.78,12416.00,999.00,18.84,1870.30,18.73,8.50
2026-06-08T12:39:56,1,3.68,25860.00,15.78,12416.00,999.00,18.83,1870.40,18.73,8.50
2026-06-08T12:39:56,1,3.65,25860.00,15.78,12416.00,999.00,18.83,1869.80,18.74,8.49
2026-06-08T12:39:56,1,3.69,25860.00,15.78,12416.00,999.00,18.83,1870.70,18.74,8.50
2026-06-08T12:39:56,1,3.68,25850.00,15.77,12410.00,999.00,18.83,1870.60,18.73,8.50
2026-06-08T12:39:57,1,3.70,25850.00,15.77,12410.00,999.00,18.83,1869.70,18.73,8.49
2026-06-08T12:39:57,1,3.70,25850.00,15.77,12410.00,999.00,18.83,1865.80,18.73,8.45
2026-06-08T12:39:57,1,3.69,25850.00,15.77,12410.00,999.00,18.83,1865.00,18.73,8.44
2026-06-08T12:39:57,1,3.69,25850.00,15.77,12410.00,999.00,18.82,1865.20,18.73,8.45
2026-06-08T12:39:57,1,3.70,25850.00,15.77,12409.00,999.00,18.83,1863.60,18.73,8.43
2026-06-08T12:39:58,1,3.69,25850.00,15.77,12409.00,999.00,18.83,1856.70,18.73,8.36
2026-06-08T12:39:58,1,3.70,25850.00,15.77,12409.00,999.00,18.83,1845.40,18.73,8.25
2026-06-08T12:39:58,1,3.67,25850.00,15.77,12409.00,999.00,18.83,1833.50,18.73,8.13
2026-06-08T12:39:58,1,3.68,25850.00,15.77,12409.00,999.00,18.83,1823.30,18.73,8.03
2026-06-08T12:39:58,1,3.69,25870.00,15.79,12421.00,999.00,18.83,1809.70,18.73,7.90
2026-06-08T12:39:59,1,3.70,25870.00,15.79,12421.00,999.00,18.83,1795.50,18.72,7.75
2026-06-08T12:39:59,1,3.68,25870.00,15.79,12421.00,999.00,18.83,1781.90,18.73,7.62
2026-06-08T12:39:59,1,3.67,25870.00,15.79,12421.00,999.00,18.84,1775.60,18.72,7.56
2026-06-08T12:39:59,1,3.70,25860.00,15.78,12414.00,999.00,18.84,1771.60,18.73,7.52
2026-06-08T12:40:00,1,3.70,25860.00,15.78,12414.00,999.00,18.84,1767.40,18.72,7.48
2026-06-08T12:40:00,1,3.68,25860.00,15.78,12414.00,999.00,18.85,1763.00,18.73,7.43
2026-06-08T12:40:00,1,3.70,25860.00,15.78,12414.00,999.00,18.84,1752.40,18.72,7.33
2026-06-08T12:40:00,1,3.68,25860.00,15.78,12414.00,999.00,18.85,1738.20,18.72,7.19
2026-06-08T12:40:00,1,3.70,25860.00,15.78,12415.00,999.00,18.84,1718.30,18.72,6.99
2026-06-08T12:40:01,1,3.68,25860.00,15.78,12415.00,999.00,18.85,1697.90,18.72,6.79
2026-06-08T12:40:01,1,3.68,25860.00,15.78,12415.00,999.00,18.84,1678.40,18.72,6.59
2026-06-08T12:40:01,1,3.68,25860.00,15.78,12415.00,999.00,18.85,1660.40,18.72,6.42
2026-06-08T12:40:01,1,3.70,25860.00,15.78,12415.00,999.00,18.84,1641.50,18.72,6.23
2026-06-08T12:40:01,1,3.68,25870.00,15.79,12418.00,999.00,18.85,1623.60,18.72,6.05
2026-06-08T12:40:02,1,3.68,25870.00,15.79,12418.00,999.00,18.85,1602.10,18.71,5.84
2026-06-08T12:40:02,1,3.69,25870.00,15.79,12418.00,999.00,18.85,1575.60,18.71,5.58
2026-06-08T12:40:02,1,3.67,25870.00,15.79,12418.00,999.00,18.85,1546.50,18.71,5.29
2026-06-08T12:40:02,1,3.69,25870.00,15.79,12418.00,999.00,18.85,1520.30,18.71,5.03
2026-06-08T12:40:02,1,3.68,25870.00,15.79,12419.00,999.00,18.84,1501.40,18.71,4.84
2026-06-08T12:40:03,1,3.69,25870.00,15.79,12419.00,999.00,18.85,1484.80,18.71,4.68
2026-06-08T12:40:03,1,3.68,25870.00,15.79,12419.00,999.00,18.84,1469.50,18.70,4.52
2026-06-08T12:40:03,1,3.66,25870.00,15.79,12419.00,999.00,18.84,1441.00,18.69,4.24
2026-06-08T12:40:03,1,3.68,25850.00,15.78,12412.00,999.00,18.83,1410.40,18.70,3.94
2026-06-08T12:40:03,1,3.69,25850.00,15.78,12412.00,999.00,18.83,1378.50,18.69,3.62
2026-06-08T12:40:04,1,3.67,25850.00,15.78,12412.00,999.00,18.84,1349.80,18.69,3.34
2026-06-08T12:40:04,1,3.66,25850.00,15.78,12412.00,999.00,18.83,1331.30,18.69,3.15
2026-06-08T12:40:04,1,3.69,25850.00,15.78,12412.00,999.00,18.83,1315.70,18.69,3.00
2026-06-08T12:40:04,1,3.69,25850.00,15.78,12411.00,999.00,18.84,1302.20,18.69,2.87
2026-06-08T12:40:05,1,3.68,25850.00,15.78,12411.00,999.00,18.82,1277.20,18.69,2.62
2026-06-08T12:40:05,1,3.70,25850.00,15.78,12411.00,999.00,18.83,1246.90,18.69,2.32
2026-06-08T12:40:05,1,3.70,25850.00,15.78,12411.00,999.00,18.81,1214.50,18.68,2.00
2026-06-08T12:40:05,1,3.69,25850.00,15.78,12411.00,999.00,18.83,1185.40,18.68,1.71
2026-06-08T12:40:05,1,3.69,25850.00,15.78,12411.00,999.00,18.82,1166.10,18.68,1.52
2026-06-08T12:40:06,1,3.69,25850.00,15.78,12411.00,999.00,18.83,1152.80,18.67,1.39
2026-06-08T12:40:06,1,3.68,25850.00,15.78,12411.00,999.00,18.82,1140.70,18.68,1.27
2026-06-08T12:40:06,1,3.66,25850.00,15.78,12411.00,999.00,18.83,1124.20,18.67,1.10
2026-06-08T12:40:06,1,3.68,25860.00,15.78,12417.00,999.00,18.82,1098.90,18.67,0.85
2026-06-08T12:40:06,1,3.68,25860.00,15.78,12417.00,999.00,18.82,1069.40,18.67,0.56
2026-06-08T12:40:07,1,3.70,25860.00,15.78,12417.00,999.00,18.83,1039.90,18.66,0.27
2026-06-08T12:40:07,1,3.66,25860.00,15.78,12417.00,999.00,18.84,1019.50,18.66,0.06
2026-06-08T12:40:07,1,3.66,25860.00,15.78,12417.00,999.00,18.85,1009.80,18.66,-0.03
2026-06-08T12:40:07,1,3.69,25850.00,15.78,12412.00,999.00,18.85,1006.40,18.66,-0.07
2026-06-08T12:40:07,1,3.70,25850.00,15.78,12412.00,999.00,18.86,1006.20,18.66,-0.07
2026-06-08T12:40:08,1,3.68,25850.00,15.78,12412.00,999.00,18.86,1005.80,18.65,-0.07
2026-06-08T12:40:08,1,3.68,25850.00,15.78,12412.00,999.00,18.83,1006.70,18.66,-0.06
2026-06-08T12:40:08,1,3.68,25850.00,15.78,12412.00,999.00,18.85,1006.60,18.66,-0.06
2026-06-08T12:40:08,1,3.68,16940.00,9.95,8136.00,999.00,18.84,1006.90,18.66,-0.06
2026-06-08T12:40:09,1,3.70,16940.00,9.95,8136.00,999.00,18.84,1006.60,18.66,-0.06
2026-06-08T12:40:09,1,3.68,16940.00,9.95,8136.00,999.00,18.84,1006.60,18.66,-0.06
2026-06-08T12:40:09,1,3.67,16940.00,9.95,8136.00,999.00,18.83,1006.80,18.66,-0.06
2026-06-08T12:40:09,1,3.70,16790.00,9.85,8061.00,999.00,18.83,1006.50,18.67,-0.06
2026-06-08T12:40:09,1,3.68,16790.00,9.85,8061.00,999.00,18.83,1006.70,18.66,-0.06
2026-06-08T12:40:10,1,3.70,16790.00,9.85,8061.00,999.00,18.81,1006.50,18.67,-0.06
2026-06-08T12:40:10,1,3.70,16790.00,9.85,8061.00,999.00,18.79,1006.40,18.67,-0.07
2026-06-08T12:40:10,1,3.70,16790.00,9.85,8061.00,999.00,18.78,1006.30,18.67,-0.07
2026-06-08T12:40:10,1,3.70,16890.00,9.92,8111.00,999.00,18.77,1006.40,18.67,-0.07
2026-06-08T12:40:10,1,3.68,16890.00,9.92,8111.00,999.00,18.77,1006.50,18.66,-0.06
2026-06-08T12:40:11,1,3.69,16890.00,9.92,8111.00,999.00,18.76,1006.60,18.67,-0.06
2026-06-08T12:40:11,1,3.70,16890.00,9.92,8111.00,999.00,18.76,1006.50,18.67,-0.06
2026-06-08T12:40:11,1,3.67,16890.00,9.92,8111.00,999.00,18.75,1006.40,18.66,-0.07
2026-06-08T12:40:11,1,3.70,16600.00,9.74,7971.00,999.00,18.74,1006.70,18.66,-0.06
2026-06-08T12:40:11,1,3.70,16600.00,9.74,7971.00,999.00,18.73,1005.80,18.66,-0.07
2026-06-08T12:40:12,1,3.70,16600.00,9.74,7971.00,999.00,18.72,1006.20,18.66,-0.07
2026-06-08T12:40:12,1,3.70,16600.00,9.74,7971.00,999.00,18.71,1006.50,18.66,-0.06
2026-06-08T12:40:12,1,3.69,16600.00,9.74,7971.00,999.00,18.69,1006.80,18.66,-0.06
2026-06-08T12:40:12,1,3.71,17160.00,10.09,8238.00,999.00,18.68,1006.20,18.66,-0.07
2026-06-08T12:40:12,1,3.71,17160.00,10.09,8238.00,999.00,18.67,1006.10,18.66,-0.07
2026-06-08T12:40:13,1,3.70,17160.00,10.09,8238.00,999.00,18.66,1006.20,18.66,-0.07
2026-06-08T12:40:13,1,3.68,17160.00,10.09,8238.00,999.00,18.65,1006.40,18.66,-0.07
2026-06-08T12:40:13,1,3.70,16950.00,9.96,8140.00,999.00,18.65,1006.20,18.66,-0.07
2026-06-08T12:40:13,1,3.70,16950.00,9.96,8140.00,999.00,18.62,1005.90,18.66,-0.07
2026-06-08T12:40:13,1,3.70,16950.00,9.96,8140.00,999.00,18.61,1005.80,18.66,-0.07
2026-06-08T12:40:14,1,3.68,16950.00,9.96,8140.00,999.00,18.60,1006.20,18.66,-0.07
2026-06-08T12:40:14,1,3.68,16950.00,9.96,8140.00,999.00,18.58,1006.00,18.66,-0.07
2026-06-08T12:40:14,1,3.68,17060.00,10.03,8192.00,999.00,18.58,1006.10,18.65,-0.07
2026-06-08T12:40:14,1,3.70,17060.00,10.03,8192.00,999.00,18.58,1006.00,18.65,-0.07
2026-06-08T12:40:15,1,3.70,17060.00,10.03,8192.00,999.00,18.57,1005.90,18.65,-0.07
2026-06-08T12:40:15,1,3.69,17060.00,10.03,8192.00,999.00,18.55,1006.30,18.65,-0.07
2026-06-08T12:40:15,1,3.67,17060.00,10.03,8192.00,999.00,18.53,1005.70,18.65,-0.07
2026-06-08T12:40:15,1,3.70,17070.00,10.03,8195.00,999.00,18.52,1006.00,18.65,-0.07
2026-06-08T12:40:15,1,3.66,17070.00,10.03,8195.00,999.00,18.50,1005.60,18.65,-0.07
2026-06-08T12:40:16,1,3.68,17070.00,10.03,8195.00,999.00,18.49,1006.00,18.65,-0.07
2026-06-08T12:40:16,1,3.67,17070.00,10.03,8195.00,999.00,18.48,1005.70,18.65,-0.07
2026-06-08T12:40:16,1,3.69,17070.00,10.03,8195.00,999.00,18.47,1006.10,18.65,-0.07
2026-06-08T12:40:16,1,3.70,16970.00,9.97,8146.00,999.00,18.44,1005.90,18.64,-0.07
2026-06-08T12:40:16,1,3.70,16970.00,9.97,8146.00,999.00,18.41,1005.70,18.64,-0.07
2026-06-08T12:40:17,1,3.68,16970.00,9.97,8146.00,999.00,18.39,1005.80,18.64,-0.07
2026-06-08T12:40:17,1,3.69,16970.00,9.97,8146.00,999.00,18.38,1005.90,18.64,-0.07
2026-06-08T12:40:17,1,3.70,17240.00,10.14,8276.00,999.00,18.36,1005.80,18.64,-0.07
2026-06-08T12:40:17,1,3.68,17240.00,10.14,8276.00,999.00,18.33,1005.80,18.64,-0.07
2026-06-08T12:40:17,1,3.68,17240.00,10.14,8276.00,999.00,18.31,1005.70,18.64,-0.07
2026-06-08T12:40:18,1,3.69,17240.00,10.14,8276.00,999.00,18.28,1006.00,18.64,-0.07
2026-06-08T12:40:18,1,3.66,17240.00,10.14,8276.00,999.00,18.24,1006.00,18.64,-0.07
2026-06-08T12:40:18,1,3.68,16990.00,9.98,8156.00,999.00,18.24,1005.90,18.64,-0.07
2026-06-08T12:40:18,1,3.70,16990.00,9.98,8156.00,999.00,18.22,1005.30,18.64,-0.08
2026-06-08T12:40:18,1,3.70,16990.00,9.98,8156.00,999.00,18.20,1005.60,18.63,-0.07
2026-06-08T12:40:19,1,3.67,16990.00,9.98,8156.00,999.00,18.18,1005.60,18.63,-0.07
2026-06-08T12:40:19,1,3.68,16990.00,9.98,8156.00,999.00,18.16,1005.40,18.63,-0.08
2026-06-08T12:40:19,1,3.70,16330.00,9.56,7839.00,999.00,18.13,1006.20,18.63,-0.07
2026-06-08T12:40:19,1,3.70,16330.00,9.56,7839.00,999.00,18.10,1006.00,18.63,-0.07
2026-06-08T12:40:20,1,3.69,16330.00,9.56,7839.00,999.00,18.08,1005.50,18.63,-0.07
2026-06-08T12:40:20,1,3.67,16330.00,9.56,7839.00,999.00,18.07,1005.80,18.63,-0.07
2026-06-08T12:40:20,1,3.70,16520.00,9.68,7931.00,999.00,18.06,1005.40,18.63,-0.08
2026-06-08T12:40:20,1,3.69,16520.00,9.68,7931.00,999.00,18.06,1006.20,18.62,-0.07
2026-06-08T12:40:20,1,3.70,16520.00,9.68,7931.00,999.00,18.05,1005.50,18.62,-0.07
2026-06-08T12:40:21,1,3.67,16520.00,9.68,7931.00,999.00,18.05,1006.00,18.63,-0.07
2026-06-08T12:40:21,1,3.69,16520.00,9.68,7931.00,999.00,18.04,1005.60,18.62,-0.07
2026-06-08T12:40:21,1,3.68,11330.00,6.44,5441.00,999.00,18.03,1005.80,18.62,-0.07
2026-06-08T12:40:21,1,3.70,11330.00,6.44,5441.00,999.00,18.03,1005.90,18.62,-0.07
2026-06-08T12:40:21,1,3.68,11330.00,6.44,5441.00,999.00,18.02,1005.60,18.62,-0.07
2026-06-08T12:40:22,1,3.69,11330.00,6.44,5441.00,999.00,18.01,1005.60,18.62,-0.07
2026-06-08T12:40:22,1,3.66,11330.00,6.44,5441.00,999.00,17.99,1006.20,18.62,-0.07
2026-06-08T12:40:22,1,3.70,7970.00,4.41,3826.00,999.00,17.99,1006.10,18.62,-0.07
2026-06-08T12:40:22,1,3.66,7970.00,4.41,3826.00,999.00,17.98,1005.80,18.62,-0.07
2026-06-08T12:40:22,1,3.68,7970.00,4.41,3826.00,999.00,17.97,1005.40,18.61,-0.08
2026-06-08T12:40:23,1,3.69,7970.00,4.41,3826.00,999.00,17.97,1005.60,18.62,-0.07
2026-06-08T12:40:23,1,3.68,7800.00,4.31,3744.00,999.00,17.97,1005.50,18.61,-0.07
2026-06-08T12:40:23,1,3.68,7800.00,4.31,3744.00,999.00,17.97,1005.50,18.61,-0.07
2026-06-08T12:40:23,1,3.70,7800.00,4.31,3744.00,999.00,17.96,1005.50,18.61,-0.07
2026-06-08T12:40:24,1,3.69,7800.00,4.31,3744.00,999.00,17.95,1005.90,18.61,-0.07
2026-06-08T12:40:24,1,3.68,7800.00,4.31,3744.00,999.00,17.95,1005.50,18.61,-0.07
2026-06-08T12:40:24,1,3.70,8180.00,4.54,3926.00,999.00,17.93,1005.60,18.61,-0.07
2026-06-08T12:40:24,1,3.67,8180.00,4.54,3926.00,999.00,17.92,1005.30,18.61,-0.08
2026-06-08T12:40:24,1,3.68,8180.00,4.54,3926.00,999.00,17.89,1005.50,18.60,-0.07
2026-06-08T12:40:25,1,3.68,8180.00,4.54,3926.00,999.00,17.89,1005.10,18.60,-0.08
2026-06-08T12:40:25,1,3.68,8180.00,4.54,3926.00,999.00,17.89,1005.80,18.60,-0.07
2026-06-08T12:40:25,1,3.68,1083.00,0.54,520.00,999.00,17.89,1005.90,18.60,-0.07
2026-06-08T12:40:25,1,3.70,1083.00,0.54,520.00,999.00,17.88,1005.90,18.59,-0.07
2026-06-08T12:40:25,1,3.70,1083.00,0.54,520.00,999.00,17.88,1005.60,18.59,-0.07
2026-06-08T12:40:26,1,3.69,1083.00,0.54,520.00,999.00,17.87,1005.30,18.59,-0.08
2026-06-08T12:40:26,1,3.67,1083.00,0.54,520.00,999.00,17.87,1005.00,18.60,-0.08
2026-06-08T12:40:26,1,3.68,1636.00,0.82,785.00,999.00,17.87,1005.50,18.60,-0.07
2026-06-08T12:40:26,1,3.70,1636.00,0.82,785.00,999.00,17.86,1005.10,18.59,-0.08
2026-06-08T12:40:26,1,3.66,1636.00,0.82,785.00,999.00,17.86,1005.20,18.59,-0.08
2026-06-08T12:40:27,1,3.68,1636.00,0.82,785.00,999.00,17.86,1005.60,18.59,-0.07
2026-06-08T12:40:27,1,3.68,1716.00,0.87,824.00,999.00,17.85,1005.70,18.59,-0.07
2026-06-08T12:40:27,1,3.68,1716.00,0.87,824.00,999.00,17.83,1005.00,18.59,-0.08
2026-06-08T12:40:27,1,3.70,1716.00,0.87,824.00,999.00,17.82,1005.90,18.60,-0.07
2026-06-08T12:40:27,1,3.69,1716.00,0.87,824.00,999.00,17.82,1005.70,18.60,-0.07
2026-06-08T12:40:28,1,3.70,1716.00,0.87,824.00,999.00,17.81,1005.40,18.60,-0.08
2026-06-08T12:40:28,1,3.68,2466.00,1.27,1184.00,999.00,17.80,1005.10,18.60,-0.08
2026-06-08T12:40:28,1,3.70,2466.00,1.27,1184.00,999.00,17.79,1005.20,18.59,-0.08
2026-06-08T12:40:28,1,3.68,2466.00,1.27,1184.00,999.00,17.78,1005.60,18.60,-0.07
2026-06-08T12:40:28,1,3.69,2466.00,1.27,1184.00,999.00,17.79,1005.60,18.59,-0.07
2026-06-08T12:40:29,1,3.68,2466.00,1.27,1184.00,999.00,17.78,1005.70,18.59,-0.07
2026-06-08T12:40:29,1,3.70,1353.00,0.68,650.00,999.00,17.77,1005.30,18.59,-0.08
2026-06-08T12:40:29,1,3.68,1353.00,0.68,650.00,999.00,17.77,1005.20,18.59,-0.08
2026-06-08T12:40:29,1,3.68,1353.00,0.68,650.00,999.00,17.75,1005.10,18.58,-0.08
2026-06-08T12:40:30,1,3.68,1353.00,0.68,650.00,999.00,17.75,1005.50,18.59,-0.07
2026-06-08T12:40:30,1,3.68,1204.00,0.60,578.00,999.00,17.73,1005.70,18.58,-0.07
2026-06-08T12:40:30,1,3.70,1204.00,0.60,578.00,999.00,17.72,1005.30,18.58,-0.08
2026-06-08T12:40:30,1,3.70,1204.00,0.60,578.00,999.00,17.72,1005.20,18.59,-0.08
2026-06-08T12:40:30,1,3.67,1204.00,0.60,578.00,999.00,17.73,1005.90,18.59,-0.07
2026-06-08T12:40:31,1,3.69,1204.00,0.60,578.00,999.00,17.77,1005.90,18.59,-0.07
2026-06-08T12:40:31,1,3.70,1879.00,0.95,902.00,999.00,17.77,1005.50,18.59,-0.07
2026-06-08T12:40:31,1,3.68,1879.00,0.95,902.00,999.00,17.80,1005.70,18.59,-0.07
2026-06-08T12:40:31,1,3.68,1879.00,0.95,902.00,999.00,17.82,1005.40,18.58,-0.08
2026-06-08T12:40:31,1,3.69,1879.00,0.95,902.00,999.00,17.81,1005.50,18.59,-0.07
2026-06-08T12:40:32,1,3.67,1879.00,0.95,902.00,999.00,17.82,1005.50,18.59,-0.07
2026-06-08T12:40:32,1,3.68,2013.00,1.02,967.00,999.00,17.81,1005.70,18.58,-0.07
2026-06-08T12:40:32,1,3.70,2013.00,1.02,967.00,999.00,17.82,1005.50,18.58,-0.07
2026-06-08T12:40:32,1,3.70,2013.00,1.02,967.00,999.00,17.82,1005.70,18.58,-0.07
2026-06-08T12:40:32,1,3.68,2013.00,1.02,967.00,999.00,17.83,1005.60,18.58,-0.07
2026-06-08T12:40:33,1,3.67,2013.00,1.02,967.00,999.00,17.84,1005.80,18.59,-0.07
2026-06-08T12:40:33,1,3.68,2023.00,1.03,971.00,999.00,17.87,1005.90,18.57,-0.07
2026-06-08T12:40:33,1,3.70,2023.00,1.03,971.00,999.00,17.90,1005.70,18.58,-0.07
2026-06-08T12:40:33,1,3.69,2023.00,1.03,971.00,999.00,17.93,1006.00,18.58,-0.07
2026-06-08T12:40:34,1,3.68,2023.00,1.03,971.00,999.00,17.95,1005.90,18.58,-0.07
2026-06-08T12:40:34,1,3.70,2032.00,1.03,976.00,999.00,17.97,1005.60,18.58,-0.07
2026-06-08T12:40:34,1,3.68,2032.00,1.03,976.00,999.00,18.00,1005.70,18.58,-0.07
2026-06-08T12:40:34,1,3.70,2032.00,1.03,976.00,999.00,18.03,1005.80,18.58,-0.07
2026-06-08T12:40:34,1,3.68,2032.00,1.03,976.00,999.00,18.06,1006.00,18.58,-0.07
2026-06-08T12:40:35,1,3.69,2032.00,1.03,976.00,999.00,18.09,1005.60,18.58,-0.07
2026-06-08T12:40:35,1,3.70,2154.00,1.10,1034.00,999.00,18.10,1005.90,18.58,-0.07
2026-06-08T12:40:35,1,3.69,2154.00,1.10,1034.00,999.00,18.16,1005.90,18.59,-0.07
2026-06-08T12:40:35,1,3.68,2154.00,1.10,1034.00,999.00,18.17,1005.20,18.59,-0.08
2026-06-08T12:40:35,1,3.68,2154.00,1.10,1034.00,999.00,18.17,1005.30,18.59,-0.08
2026-06-08T12:40:36,1,3.68,2154.00,1.10,1034.00,999.00,18.16,1005.80,18.59,-0.07
2026-06-08T12:40:36,1,3.69,1686.00,0.85,809.00,999.00,18.16,1005.60,18.59,-0.07
2026-06-08T12:40:36,1,3.70,1686.00,0.85,809.00,999.00,18.16,1005.50,18.59,-0.07
2026-06-08T12:40:36,1,3.69,1686.00,0.85,809.00,999.00,18.17,1005.90,18.59,-0.07
2026-06-08T12:40:36,1,3.68,1686.00,0.85,809.00,999.00,18.17,1005.80,18.59,-0.07
2026-06-08T12:40:37,1,3.68,1960.00,1.00,941.00,999.00,18.18,1005.70,18.59,-0.07
2026-06-08T12:40:37,1,3.70,1960.00,1.00,941.00,999.00,18.19,1005.50,18.60,-0.07
2026-06-08T12:40:37,1,3.68,1960.00,1.00,941.00,999.00,18.21,1005.30,18.60,-0.08
2026-06-08T12:40:37,1,3.69,1960.00,1.00,941.00,999.00,18.22,1005.90,18.60,-0.07
2026-06-08T12:40:37,1,3.69,1960.00,1.00,941.00,999.00,18.24,1005.40,18.60,-0.08
2026-06-08T12:40:38,1,3.70,1873.00,0.95,899.00,999.00,18.26,1005.30,18.60,-0.08
2026-06-08T12:40:38,1,3.68,1873.00,0.95,899.00,999.00,18.27,1005.60,18.60,-0.07
2026-06-08T12:40:38,1,3.68,1873.00,0.95,899.00,999.00,18.28,1005.60,18.60,-0.07
2026-06-08T12:40:38,1,3.66,1873.00,0.95,899.00,999.00,18.30,1005.30,18.60,-0.08
2026-06-08T12:40:39,1,3.69,1873.00,0.95,899.00,999.00,18.31,1006.00,18.60,-0.07
2026-06-08T12:40:39,1,3.69,1792.00,0.91,861.00,999.00,18.34,1005.80,18.60,-0.07
2026-06-08T12:40:39,1,3.68,1792.00,0.91,861.00,999.00,18.36,1005.90,18.60,-0.07
2026-06-08T12:40:39,1,3.70,1792.00,0.91,861.00,999.00,18.38,1005.80,18.61,-0.07
2026-06-08T12:40:39,1,3.70,1792.00,0.91,861.00,999.00,18.38,1005.70,18.61,-0.07
2026-06-08T12:40:40,1,3.67,1792.00,0.91,861.00,999.00,18.41,1005.60,18.61,-0.07
2026-06-08T12:40:40,1,3.68,1781.00,0.90,855.00,999.00,18.43,1005.20,18.61,-0.08
2026-06-08T12:40:40,1,3.70,1781.00,0.90,855.00,999.00,18.44,1005.60,18.61,-0.07
2026-06-08T12:40:40,1,3.68,1781.00,0.90,855.00,999.00,18.44,1005.90,18.61,-0.07
2026-06-08T12:40:40,1,3.69,1781.00,0.90,855.00,999.00,18.46,1005.50,18.61,-0.07
2026-06-08T12:40:41,1,3.69,2177.00,1.11,1045.00,999.00,18.46,1006.00,18.61,-0.07
2026-06-08T12:40:41,1,3.70,2177.00,1.11,1045.00,999.00,18.45,1005.70,18.62,-0.07
2026-06-08T12:40:41,1,3.70,2177.00,1.11,1045.00,999.00,18.46,1005.80,18.62,-0.07
2026-06-08T12:40:41,1,3.69,2177.00,1.11,1045.00,999.00,18.46,1005.50,18.62,-0.07
2026-06-08T12:40:41,1,3.68,2177.00,1.11,1045.00,999.00,18.45,1005.70,18.62,-0.07
2026-06-08T12:40:42,1,3.70,1969.00,1.00,945.00,999.00,18.45,1005.80,18.62,-0.07
2026-06-08T12:40:42,1,3.68,1969.00,1.00,945.00,999.00,18.44,1005.90,18.62,-0.07
2026-06-08T12:40:42,1,3.69,1969.00,1.00,945.00,999.00,18.44,1005.80,18.63,-0.07
2026-06-08T12:40:42,1,3.68,1969.00,1.00,945.00,999.00,18.44,1006.10,18.62,-0.07
2026-06-08T12:40:42,1,3.68,1969.00,1.00,945.00,999.00,18.44,1006.10,18.63,-0.07
2026-06-08T12:40:43,1,3.69,2163.00,1.10,1039.00,999.00,18.43,1005.40,18.63,-0.08
2026-06-08T12:40:43,1,3.70,2163.00,1.10,1039.00,999.00,18.44,1005.80,18.63,-0.07
2026-06-08T12:40:43,1,3.70,2163.00,1.10,1039.00,999.00,18.44,1005.60,18.63,-0.07
2026-06-08T12:40:43,1,3.68,2163.00,1.10,1039.00,999.00,18.44,1005.60,18.63,-0.07
2026-06-08T12:40:44,1,3.67,2056.00,1.05,987.00,999.00,18.44,1006.00,18.63,-0.07
2026-06-08T12:40:44,1,3.67,2056.00,1.05,987.00,999.00,18.46,1005.60,18.63,-0.07
2026-06-08T12:40:44,1,3.67,2056.00,1.05,987.00,999.00,18.47,1005.90,18.63,-0.07
2026-06-08T12:40:44,1,3.66,2056.00,1.05,987.00,999.00,18.48,1005.70,18.63,-0.07
2026-06-08T12:40:44,1,3.67,2056.00,1.05,987.00,999.00,18.49,1005.90,18.64,-0.07
2026-06-08T12:40:45,1,3.68,2183.00,1.12,1048.00,999.00,18.51,1005.70,18.64,-0.07
2026-06-08T12:40:45,1,3.68,2183.00,1.12,1048.00,999.00,18.52,1005.60,18.64,-0.07
2026-06-08T12:40:45,1,3.68,2183.00,1.12,1048.00,999.00,18.54,1005.40,18.64,-0.08
2026-06-08T12:40:45,1,3.66,2183.00,1.12,1048.00,999.00,18.56,1005.40,18.64,-0.08
2026-06-08T12:40:45,1,3.67,2183.00,1.12,1048.00,999.00,18.57,1005.70,18.63,-0.07
2026-06-08T12:40:46,1,3.69,2152.00,1.10,1033.00,999.00,18.59,1005.90,18.64,-0.07
2026-06-08T12:40:46,1,3.68,2152.00,1.10,1033.00,999.00,18.61,1005.70,18.64,-0.07
2026-06-08T12:40:46,1,3.70,2152.00,1.10,1033.00,999.00,18.63,1005.50,18.65,-0.07
2026-06-08T12:40:46,1,3.70,2152.00,1.10,1033.00,999.00,18.65,1005.60,18.65,-0.07
2026-06-08T12:40:46,1,3.69,2135.00,1.09,1025.00,999.00,18.66,1005.40,18.65,-0.08
2026-06-08T12:40:47,1,3.70,2135.00,1.09,1025.00,999.00,18.68,1005.80,18.65,-0.07
2026-06-08T12:40:47,1,3.70,2135.00,1.09,1025.00,999.00,18.70,1005.50,18.66,-0.07
2026-06-08T12:40:47,1,3.68,2135.00,1.09,1025.00,999.00,18.72,1005.60,18.66,-0.07
2026-06-08T12:40:47,1,3.67,2135.00,1.09,1025.00,999.00,18.73,1005.50,18.66,-0.07
2026-06-08T12:40:48,1,3.70,2032.00,1.03,976.00,999.00,18.74,1005.50,18.66,-0.07
2026-06-08T12:40:48,1,3.70,2032.00,1.03,976.00,999.00,18.75,1005.90,18.67,-0.07
2026-06-08T12:40:48,1,3.69,2032.00,1.03,976.00,999.00,18.77,1005.70,18.67,-0.07
2026-06-08T12:40:48,1,3.67,2032.00,1.03,976.00,999.00,18.79,1005.80,18.67,-0.07
2026-06-08T12:40:48,1,3.68,2032.00,1.03,976.00,999.00,18.79,1005.40,18.67,-0.08
2026-06-08T12:40:49,1,3.70,2008.00,1.02,964.00,999.00,18.80,1006.10,18.67,-0.07
2026-06-08T12:40:49,1,3.70,2008.00,1.02,964.00,999.00,18.82,1006.20,18.67,-0.07
2026-06-08T12:40:49,1,3.70,2008.00,1.02,964.00,999.00,18.83,1007.00,18.65,-0.06
2026-06-08T12:40:49,1,3.68,2008.00,1.02,964.00,999.00,18.84,1007.10,18.65,-0.06
2026-06-08T12:40:49,1,3.69,2008.00,1.02,964.00,999.00,18.83,1006.60,18.66,-0.06
2026-06-08T12:40:50,1,3.70,2001.00,1.02,961.00,999.00,18.84,1006.50,18.66,-0.06
2026-06-08T12:40:50,1,3.70,2001.00,1.02,961.00,999.00,18.84,1006.40,18.66,-0.07
2026-06-08T12:40:50,1,3.68,2001.00,1.02,961.00,999.00,18.85,1005.80,18.66,-0.07
