time,deviceMode,vBat,ec,sal,tds,slowDallasTemp,fastBRTemp,slowBRPres,slowBRTemp,slowBRDepth
2026-06-07T11:56:58,1,3.70,999.00,999.00,999.00,999.00,17.51,1032.10,19.36,0.19
2026-06-07T11:57:00,1,3.68,999.00,999.00,999.00,999.00,17.51,1032.10,19.39,0.19
2026-06-07T11:57:00,1,3.65,644.60,0.31,309.00,999.00,17.51,1032.20,19.40,0.19
2026-06-07T11:57:00,1,3.70,644.60,0.31,309.00,999.00,17.51,1031.80,19.40,0.19
2026-06-07T11:57:01,1,3.70,644.60,0.31,309.00,999.00,17.51,1031.80,19.41,0.19
2026-06-07T11:57:01,1,3.71,596.00,0.29,286.00,999.00,17.51,1031.70,19.41,0.19
2026-06-07T11:57:01,1,3.70,596.00,0.29,286.00,999.00,17.52,1031.80,19.42,0.19
2026-06-07T11:57:01,1,3.68,596.00,0.29,286.00,999.00,17.53,1032.20,19.41,0.19
2026-06-07T11:57:01,1,3.70,596.00,0.29,286.00,999.00,17.54,1031.80,19.42,0.19
2026-06-07T11:57:02,1,3.68,678.30,0.33,326.00,999.00,17.56,1031.90,19.43,0.19
2026-06-07T11:57:02,1,3.70,678.30,0.33,326.00,999.00,17.57,1031.80,19.43,0.19
2026-06-07T11:57:02,1,3.70,678.30,0.33,326.00,999.00,17.61,1031.70,19.43,0.19
2026-06-07T11:57:02,1,3.71,678.30,0.33,326.00,999.00,17.66,1031.70,19.43,0.19
2026-06-07T11:57:03,1,3.70,678.30,0.33,326.00,999.00,17.73,1032.00,19.43,0.19
2026-06-07T11:57:03,1,3.70,839.00,0.41,403.00,999.00,17.81,1031.80,19.42,0.19
2026-06-07T11:57:03,1,3.69,839.00,0.41,403.00,999.00,17.87,1031.80,19.43,0.19
2026-06-07T11:57:03,1,3.69,839.00,0.41,403.00,999.00,17.92,1031.70,19.44,0.19
2026-06-07T11:57:03,1,3.69,839.00,0.41,403.00,999.00,17.97,1032.00,19.44,0.19
2026-06-07T11:57:04,1,3.68,839.00,0.41,403.00,999.00,18.03,1031.90,19.44,0.19
2026-06-07T11:57:04,1,3.72,879.50,0.43,422.00,999.00,18.08,1031.80,19.44,0.19
2026-06-07T11:57:04,1,3.69,879.50,0.43,422.00,999.00,18.13,1032.10,19.45,0.19
2026-06-07T11:57:04,1,3.71,879.50,0.43,422.00,999.00,18.17,1031.40,19.45,0.18
2026-06-07T11:57:04,1,3.71,879.50,0.43,422.00,999.00,18.21,1031.80,19.45,0.19
2026-06-07T11:57:05,1,3.68,879.70,0.43,422.00,999.00,18.25,1031.60,19.45,0.18
2026-06-07T11:57:05,1,3.71,879.70,0.43,422.00,999.00,18.29,1031.50,19.46,0.18
2026-06-07T11:57:05,1,3.67,879.70,0.43,422.00,999.00,18.32,1031.70,19.46,0.19
2026-06-07T11:57:05,1,3.71,879.70,0.43,422.00,999.00,18.37,1032.20,19.46,0.19
2026-06-07T11:57:05,1,3.70,879.70,0.43,422.00,999.00,18.41,1032.00,19.46,0.19
2026-06-07T11:57:06,1,3.71,877.40,0.43,421.00,999.00,18.45,1031.70,19.46,0.19
2026-06-07T11:57:06,1,3.69,877.40,0.43,421.00,999.00,18.48,1031.60,19.46,0.18
2026-06-07T11:57:06,1,3.72,877.40,0.43,421.00,999.00,18.51,1031.90,19.46,0.19
2026-06-07T11:57:06,1,3.71,877.40,0.43,421.00,999.00,18.53,1032.00,19.47,0.19
2026-06-07T11:57:06,1,3.71,877.40,0.43,421.00,999.00,18.57,1031.60,19.47,0.18
2026-06-07T11:57:07,1,3.70,854.40,0.42,410.00,999.00,18.59,1031.90,19.47,0.19
2026-06-07T11:57:07,1,3.72,854.40,0.42,410.00,999.00,18.62,1031.80,19.47,0.19
2026-06-07T11:57:07,1,3.69,854.40,0.42,410.00,999.00,18.65,1031.70,19.47,0.19
2026-06-07T11:57:07,1,3.68,854.40,0.42,410.00,999.00,18.67,1031.60,19.48,0.18
2026-06-07T11:57:08,1,3.70,854.40,0.42,410.00,999.00,18.70,1032.10,19.48,0.19
2026-06-07T11:57:08,1,3.67,862.90,0.42,414.00,999.00,18.72,1031.80,19.48,0.19
2026-06-07T11:57:08,1,3.69,862.90,0.42,414.00,999.00,18.76,1031.90,19.48,0.19
2026-06-07T11:57:08,1,3.71,862.90,0.42,414.00,999.00,18.79,1032.10,19.48,0.19
2026-06-07T11:57:08,1,3.71,862.90,0.42,414.00,999.00,18.81,1032.00,19.48,0.19
2026-06-07T11:57:09,1,3.70,862.90,0.42,414.00,999.00,18.85,1031.80,19.48,0.19
2026-06-07T11:57:09,1,3.71,862.30,0.42,414.00,999.00,18.87,1031.50,19.49,0.18
2026-06-07T11:57:09,1,3.72,862.30,0.42,414.00,999.00,18.90,1031.80,19.49,0.19
2026-06-07T11:57:09,1,3.70,862.30,0.42,414.00,999.00,18.93,1032.00,19.49,0.19
2026-06-07T11:57:09,1,3.70,862.30,0.42,414.00,999.00,18.97,1031.40,19.49,0.18
2026-06-07T11:57:10,1,3.70,861.10,0.42,413.00,999.00,19.00,1031.80,19.49,0.19
2026-06-07T11:57:10,1,3.69,861.10,0.42,413.00,999.00,19.04,1031.70,19.49,0.19
2026-06-07T11:57:10,1,3.69,861.10,0.42,413.00,999.00,19.06,1032.00,19.49,0.19
2026-06-07T11:57:10,1,3.70,861.10,0.42,413.00,999.00,19.10,1032.10,19.50,0.19
2026-06-07T11:57:10,1,3.69,861.10,0.42,413.00,999.00,19.13,1032.20,19.50,0.19
2026-06-07T11:57:11,1,3.71,874.20,0.43,420.00,999.00,19.14,1032.10,19.50,0.19
2026-06-07T11:57:11,1,3.71,874.20,0.43,420.00,999.00,19.14,1031.70,19.50,0.19
2026-06-07T11:57:11,1,3.71,874.20,0.43,420.00,999.00,19.13,1031.60,19.50,0.18
2026-06-07T11:57:11,1,3.68,874.20,0.43,420.00,999.00,19.06,1031.40,19.50,0.18
2026-06-07T11:57:11,1,3.68,874.20,0.43,420.00,999.00,19.01,1031.30,19.50,0.18
2026-06-07T11:57:12,1,3.69,882.20,0.43,423.00,999.00,18.96,1031.50,19.50,0.18
2026-06-07T11:57:12,1,3.69,882.20,0.43,423.00,999.00,18.91,1031.50,19.50,0.18
2026-06-07T11:57:12,1,3.70,882.20,0.43,423.00,999.00,18.84,1031.50,19.51,0.18
2026-06-07T11:57:12,1,3.68,882.20,0.43,423.00,999.00,18.78,1031.60,19.50,0.18
2026-06-07T11:57:12,1,3.68,882.20,0.43,423.00,999.00,18.72,1031.50,19.51,0.18
2026-06-07T11:57:13,1,3.66,854.00,0.42,410.00,999.00,18.66,1031.50,19.51,0.18
2026-06-07T11:57:13,1,3.69,854.00,0.42,410.00,999.00,18.61,1031.60,19.51,0.18
2026-06-07T11:57:13,1,3.68,854.00,0.42,410.00,999.00,18.55,1031.60,19.51,0.18
2026-06-07T11:57:13,1,3.70,854.00,0.42,410.00,999.00,18.51,1031.70,19.51,0.19
2026-06-07T11:57:13,1,3.68,854.00,0.42,410.00,999.00,18.45,1031.40,19.51,0.18
2026-06-07T11:57:14,1,3.71,619.50,0.30,297.00,999.00,18.39,1031.40,19.51,0.18
2026-06-07T11:57:14,1,3.69,619.50,0.30,297.00,999.00,18.34,1031.40,19.51,0.18
2026-06-07T11:57:14,1,3.70,619.50,0.30,297.00,999.00,18.30,1031.60,19.51,0.18
2026-06-07T11:57:14,1,3.71,619.50,0.30,297.00,999.00,18.24,1031.20,19.50,0.18
2026-06-07T11:57:15,1,3.72,732.30,0.36,352.00,999.00,18.18,1031.30,19.51,0.18
2026-06-07T11:57:15,1,3.70,732.30,0.36,352.00,999.00,18.14,1031.60,19.51,0.18
2026-06-07T11:57:15,1,3.71,732.30,0.36,352.00,999.00,18.10,1031.50,19.51,0.18
2026-06-07T11:57:15,1,3.71,732.30,0.36,352.00,999.00,18.04,1031.60,19.51,0.18
2026-06-07T11:57:15,1,3.68,732.30,0.36,352.00,999.00,17.97,1031.40,19.50,0.18
2026-06-07T11:57:16,1,3.71,721.60,0.35,346.00,999.00,17.93,1031.40,19.51,0.18
2026-06-07T11:57:16,1,3.70,721.60,0.35,346.00,999.00,17.89,1031.80,19.51,0.19
2026-06-07T11:57:16,1,3.72,721.60,0.35,346.00,999.00,17.84,1031.40,19.51,0.18
2026-06-07T11:57:16,1,3.69,721.60,0.35,346.00,999.00,17.81,1031.60,19.51,0.18
2026-06-07T11:57:16,1,3.71,808.50,0.40,388.00,999.00,17.77,1031.30,19.51,0.18
2026-06-07T11:57:17,1,3.71,808.50,0.40,388.00,999.00,17.74,1031.90,19.51,0.19
2026-06-07T11:57:17,1,3.72,808.50,0.40,388.00,999.00,17.70,1031.40,19.51,0.18
2026-06-07T11:57:17,1,3.68,808.50,0.40,388.00,999.00,17.67,1031.80,19.51,0.19
2026-06-07T11:57:17,1,3.70,808.50,0.40,388.00,999.00,17.64,1031.60,19.51,0.18
2026-06-07T11:57:17,1,3.69,815.20,0.40,391.00,999.00,17.61,1031.50,19.51,0.18
2026-06-07T11:57:18,1,3.69,815.20,0.40,391.00,999.00,17.57,1031.50,19.51,0.18
2026-06-07T11:57:18,1,3.68,815.20,0.40,391.00,999.00,17.54,1031.10,19.51,0.18
2026-06-07T11:57:18,1,3.70,815.20,0.40,391.00,999.00,17.53,1031.40,19.51,0.18
2026-06-07T11:57:18,1,3.70,815.20,0.40,391.00,999.00,17.51,1031.90,19.51,0.19
2026-06-07T11:57:19,1,3.70,758.90,0.37,364.00,999.00,17.50,1031.90,19.50,0.19
2026-06-07T11:57:19,1,3.69,758.90,0.37,364.00,999.00,17.47,1031.40,19.50,0.18
2026-06-07T11:57:19,1,3.69,758.90,0.37,364.00,999.00,17.45,1030.90,19.50,0.18
2026-06-07T11:57:19,1,3.70,758.90,0.37,364.00,999.00,17.43,1031.60,19.51,0.18
2026-06-07T11:57:19,1,3.67,758.90,0.37,364.00,999.00,17.40,1031.90,19.51,0.19
2026-06-07T11:57:20,1,3.71,759.40,0.37,365.00,999.00,17.37,1031.70,19.51,0.19
2026-06-07T11:57:20,1,3.70,759.40,0.37,365.00,999.00,17.34,1031.40,19.50,0.18
2026-06-07T11:57:20,1,3.71,759.40,0.37,365.00,999.00,17.32,1031.20,19.50,0.18
2026-06-07T11:57:20,1,3.69,759.40,0.37,365.00,999.00,17.29,1031.80,19.50,0.19
2026-06-07T11:57:20,1,3.68,759.40,0.37,365.00,999.00,17.26,1031.60,19.50,0.18
2026-06-07T11:57:21,1,3.70,731.80,0.36,351.00,999.00,17.23,1031.60,19.50,0.18
2026-06-07T11:57:21,1,3.67,731.80,0.36,351.00,999.00,17.21,1031.30,19.50,0.18
2026-06-07T11:57:21,1,3.70,731.80,0.36,351.00,999.00,17.19,1031.30,19.50,0.18
2026-06-07T11:57:21,1,3.69,731.80,0.36,351.00,999.00,17.16,1031.20,19.50,0.18
2026-06-07T11:57:21,1,3.67,724.20,0.35,348.00,999.00,17.14,1031.60,19.50,0.18
2026-06-07T11:57:22,1,3.71,724.20,0.35,348.00,999.00,17.12,1031.30,19.50,0.18
2026-06-07T11:57:22,1,3.72,724.20,0.35,348.00,999.00,17.11,1031.50,19.50,0.18
2026-06-07T11:57:22,1,3.68,724.20,0.35,348.00,999.00,17.09,1031.00,19.50,0.18
2026-06-07T11:57:22,1,3.67,724.20,0.35,348.00,999.00,17.05,1031.70,19.50,0.19
2026-06-07T11:57:22,1,3.70,746.30,0.36,358.00,999.00,17.04,1031.40,19.50,0.18
2026-06-07T11:57:23,1,3.71,746.30,0.36,358.00,999.00,17.02,1031.60,19.50,0.18
2026-06-07T11:57:23,1,3.72,746.30,0.36,358.00,999.00,17.00,1031.40,19.50,0.18
2026-06-07T11:57:23,1,3.70,746.30,0.36,358.00,999.00,16.97,1031.60,19.50,0.18
2026-06-07T11:57:23,1,3.67,746.30,0.36,358.00,999.00,16.95,1031.50,19.50,0.18
2026-06-07T11:57:23,1,3.71,730.40,0.36,351.00,999.00,16.93,1031.70,19.50,0.19
2026-06-07T11:57:24,1,3.70,730.40,0.36,351.00,999.00,16.91,1031.20,19.50,0.18
2026-06-07T11:57:24,1,3.68,730.40,0.36,351.00,999.00,16.90,1031.50,19.50,0.18
2026-06-07T11:57:24,1,3.70,730.40,0.36,351.00,999.00,16.89,1031.40,19.49,0.18
2026-06-07T11:57:24,1,3.70,730.40,0.36,351.00,999.00,16.88,1031.30,19.49,0.18
2026-06-07T11:57:24,1,3.72,718.80,0.35,345.00,999.00,16.87,1031.30,19.50,0.18
2026-06-07T11:57:25,1,3.69,718.80,0.35,345.00,999.00,16.86,1031.80,19.49,0.19
2026-06-07T11:57:25,1,3.72,718.80,0.35,345.00,999.00,16.86,1031.20,19.49,0.18
2026-06-07T11:57:25,1,3.67,718.80,0.35,345.00,999.00,16.84,1031.80,19.49,0.19
2026-06-07T11:57:25,1,3.70,723.50,0.35,347.00,999.00,16.84,1031.30,19.49,0.18
2026-06-07T11:57:26,1,3.71,723.50,0.35,347.00,999.00,16.84,1031.70,19.49,0.19
2026-06-07T11:57:26,1,3.71,723.50,0.35,347.00,999.00,16.84,1031.50,19.49,0.18
2026-06-07T11:57:26,1,3.71,723.50,0.35,347.00,999.00,16.83,1031.30,19.49,0.18
2026-06-07T11:57:26,1,3.69,723.50,0.35,347.00,999.00,16.83,1030.80,19.49,0.18
2026-06-07T11:57:26,1,3.71,714.80,0.35,343.00,999.00,16.83,1031.20,19.49,0.18
2026-06-07T11:57:27,1,3.68,714.80,0.35,343.00,999.00,16.83,1031.30,19.49,0.18
2026-06-07T11:57:27,1,3.72,714.80,0.35,343.00,999.00,16.81,1031.40,19.49,0.18
2026-06-07T11:57:27,1,3.68,714.80,0.35,343.00,999.00,16.80,1031.80,19.48,0.19
2026-06-07T11:57:27,1,3.71,714.80,0.35,343.00,999.00,16.78,1031.60,19.48,0.18
2026-06-07T11:57:27,1,3.68,705.90,0.34,339.00,999.00,16.77,1031.30,19.48,0.18
2026-06-07T11:57:28,1,3.69,705.90,0.34,339.00,999.00,16.76,1031.40,19.48,0.18
2026-06-07T11:57:28,1,3.70,705.90,0.34,339.00,999.00,16.76,1031.20,19.47,0.18
2026-06-07T11:57:28,1,3.70,705.90,0.34,339.00,999.00,16.74,1031.50,19.48,0.18
2026-06-07T11:57:28,1,3.68,709.40,0.35,341.00,999.00,16.71,1031.50,19.48,0.18
2026-06-07T11:57:28,1,3.68,709.40,0.35,341.00,999.00,16.69,1031.80,19.48,0.19
2026-06-07T11:57:29,1,3.71,709.40,0.35,341.00,999.00,16.69,1031.50,19.48,0.18
2026-06-07T11:57:29,1,3.70,709.40,0.35,341.00,999.00,16.67,1031.30,19.48,0.18
2026-06-07T11:57:29,1,3.70,709.40,0.35,341.00,999.00,16.64,1031.30,19.48,0.18
2026-06-07T11:57:29,1,3.70,727.60,0.36,349.00,999.00,16.62,1031.60,19.48,0.18
2026-06-07T11:57:30,1,3.72,727.60,0.36,349.00,999.00,16.60,1031.30,19.48,0.18
2026-06-07T11:57:30,1,3.69,727.60,0.36,349.00,999.00,16.58,1031.50,19.48,0.18
2026-06-07T11:57:30,1,3.70,727.60,0.36,349.00,999.00,16.55,1031.60,19.48,0.18
2026-06-07T11:57:30,1,3.71,727.60,0.36,349.00,999.00,16.53,1031.70,19.48,0.19
2026-06-07T11:57:30,1,3.68,720.80,0.35,346.00,999.00,16.50,1031.70,19.48,0.19
2026-06-07T11:57:31,1,3.70,720.80,0.35,346.00,999.00,16.49,1031.60,19.48,0.18
2026-06-07T11:57:31,1,3.71,720.80,0.35,346.00,999.00,16.47,1031.50,19.48,0.18
2026-06-07T11:57:31,1,3.69,720.80,0.35,346.00,999.00,16.45,1031.80,19.48,0.19
2026-06-07T11:57:31,1,3.69,720.80,0.35,346.00,999.00,16.44,1031.30,19.47,0.18
2026-06-07T11:57:31,1,3.69,683.80,0.33,328.00,999.00,16.42,1031.50,19.47,0.18
2026-06-07T11:57:32,1,3.70,683.80,0.33,328.00,999.00,16.42,1031.50,19.47,0.18
2026-06-07T11:57:32,1,3.72,683.80,0.33,328.00,999.00,16.40,1031.70,19.47,0.19
2026-06-07T11:57:32,1,3.68,683.80,0.33,328.00,999.00,16.40,1031.30,19.47,0.18
2026-06-07T11:57:32,1,3.70,681.20,0.33,327.00,999.00,16.40,1031.50,19.47,0.18
2026-06-07T11:57:32,1,3.68,681.20,0.33,327.00,999.00,16.39,1031.80,19.47,0.19
2026-06-07T11:57:33,1,3.71,681.20,0.33,327.00,999.00,16.39,1031.80,19.47,0.19
2026-06-07T11:57:33,1,3.66,681.20,0.33,327.00,999.00,16.38,1031.20,19.47,0.18
2026-06-07T11:57:33,1,3.70,681.20,0.33,327.00,999.00,16.37,1031.30,19.47,0.18
2026-06-07T11:57:33,1,3.71,682.10,0.33,327.00,999.00,16.36,1032.00,19.47,0.19
2026-06-07T11:57:33,1,3.70,682.10,0.33,327.00,999.00,16.36,1031.50,19.47,0.18
2026-06-07T11:57:34,1,3.69,682.10,0.33,327.00,999.00,16.36,1031.60,19.47,0.18
2026-06-07T11:57:34,1,3.68,682.10,0.33,327.00,999.00,16.34,1032.00,19.47,0.19
2026-06-07T11:57:34,1,3.70,682.10,0.33,327.00,999.00,16.33,1031.50,19.47,0.18
2026-06-07T11:57:34,1,3.66,689.50,0.34,331.00,999.00,16.33,1031.30,19.47,0.18
2026-06-07T11:57:34,1,3.72,689.50,0.34,331.00,999.00,16.30,1031.40,19.47,0.18
2026-06-07T11:57:35,1,3.70,689.50,0.34,331.00,999.00,16.28,1031.30,19.47,0.18
2026-06-07T11:57:35,1,3.71,689.50,0.34,331.00,999.00,16.26,1031.20,19.46,0.18
2026-06-07T11:57:35,1,3.70,689.50,0.34,331.00,999.00,16.26,1031.60,19.46,0.18
2026-06-07T11:57:35,1,3.70,697.80,0.34,335.00,999.00,16.25,1031.50,19.46,0.18
2026-06-07T11:57:35,1,3.70,697.80,0.34,335.00,999.00,16.24,1032.10,19.47,0.19
2026-06-07T11:57:36,1,3.71,697.80,0.34,335.00,999.00,16.23,1031.70,19.46,0.19
2026-06-07T11:57:36,1,3.70,697.80,0.34,335.00,999.00,16.22,1031.50,19.46,0.18
2026-06-07T11:57:36,1,3.69,697.80,0.34,335.00,999.00,16.21,1031.60,19.46,0.18
2026-06-07T11:57:36,1,3.70,692.90,0.34,333.00,999.00,16.20,1031.30,19.46,0.18
2026-06-07T11:57:37,1,3.69,692.90,0.34,333.00,999.00,16.19,1031.40,19.46,0.18
2026-06-07T11:57:37,1,3.72,692.90,0.34,333.00,999.00,16.19,1031.80,19.46,0.19
2026-06-07T11:57:37,1,3.68,692.90,0.34,333.00,999.00,16.18,1032.10,19.46,0.19
2026-06-07T11:57:37,1,3.70,701.20,0.34,337.00,999.00,16.17,1031.60,19.46,0.18
2026-06-07T11:57:37,1,3.71,701.20,0.34,337.00,999.00,16.16,1031.30,19.46,0.18
2026-06-07T11:57:38,1,3.71,701.20,0.34,337.00,999.00,16.15,1031.60,19.46,0.18
2026-06-07T11:57:38,1,3.71,701.20,0.34,337.00,999.00,16.14,1032.10,19.46,0.19
2026-06-07T11:57:38,1,3.70,701.20,0.34,337.00,999.00,16.14,1031.80,19.45,0.19
2026-06-07T11:57:38,1,3.70,699.50,0.34,336.00,999.00,16.13,1031.70,19.45,0.19
2026-06-07T11:57:38,1,3.69,699.50,0.34,336.00,999.00,16.13,1031.70,19.45,0.19
2026-06-07T11:57:39,1,3.71,699.50,0.34,336.00,999.00,16.13,1032.00,19.45,0.19
2026-06-07T11:57:39,1,3.68,699.50,0.34,336.00,999.00,16.14,1031.90,19.45,0.19
2026-06-07T11:57:39,1,3.70,699.50,0.34,336.00,999.00,16.14,1031.90,19.45,0.19
2026-06-07T11:57:39,1,3.69,700.30,0.34,336.00,999.00,16.14,1031.70,19.45,0.19
2026-06-07T11:57:39,1,3.69,700.30,0.34,336.00,999.00,16.15,1031.40,19.45,0.18
2026-06-07T11:57:40,1,3.68,700.30,0.34,336.00,999.00,16.15,1031.60,19.45,0.18
2026-06-07T11:57:40,1,3.70,700.30,0.34,336.00,999.00,16.15,1031.20,19.45,0.18
2026-06-07T11:57:40,1,3.70,700.30,0.34,336.00,999.00,16.16,1031.70,19.45,0.19
2026-06-07T11:57:40,1,3.69,706.90,0.34,339.00,999.00,16.16,1031.60,19.44,0.18
2026-06-07T11:57:41,1,3.72,706.90,0.34,339.00,999.00,16.16,1031.70,19.43,0.19
2026-06-07T11:57:41,1,3.69,706.90,0.34,339.00,999.00,16.17,1031.60,19.44,0.18
2026-06-07T11:57:41,1,3.68,706.90,0.34,339.00,999.00,16.18,1031.40,19.44,0.18
2026-06-07T11:57:41,1,3.69,698.10,0.34,335.00,999.00,16.18,1031.50,19.44,0.18
2026-06-07T11:57:41,1,3.71,698.10,0.34,335.00,999.00,16.19,1032.00,19.44,0.19
2026-06-07T11:57:42,1,3.70,698.10,0.34,335.00,999.00,16.19,1031.60,19.44,0.18
2026-06-07T11:57:42,1,3.70,698.10,0.34,335.00,999.00,16.19,1031.30,19.44,0.18
2026-06-07T11:57:42,1,3.68,698.10,0.34,335.00,999.00,16.19,1031.80,19.44,0.19
2026-06-07T11:57:42,1,3.68,696.90,0.34,335.00,999.00,16.20,1031.60,19.44,0.18
2026-06-07T11:57:42,1,3.71,696.90,0.34,335.00,999.00,16.21,1031.60,19.44,0.18
2026-06-07T11:57:43,1,3.71,696.90,0.34,335.00,999.00,16.21,1031.20,19.44,0.18
2026-06-07T11:57:43,1,3.70,696.90,0.34,335.00,999.00,16.22,1031.80,19.43,0.19
2026-06-07T11:57:43,1,3.70,705.40,0.34,339.00,999.00,16.23,1031.50,19.43,0.18
2026-06-07T11:57:43,1,3.72,705.40,0.34,339.00,999.00,16.24,1031.40,19.44,0.18
2026-06-07T11:57:43,1,3.71,705.40,0.34,339.00,999.00,16.24,1031.20,19.44,0.18
2026-06-07T11:57:44,1,3.70,705.40,0.34,339.00,999.00,16.25,1031.70,19.44,0.19
2026-06-07T11:57:44,1,3.69,705.40,0.34,339.00,999.00,16.25,1031.90,19.44,0.19
2026-06-07T11:57:44,1,3.70,705.70,0.34,339.00,999.00,16.26,1031.80,19.44,0.19
2026-06-07T11:57:44,1,3.71,705.70,0.34,339.00,999.00,16.26,1031.80,19.44,0.19
2026-06-07T11:57:44,1,3.71,705.70,0.34,339.00,999.00,16.26,1031.20,19.44,0.18
2026-06-07T11:57:45,1,3.68,705.70,0.34,339.00,999.00,16.27,1031.70,19.44,0.19
2026-06-07T11:57:45,1,3.68,705.70,0.34,339.00,999.00,16.27,1031.70,19.44,0.19
2026-06-07T11:57:45,1,3.70,707.20,0.34,339.00,999.00,16.28,1031.50,19.44,0.18
2026-06-07T11:57:45,1,3.71,707.20,0.34,339.00,999.00,16.29,1031.60,19.44,0.18
2026-06-07T11:57:46,1,3.71,707.20,0.34,339.00,999.00,16.30,1031.60,19.44,0.18
2026-06-07T11:57:46,1,3.69,707.20,0.34,339.00,999.00,16.30,1031.70,19.44,0.19
2026-06-07T11:57:46,1,3.68,707.20,0.34,339.00,999.00,16.30,1031.30,19.44,0.18
2026-06-07T11:57:46,1,3.71,700.80,0.34,336.00,999.00,16.31,1031.90,19.44,0.19
2026-06-07T11:57:46,1,3.72,700.80,0.34,336.00,999.00,16.32,1032.00,19.44,0.19
2026-06-07T11:57:47,1,3.71,700.80,0.34,336.00,999.00,16.31,1031.50,19.44,0.18
2026-06-07T11:57:47,1,3.70,700.80,0.34,336.00,999.00,16.32,1031.40,19.43,0.18
2026-06-07T11:57:47,1,3.70,700.80,0.34,336.00,999.00,16.32,1031.90,19.44,0.19
2026-06-07T11:57:47,1,3.69,707.30,0.34,339.00,999.00,16.33,1031.80,19.44,0.19
2026-06-07T11:57:47,1,3.69,707.30,0.34,339.00,999.00,16.33,1031.30,19.44,0.18
2026-06-07T11:57:48,1,3.68,707.30,0.34,339.00,999.00,16.33,1031.60,19.44,0.18
2026-06-07T11:57:48,1,3.67,707.30,0.34,339.00,999.00,16.32,1031.90,19.44,0.19
2026-06-07T11:57:48,1,3.70,704.20,0.34,338.00,999.00,16.33,1031.50,19.44,0.18
2026-06-07T11:57:48,1,3.69,704.20,0.34,338.00,999.00,16.33,1031.30,19.44,0.18
2026-06-07T11:57:48,1,3.69,704.20,0.34,338.00,999.00,16.33,1031.70,19.44,0.19
2026-06-07T11:57:49,1,3.70,704.20,0.34,338.00,999.00,16.33,1031.60,19.44,0.18
2026-06-07T11:57:49,1,3.69,704.20,0.34,338.00,999.00,16.33,1031.90,19.44,0.19
2026-06-07T11:57:49,1,3.71,703.90,0.34,338.00,999.00,16.33,1031.50,19.44,0.18
2026-06-07T11:57:49,1,3.71,703.90,0.34,338.00,999.00,16.33,1031.40,19.44,0.18
2026-06-07T11:57:49,1,3.70,703.90,0.34,338.00,999.00,16.32,1031.80,19.44,0.19
2026-06-07T11:57:50,1,3.70,703.90,0.34,338.00,999.00,16.30,1031.70,19.44,0.19
2026-06-07T11:57:50,1,3.68,703.90,0.34,338.00,999.00,16.29,1031.00,19.44,0.18
2026-06-07T11:57:50,1,3.70,704.60,0.34,338.00,999.00,16.27,1031.20,19.44,0.18
2026-06-07T11:57:50,1,3.70,704.60,0.34,338.00,999.00,16.26,1031.70,19.44,0.19
2026-06-07T11:57:50,1,3.69,704.60,0.34,338.00,999.00,16.25,1031.80,19.44,0.19
2026-06-07T11:57:51,1,3.68,704.60,0.34,338.00,999.00,16.24,1031.60,19.44,0.18
2026-06-07T11:57:51,1,3.68,704.60,0.34,338.00,999.00,16.24,1031.30,19.44,0.18
2026-06-07T11:57:51,1,3.70,695.00,0.34,334.00,999.00,16.24,1031.50,19.44,0.18
2026-06-07T11:57:51,1,3.71,695.00,0.34,334.00,999.00,16.22,1031.20,19.44,0.18
2026-06-07T11:57:51,1,3.70,695.00,0.34,334.00,999.00,16.21,1031.60,19.44,0.18
2026-06-07T11:57:52,1,3.70,695.00,0.34,334.00,999.00,16.21,1031.50,19.44,0.18
2026-06-07T11:57:52,1,3.69,694.30,0.34,333.00,999.00,16.20,1031.40,19.44,0.18
2026-06-07T11:57:52,1,3.70,694.30,0.34,333.00,999.00,16.20,1031.20,19.44,0.18
2026-06-07T11:57:52,1,3.71,694.30,0.34,333.00,999.00,16.20,1031.00,19.44,0.18
2026-06-07T11:57:53,1,3.68,694.30,0.34,333.00,999.00,16.20,1031.60,19.44,0.18
2026-06-07T11:57:53,1,3.70,694.30,0.34,333.00,999.00,16.20,1031.50,19.44,0.18
2026-06-07T11:57:53,1,3.69,685.40,0.33,329.00,999.00,16.19,1031.30,19.44,0.18
2026-06-07T11:57:53,1,3.71,685.40,0.33,329.00,999.00,16.19,1031.10,19.44,0.18
2026-06-07T11:57:53,1,3.71,685.40,0.33,329.00,999.00,16.20,1031.40,19.43,0.18
2026-06-07T11:57:54,1,3.68,685.40,0.33,329.00,999.00,16.20,1031.50,19.43,0.18
2026-06-07T11:57:54,1,3.70,685.40,0.33,329.00,999.00,16.20,1031.20,19.43,0.18
2026-06-07T11:57:54,1,3.69,687.80,0.34,330.00,999.00,16.21,1031.70,19.44,0.19
2026-06-07T11:57:54,1,3.70,687.80,0.34,330.00,999.00,16.22,1031.10,19.43,0.18
2026-06-07T11:57:54,1,3.70,687.80,0.34,330.00,999.00,16.23,1030.90,19.44,0.18
2026-06-07T11:57:55,1,3.70,687.80,0.34,330.00,999.00,16.23,1031.80,19.44,0.19
2026-06-07T11:57:55,1,3.69,687.80,0.34,330.00,999.00,16.24,1031.70,19.44,0.19
2026-06-07T11:57:55,1,3.71,696.30,0.34,334.00,999.00,16.25,1031.20,19.44,0.18
2026-06-07T11:57:55,1,3.71,696.30,0.34,334.00,999.00,16.25,1031.30,19.44,0.18
2026-06-07T11:57:55,1,3.68,696.30,0.34,334.00,999.00,16.26,1031.50,19.42,0.18
2026-06-07T11:57:56,1,3.69,696.30,0.34,334.00,999.00,16.26,1031.10,19.43,0.18
2026-06-07T11:57:56,1,3.71,690.20,0.34,331.00,999.00,16.26,1031.40,19.43,0.18
2026-06-07T11:57:56,1,3.70,690.20,0.34,331.00,999.00,16.26,1031.30,19.44,0.18
2026-06-07T11:57:56,1,3.70,690.20,0.34,331.00,999.00,16.26,1031.40,19.43,0.18
2026-06-07T11:57:57,1,3.70,690.20,0.34,331.00,999.00,16.26,1031.70,19.43,0.19
2026-06-07T11:57:57,1,3.68,690.20,0.34,331.00,999.00,16.27,1031.20,19.44,0.18
2026-06-07T11:57:57,1,3.71,691.60,0.34,332.00,999.00,16.26,1031.00,19.43,0.18
2026-06-07T11:57:57,1,3.72,691.60,0.34,332.00,999.00,16.26,1031.30,19.44,0.18
2026-06-07T11:57:57,1,3.72,691.60,0.34,332.00,999.00,16.26,1031.20,19.44,0.18
2026-06-07T11:57:58,1,3.70,691.60,0.34,332.00,999.00,16.26,1031.70,19.44,0.19
2026-06-07T11:57:58,1,3.70,691.60,0.34,332.00,999.00,16.26,1031.10,19.44,0.18
2026-06-07T11:57:58,1,3.70,691.70,0.34,332.00,999.00,16.24,1030.90,19.44,0.18
2026-06-07T11:57:58,1,3.71,691.70,0.34,332.00,999.00,16.23,1031.10,19.44,0.18
2026-06-07T11:57:58,1,3.70,691.70,0.34,332.00,999.00,16.23,1031.50,19.44,0.18
2026-06-07T11:57:59,1,3.70,691.70,0.34,332.00,999.00,16.22,1031.70,19.44,0.19
2026-06-07T11:57:59,1,3.70,682.80,0.33,328.00,999.00,16.21,1031.50,19.44,0.18
2026-06-07T11:57:59,1,3.69,682.80,0.33,328.00,999.00,16.20,1031.30,19.44,0.18
2026-06-07T11:57:59,1,3.71,682.80,0.33,328.00,999.00,16.20,1031.40,19.44,0.18
2026-06-07T11:57:59,1,3.71,682.80,0.33,328.00,999.00,16.20,1031.20,19.44,0.18
2026-06-07T11:58:00,1,3.69,682.80,0.33,328.00,999.00,16.21,1031.30,19.44,0.18
2026-06-07T11:58:00,1,3.70,686.20,0.33,329.00,999.00,16.20,1030.90,19.44,0.18
2026-06-07T11:58:00,1,3.70,686.20,0.33,329.00,999.00,16.21,1031.00,19.44,0.18
2026-06-07T11:58:00,1,3.68,686.20,0.33,329.00,999.00,16.22,1031.20,19.44,0.18
2026-06-07T11:58:00,1,3.70,686.20,0.33,329.00,999.00,16.23,1031.00,19.44,0.18
2026-06-07T11:58:01,1,3.66,686.20,0.33,329.00,999.00,16.24,1031.10,19.44,0.18
2026-06-07T11:58:01,1,3.71,684.60,0.33,329.00,999.00,16.24,1030.90,19.44,0.18
2026-06-07T11:58:01,1,3.70,684.60,0.33,329.00,999.00,16.25,1031.60,19.44,0.18
2026-06-07T11:58:01,1,3.71,684.60,0.33,329.00,999.00,16.26,1031.40,19.43,0.18
2026-06-07T11:58:01,1,3.70,684.60,0.33,329.00,999.00,16.26,1030.90,19.44,0.18
2026-06-07T11:58:02,1,3.70,684.60,0.33,329.00,999.00,16.26,1031.50,19.43,0.18
2026-06-07T11:58:02,1,3.70,685.50,0.33,329.00,999.00,16.27,1031.00,19.44,0.18
2026-06-07T11:58:02,1,3.70,685.50,0.33,329.00,999.00,16.28,1031.40,19.44,0.18
2026-06-07T11:58:02,1,3.69,685.50,0.33,329.00,999.00,16.29,1031.20,19.44,0.18
2026-06-07T11:58:02,1,3.71,685.50,0.33,329.00,999.00,16.31,1031.50,19.44,0.18
2026-06-07T11:58:03,1,3.66,685.50,0.33,329.00,999.00,16.31,1031.60,19.44,0.18
2026-06-07T11:58:03,1,3.72,688.50,0.34,330.00,999.00,16.32,1031.40,19.44,0.18
2026-06-07T11:58:03,1,3.71,688.50,0.34,330.00,999.00,16.33,1031.20,19.44,0.18
2026-06-07T11:58:03,1,3.71,688.50,0.34,330.00,999.00,16.33,1031.00,19.44,0.18
2026-06-07T11:58:04,1,3.68,688.50,0.34,330.00,999.00,16.33,1031.60,19.44,0.18
2026-06-07T11:58:04,1,3.68,684.10,0.33,328.00,999.00,16.33,1030.70,19.44,0.18
2026-06-07T11:58:04,1,3.69,684.10,0.33,328.00,999.00,16.34,1030.90,19.44,0.18
2026-06-07T11:58:04,1,3.71,684.10,0.33,328.00,999.00,16.34,1031.50,19.44,0.18
2026-06-07T11:58:04,1,3.70,684.10,0.33,328.00,999.00,16.34,1031.00,19.44,0.18
2026-06-07T11:58:05,1,3.70,684.10,0.33,328.00,999.00,16.34,1031.00,19.44,0.18
2026-06-07T11:58:05,1,3.72,688.80,0.34,331.00,999.00,16.34,1031.30,19.44,0.18
2026-06-07T11:58:05,1,3.70,688.80,0.34,331.00,999.00,16.33,1030.90,19.43,0.18
2026-06-07T11:58:05,1,3.70,688.80,0.34,331.00,999.00,16.34,1031.80,19.44,0.19
2026-06-07T11:58:05,1,3.68,688.80,0.34,331.00,999.00,16.34,1031.10,19.44,0.18
2026-06-07T11:58:06,1,3.68,688.80,0.34,331.00,999.00,16.33,1031.00,19.44,0.18
2026-06-07T11:58:06,1,3.68,687.30,0.33,330.00,999.00,16.33,1031.50,19.44,0.18
2026-06-07T11:58:06,1,3.70,687.30,0.33,330.00,999.00,16.33,1030.90,19.44,0.18
2026-06-07T11:58:06,1,3.70,687.30,0.33,330.00,999.00,16.33,1031.10,19.44,0.18
2026-06-07T11:58:06,1,3.68,687.30,0.33,330.00,999.00,16.33,1031.10,19.43,0.18
2026-06-07T11:58:07,1,3.69,688.20,0.34,330.00,999.00,16.33,1031.20,19.43,0.18
2026-06-07T11:58:07,1,3.68,688.20,0.34,330.00,999.00,16.33,1031.20,19.43,0.18
2026-06-07T11:58:07,1,3.71,688.20,0.34,330.00,999.00,16.33,1031.10,19.44,0.18
2026-06-07T11:58:07,1,3.68,688.20,0.34,330.00,999.00,16.33,1030.90,19.44,0.18
2026-06-07T11:58:07,1,3.69,688.20,0.34,330.00,999.00,16.33,1031.40,19.43,0.18
2026-06-07T11:58:08,1,3.70,689.90,0.34,331.00,999.00,16.32,1031.40,19.44,0.18
2026-06-07T11:58:08,1,3.71,689.90,0.34,331.00,999.00,16.33,1031.10,19.44,0.18
2026-06-07T11:58:08,1,3.68,689.90,0.34,331.00,999.00,16.32,1031.20,19.43,0.18
2026-06-07T11:58:08,1,3.71,689.90,0.34,331.00,999.00,16.32,1031.20,19.44,0.18
2026-06-07T11:58:09,1,3.68,689.90,0.34,331.00,999.00,16.32,1031.20,19.44,0.18
2026-06-07T11:58:09,1,3.70,684.60,0.33,329.00,999.00,16.31,1031.70,19.43,0.19
2026-06-07T11:58:09,1,3.70,684.60,0.33,329.00,999.00,16.31,1030.90,19.44,0.18
2026-06-07T11:58:09,1,3.69,684.60,0.33,329.00,999.00,16.31,1031.20,19.43,0.18
2026-06-07T11:58:09,1,3.70,684.60,0.33,329.00,999.00,16.31,1030.70,19.44,0.18
2026-06-07T11:58:10,1,3.70,684.60,0.33,329.00,999.00,16.31,1031.50,19.43,0.18
2026-06-07T11:58:10,1,3.69,690.00,0.34,331.00,999.00,16.31,1031.20,19.43,0.18
2026-06-07T11:58:10,1,3.70,690.00,0.34,331.00,999.00,16.30,1030.60,19.44,0.17
2026-06-07T11:58:10,1,3.70,690.00,0.34,331.00,999.00,16.29,1031.00,19.44,0.18
2026-06-07T11:58:10,1,3.68,690.00,0.34,331.00,999.00,16.28,1031.10,19.44,0.18
2026-06-07T11:58:11,1,3.71,684.60,0.33,329.00,999.00,16.28,1031.00,19.44,0.18
2026-06-07T11:58:11,1,3.70,684.60,0.33,329.00,999.00,16.28,1030.60,19.44,0.17
2026-06-07T11:58:11,1,3.70,684.60,0.33,329.00,999.00,16.28,1031.10,19.44,0.18
2026-06-07T11:58:11,1,3.70,684.60,0.33,329.00,999.00,16.28,1031.20,19.44,0.18
2026-06-07T11:58:11,1,3.71,684.60,0.33,329.00,999.00,16.28,1031.00,19.44,0.18
2026-06-07T11:58:12,1,3.71,683.80,0.33,328.00,999.00,16.28,1031.20,19.44,0.18
2026-06-07T11:58:12,1,3.70,683.80,0.33,328.00,999.00,16.27,1031.10,19.44,0.18
2026-06-07T11:58:12,1,3.69,683.80,0.33,328.00,999.00,16.28,1031.30,19.44,0.18
2026-06-07T11:58:12,1,3.70,683.80,0.33,328.00,999.00,16.27,1031.10,19.44,0.18
2026-06-07T11:58:12,1,3.68,683.80,0.33,328.00,999.00,16.27,1030.90,19.44,0.18
2026-06-07T11:58:13,1,3.69,684.50,0.33,329.00,999.00,16.28,1031.30,19.44,0.18
2026-06-07T11:58:13,1,3.68,684.50,0.33,329.00,999.00,16.28,1031.30,19.44,0.18
2026-06-07T11:58:13,1,3.68,684.50,0.33,329.00,999.00,16.29,1031.00,19.44,0.18
2026-06-07T11:58:13,1,3.68,684.50,0.33,329.00,999.00,16.30,1030.50,19.44,0.17
2026-06-07T11:58:13,1,3.70,684.50,0.33,329.00,999.00,16.31,1031.30,19.44,0.18
2026-06-07T11:58:14,1,3.71,680.00,0.33,326.00,999.00,16.31,1031.10,19.44,0.18
2026-06-07T11:58:14,1,3.71,680.00,0.33,326.00,999.00,16.32,1030.80,19.44,0.18
2026-06-07T11:58:14,1,3.72,680.00,0.33,326.00,999.00,16.33,1031.10,19.44,0.18
2026-06-07T11:58:14,1,3.69,680.00,0.33,326.00,999.00,16.33,1030.70,19.44,0.18
2026-06-07T11:58:15,1,3.68,684.50,0.33,329.00,999.00,16.34,1031.70,19.44,0.19
2026-06-07T11:58:15,1,3.71,684.50,0.33,329.00,999.00,16.34,1031.30,19.44,0.18
2026-06-07T11:58:15,1,3.71,684.50,0.33,329.00,999.00,16.36,1031.30,19.44,0.18
2026-06-07T11:58:15,1,3.69,684.50,0.33,329.00,999.00,16.36,1031.00,19.44,0.18
2026-06-07T11:58:15,1,3.68,684.50,0.33,329.00,999.00,16.36,1031.30,19.44,0.18
2026-06-07T11:58:16,1,3.70,684.40,0.33,329.00,999.00,16.38,1030.60,19.44,0.17
2026-06-07T11:58:16,1,3.71,684.40,0.33,329.00,999.00,16.39,1031.00,19.44,0.18
2026-06-07T11:58:16,1,3.72,684.40,0.33,329.00,999.00,16.40,1030.80,19.44,0.18
2026-06-07T11:58:16,1,3.69,684.40,0.33,329.00,999.00,16.40,1030.90,19.44,0.18
2026-06-07T11:58:16,1,3.70,684.40,0.33,329.00,999.00,16.40,1031.20,19.44,0.18
2026-06-07T11:58:17,1,3.70,683.00,0.33,328.00,999.00,16.41,1031.00,19.44,0.18
2026-06-07T11:58:17,1,3.71,683.00,0.33,328.00,999.00,16.42,1031.10,19.44,0.18
2026-06-07T11:58:17,1,3.68,683.00,0.33,328.00,999.00,16.43,1031.20,19.44,0.18
2026-06-07T11:58:17,1,3.70,683.00,0.33,328.00,999.00,16.41,1030.80,19.44,0.18
2026-06-07T11:58:17,1,3.68,683.00,0.33,328.00,999.00,16.40,1030.90,19.44,0.18
2026-06-07T11:58:18,1,3.70,684.10,0.33,328.00,999.00,16.40,1030.80,19.44,0.18
2026-06-07T11:58:18,1,3.69,684.10,0.33,328.00,999.00,16.40,1030.80,19.44,0.18
2026-06-07T11:58:18,1,3.71,684.10,0.33,328.00,999.00,16.41,1031.10,19.44,0.18
2026-06-07T11:58:18,1,3.68,684.10,0.33,328.00,999.00,16.42,1031.00,19.44,0.18
2026-06-07T11:58:18,1,3.70,684.10,0.33,328.00,999.00,16.43,1030.90,19.44,0.18
2026-06-07T11:58:19,1,3.71,680.20,0.33,326.00,999.00,16.44,1031.20,19.44,0.18
2026-06-07T11:58:19,1,3.69,680.20,0.33,326.00,999.00,16.45,1031.10,19.44,0.18
2026-06-07T11:58:19,1,3.71,680.20,0.33,326.00,999.00,16.45,1031.10,19.44,0.18
2026-06-07T11:58:19,1,3.68,680.20,0.33,326.00,999.00,16.46,1031.10,19.44,0.18
2026-06-07T11:58:20,1,3.71,683.20,0.33,328.00,999.00,16.47,1031.00,19.43,0.18
2026-06-07T11:58:20,1,3.71,683.20,0.33,328.00,999.00,16.47,1031.10,19.44,0.18
2026-06-07T11:58:20,1,3.71,683.20,0.33,328.00,999.00,16.47,1030.60,19.44,0.17
2026-06-07T11:58:20,1,3.70,683.20,0.33,328.00,999.00,16.47,1031.00,19.44,0.18
2026-06-07T11:58:20,1,3.71,683.20,0.33,328.00,999.00,16.48,1030.80,19.44,0.18
2026-06-07T11:58:21,1,3.71,683.30,0.33,328.00,999.00,16.47,1031.10,19.43,0.18
2026-06-07T11:58:21,1,3.68,683.30,0.33,328.00,999.00,16.47,1030.60,19.44,0.17
2026-06-07T11:58:21,1,3.69,683.30,0.33,328.00,999.00,16.47,1030.60,19.44,0.17
2026-06-07T11:58:21,1,3.69,683.30,0.33,328.00,999.00,16.47,1030.70,19.44,0.18
2026-06-07T11:58:21,1,3.68,683.30,0.33,328.00,999.00,16.47,1030.90,19.44,0.18
2026-06-07T11:58:22,1,3.71,681.90,0.33,327.00,999.00,16.46,1031.20,19.44,0.18
2026-06-07T11:58:22,1,3.72,681.90,0.33,327.00,999.00,16.46,1031.10,19.44,0.18
2026-06-07T11:58:22,1,3.70,681.90,0.33,327.00,999.00,16.45,1031.30,19.44,0.18
2026-06-07T11:58:22,1,3.70,681.90,0.33,327.00,999.00,16.45,1030.80,19.44,0.18
2026-06-07T11:58:22,1,3.70,684.70,0.33,329.00,999.00,16.44,1030.50,19.44,0.17
2026-06-07T11:58:23,1,3.71,684.70,0.33,329.00,999.00,16.43,1031.10,19.44,0.18
2026-06-07T11:58:23,1,3.71,684.70,0.33,329.00,999.00,16.42,1030.80,19.44,0.18
2026-06-07T11:58:23,1,3.70,684.70,0.33,329.00,999.00,16.41,1030.20,19.44,0.17
2026-06-07T11:58:23,1,3.70,684.70,0.33,329.00,999.00,16.40,1031.20,19.44,0.18
2026-06-07T11:58:23,1,3.69,679.80,0.33,326.00,999.00,16.40,1031.20,19.44,0.18
2026-06-07T11:58:24,1,3.71,679.80,0.33,326.00,999.00,16.40,1031.10,19.44,0.18
2026-06-07T11:58:24,1,3.70,679.80,0.33,326.00,999.00,16.39,1031.00,19.44,0.18
2026-06-07T11:58:24,1,3.68,679.80,0.33,326.00,999.00,16.39,1031.00,19.44,0.18
2026-06-07T11:58:24,1,3.68,679.80,0.33,326.00,999.00,16.38,1030.80,19.44,0.18
2026-06-07T11:58:24,1,3.70,678.10,0.33,325.00,999.00,16.37,1031.20,19.44,0.18
2026-06-07T11:58:25,1,3.70,678.10,0.33,325.00,999.00,16.37,1030.90,19.44,0.18
2026-06-07T11:58:25,1,3.72,678.10,0.33,325.00,999.00,16.36,1030.90,19.44,0.18
2026-06-07T11:58:25,1,3.67,678.10,0.33,325.00,999.00,16.36,1031.40,19.44,0.18
2026-06-07T11:58:25,1,3.70,678.10,0.33,325.00,999.00,16.35,1031.00,19.44,0.18
2026-06-07T11:58:26,1,3.68,681.50,0.33,327.00,999.00,16.34,1030.70,19.44,0.18
2026-06-07T11:58:26,1,3.68,681.50,0.33,327.00,999.00,16.33,1030.60,19.44,0.17
2026-06-07T11:58:26,1,3.69,681.50,0.33,327.00,999.00,16.32,1031.10,19.44,0.18
2026-06-07T11:58:26,1,3.69,681.50,0.33,327.00,999.00,16.32,1031.10,19.44,0.18
2026-06-07T11:58:26,1,3.69,677.50,0.33,325.00,999.00,16.31,1030.80,19.45,0.18
2026-06-07T11:58:27,1,3.71,677.50,0.33,325.00,999.00,16.30,1030.70,19.44,0.18
2026-06-07T11:58:27,1,3.70,677.50,0.33,325.00,999.00,16.28,1031.00,19.44,0.18
2026-06-07T11:58:27,1,3.71,677.50,0.33,325.00,999.00,16.27,1030.30,19.44,0.17
2026-06-07T11:58:27,1,3.69,677.50,0.33,325.00,999.00,16.26,1030.90,19.45,0.18
2026-06-07T11:58:27,1,3.70,672.40,0.33,323.00,999.00,16.24,1030.60,19.44,0.17
2026-06-07T11:58:28,1,3.72,672.40,0.33,323.00,999.00,16.24,1030.30,19.44,0.17
2026-06-07T11:58:28,1,3.69,672.40,0.33,323.00,999.00,16.22,1030.80,19.44,0.18
2026-06-07T11:58:28,1,3.69,672.40,0.33,323.00,999.00,16.21,1031.00,19.44,0.18
2026-06-07T11:58:28,1,3.68,672.40,0.33,323.00,999.00,16.19,1030.60,19.44,0.17
2026-06-07T11:58:28,1,3.68,663.00,0.32,318.00,999.00,16.18,1030.90,19.44,0.18
2026-06-07T11:58:29,1,3.68,663.00,0.32,318.00,999.00,16.17,1030.60,19.43,0.17
2026-06-07T11:58:29,1,3.70,663.00,0.32,318.00,999.00,16.16,1030.30,19.44,0.17
2026-06-07T11:58:29,1,3.67,663.00,0.32,318.00,999.00,16.14,1030.60,19.44,0.17
2026-06-07T11:58:29,1,3.69,663.00,0.32,318.00,999.00,16.13,1030.90,19.44,0.18
2026-06-07T11:58:29,1,3.70,665.70,0.32,320.00,999.00,16.11,1030.20,19.44,0.17
2026-06-07T11:58:30,1,3.70,665.70,0.32,320.00,999.00,16.11,1030.70,19.44,0.18
2026-06-07T11:58:30,1,3.71,665.70,0.32,320.00,999.00,16.10,1030.50,19.43,0.17
2026-06-07T11:58:30,1,3.70,665.70,0.32,320.00,999.00,16.09,1030.90,19.43,0.18
2026-06-07T11:58:30,1,3.72,665.70,0.32,320.00,999.00,16.07,1030.90,19.43,0.18
2026-06-07T11:58:30,1,3.68,664.10,0.32,319.00,999.00,16.06,1030.50,19.43,0.17
2026-06-07T11:58:31,1,3.71,664.10,0.32,319.00,999.00,16.05,1030.60,19.43,0.17
2026-06-07T11:58:31,1,3.68,664.10,0.32,319.00,999.00,16.04,1030.50,19.43,0.17
2026-06-07T11:58:31,1,3.68,664.10,0.32,319.00,999.00,16.03,1030.60,19.43,0.17
2026-06-07T11:58:31,1,3.69,661.30,0.32,317.00,999.00,16.02,1030.80,19.42,0.18
2026-06-07T11:58:31,1,3.70,661.30,0.32,317.00,999.00,16.02,1030.80,19.43,0.18
2026-06-07T11:58:32,1,3.70,661.30,0.32,317.00,999.00,16.01,1031.00,19.43,0.18
2026-06-07T11:58:32,1,3.71,661.30,0.32,317.00,999.00,16.00,1030.90,19.43,0.18
2026-06-07T11:58:32,1,3.69,661.30,0.32,317.00,999.00,16.00,1031.30,19.43,0.18
2026-06-07T11:58:32,1,3.69,662.70,0.32,318.00,999.00,15.99,1030.80,19.42,0.18
2026-06-07T11:58:33,1,3.70,662.70,0.32,318.00,999.00,15.98,1030.70,19.42,0.18
2026-06-07T11:58:33,1,3.68,662.70,0.32,318.00,999.00,15.97,1031.00,19.42,0.18
2026-06-07T11:58:33,1,3.68,662.70,0.32,318.00,999.00,15.97,1030.70,19.42,0.18
2026-06-07T11:58:33,1,3.69,659.10,0.32,316.00,999.00,15.97,1030.70,19.41,0.18
2026-06-07T11:58:33,1,3.72,659.10,0.32,316.00,999.00,15.96,1030.80,19.42,0.18
2026-06-07T11:58:34,1,3.71,659.10,0.32,316.00,999.00,15.95,1030.50,19.42,0.17
2026-06-07T11:58:34,1,3.68,659.10,0.32,316.00,999.00,15.94,1030.40,19.42,0.17
2026-06-07T11:58:34,1,3.71,659.10,0.32,316.00,999.00,15.95,1031.20,19.42,0.18
2026-06-07T11:58:34,1,3.71,656.30,0.32,315.00,999.00,15.94,1030.40,19.42,0.17
2026-06-07T11:58:34,1,3.69,656.30,0.32,315.00,999.00,15.94,1030.70,19.42,0.18
2026-06-07T11:58:35,1,3.69,656.30,0.32,315.00,999.00,15.94,1030.60,19.42,0.17
2026-06-07T11:58:35,1,3.70,656.30,0.32,315.00,999.00,15.94,1030.30,19.42,0.17
2026-06-07T11:58:35,1,3.70,656.30,0.32,315.00,999.00,15.94,1030.60,19.41,0.17
2026-06-07T11:58:35,1,3.70,654.30,0.32,314.00,999.00,15.94,1030.30,19.42,0.17
2026-06-07T11:58:36,1,3.72,654.30,0.32,314.00,999.00,15.94,1030.40,19.41,0.17
2026-06-07T11:58:36,1,3.71,654.30,0.32,314.00,999.00,15.95,1031.00,19.42,0.18
2026-06-07T11:58:36,1,3.73,654.30,0.32,314.00,999.00,15.95,1030.70,19.42,0.18
2026-06-07T11:58:36,1,3.70,654.30,0.32,314.00,999.00,15.94,1030.60,19.41,0.17
2026-06-07T11:58:36,1,3.68,653.50,0.32,314.00,999.00,15.95,1030.20,19.42,0.17
2026-06-07T11:58:37,1,3.71,653.50,0.32,314.00,999.00,15.95,1030.70,19.41,0.18
2026-06-07T11:58:37,1,3.69,653.50,0.32,314.00,999.00,15.95,1030.50,19.42,0.17
2026-06-07T11:58:37,1,3.71,653.50,0.32,314.00,999.00,15.95,1030.90,19.41,0.18
2026-06-07T11:58:37,1,3.68,653.50,0.32,314.00,999.00,15.95,1030.90,19.41,0.18
2026-06-07T11:58:37,1,3.71,652.70,0.32,313.00,999.00,15.94,1030.40,19.41,0.17
2026-06-07T11:58:38,1,3.68,652.70,0.32,313.00,999.00,15.95,1030.30,19.41,0.17
2026-06-07T11:58:38,1,3.70,652.70,0.32,313.00,999.00,15.95,1030.30,19.41,0.17
2026-06-07T11:58:38,1,3.68,652.70,0.32,313.00,999.00,15.95,1030.60,19.41,0.17
2026-06-07T11:58:38,1,3.70,648.70,0.32,311.00,999.00,15.96,1030.00,19.41,0.17
2026-06-07T11:58:38,1,3.69,648.70,0.32,311.00,999.00,15.96,1030.60,19.41,0.17
2026-06-07T11:58:39,1,3.71,648.70,0.32,311.00,999.00,15.96,1030.30,19.41,0.17
2026-06-07T11:58:39,1,3.70,648.70,0.32,311.00,999.00,15.97,1030.10,19.41,0.17
2026-06-07T11:58:39,1,3.69,648.70,0.32,311.00,999.00,15.97,1030.30,19.41,0.17
2026-06-07T11:58:39,1,3.70,651.40,0.32,313.00,999.00,15.97,1030.90,19.41,0.18
2026-06-07T11:58:39,1,3.69,651.40,0.32,313.00,999.00,15.97,1030.70,19.41,0.18
2026-06-07T11:58:40,1,3.70,651.40,0.32,313.00,999.00,15.97,1030.40,19.41,0.17
2026-06-07T11:58:40,1,3.70,651.40,0.32,313.00,999.00,15.96,1030.50,19.41,0.17
2026-06-07T11:58:40,1,3.71,651.40,0.32,313.00,999.00,15.96,1030.70,19.41,0.18
2026-06-07T11:58:40,1,3.70,651.10,0.32,313.00,999.00,15.96,1030.40,19.41,0.17
2026-06-07T11:58:40,1,3.71,651.10,0.32,313.00,999.00,15.94,1030.30,19.41,0.17
2026-06-07T11:58:41,1,3.70,651.10,0.32,313.00,999.00,15.94,1030.30,19.41,0.17
2026-06-07T11:58:41,1,3.71,651.10,0.32,313.00,999.00,15.94,1030.40,19.41,0.17
2026-06-07T11:58:41,1,3.66,651.10,0.32,313.00,999.00,15.94,1030.30,19.41,0.17
2026-06-07T11:58:41,1,3.71,649.70,0.32,312.00,999.00,15.93,1030.00,19.41,0.17
2026-06-07T11:58:41,1,3.72,649.70,0.32,312.00,999.00,15.93,1030.70,19.41,0.18
2026-06-07T11:58:42,1,3.70,649.70,0.32,312.00,999.00,15.93,1030.50,19.41,0.17
2026-06-07T11:58:42,1,3.69,649.70,0.32,312.00,999.00,15.93,1030.50,19.41,0.17
2026-06-07T11:58:42,1,3.70,650.40,0.32,312.00,999.00,15.92,1030.70,19.41,0.18
2026-06-07T11:58:42,1,3.69,650.40,0.32,312.00,999.00,15.92,1030.50,19.41,0.17
2026-06-07T11:58:43,1,3.70,650.40,0.32,312.00,999.00,15.91,1030.60,19.41,0.17
2026-06-07T11:58:43,1,3.69,650.40,0.32,312.00,999.00,15.90,1030.30,19.41,0.17
2026-06-07T11:58:43,1,3.69,650.40,0.32,312.00,999.00,15.90,1030.50,19.40,0.17
2026-06-07T11:58:43,1,3.71,650.40,0.32,312.00,999.00,15.90,1030.50,19.40,0.17
2026-06-07T11:58:43,1,3.69,650.40,0.32,312.00,999.00,15.90,1030.30,19.40,0.17
2026-06-07T11:58:44,1,3.71,650.40,0.32,312.00,999.00,15.89,1030.60,19.40,0.17
2026-06-07T11:58:44,1,3.67,650.40,0.32,312.00,999.00,15.89,1030.40,19.40,0.17
2026-06-07T11:58:44,1,3.70,650.40,0.32,312.00,999.00,15.89,1030.20,19.40,0.17
2026-06-07T11:58:44,1,3.70,648.90,0.32,311.00,999.00,15.89,1030.00,19.40,0.17
2026-06-07T11:58:44,1,3.70,648.90,0.32,311.00,999.00,15.89,1030.70,19.40,0.18
2026-06-07T11:58:45,1,3.71,648.90,0.32,311.00,999.00,15.89,1030.30,19.40,0.17
2026-06-07T11:58:45,1,3.68,648.90,0.32,311.00,999.00,15.89,1030.50,19.40,0.17
2026-06-07T11:58:45,1,3.68,648.90,0.32,311.00,999.00,15.89,1030.00,19.40,0.17
2026-06-07T11:58:45,1,3.68,647.40,0.31,311.00,999.00,15.90,1030.30,19.40,0.17
2026-06-07T11:58:45,1,3.70,647.40,0.31,311.00,999.00,15.89,1030.00,19.39,0.17
2026-06-07T11:58:46,1,3.66,647.40,0.31,311.00,999.00,15.90,1029.90,19.39,0.17
2026-06-07T11:58:46,1,3.70,647.40,0.31,311.00,999.00,15.90,1030.80,19.39,0.18
2026-06-07T11:58:46,1,3.70,642.60,0.31,308.00,999.00,15.90,1030.60,19.39,0.17
2026-06-07T11:58:46,1,3.71,642.60,0.31,308.00,999.00,15.90,1030.50,19.40,0.17
2026-06-07T11:58:47,1,3.71,642.60,0.31,308.00,999.00,15.90,1030.30,19.40,0.17
2026-06-07T11:58:47,1,3.70,642.60,0.31,308.00,999.00,15.91,1030.60,19.40,0.17
2026-06-07T11:58:47,1,3.68,642.60,0.31,308.00,999.00,15.91,1030.40,19.39,0.17
2026-06-07T11:58:47,1,3.68,640.80,0.31,308.00,999.00,15.91,1030.30,19.40,0.17
2026-06-07T11:58:47,1,3.70,640.80,0.31,308.00,999.00,15.92,1030.30,19.40,0.17
2026-06-07T11:58:48,1,3.68,640.80,0.31,308.00,999.00,15.92,1030.00,19.40,0.17
2026-06-07T11:58:48,1,3.68,640.80,0.31,308.00,999.00,15.92,1030.50,19.39,0.17
2026-06-07T11:58:48,1,3.68,640.80,0.31,308.00,999.00,15.93,1030.30,19.40,0.17
2026-06-07T11:58:48,1,3.70,637.50,0.31,306.00,999.00,15.93,1030.60,19.39,0.17
2026-06-07T11:58:48,1,3.70,637.50,0.31,306.00,999.00,15.92,1030.00,19.39,0.17
2026-06-07T11:58:49,1,3.71,637.50,0.31,306.00,999.00,15.94,1030.60,19.39,0.17
2026-06-07T11:58:49,1,3.68,637.50,0.31,306.00,999.00,15.93,1029.90,19.39,0.17
2026-06-07T11:58:49,1,3.71,636.80,0.31,306.00,999.00,15.94,1030.00,19.39,0.17
2026-06-07T11:58:49,1,3.70,636.80,0.31,306.00,999.00,15.94,1030.50,19.39,0.17
2026-06-07T11:58:49,1,3.71,636.80,0.31,306.00,999.00,15.94,1030.70,19.39,0.18
2026-06-07T11:58:50,1,3.69,636.80,0.31,306.00,999.00,15.94,1030.70,19.39,0.18
2026-06-07T11:58:50,1,3.68,636.80,0.31,306.00,999.00,15.94,1030.20,19.39,0.17
2026-06-07T11:58:50,1,3.68,636.20,0.31,305.00,999.00,15.94,1030.50,19.39,0.17
2026-06-07T11:58:50,1,3.71,636.20,0.31,305.00,999.00,15.94,1030.10,19.39,0.17
2026-06-07T11:58:50,1,3.68,636.20,0.31,305.00,999.00,15.94,1029.90,19.39,0.17
2026-06-07T11:58:51,1,3.69,636.20,0.31,305.00,999.00,15.95,1030.60,19.39,0.17
2026-06-07T11:58:51,1,3.69,636.20,0.31,305.00,999.00,15.95,1030.30,19.39,0.17
2026-06-07T11:58:51,1,3.71,633.70,0.31,304.00,999.00,15.96,1030.20,19.39,0.17
2026-06-07T11:58:51,1,3.68,633.70,0.31,304.00,999.00,15.95,1030.40,19.39,0.17
2026-06-07T11:58:51,1,3.68,633.70,0.31,304.00,999.00,15.95,1030.40,19.39,0.17
2026-06-07T11:58:52,1,3.70,633.70,0.31,304.00,999.00,15.95,1030.10,19.39,0.17
2026-06-07T11:58:52,1,3.68,633.70,0.31,304.00,999.00,15.95,1030.40,19.39,0.17
2026-06-07T11:58:52,1,3.72,634.60,0.31,305.00,999.00,15.96,1030.20,19.39,0.17
2026-06-07T11:58:52,1,3.71,634.60,0.31,305.00,999.00,15.95,1030.20,19.39,0.17
2026-06-07T11:58:52,1,3.71,634.60,0.31,305.00,999.00,15.95,1030.20,19.39,0.17
2026-06-07T11:58:53,1,3.69,634.60,0.31,305.00,999.00,15.95,1030.20,19.39,0.17
2026-06-07T11:58:53,1,3.68,634.60,0.31,305.00,999.00,15.95,1030.30,19.39,0.17
2026-06-07T11:58:53,1,3.69,632.50,0.31,304.00,999.00,15.95,1030.30,19.39,0.17
2026-06-07T11:58:53,1,3.69,632.50,0.31,304.00,999.00,15.95,1030.50,19.39,0.17
2026-06-07T11:58:54,1,3.70,632.50,0.31,304.00,999.00,15.95,1029.90,19.39,0.17
2026-06-07T11:58:54,1,3.70,632.50,0.31,304.00,999.00,15.94,1030.00,19.39,0.17
2026-06-07T11:58:54,1,3.68,629.00,0.31,302.00,999.00,15.95,1030.60,19.39,0.17
2026-06-07T11:58:54,1,3.68,629.00,0.31,302.00,999.00,15.95,1030.10,19.39,0.17
2026-06-07T11:58:54,1,3.67,629.00,0.31,302.00,999.00,15.95,1030.30,19.39,0.17
2026-06-07T11:58:55,1,3.70,629.00,0.31,302.00,999.00,15.94,1030.40,19.39,0.17
2026-06-07T11:58:55,1,3.71,629.00,0.31,302.00,999.00,15.94,1030.00,19.39,0.17
2026-06-07T11:58:55,1,3.71,628.30,0.31,302.00,999.00,15.94,1030.20,19.39,0.17
2026-06-07T11:58:55,1,3.71,628.30,0.31,302.00,999.00,15.93,1030.20,19.39,0.17
2026-06-07T11:58:55,1,3.70,628.30,0.31,302.00,999.00,15.94,1030.30,19.39,0.17
2026-06-07T11:58:56,1,3.71,628.30,0.31,302.00,999.00,15.93,1030.20,19.38,0.17
2026-06-07T11:58:56,1,3.69,628.30,0.31,302.00,999.00,15.94,1030.40,19.39,0.17
2026-06-07T11:58:56,1,3.69,625.80,0.30,300.00,999.00,15.95,1030.20,19.39,0.17
2026-06-07T11:58:56,1,3.68,625.80,0.30,300.00,999.00,15.94,1030.30,19.39,0.17
2026-06-07T11:58:56,1,3.69,625.80,0.30,300.00,999.00,15.94,1030.30,19.39,0.17
2026-06-07T11:58:57,1,3.68,625.80,0.30,300.00,999.00,15.94,1030.00,19.39,0.17
2026-06-07T11:58:57,1,3.66,625.80,0.30,300.00,999.00,15.95,1030.50,19.39,0.17
2026-06-07T11:58:57,1,3.70,624.30,0.30,300.00,999.00,15.94,1029.80,19.39,0.17
2026-06-07T11:58:57,1,3.68,624.30,0.30,300.00,999.00,15.95,1030.40,19.38,0.17
2026-06-07T11:58:57,1,3.69,624.30,0.30,300.00,999.00,15.95,1030.50,19.39,0.17
2026-06-07T11:58:58,1,3.68,624.30,0.30,300.00,999.00,15.95,1030.10,19.39,0.17
2026-06-07T11:58:58,1,3.69,622.00,0.30,299.00,999.00,15.96,1029.70,19.39,0.17
2026-06-07T11:58:58,1,3.68,622.00,0.30,299.00,999.00,15.96,1030.20,19.38,0.17
2026-06-07T11:58:58,1,3.70,622.00,0.30,299.00,999.00,15.96,1030.40,19.38,0.17
2026-06-07T11:58:59,1,3.68,622.00,0.30,299.00,999.00,15.97,1030.40,19.37,0.17
2026-06-07T11:58:59,1,3.70,622.00,0.30,299.00,999.00,15.96,1030.10,19.38,0.17
2026-06-07T11:58:59,1,3.71,623.30,0.30,299.00,999.00,15.97,1029.90,19.38,0.17
2026-06-07T11:58:59,1,3.71,623.30,0.30,299.00,999.00,15.97,1030.10,19.38,0.17
2026-06-07T11:58:59,1,3.69,623.30,0.30,299.00,999.00,15.97,1030.10,19.38,0.17
2026-06-07T11:59:00,1,3.68,623.30,0.30,299.00,999.00,15.97,1030.30,19.38,0.17
2026-06-07T11:59:00,1,3.71,623.30,0.30,299.00,999.00,15.98,1030.30,19.38,0.17
2026-06-07T11:59:00,1,3.69,623.70,0.30,299.00,999.00,15.99,1030.00,19.38,0.17
2026-06-07T11:59:00,1,3.69,623.70,0.30,299.00,999.00,15.98,1030.20,19.38,0.17
2026-06-07T11:59:00,1,3.66,623.70,0.30,299.00,999.00,16.00,1030.30,19.39,0.17
2026-06-07T11:59:01,1,3.69,623.70,0.30,299.00,999.00,15.99,1030.10,19.38,0.17
2026-06-07T11:59:01,1,3.68,623.70,0.30,299.00,999.00,15.99,1030.00,19.39,0.17
2026-06-07T11:59:01,1,3.68,623.70,0.30,299.00,999.00,15.99,1030.00,19.38,0.17
2026-06-07T11:59:01,1,3.71,623.70,0.30,299.00,999.00,15.99,1030.40,19.38,0.17
2026-06-07T11:59:01,1,3.70,623.70,0.30,299.00,999.00,15.99,1030.20,19.39,0.17
2026-06-07T11:59:02,1,3.71,623.70,0.30,299.00,999.00,15.99,1030.50,19.39,0.17
2026-06-07T11:59:02,1,3.70,622.50,0.30,299.00,999.00,15.99,1029.70,19.39,0.17
2026-06-07T11:59:02,1,3.71,622.50,0.30,299.00,999.00,16.00,1030.10,19.39,0.17
2026-06-07T11:59:02,1,3.68,622.50,0.30,299.00,999.00,16.00,1030.30,19.39,0.17
2026-06-07T11:59:02,1,3.68,622.50,0.30,299.00,999.00,16.00,1030.30,19.39,0.17
2026-06-07T11:59:03,1,3.66,622.50,0.30,299.00,999.00,16.00,1029.60,19.39,0.16
2026-06-07T11:59:03,1,3.70,623.10,0.30,299.00,999.00,16.00,1029.80,19.39,0.17
2026-06-07T11:59:03,1,3.68,623.10,0.30,299.00,999.00,16.00,1030.00,19.39,0.17
2026-06-07T11:59:03,1,3.71,623.10,0.30,299.00,999.00,16.00,1030.10,19.39,0.17
2026-06-07T11:59:03,1,3.70,623.10,0.30,299.00,999.00,16.01,1030.20,19.39,0.17
2026-06-07T11:59:04,1,3.70,623.10,0.30,299.00,999.00,16.01,1030.00,19.38,0.17
2026-06-07T11:59:04,1,3.70,623.50,0.30,299.00,999.00,16.02,1029.90,19.39,0.17
2026-06-07T11:59:04,1,3.71,623.50,0.30,299.00,999.00,16.02,1030.20,19.39,0.17
2026-06-07T11:59:04,1,3.70,623.50,0.30,299.00,999.00,16.02,1029.70,19.39,0.17
2026-06-07T11:59:05,1,3.71,623.50,0.30,299.00,999.00,16.02,1030.20,19.39,0.17
2026-06-07T11:59:05,1,3.70,624.50,0.30,300.00,999.00,16.04,1030.00,19.39,0.17
2026-06-07T11:59:05,1,3.71,624.50,0.30,300.00,999.00,16.04,1030.10,19.39,0.17
2026-06-07T11:59:05,1,3.69,624.50,0.30,300.00,999.00,16.04,1030.40,19.39,0.17
2026-06-07T11:59:05,1,3.69,624.50,0.30,300.00,999.00,16.04,1030.10,19.39,0.17
2026-06-07T11:59:06,1,3.68,624.50,0.30,300.00,999.00,16.04,1030.10,19.39,0.17
2026-06-07T11:59:06,1,3.71,623.00,0.30,299.00,999.00,16.04,1030.00,19.39,0.17
2026-06-07T11:59:06,1,3.70,623.00,0.30,299.00,999.00,16.05,1030.00,19.38,0.17
2026-06-07T11:59:06,1,3.68,623.00,0.30,299.00,999.00,16.06,1029.70,19.38,0.17
2026-06-07T11:59:06,1,3.70,623.00,0.30,299.00,999.00,16.07,1029.90,19.39,0.17
2026-06-07T11:59:07,1,3.68,623.00,0.30,299.00,999.00,16.08,1030.10,19.39,0.17
2026-06-07T11:59:07,1,3.71,622.80,0.30,299.00,999.00,16.08,1029.90,19.39,0.17
2026-06-07T11:59:07,1,3.70,622.80,0.30,299.00,999.00,16.08,1030.20,19.39,0.17
2026-06-07T11:59:07,1,3.70,622.80,0.30,299.00,999.00,16.08,1030.20,19.39,0.17
2026-06-07T11:59:07,1,3.70,622.80,0.30,299.00,999.00,16.08,1030.00,19.39,0.17
2026-06-07T11:59:08,1,3.70,622.80,0.30,299.00,999.00,16.09,1030.30,19.38,0.17
2026-06-07T11:59:08,1,3.68,623.10,0.30,299.00,999.00,16.08,1029.70,19.38,0.17
2026-06-07T11:59:08,1,3.70,623.10,0.30,299.00,999.00,16.08,1030.10,19.39,0.17
2026-06-07T11:59:08,1,3.68,623.10,0.30,299.00,999.00,16.07,1030.00,19.39,0.17
2026-06-07T11:59:08,1,3.70,623.10,0.30,299.00,999.00,16.07,1030.10,19.39,0.17
2026-06-07T11:59:09,1,3.66,623.10,0.30,299.00,999.00,16.06,1030.10,19.39,0.17
2026-06-07T11:59:09,1,3.72,621.30,0.30,298.00,999.00,16.06,1029.80,19.39,0.17
2026-06-07T11:59:09,1,3.71,621.30,0.30,298.00,999.00,16.06,1030.00,19.39,0.17
2026-06-07T11:59:09,1,3.70,621.30,0.30,298.00,999.00,16.06,1030.10,19.39,0.17
2026-06-07T11:59:09,1,3.68,621.30,0.30,298.00,999.00,16.05,1030.10,19.39,0.17
2026-06-07T11:59:10,1,3.70,617.50,0.30,296.00,999.00,16.05,1030.00,19.39,0.17
2026-06-07T11:59:10,1,3.69,617.50,0.30,296.00,999.00,16.04,1030.10,19.39,0.17
2026-06-07T11:59:10,1,3.70,617.50,0.30,296.00,999.00,16.04,1029.60,19.39,0.16
2026-06-07T11:59:10,1,3.70,617.50,0.30,296.00,999.00,16.04,1030.10,19.39,0.17
2026-06-07T11:59:10,1,3.66,617.50,0.30,296.00,999.00,16.04,1029.80,19.39,0.17
2026-06-07T11:59:11,1,3.69,618.50,0.30,297.00,999.00,16.04,1030.10,19.39,0.17
2026-06-07T11:59:11,1,3.69,618.50,0.30,297.00,999.00,16.04,1030.10,19.38,0.17
2026-06-07T11:59:11,1,3.68,618.50,0.30,297.00,999.00,16.04,1029.70,19.39,0.17
2026-06-07T11:59:11,1,3.70,618.50,0.30,297.00,999.00,16.04,1029.90,19.38,0.17
2026-06-07T11:59:12,1,3.70,612.90,0.30,294.00,999.00,16.04,1029.60,19.39,0.16
2026-06-07T11:59:12,1,3.68,612.90,0.30,294.00,999.00,16.04,1029.90,19.39,0.17
2026-06-07T11:59:12,1,3.71,612.90,0.30,294.00,999.00,16.04,1029.80,19.38,0.17
2026-06-07T11:59:12,1,3.69,612.90,0.30,294.00,999.00,16.04,1029.90,19.39,0.17
2026-06-07T11:59:12,1,3.68,612.90,0.30,294.00,999.00,16.04,1030.10,19.39,0.17
2026-06-07T11:59:13,1,3.68,609.20,0.30,292.00,999.00,16.04,1029.50,19.39,0.16
2026-06-07T11:59:13,1,3.71,609.20,0.30,292.00,999.00,16.03,1030.30,19.39,0.17
2026-06-07T11:59:13,1,3.70,609.20,0.30,292.00,999.00,16.03,1029.70,19.39,0.17
2026-06-07T11:59:13,1,3.70,609.20,0.30,292.00,999.00,16.03,1029.90,19.39,0.17
2026-06-07T11:59:13,1,3.70,609.20,0.30,292.00,999.00,16.03,1030.10,19.39,0.17
2026-06-07T11:59:14,1,3.71,607.50,0.30,292.00,999.00,16.03,1029.70,19.38,0.17
2026-06-07T11:59:14,1,3.71,607.50,0.30,292.00,999.00,16.02,1029.70,19.38,0.17
2026-06-07T11:59:14,1,3.68,607.50,0.30,292.00,999.00,16.01,1029.50,19.39,0.16
2026-06-07T11:59:14,1,3.70,607.50,0.30,292.00,999.00,16.01,1029.70,19.39,0.17
2026-06-07T11:59:15,1,3.69,607.50,0.30,292.00,999.00,16.00,1029.70,19.39,0.17
2026-06-07T11:59:15,1,3.70,607.80,0.30,292.00,999.00,16.00,1029.90,19.39,0.17
2026-06-07T11:59:15,1,3.72,607.80,0.30,292.00,999.00,15.99,1030.20,19.38,0.17
2026-06-07T11:59:15,1,3.68,607.80,0.30,292.00,999.00,15.99,1030.10,19.39,0.17
2026-06-07T11:59:15,1,3.68,607.80,0.30,292.00,999.00,15.98,1029.80,19.39,0.17
2026-06-07T11:59:16,1,3.68,607.80,0.30,292.00,999.00,15.97,1029.80,19.39,0.17
2026-06-07T11:59:16,1,3.68,606.90,0.29,291.00,999.00,15.97,1029.40,19.39,0.16
2026-06-07T11:59:16,1,3.72,606.90,0.29,291.00,999.00,15.97,1029.80,19.39,0.17
2026-06-07T11:59:16,1,3.70,606.90,0.29,291.00,999.00,15.96,1029.90,19.39,0.17
2026-06-07T11:59:16,1,3.69,606.90,0.29,291.00,999.00,15.95,1029.70,19.39,0.17
2026-06-07T11:59:17,1,3.70,607.10,0.29,291.00,999.00,15.94,1029.90,19.39,0.17
2026-06-07T11:59:17,1,3.71,607.10,0.29,291.00,999.00,15.93,1029.80,19.38,0.17
2026-06-07T11:59:17,1,3.71,607.10,0.29,291.00,999.00,15.93,1029.40,19.38,0.16
2026-06-07T11:59:17,1,3.70,607.10,0.29,291.00,999.00,15.91,1029.70,19.39,0.17
2026-06-07T11:59:17,1,3.68,607.10,0.29,291.00,999.00,15.91,1029.60,19.39,0.16
2026-06-07T11:59:18,1,3.69,606.20,0.29,291.00,999.00,15.90,1029.60,19.39,0.16
2026-06-07T11:59:18,1,3.70,606.20,0.29,291.00,999.00,15.90,1029.80,19.38,0.17
2026-06-07T11:59:18,1,3.71,606.20,0.29,291.00,999.00,15.90,1029.60,19.38,0.16
2026-06-07T11:59:18,1,3.68,606.20,0.29,291.00,999.00,15.90,1029.60,19.38,0.16
2026-06-07T11:59:18,1,3.70,606.20,0.29,291.00,999.00,15.90,1029.40,19.38,0.16
2026-06-07T11:59:19,1,3.71,604.60,0.29,290.00,999.00,15.90,1030.00,19.38,0.17
2026-06-07T11:59:19,1,3.69,604.60,0.29,290.00,999.00,15.90,1029.60,19.38,0.16
2026-06-07T11:59:19,1,3.69,604.60,0.29,290.00,999.00,15.90,1029.90,19.38,0.17
2026-06-07T11:59:19,1,3.70,604.60,0.29,290.00,999.00,15.91,1029.10,19.39,0.16
2026-06-07T11:59:19,1,3.70,604.60,0.29,290.00,999.00,15.91,1029.80,19.38,0.17
2026-06-07T11:59:20,1,3.69,604.40,0.29,290.00,999.00,15.91,1030.00,19.38,0.17
2026-06-07T11:59:20,1,3.70,604.40,0.29,290.00,999.00,15.92,1029.80,19.38,0.17
2026-06-07T11:59:20,1,3.71,604.40,0.29,290.00,999.00,15.93,1030.00,19.38,0.17
2026-06-07T11:59:20,1,3.68,604.40,0.29,290.00,999.00,15.93,1029.60,19.38,0.16
2026-06-07T11:59:20,1,3.69,604.40,0.29,290.00,999.00,15.93,1030.30,19.38,0.17
2026-06-07T11:59:21,1,3.70,606.10,0.29,291.00,999.00,15.93,1029.90,19.38,0.17
2026-06-07T11:59:21,1,3.68,606.10,0.29,291.00,999.00,15.93,1030.30,19.38,0.17
2026-06-07T11:59:21,1,3.70,606.10,0.29,291.00,999.00,15.94,1029.70,19.38,0.17
2026-06-07T11:59:21,1,3.70,606.10,0.29,291.00,999.00,15.95,1029.90,19.38,0.17
2026-06-07T11:59:22,1,3.70,604.40,0.29,290.00,999.00,15.95,1029.50,19.38,0.16
2026-06-07T11:59:22,1,3.69,604.40,0.29,290.00,999.00,15.96,1029.90,19.38,0.17
2026-06-07T11:59:22,1,3.72,604.40,0.29,290.00,999.00,15.96,1029.40,19.38,0.16
2026-06-07T11:59:22,1,3.69,604.40,0.29,290.00,999.00,15.97,1029.40,19.38,0.16
2026-06-07T11:59:22,1,3.70,604.40,0.29,290.00,999.00,15.97,1029.70,19.38,0.17
2026-06-07T11:59:23,1,3.71,603.10,0.29,289.00,999.00,15.97,1029.70,19.38,0.17
2026-06-07T11:59:23,1,3.71,603.10,0.29,289.00,999.00,15.98,1029.30,19.38,0.16
2026-06-07T11:59:23,1,3.69,603.10,0.29,289.00,999.00,15.98,1029.90,19.38,0.17
2026-06-07T11:59:23,1,3.71,603.10,0.29,289.00,999.00,15.98,1029.80,19.38,0.17
2026-06-07T11:59:23,1,3.68,603.10,0.29,289.00,999.00,15.99,1029.90,19.38,0.17
2026-06-07T11:59:24,1,3.70,602.30,0.29,289.00,999.00,15.98,1030.20,19.37,0.17
2026-06-07T11:59:24,1,3.69,602.30,0.29,289.00,999.00,15.99,1029.80,19.37,0.17
2026-06-07T11:59:24,1,3.70,602.30,0.29,289.00,999.00,15.99,1029.90,19.38,0.17
2026-06-07T11:59:24,1,3.70,602.30,0.29,289.00,999.00,15.98,1029.70,19.38,0.17
2026-06-07T11:59:24,1,3.71,592.00,0.29,284.00,999.00,15.99,1030.00,19.37,0.17
2026-06-07T11:59:25,1,3.71,592.00,0.29,284.00,999.00,15.98,1029.70,19.37,0.17
2026-06-07T11:59:25,1,3.71,592.00,0.29,284.00,999.00,15.98,1029.50,19.38,0.16
2026-06-07T11:59:25,1,3.70,592.00,0.29,284.00,999.00,15.98,1029.70,19.38,0.17
2026-06-07T11:59:25,1,3.68,592.00,0.29,284.00,999.00,15.97,1029.80,19.37,0.17
2026-06-07T11:59:26,1,3.70,589.10,0.29,283.00,999.00,15.97,1029.00,19.38,0.16
2026-06-07T11:59:26,1,3.68,589.10,0.29,283.00,999.00,15.97,1029.50,19.38,0.16
2026-06-07T11:59:26,1,3.68,589.10,0.29,283.00,999.00,15.97,1029.50,19.38,0.16
2026-06-07T11:59:26,1,3.70,589.10,0.29,283.00,999.00,15.95,1030.10,19.38,0.17
2026-06-07T11:59:26,1,3.68,589.10,0.29,283.00,999.00,15.96,1029.70,19.38,0.17
2026-06-07T11:59:27,1,3.70,590.00,0.29,283.00,999.00,15.96,1029.10,19.38,0.16
2026-06-07T11:59:27,1,3.68,590.00,0.29,283.00,999.00,15.96,1029.40,19.38,0.16
2026-06-07T11:59:27,1,3.68,590.00,0.29,283.00,999.00,15.97,1029.80,19.38,0.17
2026-06-07T11:59:27,1,3.71,590.00,0.29,283.00,999.00,15.97,1029.60,19.38,0.16
2026-06-07T11:59:27,1,3.70,590.00,0.29,283.00,999.00,15.97,1029.80,19.38,0.17
2026-06-07T11:59:28,1,3.70,590.20,0.29,283.00,999.00,15.97,1029.90,19.37,0.17
2026-06-07T11:59:28,1,3.71,590.20,0.29,283.00,999.00,15.97,1029.60,19.38,0.16
2026-06-07T11:59:28,1,3.69,590.20,0.29,283.00,999.00,15.97,1029.50,19.38,0.16
2026-06-07T11:59:28,1,3.69,590.20,0.29,283.00,999.00,15.97,1029.30,19.38,0.16
2026-06-07T11:59:28,1,3.71,590.10,0.29,283.00,999.00,15.97,1029.50,19.38,0.16
2026-06-07T11:59:29,1,3.71,590.10,0.29,283.00,999.00,15.97,1029.30,19.37,0.16
2026-06-07T11:59:29,1,3.70,590.10,0.29,283.00,999.00,15.97,1029.50,19.37,0.16
2026-06-07T11:59:29,1,3.69,590.10,0.29,283.00,999.00,15.97,1029.80,19.38,0.17
2026-06-07T11:59:29,1,3.68,590.10,0.29,283.00,999.00,15.97,1029.40,19.38,0.16
2026-06-07T11:59:29,1,3.69,592.20,0.29,284.00,999.00,15.97,1029.60,19.38,0.16
2026-06-07T11:59:30,1,3.70,592.20,0.29,284.00,999.00,15.97,1029.40,19.38,0.16
2026-06-07T11:59:30,1,3.70,592.20,0.29,284.00,999.00,15.97,1029.90,19.37,0.17
2026-06-07T11:59:30,1,3.70,592.20,0.29,284.00,999.00,15.97,1029.30,19.37,0.16
2026-06-07T11:59:30,1,3.68,592.20,0.29,284.00,999.00,15.97,1029.60,19.38,0.16
2026-06-07T11:59:30,1,3.71,592.50,0.29,284.00,999.00,15.97,1029.40,19.38,0.16
2026-06-07T11:59:31,1,3.69,592.50,0.29,284.00,999.00,15.97,1029.60,19.37,0.16
2026-06-07T11:59:31,1,3.72,592.50,0.29,284.00,999.00,15.97,1029.20,19.37,0.16
2026-06-07T11:59:31,1,3.68,592.50,0.29,284.00,999.00,15.98,1029.50,19.37,0.16
2026-06-07T11:59:31,1,3.70,592.50,0.29,284.00,999.00,15.98,1029.40,19.37,0.16
2026-06-07T11:59:31,1,3.69,591.50,0.29,284.00,999.00,15.99,1029.90,19.37,0.17
2026-06-07T11:59:32,1,3.71,591.50,0.29,284.00,999.00,15.99,1029.90,19.37,0.17
2026-06-07T11:59:32,1,3.69,591.50,0.29,284.00,999.00,15.99,1029.10,19.37,0.16
2026-06-07T11:59:32,1,3.68,591.50,0.29,284.00,999.00,15.99,1029.70,19.37,0.17
2026-06-07T11:59:32,1,3.70,591.80,0.29,284.00,999.00,15.99,1029.10,19.37,0.16
2026-06-07T11:59:33,1,3.72,591.80,0.29,284.00,999.00,16.00,1029.30,19.38,0.16
2026-06-07T11:59:33,1,3.69,591.80,0.29,284.00,999.00,16.00,1029.50,19.37,0.16
2026-06-07T11:59:33,1,3.70,591.80,0.29,284.00,999.00,15.99,1029.80,19.37,0.17
2026-06-07T11:59:33,1,3.69,591.80,0.29,284.00,999.00,15.99,1029.90,19.37,0.17
2026-06-07T11:59:33,1,3.69,591.70,0.29,284.00,999.00,15.99,1030.00,19.37,0.17
2026-06-07T11:59:34,1,3.71,591.70,0.29,284.00,999.00,15.99,1029.50,19.37,0.16
2026-06-07T11:59:34,1,3.71,591.70,0.29,284.00,999.00,16.00,1029.60,19.37,0.16
2026-06-07T11:59:34,1,3.68,591.70,0.29,284.00,999.00,15.99,1029.30,19.37,0.16
2026-06-07T11:59:34,1,3.68,591.70,0.29,284.00,999.00,16.00,1029.60,19.37,0.16
2026-06-07T11:59:34,1,3.71,591.50,0.29,284.00,999.00,15.99,1029.60,19.37,0.16
2026-06-07T11:59:35,1,3.70,591.50,0.29,284.00,999.00,15.99,1030.10,19.37,0.17
2026-06-07T11:59:35,1,3.71,591.50,0.29,284.00,999.00,15.99,1029.80,19.37,0.17
2026-06-07T11:59:35,1,3.68,591.50,0.29,284.00,999.00,15.98,1028.90,19.37,0.16
2026-06-07T11:59:35,1,3.70,591.50,0.29,284.00,999.00,15.99,1029.50,19.37,0.16
2026-06-07T11:59:35,1,3.69,590.80,0.29,284.00,999.00,15.99,1028.80,19.37,0.16
2026-06-07T11:59:36,1,3.70,590.80,0.29,284.00,999.00,15.98,1029.60,19.37,0.16
2026-06-07T11:59:36,1,3.71,590.80,0.29,284.00,999.00,15.98,1029.80,19.37,0.17
2026-06-07T11:59:36,1,3.66,590.80,0.29,284.00,999.00,15.97,1029.70,19.36,0.17
2026-06-07T11:59:36,1,3.68,589.00,0.29,283.00,999.00,15.97,1029.50,19.37,0.16
2026-06-07T11:59:36,1,3.70,589.00,0.29,283.00,999.00,15.97,1029.60,19.37,0.16
2026-06-07T11:59:37,1,3.69,589.00,0.29,283.00,999.00,15.96,1029.20,19.37,0.16
2026-06-07T11:59:37,1,3.68,589.00,0.29,283.00,999.00,15.96,1029.50,19.37,0.16
2026-06-07T11:59:37,1,3.68,589.00,0.29,283.00,999.00,15.96,1029.60,19.37,0.16
2026-06-07T11:59:37,1,3.69,588.60,0.29,283.00,999.00,15.96,1029.60,19.37,0.16
2026-06-07T11:59:38,1,3.71,588.60,0.29,283.00,999.00,15.97,1029.40,19.35,0.16
2026-06-07T11:59:38,1,3.71,588.60,0.29,283.00,999.00,15.97,1029.70,19.36,0.17
2026-06-07T11:59:38,1,3.70,588.60,0.29,283.00,999.00,15.97,1029.50,19.36,0.16
2026-06-07T11:59:38,1,3.70,588.60,0.29,283.00,999.00,15.97,1029.50,19.37,0.16
2026-06-07T11:59:38,1,3.68,588.10,0.29,282.00,999.00,15.97,1029.10,19.36,0.16
2026-06-07T11:59:39,1,3.71,588.10,0.29,282.00,999.00,15.97,1029.60,19.37,0.16
2026-06-07T11:59:39,1,3.70,588.10,0.29,282.00,999.00,15.97,1029.40,19.36,0.16
2026-06-07T11:59:39,1,3.70,588.10,0.29,282.00,999.00,15.97,1029.20,19.36,0.16
2026-06-07T11:59:39,1,3.70,589.10,0.29,283.00,999.00,15.97,1029.20,19.37,0.16
2026-06-07T11:59:39,1,3.70,589.10,0.29,283.00,999.00,15.97,1029.10,19.36,0.16
2026-06-07T11:59:40,1,3.70,589.10,0.29,283.00,999.00,15.97,1029.80,19.37,0.17
2026-06-07T11:59:40,1,3.70,589.10,0.29,283.00,999.00,15.97,1029.80,19.36,0.17
2026-06-07T11:59:40,1,3.70,589.10,0.29,283.00,999.00,15.97,1029.40,19.36,0.16
2026-06-07T11:59:40,1,3.70,588.60,0.29,283.00,999.00,15.97,1029.20,19.37,0.16
2026-06-07T11:59:40,1,3.70,588.60,0.29,283.00,999.00,15.97,1029.10,19.36,0.16
2026-06-07T11:59:41,1,3.69,588.60,0.29,283.00,999.00,15.97,1029.50,19.36,0.16
2026-06-07T11:59:41,1,3.69,588.60,0.29,283.00,999.00,15.98,1029.30,19.36,0.16
2026-06-07T11:59:41,1,3.71,588.60,0.29,283.00,999.00,15.98,1029.40,19.36,0.16
2026-06-07T11:59:41,1,3.68,589.40,0.29,283.00,999.00,15.99,1029.30,19.36,0.16
2026-06-07T11:59:41,1,3.69,589.40,0.29,283.00,999.00,15.99,1029.30,19.36,0.16
2026-06-07T11:59:42,1,3.70,589.40,0.29,283.00,999.00,16.00,1029.70,19.37,0.17
2026-06-07T11:59:42,1,3.68,589.40,0.29,283.00,999.00,16.01,1029.20,19.36,0.16
2026-06-07T11:59:42,1,3.71,589.40,0.29,283.00,999.00,16.01,1029.00,19.36,0.16
2026-06-07T11:59:42,1,3.69,588.60,0.29,283.00,999.00,16.01,1029.40,19.36,0.16
2026-06-07T11:59:42,1,3.69,588.60,0.29,283.00,999.00,16.02,1029.30,19.36,0.16
2026-06-07T11:59:43,1,3.69,588.60,0.29,283.00,999.00,16.02,1029.60,19.36,0.16
2026-06-07T11:59:43,1,3.70,588.60,0.29,283.00,999.00,16.02,1028.90,19.36,0.16
2026-06-07T11:59:43,1,3.68,588.60,0.29,283.00,999.00,16.03,1029.30,19.36,0.16
2026-06-07T11:59:43,1,3.71,583.30,0.28,280.00,999.00,16.03,1029.60,19.36,0.16
2026-06-07T11:59:44,1,3.72,583.30,0.28,280.00,999.00,16.02,1029.60,19.36,0.16
2026-06-07T11:59:44,1,3.70,583.30,0.28,280.00,999.00,16.02,1029.10,19.36,0.16
2026-06-07T11:59:44,1,3.69,583.30,0.28,280.00,999.00,16.03,1029.00,19.36,0.16
2026-06-07T11:59:44,1,3.71,581.60,0.28,279.00,999.00,16.03,1029.20,19.36,0.16
2026-06-07T11:59:44,1,3.68,581.60,0.28,279.00,999.00,16.04,1029.30,19.36,0.16
2026-06-07T11:59:45,1,3.71,581.60,0.28,279.00,999.00,16.04,1029.30,19.36,0.16
2026-06-07T11:59:45,1,3.68,581.60,0.28,279.00,999.00,16.04,1029.30,19.36,0.16
2026-06-07T11:59:45,1,3.69,581.60,0.28,279.00,999.00,16.04,1029.50,19.36,0.16
2026-06-07T11:59:45,1,3.70,580.30,0.28,279.00,999.00,16.04,1029.50,19.36,0.16
2026-06-07T11:59:45,1,3.70,580.30,0.28,279.00,999.00,16.04,1029.30,19.36,0.16
2026-06-07T11:59:46,1,3.68,580.30,0.28,279.00,999.00,16.04,1029.20,19.36,0.16
2026-06-07T11:59:46,1,3.69,580.30,0.28,279.00,999.00,16.04,1029.40,19.36,0.16
2026-06-07T11:59:46,1,3.71,580.30,0.28,279.00,999.00,16.05,1029.30,19.36,0.16
2026-06-07T11:59:46,1,3.70,581.50,0.28,279.00,999.00,16.05,1029.30,19.36,0.16
2026-06-07T11:59:46,1,3.71,581.50,0.28,279.00,999.00,16.05,1029.60,19.36,0.16
2026-06-07T11:59:47,1,3.70,581.50,0.28,279.00,999.00,16.05,1029.70,19.36,0.17
2026-06-07T11:59:47,1,3.68,581.50,0.28,279.00,999.00,16.05,1029.20,19.36,0.16
2026-06-07T11:59:47,1,3.70,581.50,0.28,279.00,999.00,16.06,1029.50,19.36,0.16
2026-06-07T11:59:47,1,3.69,577.40,0.28,277.00,999.00,16.06,1029.20,19.36,0.16
2026-06-07T11:59:47,1,3.70,577.40,0.28,277.00,999.00,16.06,1029.00,19.36,0.16
2026-06-07T11:59:48,1,3.68,577.40,0.28,277.00,999.00,16.07,1029.00,19.36,0.16
2026-06-07T11:59:48,1,3.69,577.40,0.28,277.00,999.00,16.07,1029.20,19.36,0.16
2026-06-07T11:59:48,1,3.68,578.40,0.28,278.00,999.00,16.08,1029.00,19.36,0.16
2026-06-07T11:59:48,1,3.67,578.40,0.28,278.00,999.00,16.08,1028.90,19.36,0.16
2026-06-07T11:59:48,1,3.70,578.40,0.28,278.00,999.00,16.09,1029.50,19.36,0.16
2026-06-07T11:59:49,1,3.68,578.40,0.28,278.00,999.00,16.09,1029.10,19.35,0.16
2026-06-07T11:59:49,1,3.68,578.40,0.28,278.00,999.00,16.10,1029.10,19.36,0.16
2026-06-07T11:59:49,1,3.71,577.70,0.28,277.00,999.00,16.11,1029.20,19.36,0.16
2026-06-07T11:59:49,1,3.70,577.70,0.28,277.00,999.00,16.11,1028.90,19.36,0.16
2026-06-07T11:59:50,1,3.72,577.70,0.28,277.00,999.00,16.12,1028.70,19.36,0.16
2026-06-07T11:59:50,1,3.69,577.70,0.28,277.00,999.00,16.11,1029.10,19.36,0.16
2026-06-07T11:59:50,1,3.68,577.70,0.28,277.00,999.00,16.12,1029.30,19.36,0.16
2026-06-07T11:59:50,1,3.70,576.80,0.28,277.00,999.00,16.12,1029.30,19.36,0.16
2026-06-07T11:59:50,1,3.70,576.80,0.28,277.00,999.00,16.12,1029.40,19.36,0.16
2026-06-07T11:59:51,1,3.68,576.80,0.28,277.00,999.00,16.13,1029.30,19.35,0.16
2026-06-07T11:59:51,1,3.70,576.80,0.28,277.00,999.00,16.13,1029.30,19.35,0.16
2026-06-07T11:59:51,1,3.70,576.40,0.28,277.00,999.00,16.12,1029.30,19.35,0.16
2026-06-07T11:59:51,1,3.68,576.40,0.28,277.00,999.00,16.13,1029.20,19.36,0.16
2026-06-07T11:59:51,1,3.72,576.40,0.28,277.00,999.00,16.12,1028.80,19.36,0.16
2026-06-07T11:59:52,1,3.68,576.40,0.28,277.00,999.00,16.13,1029.50,19.35,0.16
2026-06-07T11:59:52,1,3.70,576.40,0.28,277.00,999.00,16.13,1029.20,19.36,0.16
2026-06-07T11:59:52,1,3.70,574.60,0.28,276.00,999.00,16.14,1029.30,19.36,0.16
2026-06-07T11:59:52,1,3.71,574.60,0.28,276.00,999.00,16.13,1028.90,19.35,0.16
2026-06-07T11:59:52,1,3.70,574.60,0.28,276.00,999.00,16.13,1029.50,19.36,0.16
2026-06-07T11:59:53,1,3.71,574.60,0.28,276.00,999.00,16.14,1029.00,19.36,0.16
2026-06-07T11:59:53,1,3.69,574.60,0.28,276.00,999.00,16.13,1029.50,19.36,0.16
2026-06-07T11:59:53,1,3.71,572.50,0.28,275.00,999.00,16.13,1029.10,19.36,0.16
2026-06-07T11:59:53,1,3.68,572.50,0.28,275.00,999.00,16.14,1029.30,19.36,0.16
2026-06-07T11:59:53,1,3.69,572.50,0.28,275.00,999.00,16.14,1028.80,19.36,0.16
2026-06-07T11:59:54,1,3.70,572.50,0.28,275.00,999.00,16.13,1029.20,19.36,0.16
2026-06-07T11:59:54,1,3.69,572.50,0.28,275.00,999.00,16.13,1028.90,19.36,0.16
2026-06-07T11:59:54,1,3.67,573.90,0.28,275.00,999.00,16.13,1028.80,19.35,0.16
2026-06-07T11:59:54,1,3.66,573.90,0.28,275.00,999.00,16.12,1029.00,19.36,0.16
2026-06-07T11:59:55,1,3.69,573.90,0.28,275.00,999.00,16.11,1029.00,19.36,0.16
2026-06-07T11:59:55,1,3.68,573.90,0.28,275.00,999.00,16.12,1029.40,19.36,0.16
2026-06-07T11:59:55,1,3.70,574.20,0.28,276.00,999.00,16.12,1028.90,19.36,0.16
2026-06-07T11:59:55,1,3.70,574.20,0.28,276.00,999.00,16.11,1028.90,19.36,0.16
2026-06-07T11:59:55,1,3.70,574.20,0.28,276.00,999.00,16.11,1028.80,19.36,0.16
2026-06-07T11:59:56,1,3.68,574.20,0.28,276.00,999.00,16.11,1028.60,19.36,0.15
2026-06-07T11:59:56,1,3.70,574.20,0.28,276.00,999.00,16.11,1029.30,19.36,0.16
2026-06-07T11:59:56,1,3.72,569.20,0.28,273.00,999.00,16.10,1028.90,19.36,0.16
2026-06-07T11:59:56,1,3.69,569.20,0.28,273.00,999.00,16.10,1028.90,19.36,0.16
2026-06-07T11:59:56,1,3.70,569.20,0.28,273.00,999.00,16.09,1028.80,19.36,0.16
2026-06-07T11:59:57,1,3.69,569.20,0.28,273.00,999.00,16.09,1028.70,19.36,0.16
2026-06-07T11:59:57,1,3.68,569.20,0.28,273.00,999.00,16.06,1029.20,19.36,0.16
2026-06-07T11:59:57,1,3.70,567.90,0.28,273.00,999.00,16.05,1029.10,19.36,0.16
2026-06-07T11:59:57,1,3.70,567.90,0.28,273.00,999.00,16.04,1029.00,19.36,0.16
2026-06-07T11:59:57,1,3.68,567.90,0.28,273.00,999.00,16.02,1029.00,19.35,0.16
2026-06-07T11:59:58,1,3.70,567.90,0.28,273.00,999.00,16.02,1029.00,19.36,0.16
2026-06-07T11:59:58,1,3.68,567.90,0.28,273.00,999.00,16.00,1029.00,19.35,0.16
2026-06-07T11:59:58,1,3.71,567.70,0.28,273.00,999.00,15.99,1028.90,19.35,0.16
2026-06-07T11:59:58,1,3.70,567.70,0.28,273.00,999.00,15.98,1029.10,19.36,0.16
2026-06-07T11:59:58,1,3.71,567.70,0.28,273.00,999.00,15.97,1029.10,19.35,0.16
2026-06-07T11:59:59,1,3.68,567.70,0.28,273.00,999.00,15.97,1028.70,19.35,0.16
2026-06-07T11:59:59,1,3.70,567.70,0.28,273.00,999.00,15.95,1028.60,19.35,0.15
2026-06-07T11:59:59,1,3.70,567.40,0.28,272.00,999.00,15.94,1029.10,19.35,0.16
2026-06-07T11:59:59,1,3.70,567.40,0.28,272.00,999.00,15.93,1028.90,19.35,0.16
2026-06-07T11:59:59,1,3.69,567.40,0.28,272.00,999.00,15.92,1029.00,19.35,0.16
2026-06-07T12:00:00,1,3.70,567.40,0.28,272.00,999.00,15.91,1028.30,19.35,0.15
2026-06-07T12:00:00,1,3.69,570.60,0.28,274.00,999.00,15.91,1028.90,19.35,0.16
2026-06-07T12:00:00,1,3.69,570.60,0.28,274.00,999.00,15.91,1028.60,19.35,0.15
2026-06-07T12:00:00,1,3.69,570.60,0.28,274.00,999.00,15.90,1028.80,19.35,0.16
2026-06-07T12:00:00,1,3.68,570.60,0.28,274.00,999.00,15.91,1028.80,19.35,0.16
2026-06-07T12:00:01,1,3.70,570.60,0.28,274.00,999.00,15.90,1029.40,19.35,0.16
2026-06-07T12:00:01,1,3.70,576.70,0.28,277.00,999.00,15.91,1028.80,19.34,0.16
2026-06-07T12:00:01,1,3.68,576.70,0.28,277.00,999.00,15.91,1029.10,19.34,0.16
2026-06-07T12:00:01,1,3.69,576.70,0.28,277.00,999.00,15.91,1028.90,19.33,0.16
2026-06-07T12:00:02,1,3.70,576.70,0.28,277.00,999.00,15.91,1029.20,19.34,0.16
2026-06-07T12:00:02,1,3.70,576.70,0.28,277.00,999.00,15.91,1028.80,19.34,0.16
2026-06-07T12:00:02,1,3.70,569.00,0.28,273.00,999.00,15.92,1029.00,19.34,0.16
2026-06-07T12:00:02,1,3.70,569.00,0.28,273.00,999.00,15.92,1029.00,19.34,0.16
2026-06-07T12:00:02,1,3.70,569.00,0.28,273.00,999.00,15.92,1029.30,19.34,0.16
2026-06-07T12:00:03,1,3.70,569.00,0.28,273.00,999.00,15.91,1028.80,19.34,0.16
2026-06-07T12:00:03,1,3.70,558.50,0.27,268.00,999.00,15.90,1029.10,19.34,0.16
2026-06-07T12:00:03,1,3.68,558.50,0.27,268.00,999.00,15.91,1028.60,19.34,0.15
2026-06-07T12:00:03,1,3.68,558.50,0.27,268.00,999.00,15.90,1029.30,19.34,0.16
2026-06-07T12:00:03,1,3.70,558.50,0.27,268.00,999.00,15.89,1028.60,19.33,0.15
2026-06-07T12:00:04,1,3.70,558.50,0.27,268.00,999.00,15.88,1028.60,19.34,0.15
2026-06-07T12:00:04,1,3.70,558.70,0.27,268.00,999.00,15.88,1029.00,19.34,0.16
2026-06-07T12:00:04,1,3.70,558.70,0.27,268.00,999.00,15.87,1029.00,19.34,0.16
2026-06-07T12:00:04,1,3.71,558.70,0.27,268.00,999.00,15.87,1028.50,19.34,0.15
2026-06-07T12:00:05,1,3.71,558.70,0.27,268.00,999.00,15.87,1028.70,19.33,0.16
2026-06-07T12:00:05,1,3.70,558.70,0.27,268.00,999.00,15.86,1029.00,19.33,0.16
2026-06-07T12:00:05,1,3.70,557.70,0.27,268.00,999.00,15.86,1029.00,19.33,0.16
2026-06-07T12:00:05,1,3.71,557.70,0.27,268.00,999.00,15.85,1029.00,19.33,0.16
2026-06-07T12:00:05,1,3.71,557.70,0.27,268.00,999.00,15.85,1029.20,19.33,0.16
2026-06-07T12:00:06,1,3.68,557.70,0.27,268.00,999.00,15.85,1028.80,19.33,0.16
2026-06-07T12:00:06,1,3.71,557.70,0.27,268.00,999.00,15.85,1029.20,19.33,0.16
2026-06-07T12:00:06,1,3.68,559.10,0.27,268.00,999.00,15.85,1028.80,19.33,0.16
2026-06-07T12:00:06,1,3.70,559.10,0.27,268.00,999.00,15.84,1028.60,19.33,0.15
2026-06-07T12:00:06,1,3.71,559.10,0.27,268.00,999.00,15.85,1028.40,19.33,0.15
2026-06-07T12:00:07,1,3.68,559.10,0.27,268.00,999.00,15.85,1028.70,19.32,0.16
2026-06-07T12:00:07,1,3.70,561.00,0.27,269.00,999.00,15.85,1029.20,19.33,0.16
2026-06-07T12:00:07,1,3.71,561.00,0.27,269.00,999.00,15.84,1028.60,19.32,0.15
2026-06-07T12:00:07,1,3.69,561.00,0.27,269.00,999.00,15.85,1028.80,19.32,0.16
2026-06-07T12:00:07,1,3.68,561.00,0.27,269.00,999.00,15.84,1029.00,19.33,0.16
2026-06-07T12:00:08,1,3.70,561.00,0.27,269.00,999.00,15.85,1029.10,19.32,0.16
2026-06-07T12:00:08,1,3.71,559.50,0.27,269.00,999.00,15.85,1029.30,19.32,0.16
2026-06-07T12:00:08,1,3.68,559.50,0.27,269.00,999.00,15.85,1028.70,19.32,0.16
2026-06-07T12:00:08,1,3.71,559.50,0.27,269.00,999.00,15.85,1029.40,19.32,0.16
2026-06-07T12:00:08,1,3.71,559.50,0.27,269.00,999.00,15.85,1028.90,19.32,0.16
2026-06-07T12:00:09,1,3.70,559.50,0.27,269.00,999.00,15.85,1028.70,19.32,0.16
2026-06-07T12:00:09,1,3.71,556.60,0.27,267.00,999.00,15.85,1028.70,19.32,0.16
2026-06-07T12:00:09,1,3.71,556.60,0.27,267.00,999.00,15.86,1028.70,19.32,0.16
2026-06-07T12:00:09,1,3.71,556.60,0.27,267.00,999.00,15.87,1029.00,19.32,0.16
2026-06-07T12:00:09,1,3.68,556.60,0.27,267.00,999.00,15.87,1028.70,19.32,0.16
2026-06-07T12:00:10,1,3.68,556.60,0.27,267.00,999.00,15.87,1028.60,19.32,0.15
2026-06-07T12:00:10,1,3.69,552.70,0.27,265.00,999.00,15.87,1028.60,19.32,0.15
2026-06-07T12:00:10,1,3.70,552.70,0.27,265.00,999.00,15.88,1029.00,19.32,0.16
2026-06-07T12:00:10,1,3.69,552.70,0.27,265.00,999.00,15.90,1028.70,19.31,0.16
2026-06-07T12:00:10,1,3.68,552.70,0.27,265.00,999.00,15.90,1029.00,19.31,0.16
2026-06-07T12:00:11,1,3.70,550.00,0.27,264.00,999.00,15.90,1028.80,19.31,0.16
2026-06-07T12:00:11,1,3.70,550.00,0.27,264.00,999.00,15.91,1028.70,19.31,0.16
2026-06-07T12:00:11,1,3.70,550.00,0.27,264.00,999.00,15.90,1028.80,19.31,0.16
2026-06-07T12:00:11,1,3.70,550.00,0.27,264.00,999.00,15.91,1028.70,19.31,0.16
2026-06-07T12:00:12,1,3.70,550.00,0.27,264.00,999.00,15.92,1029.10,19.31,0.16
2026-06-07T12:00:12,1,3.69,548.90,0.27,263.00,999.00,15.92,1028.90,19.31,0.16
2026-06-07T12:00:12,1,3.71,548.90,0.27,263.00,999.00,15.94,1028.90,19.31,0.16
2026-06-07T12:00:12,1,3.71,548.90,0.27,263.00,999.00,15.94,1028.60,19.31,0.15
2026-06-07T12:00:12,1,3.66,548.90,0.27,263.00,999.00,15.94,1028.80,19.31,0.16
2026-06-07T12:00:13,1,3.68,548.90,0.27,263.00,999.00,15.95,1028.90,19.31,0.16
2026-06-07T12:00:13,1,3.71,546.10,0.26,262.00,999.00,15.95,1028.70,19.31,0.16
2026-06-07T12:00:13,1,3.69,546.10,0.26,262.00,999.00,15.95,1028.90,19.31,0.16
2026-06-07T12:00:13,1,3.69,546.10,0.26,262.00,999.00,15.96,1028.60,19.31,0.15
2026-06-07T12:00:13,1,3.68,546.10,0.26,262.00,999.00,15.97,1028.80,19.31,0.16
2026-06-07T12:00:14,1,3.70,546.10,0.26,262.00,999.00,15.96,1028.80,19.30,0.16
2026-06-07T12:00:14,1,3.71,547.00,0.27,263.00,999.00,15.97,1028.70,19.30,0.16
2026-06-07T12:00:14,1,3.71,547.00,0.27,263.00,999.00,15.97,1028.90,19.30,0.16
2026-06-07T12:00:14,1,3.68,547.00,0.27,263.00,999.00,15.97,1028.70,19.30,0.16
2026-06-07T12:00:14,1,3.71,547.00,0.27,263.00,999.00,15.97,1028.80,19.30,0.16
2026-06-07T12:00:15,1,3.69,548.00,0.27,263.00,999.00,15.98,1029.20,19.30,0.16
2026-06-07T12:00:15,1,3.70,548.00,0.27,263.00,999.00,15.99,1028.70,19.30,0.16
2026-06-07T12:00:15,1,3.70,548.00,0.27,263.00,999.00,15.99,1029.10,19.30,0.16
2026-06-07T12:00:15,1,3.67,548.00,0.27,263.00,999.00,15.99,1028.90,19.31,0.16
2026-06-07T12:00:15,1,3.70,548.00,0.27,263.00,999.00,15.99,1029.10,19.30,0.16
2026-06-07T12:00:16,1,3.68,548.00,0.27,263.00,999.00,15.99,1028.70,19.30,0.16
2026-06-07T12:00:16,1,3.70,548.00,0.27,263.00,999.00,15.99,1028.30,19.30,0.15
2026-06-07T12:00:16,1,3.68,548.00,0.27,263.00,999.00,15.99,1028.90,19.30,0.16
2026-06-07T12:00:16,1,3.70,548.00,0.27,263.00,999.00,16.00,1029.20,19.30,0.16
2026-06-07T12:00:17,1,3.70,548.00,0.27,263.00,999.00,16.00,1029.20,19.29,0.16
2026-06-07T12:00:17,1,3.68,551.00,0.27,264.00,999.00,16.01,1028.60,19.30,0.15
2026-06-07T12:00:17,1,3.70,551.00,0.27,264.00,999.00,16.00,1028.90,19.30,0.16
2026-06-07T12:00:17,1,3.68,551.00,0.27,264.00,999.00,16.00,1028.80,19.30,0.16
2026-06-07T12:00:17,1,3.68,551.00,0.27,264.00,999.00,16.01,1028.50,19.30,0.15
2026-06-07T12:00:18,1,3.68,548.00,0.27,263.00,999.00,16.00,1029.00,19.30,0.16
2026-06-07T12:00:18,1,3.68,548.00,0.27,263.00,999.00,16.01,1029.00,19.30,0.16
2026-06-07T12:00:18,1,3.71,548.00,0.27,263.00,999.00,16.01,1028.40,19.30,0.15
2026-06-07T12:00:18,1,3.70,548.00,0.27,263.00,999.00,16.01,1028.60,19.30,0.15
2026-06-07T12:00:18,1,3.70,548.00,0.27,263.00,999.00,16.02,1028.70,19.30,0.16
2026-06-07T12:00:19,1,3.71,549.10,0.27,264.00,999.00,16.02,1028.10,19.30,0.15
2026-06-07T12:00:19,1,3.69,549.10,0.27,264.00,999.00,16.04,1028.50,19.30,0.15
2026-06-07T12:00:19,1,3.71,549.10,0.27,264.00,999.00,16.04,1029.10,19.30,0.16
2026-06-07T12:00:19,1,3.71,549.10,0.27,264.00,999.00,16.05,1028.60,19.30,0.15
2026-06-07T12:00:19,1,3.68,549.10,0.27,264.00,999.00,16.06,1028.60,19.30,0.15
2026-06-07T12:00:20,1,3.70,549.40,0.27,264.00,999.00,16.07,1028.80,19.30,0.16
2026-06-07T12:00:20,1,3.70,549.40,0.27,264.00,999.00,16.08,1028.40,19.30,0.15
2026-06-07T12:00:20,1,3.68,549.40,0.27,264.00,999.00,16.09,1028.60,19.30,0.15
2026-06-07T12:00:20,1,3.68,549.40,0.27,264.00,999.00,16.11,1028.40,19.30,0.15
2026-06-07T12:00:20,1,3.68,549.40,0.27,264.00,999.00,16.11,1028.90,19.30,0.16
2026-06-07T12:00:21,1,3.69,546.40,0.26,262.00,999.00,16.11,1028.90,19.30,0.16
2026-06-07T12:00:21,1,3.69,546.40,0.26,262.00,999.00,16.12,1028.30,19.30,0.15
2026-06-07T12:00:21,1,3.69,546.40,0.26,262.00,999.00,16.13,1028.90,19.30,0.16
2026-06-07T12:00:21,1,3.68,546.40,0.26,262.00,999.00,16.13,1029.10,19.30,0.16
2026-06-07T12:00:21,1,3.71,546.40,0.26,262.00,999.00,16.14,1028.80,19.30,0.16
2026-06-07T12:00:22,1,3.71,548.90,0.27,263.00,999.00,16.15,1028.80,19.30,0.16
2026-06-07T12:00:22,1,3.69,548.90,0.27,263.00,999.00,16.15,1028.90,19.30,0.16
2026-06-07T12:00:22,1,3.71,548.90,0.27,263.00,999.00,16.15,1028.30,19.30,0.15
2026-06-07T12:00:22,1,3.69,548.90,0.27,263.00,999.00,16.16,1028.70,19.30,0.16
2026-06-07T12:00:23,1,3.70,545.90,0.26,262.00,999.00,16.18,1028.50,19.30,0.15
2026-06-07T12:00:23,1,3.70,545.90,0.26,262.00,999.00,16.18,1029.00,19.30,0.16
2026-06-07T12:00:23,1,3.72,545.90,0.26,262.00,999.00,16.18,1028.30,19.30,0.15
2026-06-07T12:00:23,1,3.68,545.90,0.26,262.00,999.00,16.18,1028.70,19.30,0.16
2026-06-07T12:00:23,1,3.70,545.90,0.26,262.00,999.00,16.19,1028.80,19.29,0.16
2026-06-07T12:00:24,1,3.70,547.20,0.27,263.00,999.00,16.19,1028.50,19.30,0.15
2026-06-07T12:00:24,1,3.70,547.20,0.27,263.00,999.00,16.19,1028.40,19.30,0.15
2026-06-07T12:00:24,1,3.68,547.20,0.27,263.00,999.00,16.19,1029.00,19.30,0.16
2026-06-07T12:00:24,1,3.68,547.20,0.27,263.00,999.00,16.19,1028.60,19.30,0.15
2026-06-07T12:00:24,1,3.70,547.20,0.27,263.00,999.00,16.19,1028.90,19.30,0.16
2026-06-07T12:00:25,1,3.68,546.70,0.26,262.00,999.00,16.19,1028.70,19.30,0.16
2026-06-07T12:00:25,1,3.71,546.70,0.26,262.00,999.00,16.19,1028.50,19.30,0.15
2026-06-07T12:00:25,1,3.71,546.70,0.26,262.00,999.00,16.20,1028.60,19.30,0.15
2026-06-07T12:00:25,1,3.70,546.70,0.26,262.00,999.00,16.20,1028.70,19.30,0.16
2026-06-07T12:00:25,1,3.70,546.70,0.26,262.00,999.00,16.20,1028.70,19.30,0.16
2026-06-07T12:00:26,1,3.71,546.10,0.26,262.00,999.00,16.21,1028.80,19.30,0.16
2026-06-07T12:00:26,1,3.71,546.10,0.26,262.00,999.00,16.22,1028.60,19.29,0.15
2026-06-07T12:00:26,1,3.71,546.10,0.26,262.00,999.00,16.22,1028.30,19.30,0.15
2026-06-07T12:00:26,1,3.68,546.10,0.26,262.00,999.00,16.22,1028.80,19.30,0.16
2026-06-07T12:00:26,1,3.71,547.20,0.27,263.00,999.00,16.22,1028.50,19.28,0.15
2026-06-07T12:00:27,1,3.71,547.20,0.27,263.00,999.00,16.22,1028.50,19.29,0.15
2026-06-07T12:00:27,1,3.70,547.20,0.27,263.00,999.00,16.23,1028.50,19.29,0.15
2026-06-07T12:00:27,1,3.70,547.20,0.27,263.00,999.00,16.23,1028.80,19.29,0.16
2026-06-07T12:00:27,1,3.67,547.20,0.27,263.00,999.00,16.24,1028.60,19.30,0.15
2026-06-07T12:00:28,1,3.68,544.50,0.26,261.00,999.00,16.25,1028.90,19.30,0.16
2026-06-07T12:00:28,1,3.70,544.50,0.26,261.00,999.00,16.26,1028.80,19.30,0.16
2026-06-07T12:00:28,1,3.70,544.50,0.26,261.00,999.00,16.26,1028.70,19.29,0.16
2026-06-07T12:00:28,1,3.71,544.50,0.26,261.00,999.00,16.27,1029.10,19.30,0.16
2026-06-07T12:00:28,1,3.70,544.50,0.26,261.00,999.00,16.28,1028.20,19.30,0.15
2026-06-07T12:00:29,1,3.69,546.50,0.26,262.00,999.00,16.29,1028.40,19.30,0.15
2026-06-07T12:00:29,1,3.72,546.50,0.26,262.00,999.00,16.30,1028.50,19.30,0.15
2026-06-07T12:00:29,1,3.71,546.50,0.26,262.00,999.00,16.30,1029.00,19.30,0.16
2026-06-07T12:00:29,1,3.71,546.50,0.26,262.00,999.00,16.31,1028.60,19.30,0.15
2026-06-07T12:00:29,1,3.68,546.50,0.26,262.00,999.00,16.32,1028.80,19.30,0.16
2026-06-07T12:00:30,1,3.69,547.50,0.27,263.00,999.00,16.32,1029.20,19.28,0.16
2026-06-07T12:00:30,1,3.69,547.50,0.27,263.00,999.00,16.33,1028.60,19.29,0.15
2026-06-07T12:00:30,1,3.69,547.50,0.27,263.00,999.00,16.33,1028.60,19.29,0.15
2026-06-07T12:00:30,1,3.70,547.50,0.27,263.00,999.00,16.33,1028.70,19.30,0.16
2026-06-07T12:00:30,1,3.68,544.60,0.26,261.00,999.00,16.34,1028.50,19.30,0.15
2026-06-07T12:00:31,1,3.71,544.60,0.26,261.00,999.00,16.35,1028.90,19.30,0.16
2026-06-07T12:00:31,1,3.70,544.60,0.26,261.00,999.00,16.36,1028.70,19.30,0.16
2026-06-07T12:00:31,1,3.68,544.60,0.26,261.00,999.00,16.36,1028.20,19.30,0.15
2026-06-07T12:00:31,1,3.68,544.60,0.26,261.00,999.00,16.36,1028.50,19.30,0.15
2026-06-07T12:00:31,1,3.72,547.00,0.27,263.00,999.00,16.38,1028.60,19.30,0.15
2026-06-07T12:00:32,1,3.70,547.00,0.27,263.00,999.00,16.38,1028.80,19.30,0.16
2026-06-07T12:00:32,1,3.71,547.00,0.27,263.00,999.00,16.38,1028.50,19.30,0.15
2026-06-07T12:00:32,1,3.70,547.00,0.27,263.00,999.00,16.39,1028.20,19.30,0.15
2026-06-07T12:00:32,1,3.70,547.00,0.27,263.00,999.00,16.39,1028.70,19.30,0.16
2026-06-07T12:00:32,1,3.68,547.20,0.27,263.00,999.00,16.40,1028.60,19.30,0.15
2026-06-07T12:00:33,1,3.71,547.20,0.27,263.00,999.00,16.40,1028.50,19.30,0.15
2026-06-07T12:00:33,1,3.70,547.20,0.27,263.00,999.00,16.39,1028.80,19.30,0.16
2026-06-07T12:00:33,1,3.70,547.20,0.27,263.00,999.00,16.39,1028.60,19.30,0.15
2026-06-07T12:00:33,1,3.70,548.30,0.27,263.00,999.00,16.39,1028.50,19.30,0.15
2026-06-07T12:00:34,1,3.70,548.30,0.27,263.00,999.00,16.40,1028.40,19.30,0.15
2026-06-07T12:00:34,1,3.67,548.30,0.27,263.00,999.00,16.40,1028.70,19.30,0.16
2026-06-07T12:00:34,1,3.68,548.30,0.27,263.00,999.00,16.41,1028.30,19.30,0.15
2026-06-07T12:00:34,1,3.69,548.30,0.27,263.00,999.00,16.41,1028.20,19.30,0.15
2026-06-07T12:00:34,1,3.71,544.50,0.26,261.00,999.00,16.42,1029.00,19.30,0.16
2026-06-07T12:00:35,1,3.71,544.50,0.26,261.00,999.00,16.43,1028.60,19.30,0.15
2026-06-07T12:00:35,1,3.72,544.50,0.26,261.00,999.00,16.43,1028.40,19.30,0.15
2026-06-07T12:00:35,1,3.69,544.50,0.26,261.00,999.00,16.43,1028.70,19.30,0.16
2026-06-07T12:00:35,1,3.65,544.50,0.26,261.00,999.00,16.43,1028.40,19.30,0.15
2026-06-07T12:00:35,1,3.70,540.70,0.26,260.00,999.00,16.42,1028.50,19.30,0.15
2026-06-07T12:00:36,1,3.68,540.70,0.26,260.00,999.00,16.42,1028.50,19.30,0.15
2026-06-07T12:00:36,1,3.70,540.70,0.26,260.00,999.00,16.42,1028.80,19.30,0.16
2026-06-07T12:00:36,1,3.68,540.70,0.26,260.00,999.00,16.42,1028.40,19.30,0.15
2026-06-07T12:00:36,1,3.68,540.70,0.26,260.00,999.00,16.42,1028.80,19.30,0.16
2026-06-07T12:00:36,1,3.70,542.00,0.26,260.00,999.00,16.42,1028.00,19.30,0.15
2026-06-07T12:00:37,1,3.71,542.00,0.26,260.00,999.00,16.42,1028.30,19.30,0.15
2026-06-07T12:00:37,1,3.71,542.00,0.26,260.00,999.00,16.42,1029.10,19.30,0.16
2026-06-07T12:00:37,1,3.68,542.00,0.26,260.00,999.00,16.42,1028.20,19.30,0.15
2026-06-07T12:00:37,1,3.71,542.00,0.26,260.00,999.00,16.42,1028.50,19.30,0.15
2026-06-07T12:00:37,1,3.68,540.00,0.26,259.00,999.00,16.42,1028.70,19.30,0.16
2026-06-07T12:00:38,1,3.70,540.00,0.26,259.00,999.00,16.42,1028.60,19.30,0.15
2026-06-07T12:00:38,1,3.69,540.00,0.26,259.00,999.00,16.42,1028.40,19.30,0.15
2026-06-07T12:00:38,1,3.67,540.00,0.26,259.00,999.00,16.43,1028.70,19.30,0.16
2026-06-07T12:00:38,1,3.70,539.70,0.26,259.00,999.00,16.43,1028.20,19.30,0.15
2026-06-07T12:00:38,1,3.68,539.70,0.26,259.00,999.00,16.43,1028.40,19.30,0.15
2026-06-07T12:00:39,1,3.68,539.70,0.26,259.00,999.00,16.44,1028.50,19.30,0.15
2026-06-07T12:00:39,1,3.70,539.70,0.26,259.00,999.00,16.44,1028.70,19.30,0.16
2026-06-07T12:00:39,1,3.68,539.70,0.26,259.00,999.00,16.44,1028.50,19.29,0.15
2026-06-07T12:00:39,1,3.71,539.00,0.26,259.00,999.00,16.44,1028.40,19.30,0.15
2026-06-07T12:00:40,1,3.68,539.00,0.26,259.00,999.00,16.43,1028.50,19.30,0.15
2026-06-07T12:00:40,1,3.71,539.00,0.26,259.00,999.00,16.43,1028.50,19.30,0.15
2026-06-07T12:00:40,1,3.70,539.00,0.26,259.00,999.00,16.42,1028.40,19.30,0.15
2026-06-07T12:00:40,1,3.68,539.00,0.26,259.00,999.00,16.41,1028.60,19.30,0.15
2026-06-07T12:00:40,1,3.68,539.40,0.26,259.00,999.00,16.41,1028.20,19.30,0.15
2026-06-07T12:00:41,1,3.71,539.40,0.26,259.00,999.00,16.40,1028.10,19.30,0.15
2026-06-07T12:00:41,1,3.71,539.40,0.26,259.00,999.00,16.40,1028.90,19.30,0.16
2026-06-07T12:00:41,1,3.70,539.40,0.26,259.00,999.00,16.40,1028.60,19.30,0.15
2026-06-07T12:00:41,1,3.67,534.80,0.26,257.00,999.00,16.40,1028.40,19.30,0.15
2026-06-07T12:00:41,1,3.69,534.80,0.26,257.00,999.00,16.40,1028.10,19.30,0.15
2026-06-07T12:00:42,1,3.70,534.80,0.26,257.00,999.00,16.40,1028.30,19.30,0.15
2026-06-07T12:00:42,1,3.71,534.80,0.26,257.00,999.00,16.40,1028.50,19.30,0.15
2026-06-07T12:00:42,1,3.69,534.80,0.26,257.00,999.00,16.38,1028.30,19.30,0.15
2026-06-07T12:00:42,1,3.68,532.30,0.26,256.00,999.00,16.38,1028.20,19.30,0.15
2026-06-07T12:00:42,1,3.71,532.30,0.26,256.00,999.00,16.37,1028.50,19.29,0.15
2026-06-07T12:00:43,1,3.70,532.30,0.26,256.00,999.00,16.36,1028.20,19.30,0.15
2026-06-07T12:00:43,1,3.69,532.30,0.26,256.00,999.00,16.36,1028.00,19.30,0.15
2026-06-07T12:00:43,1,3.68,532.30,0.26,256.00,999.00,16.34,1028.20,19.30,0.15
2026-06-07T12:00:43,1,3.71,524.70,0.25,252.00,999.00,16.33,1028.30,19.30,0.15
2026-06-07T12:00:44,1,3.66,524.70,0.25,252.00,999.00,16.33,1028.70,19.30,0.16
2026-06-07T12:00:44,1,3.70,524.70,0.25,252.00,999.00,16.33,1028.50,19.30,0.15
2026-06-07T12:00:44,1,3.71,524.70,0.25,252.00,999.00,16.32,1028.00,19.30,0.15
2026-06-07T12:00:44,1,3.66,524.70,0.25,252.00,999.00,16.32,1028.20,19.30,0.15
2026-06-07T12:00:44,1,3.68,523.30,0.25,251.00,999.00,16.30,1028.50,19.30,0.15
2026-06-07T12:00:45,1,3.70,523.30,0.25,251.00,999.00,16.29,1028.20,19.29,0.15
2026-06-07T12:00:45,1,3.70,523.30,0.25,251.00,999.00,16.28,1028.30,19.29,0.15
2026-06-07T12:00:45,1,3.65,523.30,0.25,251.00,999.00,16.28,1028.30,19.29,0.15
2026-06-07T12:00:45,1,3.70,511.90,0.25,246.00,999.00,16.27,1028.40,19.29,0.15
2026-06-07T12:00:45,1,3.71,511.90,0.25,246.00,999.00,16.26,1028.40,19.29,0.15
2026-06-07T12:00:46,1,3.71,511.90,0.25,246.00,999.00,16.26,1028.20,19.29,0.15
2026-06-07T12:00:46,1,3.66,511.90,0.25,246.00,999.00,16.26,1028.30,19.29,0.15
2026-06-07T12:00:46,1,3.70,511.90,0.25,246.00,999.00,16.26,1028.50,19.29,0.15
2026-06-07T12:00:46,1,3.69,511.40,0.25,245.00,999.00,16.25,1028.50,19.29,0.15
2026-06-07T12:00:46,1,3.71,511.40,0.25,245.00,999.00,16.25,1028.40,19.29,0.15
2026-06-07T12:00:47,1,3.69,511.40,0.25,245.00,999.00,16.24,1028.10,19.29,0.15
2026-06-07T12:00:47,1,3.69,511.40,0.25,245.00,999.00,16.24,1028.20,19.29,0.15
2026-06-07T12:00:47,1,3.69,511.40,0.25,245.00,999.00,16.24,1028.50,19.29,0.15
2026-06-07T12:00:47,1,3.68,510.80,0.25,245.00,999.00,16.24,1028.00,19.29,0.15
2026-06-07T12:00:47,1,3.67,510.80,0.25,245.00,999.00,16.24,1028.70,19.29,0.16
2026-06-07T12:00:48,1,3.71,510.80,0.25,245.00,999.00,16.25,1028.30,19.29,0.15
2026-06-07T12:00:48,1,3.70,510.80,0.25,245.00,999.00,16.24,1027.90,19.29,0.15
2026-06-07T12:00:48,1,3.70,510.80,0.25,245.00,999.00,16.24,1028.30,19.29,0.15
2026-06-07T12:00:48,1,3.71,507.20,0.25,243.00,999.00,16.24,1028.00,19.29,0.15
2026-06-07T12:00:48,1,3.71,507.20,0.25,243.00,999.00,16.23,1027.90,19.29,0.15
2026-06-07T12:00:49,1,3.72,507.20,0.25,243.00,999.00,16.23,1028.00,19.28,0.15
2026-06-07T12:00:49,1,3.70,507.20,0.25,243.00,999.00,16.23,1028.20,19.29,0.15
2026-06-07T12:00:49,1,3.69,506.40,0.25,243.00,999.00,16.22,1027.80,19.29,0.15
2026-06-07T12:00:49,1,3.72,506.40,0.25,243.00,999.00,16.21,1028.40,19.29,0.15
2026-06-07T12:00:49,1,3.71,506.40,0.25,243.00,999.00,16.20,1028.20,19.29,0.15
2026-06-07T12:00:50,1,3.69,506.40,0.25,243.00,999.00,16.20,1028.80,19.28,0.16
2026-06-07T12:00:50,1,3.70,506.40,0.25,243.00,999.00,16.20,1028.50,19.28,0.15
2026-06-07T12:00:50,1,3.68,503.50,0.24,242.00,999.00,16.20,1028.50,19.28,0.15
2026-06-07T12:00:50,1,3.71,503.50,0.24,242.00,999.00,16.20,1028.40,19.28,0.15
2026-06-07T12:00:51,1,3.71,503.50,0.24,242.00,999.00,16.20,1028.30,19.28,0.15
2026-06-07T12:00:51,1,3.68,503.50,0.24,242.00,999.00,16.20,1028.30,19.28,0.15
2026-06-07T12:00:51,1,3.70,503.50,0.24,242.00,999.00,16.21,1028.40,19.28,0.15
2026-06-07T12:00:51,1,3.68,503.10,0.24,242.00,999.00,16.21,1028.10,19.28,0.15
2026-06-07T12:00:51,1,3.71,503.10,0.24,242.00,999.00,16.21,1028.40,19.28,0.15
2026-06-07T12:00:52,1,3.71,503.10,0.24,242.00,999.00,16.22,1028.30,19.27,0.15
2026-06-07T12:00:52,1,3.71,503.10,0.24,242.00,999.00,16.23,1028.10,19.28,0.15
2026-06-07T12:00:52,1,3.70,503.10,0.24,242.00,999.00,16.23,1028.30,19.28,0.15
2026-06-07T12:00:52,1,3.68,503.60,0.24,242.00,999.00,16.23,1028.20,19.28,0.15
2026-06-07T12:00:52,1,3.71,503.60,0.24,242.00,999.00,16.24,1028.20,19.28,0.15
2026-06-07T12:00:53,1,3.70,503.60,0.24,242.00,999.00,16.25,1028.40,19.28,0.15
2026-06-07T12:00:53,1,3.70,503.60,0.24,242.00,999.00,16.24,1028.10,19.28,0.15
2026-06-07T12:00:53,1,3.68,503.90,0.24,242.00,999.00,16.25,1028.40,19.28,0.15
2026-06-07T12:00:53,1,3.68,503.90,0.24,242.00,999.00,16.24,1028.70,19.28,0.16
2026-06-07T12:00:53,1,3.69,503.90,0.24,242.00,999.00,16.25,1028.20,19.28,0.15
2026-06-07T12:00:54,1,3.70,503.90,0.24,242.00,999.00,16.25,1028.70,19.28,0.16
2026-06-07T12:00:54,1,3.69,503.90,0.24,242.00,999.00,16.25,1028.30,19.28,0.15
2026-06-07T12:00:54,1,3.69,503.70,0.24,242.00,999.00,16.26,1028.20,19.28,0.15
2026-06-07T12:00:54,1,3.69,503.70,0.24,242.00,999.00,16.25,1028.30,19.28,0.15
2026-06-07T12:00:54,1,3.70,503.70,0.24,242.00,999.00,16.26,1028.50,19.28,0.15
2026-06-07T12:00:55,1,3.69,503.70,0.24,242.00,999.00,16.25,1027.90,19.28,0.15
2026-06-07T12:00:55,1,3.70,503.70,0.24,242.00,999.00,16.26,1028.30,19.28,0.15
2026-06-07T12:00:55,1,3.71,503.70,0.24,242.00,999.00,16.26,1028.10,19.28,0.15
2026-06-07T12:00:55,1,3.70,503.70,0.24,242.00,999.00,16.26,1027.80,19.28,0.15
2026-06-07T12:00:56,1,3.70,503.70,0.24,242.00,999.00,16.27,1028.50,19.27,0.15
2026-06-07T12:00:56,1,3.70,503.70,0.24,242.00,999.00,16.28,1028.20,19.28,0.15
2026-06-07T12:00:56,1,3.70,505.50,0.24,243.00,999.00,16.28,1028.00,19.28,0.15
2026-06-07T12:00:56,1,3.69,505.50,0.24,243.00,999.00,16.28,1028.00,19.28,0.15
2026-06-07T12:00:56,1,3.70,505.50,0.24,243.00,999.00,16.28,1028.20,19.27,0.15
2026-06-07T12:00:57,1,3.70,505.50,0.24,243.00,999.00,16.29,1028.20,19.28,0.15
2026-06-07T12:00:57,1,3.68,505.50,0.24,243.00,999.00,16.29,1028.50,19.28,0.15
2026-06-07T12:00:57,1,3.70,505.10,0.24,242.00,999.00,16.29,1028.50,19.28,0.15
2026-06-07T12:00:57,1,3.71,505.10,0.24,242.00,999.00,16.30,1028.10,19.28,0.15
2026-06-07T12:00:57,1,3.69,505.10,0.24,242.00,999.00,16.29,1028.10,19.27,0.15
2026-06-07T12:00:58,1,3.68,505.10,0.24,242.00,999.00,16.30,1028.50,19.27,0.15
2026-06-07T12:00:58,1,3.67,505.10,0.24,242.00,999.00,16.29,1028.10,19.27,0.15
2026-06-07T12:00:58,1,3.70,506.40,0.25,243.00,999.00,16.31,1028.10,19.28,0.15
2026-06-07T12:00:58,1,3.69,506.40,0.25,243.00,999.00,16.31,1028.80,19.28,0.16
2026-06-07T12:00:58,1,3.71,506.40,0.25,243.00,999.00,16.32,1028.10,19.28,0.15
2026-06-07T12:00:59,1,3.70,506.40,0.25,243.00,999.00,16.32,1028.20,19.27,0.15
2026-06-07T12:00:59,1,3.68,506.40,0.25,243.00,999.00,16.33,1028.20,19.28,0.15
2026-06-07T12:00:59,1,3.70,506.90,0.25,243.00,999.00,16.33,1028.40,19.28,0.15
2026-06-07T12:00:59,1,3.69,506.90,0.25,243.00,999.00,16.33,1028.00,19.28,0.15
2026-06-07T12:00:59,1,3.71,506.90,0.25,243.00,999.00,16.33,1027.60,19.28,0.14
2026-06-07T12:01:00,1,3.70,506.90,0.25,243.00,999.00,16.33,1028.30,19.27,0.15
2026-06-07T12:01:00,1,3.71,506.90,0.25,243.00,999.00,16.33,1028.10,19.27,0.15
2026-06-07T12:01:00,1,3.70,507.50,0.25,244.00,999.00,16.33,1028.60,19.28,0.15
2026-06-07T12:01:00,1,3.71,507.50,0.25,244.00,999.00,16.34,1028.10,19.27,0.15
2026-06-07T12:01:00,1,3.72,507.50,0.25,244.00,999.00,16.34,1028.20,19.28,0.15
2026-06-07T12:01:01,1,3.68,507.50,0.25,244.00,999.00,16.35,1028.30,19.27,0.15
2026-06-07T12:01:01,1,3.68,508.80,0.25,244.00,999.00,16.36,1028.80,19.27,0.16
2026-06-07T12:01:01,1,3.70,508.80,0.25,244.00,999.00,16.37,1028.30,19.27,0.15
2026-06-07T12:01:01,1,3.70,508.80,0.25,244.00,999.00,16.37,1028.00,19.27,0.15
2026-06-07T12:01:02,1,3.68,508.80,0.25,244.00,999.00,16.38,1028.20,19.27,0.15
2026-06-07T12:01:02,1,3.70,508.80,0.25,244.00,999.00,16.38,1028.10,19.27,0.15
2026-06-07T12:01:02,1,3.70,507.90,0.25,244.00,999.00,16.39,1028.30,19.27,0.15
2026-06-07T12:01:02,1,3.70,507.90,0.25,244.00,999.00,16.40,1028.10,19.27,0.15
2026-06-07T12:01:02,1,3.69,507.90,0.25,244.00,999.00,16.40,1028.00,19.27,0.15
2026-06-07T12:01:03,1,3.67,507.90,0.25,244.00,999.00,16.40,1028.10,19.27,0.15
2026-06-07T12:01:03,1,3.67,507.90,0.25,244.00,999.00,16.40,1027.80,19.27,0.15
2026-06-07T12:01:03,1,3.67,509.30,0.25,244.00,999.00,16.40,1028.30,19.27,0.15
2026-06-07T12:01:03,1,3.71,509.30,0.25,244.00,999.00,16.40,1028.30,19.27,0.15
2026-06-07T12:01:03,1,3.71,509.30,0.25,244.00,999.00,16.42,1028.00,19.27,0.15
2026-06-07T12:01:04,1,3.69,509.30,0.25,244.00,999.00,16.42,1028.00,19.27,0.15
2026-06-07T12:01:04,1,3.70,509.30,0.25,244.00,999.00,16.44,1028.10,19.27,0.15
2026-06-07T12:01:04,1,3.71,508.90,0.25,244.00,999.00,16.44,1028.10,19.27,0.15
2026-06-07T12:01:04,1,3.71,508.90,0.25,244.00,999.00,16.45,1028.10,19.26,0.15
2026-06-07T12:01:04,1,3.70,508.90,0.25,244.00,999.00,16.45,1028.10,19.27,0.15
2026-06-07T12:01:05,1,3.68,508.90,0.25,244.00,999.00,16.45,1028.50,19.27,0.15
2026-06-07T12:01:05,1,3.66,509.70,0.25,245.00,999.00,16.45,1028.20,19.27,0.15
2026-06-07T12:01:05,1,3.71,509.70,0.25,245.00,999.00,16.45,1028.50,19.27,0.15
2026-06-07T12:01:05,1,3.68,509.70,0.25,245.00,999.00,16.44,1027.70,19.27,0.15
2026-06-07T12:01:05,1,3.70,509.70,0.25,245.00,999.00,16.45,1028.10,19.27,0.15
2026-06-07T12:01:06,1,3.68,509.70,0.25,245.00,999.00,16.44,1027.90,19.27,0.15
2026-06-07T12:01:06,1,3.71,511.30,0.25,245.00,999.00,16.45,1028.40,19.27,0.15
2026-06-07T12:01:06,1,3.70,511.30,0.25,245.00,999.00,16.45,1028.10,19.27,0.15
2026-06-07T12:01:06,1,3.71,511.30,0.25,245.00,999.00,16.44,1027.90,19.27,0.15
2026-06-07T12:01:07,1,3.70,511.30,0.25,245.00,999.00,16.43,1028.10,19.27,0.15
2026-06-07T12:01:07,1,3.71,511.30,0.25,245.00,999.00,16.43,1028.00,19.27,0.15
2026-06-07T12:01:07,1,3.69,511.70,0.25,246.00,999.00,16.43,1028.00,19.27,0.15
2026-06-07T12:01:07,1,3.70,511.70,0.25,246.00,999.00,16.43,1028.00,19.27,0.15
2026-06-07T12:01:07,1,3.70,511.70,0.25,246.00,999.00,16.43,1028.40,19.27,0.15
2026-06-07T12:01:08,1,3.68,511.70,0.25,246.00,999.00,16.42,1028.30,19.27,0.15
2026-06-07T12:01:08,1,3.69,511.70,0.25,246.00,999.00,16.42,1027.80,19.27,0.15
2026-06-07T12:01:08,1,3.70,512.90,0.25,246.00,999.00,16.42,1028.10,19.27,0.15
2026-06-07T12:01:08,1,3.69,512.90,0.25,246.00,999.00,16.42,1028.40,19.27,0.15
2026-06-07T12:01:08,1,3.71,512.90,0.25,246.00,999.00,16.41,1028.50,19.27,0.15
2026-06-07T12:01:09,1,3.70,512.90,0.25,246.00,999.00,16.41,1027.80,19.26,0.15
2026-06-07T12:01:09,1,3.68,512.70,0.25,246.00,999.00,16.40,1028.40,19.27,0.15
2026-06-07T12:01:09,1,3.71,512.70,0.25,246.00,999.00,16.40,1028.00,19.27,0.15
2026-06-07T12:01:09,1,3.69,512.70,0.25,246.00,999.00,16.40,1027.80,19.27,0.15
2026-06-07T12:01:09,1,3.68,512.70,0.25,246.00,999.00,16.40,1028.00,19.27,0.15
2026-06-07T12:01:10,1,3.68,512.70,0.25,246.00,999.00,16.40,1028.00,19.27,0.15
2026-06-07T12:01:10,1,3.70,511.50,0.25,246.00,999.00,16.40,1027.90,19.27,0.15
2026-06-07T12:01:10,1,3.71,511.50,0.25,246.00,999.00,16.40,1028.10,19.27,0.15
2026-06-07T12:01:10,1,3.67,511.50,0.25,246.00,999.00,16.40,1028.00,19.27,0.15
2026-06-07T12:01:10,1,3.71,511.50,0.25,246.00,999.00,16.41,1028.40,19.27,0.15
2026-06-07T12:01:11,1,3.67,511.50,0.25,246.00,999.00,16.41,1028.40,19.27,0.15
2026-06-07T12:01:11,1,3.71,509.90,0.25,245.00,999.00,16.42,1027.90,19.27,0.15
2026-06-07T12:01:11,1,3.68,509.90,0.25,245.00,999.00,16.41,1028.50,19.27,0.15
2026-06-07T12:01:11,1,3.71,509.90,0.25,245.00,999.00,16.42,1027.70,19.27,0.15
2026-06-07T12:01:11,1,3.70,509.90,0.25,245.00,999.00,16.43,1028.10,19.27,0.15
2026-06-07T12:01:12,1,3.70,509.90,0.25,245.00,999.00,16.43,1027.80,19.27,0.15
2026-06-07T12:01:12,1,3.71,507.40,0.25,244.00,999.00,16.43,1027.90,19.27,0.15
2026-06-07T12:01:12,1,3.70,507.40,0.25,244.00,999.00,16.44,1028.20,19.27,0.15
2026-06-07T12:01:12,1,3.70,507.40,0.25,244.00,999.00,16.44,1028.10,19.27,0.15
2026-06-07T12:01:13,1,3.66,507.40,0.25,244.00,999.00,16.45,1027.80,19.27,0.15
2026-06-07T12:01:13,1,3.70,509.30,0.25,244.00,999.00,16.45,1028.30,19.27,0.15
2026-06-07T12:01:13,1,3.69,509.30,0.25,244.00,999.00,16.45,1028.00,19.27,0.15
2026-06-07T12:01:13,1,3.70,509.30,0.25,244.00,999.00,16.45,1028.20,19.27,0.15
2026-06-07T12:01:13,1,3.71,509.30,0.25,244.00,999.00,16.46,1028.00,19.27,0.15
2026-06-07T12:01:14,1,3.69,509.30,0.25,244.00,999.00,16.46,1028.20,19.27,0.15
2026-06-07T12:01:14,1,3.68,511.90,0.25,246.00,999.00,16.47,1027.90,19.27,0.15
2026-06-07T12:01:14,1,3.70,511.90,0.25,246.00,999.00,16.47,1028.10,19.27,0.15
2026-06-07T12:01:14,1,3.71,511.90,0.25,246.00,999.00,16.47,1027.80,19.26,0.15
2026-06-07T12:01:14,1,3.70,511.90,0.25,246.00,999.00,16.47,1027.60,19.27,0.14
2026-06-07T12:01:15,1,3.70,511.90,0.25,246.00,999.00,16.47,1028.20,19.26,0.15
2026-06-07T12:01:15,1,3.69,506.60,0.25,243.00,999.00,16.47,1027.90,19.27,0.15
2026-06-07T12:01:15,1,3.71,506.60,0.25,243.00,999.00,16.47,1027.70,19.26,0.15
2026-06-07T12:01:15,1,3.71,506.60,0.25,243.00,999.00,16.47,1028.10,19.26,0.15
2026-06-07T12:01:15,1,3.70,506.60,0.25,243.00,999.00,16.47,1027.90,19.26,0.15
2026-06-07T12:01:16,1,3.70,506.60,0.25,243.00,999.00,16.47,1028.20,19.26,0.15
2026-06-07T12:01:16,1,3.69,508.20,0.25,244.00,999.00,16.47,1027.50,19.26,0.14
2026-06-07T12:01:16,1,3.71,508.20,0.25,244.00,999.00,16.46,1028.00,19.27,0.15
2026-06-07T12:01:16,1,3.70,508.20,0.25,244.00,999.00,16.46,1027.70,19.26,0.15
2026-06-07T12:01:16,1,3.70,508.20,0.25,244.00,999.00,16.46,1028.10,19.26,0.15
2026-06-07T12:01:17,1,3.67,508.20,0.25,244.00,999.00,16.46,1027.80,19.26,0.15
2026-06-07T12:01:17,1,3.71,508.20,0.25,244.00,999.00,16.45,1028.10,19.25,0.15
2026-06-07T12:01:17,1,3.70,508.20,0.25,244.00,999.00,16.45,1027.80,19.26,0.15
2026-06-07T12:01:17,1,3.71,508.20,0.25,244.00,999.00,16.45,1027.40,19.26,0.14
2026-06-07T12:01:18,1,3.68,508.20,0.25,244.00,999.00,16.45,1027.70,19.26,0.15
2026-06-07T12:01:18,1,3.68,509.20,0.25,244.00,999.00,16.44,1027.80,19.26,0.15
2026-06-07T12:01:18,1,3.69,509.20,0.25,244.00,999.00,16.44,1027.10,19.25,0.14
2026-06-07T12:01:18,1,3.71,509.20,0.25,244.00,999.00,16.45,1027.70,19.26,0.15
2026-06-07T12:01:18,1,3.70,509.20,0.25,244.00,999.00,16.44,1027.50,19.26,0.14
2026-06-07T12:01:19,1,3.68,509.20,0.25,244.00,999.00,16.44,1027.80,19.25,0.15
2026-06-07T12:01:19,1,3.70,505.70,0.24,243.00,999.00,16.45,1027.40,19.25,0.14
2026-06-07T12:01:19,1,3.71,505.70,0.24,243.00,999.00,16.45,1027.50,19.25,0.14
2026-06-07T12:01:19,1,3.71,505.70,0.24,243.00,999.00,16.45,1028.10,19.25,0.15
2026-06-07T12:01:19,1,3.71,505.70,0.24,243.00,999.00,16.46,1028.00,19.25,0.15
2026-06-07T12:01:20,1,3.70,505.70,0.24,243.00,999.00,16.46,1027.90,19.26,0.15
2026-06-07T12:01:20,1,3.69,506.30,0.24,243.00,999.00,16.46,1027.40,19.23,0.14
2026-06-07T12:01:20,1,3.71,506.30,0.24,243.00,999.00,16.47,1027.70,19.25,0.15
2026-06-07T12:01:20,1,3.68,506.30,0.24,243.00,999.00,16.47,1027.60,19.26,0.14
2026-06-07T12:01:20,1,3.69,506.30,0.24,243.00,999.00,16.47,1027.50,19.25,0.14
2026-06-07T12:01:21,1,3.69,504.90,0.24,242.00,999.00,16.47,1027.50,19.26,0.14
2026-06-07T12:01:21,1,3.70,504.90,0.24,242.00,999.00,16.49,1027.90,19.25,0.15
2026-06-07T12:01:21,1,3.68,504.90,0.24,242.00,999.00,16.49,1027.70,19.25,0.15
2026-06-07T12:01:21,1,3.69,504.90,0.24,242.00,999.00,16.50,1027.80,19.25,0.15
2026-06-07T12:01:21,1,3.68,504.90,0.24,242.00,999.00,16.51,1027.90,19.24,0.15
2026-06-07T12:01:22,1,3.71,501.70,0.24,241.00,999.00,16.52,1027.80,19.24,0.15
2026-06-07T12:01:22,1,3.71,501.70,0.24,241.00,999.00,16.53,1027.90,19.24,0.15
2026-06-07T12:01:22,1,3.70,501.70,0.24,241.00,999.00,16.54,1027.90,19.25,0.15
2026-06-07T12:01:22,1,3.69,501.70,0.24,241.00,999.00,16.54,1027.70,19.25,0.15
2026-06-07T12:01:23,1,3.70,501.70,0.24,241.00,999.00,16.54,1028.00,19.25,0.15
2026-06-07T12:01:23,1,3.67,506.00,0.24,243.00,999.00,16.54,1028.20,19.24,0.15
2026-06-07T12:01:23,1,3.70,506.00,0.24,243.00,999.00,16.55,1027.60,19.25,0.14
2026-06-07T12:01:23,1,3.66,506.00,0.24,243.00,999.00,16.55,1027.50,19.26,0.14
2026-06-07T12:01:23,1,3.68,506.00,0.24,243.00,999.00,16.55,1027.30,19.25,0.14
2026-06-07T12:01:24,1,3.67,509.20,0.25,244.00,999.00,16.55,1027.40,19.25,0.14
2026-06-07T12:01:24,1,3.70,509.20,0.25,244.00,999.00,16.54,1027.60,19.25,0.14
2026-06-07T12:01:24,1,3.68,509.20,0.25,244.00,999.00,16.55,1027.30,19.25,0.14
2026-06-07T12:01:24,1,3.71,509.20,0.25,244.00,999.00,16.55,1027.70,19.25,0.15
2026-06-07T12:01:24,1,3.69,509.20,0.25,244.00,999.00,16.55,1027.90,19.25,0.15
2026-06-07T12:01:25,1,3.70,498.80,0.24,239.00,999.00,16.54,1028.50,19.24,0.15
2026-06-07T12:01:25,1,3.71,498.80,0.24,239.00,999.00,16.53,1028.10,19.25,0.15
2026-06-07T12:01:25,1,3.69,498.80,0.24,239.00,999.00,16.54,1027.50,19.25,0.14
2026-06-07T12:01:25,1,3.68,498.80,0.24,239.00,999.00,16.52,1027.80,19.25,0.15
2026-06-07T12:01:25,1,3.68,498.80,0.24,239.00,999.00,16.52,1027.70,19.25,0.15
2026-06-07T12:01:26,1,3.71,500.10,0.24,240.00,999.00,16.52,1027.60,19.25,0.14
2026-06-07T12:01:26,1,3.71,500.10,0.24,240.00,999.00,16.52,1027.90,19.25,0.15
2026-06-07T12:01:26,1,3.70,500.10,0.24,240.00,999.00,16.52,1027.90,19.25,0.15
2026-06-07T12:01:26,1,3.69,500.10,0.24,240.00,999.00,16.51,1027.50,19.25,0.14
2026-06-07T12:01:26,1,3.69,500.10,0.24,240.00,999.00,16.51,1027.60,19.25,0.14
2026-06-07T12:01:27,1,3.68,507.50,0.25,244.00,999.00,16.52,1027.60,19.25,0.14
2026-06-07T12:01:27,1,3.71,507.50,0.25,244.00,999.00,16.52,1027.60,19.25,0.14
2026-06-07T12:01:27,1,3.71,507.50,0.25,244.00,999.00,16.52,1027.60,19.25,0.14
2026-06-07T12:01:27,1,3.70,507.50,0.25,244.00,999.00,16.52,1027.90,19.25,0.15
2026-06-07T12:01:27,1,3.68,507.50,0.25,244.00,999.00,16.53,1027.90,19.25,0.15
2026-06-07T12:01:28,1,3.68,488.30,0.24,234.00,999.00,16.52,1027.60,19.25,0.14
2026-06-07T12:01:28,1,3.70,488.30,0.24,234.00,999.00,16.53,1027.50,19.25,0.14
2026-06-07T12:01:28,1,3.68,488.30,0.24,234.00,999.00,16.54,1027.60,19.25,0.14
2026-06-07T12:01:28,1,3.70,488.30,0.24,234.00,999.00,16.54,1027.60,19.25,0.14
2026-06-07T12:01:28,1,3.71,506.80,0.25,243.00,999.00,16.54,1027.80,19.25,0.15
2026-06-07T12:01:29,1,3.68,506.80,0.25,243.00,999.00,16.54,1027.40,19.25,0.14
2026-06-07T12:01:29,1,3.70,506.80,0.25,243.00,999.00,16.55,1027.90,19.25,0.15
2026-06-07T12:01:29,1,3.68,506.80,0.25,243.00,999.00,16.55,1027.50,19.24,0.14
2026-06-07T12:01:29,1,3.68,506.80,0.25,243.00,999.00,16.56,1029.20,19.24,0.16
2026-06-07T12:01:30,1,3.71,3936.00,2.08,1889.00,999.00,16.76,1031.00,19.24,0.18
2026-06-07T12:01:30,1,3.70,3936.00,2.08,1889.00,999.00,16.99,1032.30,19.24,0.19
2026-06-07T12:01:30,1,3.71,3936.00,2.08,1889.00,999.00,17.19,1032.90,19.24,0.20
2026-06-07T12:01:30,1,3.66,3936.00,2.08,1889.00,999.00,17.34,1032.50,19.23,0.19
2026-06-07T12:01:30,1,3.69,3936.00,2.08,1889.00,999.00,17.47,1031.40,19.22,0.18
2026-06-07T12:01:31,1,3.70,27150.00,16.65,13034.00,999.00,17.61,1032.70,19.21,0.20
2026-06-07T12:01:31,1,3.71,27150.00,16.65,13034.00,999.00,17.71,1032.90,19.20,0.20
2026-06-07T12:01:31,1,3.68,27150.00,16.65,13034.00,999.00,17.80,1033.80,19.19,0.21
2026-06-07T12:01:31,1,3.68,27150.00,16.65,13034.00,999.00,17.88,1033.70,19.18,0.21
2026-06-07T12:01:31,1,3.68,26850.00,16.44,12889.00,999.00,17.96,1034.30,19.16,0.21
2026-06-07T12:01:32,1,3.69,26850.00,16.44,12889.00,999.00,18.04,1039.40,19.15,0.26
2026-06-07T12:01:32,1,3.68,26850.00,16.44,12889.00,999.00,18.10,1045.00,19.14,0.32
2026-06-07T12:01:32,1,3.65,26850.00,16.44,12889.00,999.00,18.17,1047.00,19.13,0.34
2026-06-07T12:01:32,1,3.70,26850.00,16.44,12889.00,999.00,18.22,1047.40,19.12,0.34
2026-06-07T12:01:32,1,3.68,26430.00,16.16,12689.00,999.00,18.26,1049.30,19.10,0.36
2026-06-07T12:01:33,1,3.71,26430.00,16.16,12689.00,999.00,18.31,1049.70,19.09,0.36
2026-06-07T12:01:33,1,3.70,26430.00,16.16,12689.00,999.00,18.33,1049.90,19.07,0.37
2026-06-07T12:01:33,1,3.69,26430.00,16.16,12689.00,999.00,18.37,1052.90,19.06,0.40
2026-06-07T12:01:33,1,3.67,26430.00,16.16,12689.00,999.00,18.38,1056.00,19.05,0.43
2026-06-07T12:01:33,1,3.71,26340.00,16.10,12645.00,999.00,18.41,1058.60,19.04,0.45
2026-06-07T12:01:34,1,3.70,26340.00,16.10,12645.00,999.00,18.43,1063.00,19.03,0.50
2026-06-07T12:01:34,1,3.71,26340.00,16.10,12645.00,999.00,18.45,1071.20,19.02,0.58
2026-06-07T12:01:34,1,3.67,26340.00,16.10,12645.00,999.00,18.46,1074.10,19.01,0.61
2026-06-07T12:01:34,1,3.70,26340.00,16.10,12645.00,999.00,18.49,1064.40,19.00,0.51
2026-06-07T12:01:35,1,3.70,26270.00,16.05,12610.00,999.00,18.51,1045.60,18.97,0.32
2026-06-07T12:01:35,1,3.70,26270.00,16.05,12610.00,999.00,18.52,1042.10,18.96,0.29
2026-06-07T12:01:35,1,3.69,26270.00,16.05,12610.00,999.00,18.53,1058.60,18.96,0.45
2026-06-07T12:01:35,1,3.68,26270.00,16.05,12610.00,999.00,18.54,1073.20,18.95,0.60
2026-06-07T12:01:35,1,3.68,26240.00,16.03,12596.00,999.00,18.55,1075.70,18.93,0.62
2026-06-07T12:01:36,1,3.70,26240.00,16.03,12596.00,999.00,18.56,1063.20,18.92,0.50
2026-06-07T12:01:36,1,3.70,26240.00,16.03,12596.00,999.00,18.57,1046.60,18.91,0.33
2026-06-07T12:01:36,1,3.69,26240.00,16.03,12596.00,999.00,18.57,1039.10,18.89,0.26
2026-06-07T12:01:36,1,3.70,26240.00,16.03,12596.00,999.00,18.58,1057.30,18.88,0.44
2026-06-07T12:01:36,1,3.70,26250.00,16.04,12600.00,999.00,18.58,1073.50,18.87,0.60
2026-06-07T12:01:37,1,3.69,26250.00,16.04,12600.00,999.00,18.58,1074.70,18.85,0.61
2026-06-07T12:01:37,1,3.71,26250.00,16.04,12600.00,999.00,18.58,1060.80,18.84,0.47
2026-06-07T12:01:37,1,3.70,26250.00,16.04,12600.00,999.00,18.59,1044.10,18.82,0.31
2026-06-07T12:01:37,1,3.68,26250.00,16.04,12600.00,999.00,18.58,1040.90,18.81,0.28
2026-06-07T12:01:37,1,3.71,26220.00,16.02,12586.00,999.00,18.59,1043.70,18.80,0.30
2026-06-07T12:01:38,1,3.70,26220.00,16.02,12586.00,999.00,18.58,1043.20,18.79,0.30
2026-06-07T12:01:38,1,3.69,26220.00,16.02,12586.00,999.00,18.58,1042.90,18.78,0.30
2026-06-07T12:01:38,1,3.67,26220.00,16.02,12586.00,999.00,18.59,1043.20,18.77,0.30
2026-06-07T12:01:38,1,3.69,26220.00,16.02,12586.00,999.00,18.59,1043.30,18.76,0.30
2026-06-07T12:01:38,1,3.68,26210.00,16.02,12585.00,999.00,18.59,1044.30,18.75,0.31
2026-06-07T12:01:39,1,3.71,26210.00,16.02,12585.00,999.00,18.59,1045.00,18.74,0.32
2026-06-07T12:01:39,1,3.67,26210.00,16.02,12585.00,999.00,18.59,1044.60,18.73,0.31
2026-06-07T12:01:39,1,3.68,26210.00,16.02,12585.00,999.00,18.59,1044.60,18.72,0.31
2026-06-07T12:01:39,1,3.67,26200.00,16.01,12578.00,999.00,18.59,1044.30,18.72,0.31
2026-06-07T12:01:39,1,3.71,26200.00,16.01,12578.00,999.00,18.60,1044.60,18.71,0.31
2026-06-07T12:01:40,1,3.69,26200.00,16.01,12578.00,999.00,18.60,1045.00,18.71,0.32
2026-06-07T12:01:40,1,3.68,26200.00,16.01,12578.00,999.00,18.60,1041.90,18.70,0.29
2026-06-07T12:01:40,1,3.68,26200.00,16.01,12578.00,999.00,18.59,1036.90,18.69,0.24
2026-06-07T12:01:40,1,3.71,26190.00,16.00,12574.00,999.00,18.60,1035.80,18.68,0.23
2026-06-07T12:01:41,1,3.68,26190.00,16.00,12574.00,999.00,18.60,1035.10,18.68,0.22
2026-06-07T12:01:41,1,3.72,26190.00,16.00,12574.00,999.00,18.60,1035.30,18.67,0.22
2026-06-07T12:01:41,1,3.70,26190.00,16.00,12574.00,999.00,18.60,1035.60,18.66,0.22
2026-06-07T12:01:41,1,3.69,26190.00,16.00,12574.00,999.00,18.60,1036.40,18.66,0.23
2026-06-07T12:01:41,1,3.69,26190.00,16.00,12573.00,999.00,18.60,1036.10,18.65,0.23
2026-06-07T12:01:42,1,3.72,26190.00,16.00,12573.00,999.00,18.60,1036.70,18.65,0.23
2026-06-07T12:01:42,1,3.68,26190.00,16.00,12573.00,999.00,18.60,1036.40,18.64,0.23
2026-06-07T12:01:42,1,3.69,26190.00,16.00,12573.00,999.00,18.60,1036.60,18.62,0.23
2026-06-07T12:01:42,1,3.70,26190.00,16.00,12573.00,999.00,18.60,1037.50,18.63,0.24
2026-06-07T12:01:42,1,3.68,26190.00,16.00,12572.00,999.00,18.60,1038.30,18.62,0.25
2026-06-07T12:01:43,1,3.70,26190.00,16.00,12572.00,999.00,18.60,1038.50,18.62,0.25
2026-06-07T12:01:43,1,3.68,26190.00,16.00,12572.00,999.00,18.60,1038.30,18.61,0.25
2026-06-07T12:01:43,1,3.66,26190.00,16.00,12572.00,999.00,18.60,1037.70,18.61,0.24
2026-06-07T12:01:43,1,3.71,26180.00,15.99,12567.00,999.00,18.59,1037.50,18.60,0.24
2026-06-07T12:01:43,1,3.70,26180.00,15.99,12567.00,999.00,18.60,1037.60,18.60,0.24
2026-06-07T12:01:44,1,3.70,26180.00,15.99,12567.00,999.00,18.59,1038.00,18.59,0.25
2026-06-07T12:01:44,1,3.68,26180.00,15.99,12567.00,999.00,18.60,1037.20,18.59,0.24
2026-06-07T12:01:44,1,3.68,26180.00,15.99,12567.00,999.00,18.60,1036.80,18.59,0.24
2026-06-07T12:01:44,1,3.70,26180.00,15.99,12567.00,999.00,18.60,1037.00,18.58,0.24
2026-06-07T12:01:44,1,3.70,26180.00,15.99,12567.00,999.00,18.60,1037.70,18.58,0.24
2026-06-07T12:01:45,1,3.71,26180.00,15.99,12567.00,999.00,18.60,1038.10,18.58,0.25
2026-06-07T12:01:45,1,3.67,26180.00,15.99,12567.00,999.00,18.60,1038.00,18.57,0.25
2026-06-07T12:01:45,1,3.68,26180.00,15.99,12567.00,999.00,18.60,1037.00,18.57,0.24
2026-06-07T12:01:45,1,3.68,26170.00,15.99,12562.00,999.00,18.60,1037.70,18.56,0.24
2026-06-07T12:01:46,1,3.70,26170.00,15.99,12562.00,999.00,18.59,1039.20,18.56,0.26
2026-06-07T12:01:46,1,3.68,26170.00,15.99,12562.00,999.00,18.59,1038.40,18.56,0.25
2026-06-07T12:01:46,1,3.68,26170.00,15.99,12562.00,999.00,18.60,1037.10,18.55,0.24
2026-06-07T12:01:46,1,3.70,26170.00,15.99,12562.00,999.00,18.60,1037.10,18.55,0.24
2026-06-07T12:01:46,1,3.70,26160.00,15.98,12558.00,999.00,18.60,1037.60,18.54,0.24
2026-06-07T12:01:47,1,3.68,26160.00,15.98,12558.00,999.00,18.60,1037.90,18.54,0.25
2026-06-07T12:01:47,1,3.71,26160.00,15.98,12558.00,999.00,18.60,1039.50,18.54,0.26
2026-06-07T12:01:47,1,3.67,26160.00,15.98,12558.00,999.00,18.60,1040.40,18.54,0.27
2026-06-07T12:01:47,1,3.67,26150.00,15.97,12553.00,999.00,18.59,1041.20,18.53,0.28
2026-06-07T12:01:47,1,3.70,26150.00,15.97,12553.00,999.00,18.59,1042.50,18.53,0.29
2026-06-07T12:01:48,1,3.70,26150.00,15.97,12553.00,999.00,18.60,1044.70,18.51,0.31
2026-06-07T12:01:48,1,3.66,26150.00,15.97,12553.00,999.00,18.60,1046.30,18.52,0.33
2026-06-07T12:01:48,1,3.67,26150.00,15.97,12553.00,999.00,18.59,1047.50,18.52,0.34
2026-06-07T12:01:48,1,3.70,26150.00,15.98,12555.00,999.00,18.59,1049.00,18.52,0.36
2026-06-07T12:01:48,1,3.71,26150.00,15.98,12555.00,999.00,18.59,1050.80,18.51,0.37
2026-06-07T12:01:49,1,3.71,26150.00,15.98,12555.00,999.00,18.59,1052.80,18.51,0.39
2026-06-07T12:01:49,1,3.70,26150.00,15.98,12555.00,999.00,18.59,1054.80,18.51,0.41
2026-06-07T12:01:49,1,3.67,26150.00,15.98,12555.00,999.00,18.59,1055.00,18.51,0.42
2026-06-07T12:01:49,1,3.71,26140.00,15.97,12549.00,999.00,18.59,1054.90,18.50,0.42
2026-06-07T12:01:49,1,3.68,26140.00,15.97,12549.00,999.00,18.60,1055.00,18.50,0.42
2026-06-07T12:01:50,1,3.71,26140.00,15.97,12549.00,999.00,18.60,1055.00,18.50,0.42
2026-06-07T12:01:50,1,3.68,26140.00,15.97,12549.00,999.00,18.59,1056.40,18.50,0.43
2026-06-07T12:01:50,1,3.70,26140.00,15.97,12552.00,999.00,18.60,1058.20,18.49,0.45
2026-06-07T12:01:50,1,3.69,26140.00,15.97,12552.00,999.00,18.61,1058.20,18.50,0.45
2026-06-07T12:01:51,1,3.71,26140.00,15.97,12552.00,999.00,18.60,1059.50,18.49,0.46
2026-06-07T12:01:51,1,3.67,26140.00,15.97,12552.00,999.00,18.60,1059.80,18.49,0.46
2026-06-07T12:01:51,1,3.70,26140.00,15.97,12552.00,999.00,18.60,1060.50,18.49,0.47
2026-06-07T12:01:51,1,3.69,26140.00,15.97,12548.00,999.00,18.60,1062.10,18.49,0.49
2026-06-07T12:01:51,1,3.71,26140.00,15.97,12548.00,999.00,18.60,1062.60,18.49,0.49
2026-06-07T12:01:52,1,3.70,26140.00,15.97,12548.00,999.00,18.60,1063.70,18.48,0.50
2026-06-07T12:01:52,1,3.68,26140.00,15.97,12548.00,999.00,18.60,1064.80,18.48,0.51
2026-06-07T12:01:52,1,3.67,26140.00,15.97,12548.00,999.00,18.60,1066.10,18.48,0.53
2026-06-07T12:01:52,1,3.71,26130.00,15.96,12544.00,999.00,18.61,1067.20,18.48,0.54
2026-06-07T12:01:52,1,3.71,26130.00,15.96,12544.00,999.00,18.60,1067.70,18.48,0.54
2026-06-07T12:01:53,1,3.71,26130.00,15.96,12544.00,999.00,18.60,1068.80,18.47,0.55
2026-06-07T12:01:53,1,3.68,26130.00,15.96,12544.00,999.00,18.60,1070.10,18.47,0.57
2026-06-07T12:01:53,1,3.70,26130.00,15.96,12544.00,999.00,18.60,1071.20,18.47,0.58
2026-06-07T12:01:53,1,3.70,26140.00,15.97,12551.00,999.00,18.61,1072.30,18.47,0.59
2026-06-07T12:01:53,1,3.71,26140.00,15.97,12551.00,999.00,18.60,1073.30,18.47,0.60
2026-06-07T12:01:54,1,3.72,26140.00,15.97,12551.00,999.00,18.60,1074.30,18.47,0.61
2026-06-07T12:01:54,1,3.66,26140.00,15.97,12551.00,999.00,18.61,1075.60,18.47,0.62
2026-06-07T12:01:54,1,3.69,26140.00,15.97,12551.00,999.00,18.60,1076.70,18.46,0.63
2026-06-07T12:01:54,1,3.70,26120.00,15.96,12540.00,999.00,18.61,1076.80,18.47,0.63
2026-06-07T12:01:54,1,3.69,26120.00,15.96,12540.00,999.00,18.60,1077.40,18.45,0.64
2026-06-07T12:01:55,1,3.67,26120.00,15.96,12540.00,999.00,18.60,1077.50,18.46,0.64
2026-06-07T12:01:55,1,3.69,26120.00,15.96,12540.00,999.00,18.60,1077.40,18.45,0.64
2026-06-07T12:01:55,1,3.69,26120.00,15.96,12541.00,999.00,18.60,1077.50,18.45,0.64
2026-06-07T12:01:55,1,3.68,26120.00,15.96,12541.00,999.00,18.60,1078.50,18.45,0.65
2026-06-07T12:01:56,1,3.70,26120.00,15.96,12541.00,999.00,18.60,1080.30,18.45,0.67
2026-06-07T12:01:56,1,3.67,26120.00,15.96,12541.00,999.00,18.60,1081.60,18.45,0.68
2026-06-07T12:01:56,1,3.67,26120.00,15.96,12541.00,999.00,18.60,1082.60,18.45,0.69
2026-06-07T12:01:56,1,3.71,26110.00,15.95,12537.00,999.00,18.60,1083.00,18.45,0.69
2026-06-07T12:01:56,1,3.70,26110.00,15.95,12537.00,999.00,18.59,1083.80,18.45,0.70
2026-06-07T12:01:57,1,3.71,26110.00,15.95,12537.00,999.00,18.60,1084.90,18.45,0.71
2026-06-07T12:01:57,1,3.68,26110.00,15.95,12537.00,999.00,18.60,1086.20,18.45,0.73
2026-06-07T12:01:57,1,3.70,26110.00,15.95,12537.00,999.00,18.59,1087.40,18.44,0.74
2026-06-07T12:01:57,1,3.68,26130.00,15.96,12544.00,999.00,18.60,1088.90,18.44,0.75
2026-06-07T12:01:57,1,3.72,26130.00,15.96,12544.00,999.00,18.59,1090.20,18.44,0.77
2026-06-07T12:01:58,1,3.70,26130.00,15.96,12544.00,999.00,18.60,1091.10,18.44,0.77
2026-06-07T12:01:58,1,3.70,26130.00,15.96,12544.00,999.00,18.59,1090.70,18.43,0.77
2026-06-07T12:01:58,1,3.69,26110.00,15.95,12534.00,999.00,18.60,1091.30,18.44,0.78
2026-06-07T12:01:58,1,3.70,26110.00,15.95,12534.00,999.00,18.60,1091.50,18.44,0.78
2026-06-07T12:01:58,1,3.69,26110.00,15.95,12534.00,999.00,18.60,1091.70,18.44,0.78
2026-06-07T12:01:59,1,3.69,26110.00,15.95,12534.00,999.00,18.60,1092.60,18.43,0.79
2026-06-07T12:01:59,1,3.68,26110.00,15.95,12534.00,999.00,18.59,1092.50,18.43,0.79
2026-06-07T12:01:59,1,3.69,26110.00,15.95,12535.00,999.00,18.60,1093.30,18.43,0.80
2026-06-07T12:01:59,1,3.70,26110.00,15.95,12535.00,999.00,18.60,1094.20,18.43,0.80
2026-06-07T12:01:59,1,3.71,26110.00,15.95,12535.00,999.00,18.60,1095.30,18.43,0.82
2026-06-07T12:02:00,1,3.68,26110.00,15.95,12535.00,999.00,18.60,1096.00,18.43,0.82
2026-06-07T12:02:00,1,3.70,26110.00,15.95,12535.00,999.00,18.60,1097.10,18.43,0.83
2026-06-07T12:02:00,1,3.70,26110.00,15.95,12537.00,999.00,18.59,1098.10,18.43,0.84
2026-06-07T12:02:00,1,3.68,26110.00,15.95,12537.00,999.00,18.59,1098.20,18.42,0.84
2026-06-07T12:02:01,1,3.68,26110.00,15.95,12537.00,999.00,18.60,1098.50,18.41,0.85
2026-06-07T12:02:01,1,3.70,26110.00,15.95,12537.00,999.00,18.59,1098.70,18.42,0.85
2026-06-07T12:02:01,1,3.67,26110.00,15.95,12537.00,999.00,18.60,1099.20,18.42,0.85
2026-06-07T12:02:01,1,3.71,26120.00,15.96,12540.00,999.00,18.59,1099.40,18.42,0.86
2026-06-07T12:02:01,1,3.70,26120.00,15.96,12540.00,999.00,18.59,1099.40,18.42,0.86
2026-06-07T12:02:02,1,3.70,26120.00,15.96,12540.00,999.00,18.60,1100.20,18.42,0.86
2026-06-07T12:02:02,1,3.68,26120.00,15.96,12540.00,999.00,18.60,1101.00,18.42,0.87
2026-06-07T12:02:02,1,3.69,26110.00,15.95,12535.00,999.00,18.59,1101.90,18.42,0.88
2026-06-07T12:02:02,1,3.69,26110.00,15.95,12535.00,999.00,18.59,1103.00,18.41,0.89
2026-06-07T12:02:02,1,3.71,26110.00,15.95,12535.00,999.00,18.59,1104.30,18.41,0.90
2026-06-07T12:02:03,1,3.67,26110.00,15.95,12535.00,999.00,18.60,1105.10,18.42,0.91
2026-06-07T12:02:03,1,3.68,26110.00,15.95,12535.00,999.00,18.60,1105.90,18.41,0.92
2026-06-07T12:02:03,1,3.68,26100.00,15.95,12532.00,999.00,18.59,1106.60,18.41,0.93
2026-06-07T12:02:03,1,3.71,26100.00,15.95,12532.00,999.00,18.60,1107.10,18.41,0.93
2026-06-07T12:02:03,1,3.70,26100.00,15.95,12532.00,999.00,18.59,1107.90,18.41,0.94
2026-06-07T12:02:04,1,3.69,26100.00,15.95,12532.00,999.00,18.59,1109.20,18.41,0.95
2026-06-07T12:02:04,1,3.67,26100.00,15.95,12532.00,999.00,18.59,1109.70,18.41,0.96
2026-06-07T12:02:04,1,3.69,26110.00,15.95,12534.00,999.00,18.59,1111.00,18.41,0.97
2026-06-07T12:02:04,1,3.70,26110.00,15.95,12534.00,999.00,18.59,1111.10,18.41,0.97
2026-06-07T12:02:04,1,3.71,26110.00,15.95,12534.00,999.00,18.59,1111.10,18.41,0.97
2026-06-07T12:02:05,1,3.70,26110.00,15.95,12534.00,999.00,18.59,1111.20,18.40,0.97
2026-06-07T12:02:05,1,3.67,26110.00,15.95,12534.00,999.00,18.59,1112.50,18.40,0.99
2026-06-07T12:02:05,1,3.68,26110.00,15.95,12533.00,999.00,18.59,1113.10,18.41,0.99
2026-06-07T12:02:05,1,3.68,26110.00,15.95,12533.00,999.00,18.59,1113.20,18.40,0.99
2026-06-07T12:02:05,1,3.68,26110.00,15.95,12533.00,999.00,18.58,1113.80,18.40,1.00
2026-06-07T12:02:06,1,3.67,26110.00,15.95,12533.00,999.00,18.59,1113.20,18.40,0.99
2026-06-07T12:02:06,1,3.69,26100.00,15.95,12532.00,999.00,18.59,1113.70,18.40,1.00
2026-06-07T12:02:06,1,3.68,26100.00,15.95,12532.00,999.00,18.59,1114.00,18.40,1.00
2026-06-07T12:02:06,1,3.71,26100.00,15.95,12532.00,999.00,18.58,1115.00,18.40,1.01
2026-06-07T12:02:06,1,3.69,26100.00,15.95,12532.00,999.00,18.58,1116.30,18.40,1.02
2026-06-07T12:02:07,1,3.66,26100.00,15.95,12532.00,999.00,18.58,1117.50,18.40,1.04
2026-06-07T12:02:07,1,3.70,26110.00,15.95,12535.00,999.00,18.58,1118.40,18.40,1.04
2026-06-07T12:02:07,1,3.71,26110.00,15.95,12535.00,999.00,18.58,1119.90,18.38,1.06
2026-06-07T12:02:07,1,3.70,26110.00,15.95,12535.00,999.00,18.59,1120.40,18.39,1.06
2026-06-07T12:02:08,1,3.69,26110.00,15.95,12535.00,999.00,18.58,1121.00,18.40,1.07
2026-06-07T12:02:08,1,3.66,26110.00,15.95,12535.00,999.00,18.58,1121.50,18.40,1.08
2026-06-07T12:02:08,1,3.71,26100.00,15.94,12529.00,999.00,18.58,1122.30,18.39,1.08
2026-06-07T12:02:08,1,3.70,26100.00,15.94,12529.00,999.00,18.58,1122.50,18.39,1.09
2026-06-07T12:02:08,1,3.72,26100.00,15.94,12529.00,999.00,18.58,1123.20,18.39,1.09
2026-06-07T12:02:09,1,3.69,26100.00,15.94,12529.00,999.00,18.58,1125.10,18.39,1.11
2026-06-07T12:02:09,1,3.70,26100.00,15.94,12529.00,999.00,18.58,1126.60,18.39,1.13
2026-06-07T12:02:09,1,3.68,26080.00,15.93,12522.00,999.00,18.58,1128.20,18.40,1.14
2026-06-07T12:02:09,1,3.69,26080.00,15.93,12522.00,999.00,18.58,1129.80,18.39,1.16
2026-06-07T12:02:09,1,3.69,26080.00,15.93,12522.00,999.00,18.58,1130.90,18.39,1.17
2026-06-07T12:02:10,1,3.69,26080.00,15.93,12522.00,999.00,18.58,1131.90,18.39,1.18
2026-06-07T12:02:10,1,3.68,26080.00,15.93,12520.00,999.00,18.58,1133.50,18.39,1.19
2026-06-07T12:02:10,1,3.71,26080.00,15.93,12520.00,999.00,18.58,1134.10,18.39,1.20
2026-06-07T12:02:10,1,3.68,26080.00,15.93,12520.00,999.00,18.58,1135.00,18.39,1.21
2026-06-07T12:02:10,1,3.68,26080.00,15.93,12520.00,999.00,18.58,1135.10,18.38,1.21
2026-06-07T12:02:11,1,3.66,26080.00,15.93,12520.00,999.00,18.58,1135.50,18.38,1.21
2026-06-07T12:02:11,1,3.68,26090.00,15.94,12527.00,999.00,18.58,1135.60,18.39,1.21
2026-06-07T12:02:11,1,3.70,26090.00,15.94,12527.00,999.00,18.58,1136.90,18.38,1.23
2026-06-07T12:02:11,1,3.68,26090.00,15.94,12527.00,999.00,18.58,1138.20,18.38,1.24
2026-06-07T12:02:11,1,3.67,26090.00,15.94,12527.00,999.00,18.57,1140.00,18.38,1.26
2026-06-07T12:02:12,1,3.68,26090.00,15.94,12527.00,999.00,18.58,1140.90,18.39,1.27
2026-06-07T12:02:12,1,3.70,26080.00,15.93,12522.00,999.00,18.58,1141.40,18.38,1.27
2026-06-07T12:02:12,1,3.66,26080.00,15.93,12522.00,999.00,18.58,1142.30,18.38,1.28
2026-06-07T12:02:12,1,3.71,26080.00,15.93,12522.00,999.00,18.58,1143.10,18.38,1.29
2026-06-07T12:02:13,1,3.68,26080.00,15.93,12522.00,999.00,18.58,1143.90,18.38,1.30
2026-06-07T12:02:13,1,3.69,26080.00,15.93,12522.00,999.00,18.58,1145.00,18.38,1.31
2026-06-07T12:02:13,1,3.69,26090.00,15.93,12524.00,999.00,18.58,1146.20,18.38,1.32
2026-06-07T12:02:13,1,3.71,26090.00,15.93,12524.00,999.00,18.57,1147.10,18.38,1.33
2026-06-07T12:02:13,1,3.66,26090.00,15.93,12524.00,999.00,18.58,1149.20,18.38,1.35
2026-06-07T12:02:14,1,3.70,26090.00,15.93,12524.00,999.00,18.58,1150.80,18.36,1.37
2026-06-07T12:02:14,1,3.69,26080.00,15.93,12522.00,999.00,18.58,1152.50,18.37,1.38
2026-06-07T12:02:14,1,3.72,26080.00,15.93,12522.00,999.00,18.58,1154.30,18.37,1.40
2026-06-07T12:02:14,1,3.70,26080.00,15.93,12522.00,999.00,18.58,1155.70,18.37,1.41
2026-06-07T12:02:14,1,3.70,26080.00,15.93,12522.00,999.00,18.58,1156.50,18.37,1.42
2026-06-07T12:02:15,1,3.67,26080.00,15.93,12522.00,999.00,18.58,1157.50,18.37,1.43
2026-06-07T12:02:15,1,3.69,26090.00,15.94,12525.00,999.00,18.58,1158.80,18.37,1.44
2026-06-07T12:02:15,1,3.68,26090.00,15.94,12525.00,999.00,18.58,1160.20,18.37,1.46
2026-06-07T12:02:15,1,3.70,26090.00,15.94,12525.00,999.00,18.58,1160.80,18.37,1.46
2026-06-07T12:02:15,1,3.68,26090.00,15.94,12525.00,999.00,18.58,1161.30,18.37,1.47
2026-06-07T12:02:16,1,3.67,26090.00,15.94,12525.00,999.00,18.58,1161.50,18.37,1.47
2026-06-07T12:02:16,1,3.70,26090.00,15.94,12526.00,999.00,18.58,1162.10,18.37,1.48
2026-06-07T12:02:16,1,3.70,26090.00,15.94,12526.00,999.00,18.58,1163.00,18.37,1.49
2026-06-07T12:02:16,1,3.71,26090.00,15.94,12526.00,999.00,18.58,1163.90,18.37,1.50
2026-06-07T12:02:16,1,3.68,26090.00,15.94,12526.00,999.00,18.58,1165.00,18.37,1.51
2026-06-07T12:02:17,1,3.71,26090.00,15.94,12526.00,999.00,18.58,1166.50,18.37,1.52
2026-06-07T12:02:17,1,3.68,26090.00,15.94,12526.00,999.00,18.58,1167.30,18.36,1.53
2026-06-07T12:02:17,1,3.69,26090.00,15.94,12526.00,999.00,18.58,1168.90,18.36,1.54
2026-06-07T12:02:17,1,3.66,26090.00,15.94,12526.00,999.00,18.58,1170.30,18.36,1.56
2026-06-07T12:02:18,1,3.68,26090.00,15.94,12526.00,999.00,18.58,1171.20,18.36,1.57
2026-06-07T12:02:18,1,3.70,26090.00,15.93,12524.00,999.00,18.58,1172.20,18.36,1.58
2026-06-07T12:02:18,1,3.68,26090.00,15.93,12524.00,999.00,18.58,1173.30,18.36,1.59
2026-06-07T12:02:18,1,3.70,26090.00,15.93,12524.00,999.00,18.58,1174.00,18.36,1.60
2026-06-07T12:02:18,1,3.70,26090.00,15.93,12524.00,999.00,18.58,1174.80,18.36,1.60
2026-06-07T12:02:19,1,3.68,26090.00,15.93,12524.00,999.00,18.58,1175.90,18.37,1.61
2026-06-07T12:02:19,1,3.70,26080.00,15.93,12522.00,999.00,18.58,1176.70,18.36,1.62
2026-06-07T12:02:19,1,3.69,26080.00,15.93,12522.00,999.00,18.58,1177.90,18.36,1.63
2026-06-07T12:02:19,1,3.70,26080.00,15.93,12522.00,999.00,18.58,1178.30,18.36,1.64
2026-06-07T12:02:19,1,3.68,26080.00,15.93,12522.00,999.00,18.58,1179.10,18.36,1.65
2026-06-07T12:02:20,1,3.68,26080.00,15.93,12522.00,999.00,18.58,1180.70,18.35,1.66
2026-06-07T12:02:20,1,3.70,26080.00,15.93,12522.00,999.00,18.58,1181.60,18.36,1.67
2026-06-07T12:02:20,1,3.69,26080.00,15.93,12522.00,999.00,18.58,1181.50,18.36,1.67
2026-06-07T12:02:20,1,3.70,26080.00,15.93,12522.00,999.00,18.58,1182.50,18.36,1.68
2026-06-07T12:02:20,1,3.68,26080.00,15.93,12522.00,999.00,18.58,1183.30,18.36,1.69
2026-06-07T12:02:21,1,3.70,26080.00,15.93,12522.00,999.00,18.58,1184.20,18.36,1.70
2026-06-07T12:02:21,1,3.68,26080.00,15.93,12522.00,999.00,18.58,1185.50,18.36,1.71
2026-06-07T12:02:21,1,3.70,26080.00,15.93,12522.00,999.00,18.58,1186.20,18.36,1.72
2026-06-07T12:02:21,1,3.66,26080.00,15.93,12522.00,999.00,18.58,1187.40,18.36,1.73
2026-06-07T12:02:21,1,3.70,26080.00,15.93,12522.00,999.00,18.58,1187.50,18.36,1.73
2026-06-07T12:02:22,1,3.69,26070.00,15.92,12517.00,999.00,18.59,1188.30,18.36,1.74
2026-06-07T12:02:22,1,3.70,26070.00,15.92,12517.00,999.00,18.58,1188.80,18.36,1.74
2026-06-07T12:02:22,1,3.66,26070.00,15.92,12517.00,999.00,18.58,1189.90,18.36,1.75
2026-06-07T12:02:22,1,3.69,26070.00,15.92,12517.00,999.00,18.58,1190.20,18.36,1.76
2026-06-07T12:02:23,1,3.68,26070.00,15.92,12517.00,999.00,18.58,1192.00,18.36,1.77
2026-06-07T12:02:23,1,3.71,26080.00,15.93,12521.00,999.00,18.58,1192.90,18.36,1.78
2026-06-07T12:02:23,1,3.68,26080.00,15.93,12521.00,999.00,18.58,1194.30,18.36,1.80
2026-06-07T12:02:23,1,3.71,26080.00,15.93,12521.00,999.00,18.58,1195.00,18.35,1.80
2026-06-07T12:02:23,1,3.66,26080.00,15.93,12521.00,999.00,18.58,1196.30,18.35,1.82
2026-06-07T12:02:24,1,3.67,26080.00,15.93,12521.00,999.00,18.58,1197.70,18.35,1.83
2026-06-07T12:02:24,1,3.70,26090.00,15.93,12524.00,999.00,18.58,1198.20,18.36,1.84
2026-06-07T12:02:24,1,3.69,26090.00,15.93,12524.00,999.00,18.58,1199.00,18.35,1.84
2026-06-07T12:02:24,1,3.69,26090.00,15.93,12524.00,999.00,18.58,1199.60,18.35,1.85
2026-06-07T12:02:24,1,3.66,26090.00,15.93,12524.00,999.00,18.58,1201.20,18.35,1.87
2026-06-07T12:02:25,1,3.66,26070.00,15.92,12515.00,999.00,18.58,1201.70,18.35,1.87
2026-06-07T12:02:25,1,3.68,26070.00,15.92,12515.00,999.00,18.58,1202.70,18.35,1.88
2026-06-07T12:02:25,1,3.71,26070.00,15.92,12515.00,999.00,18.58,1203.80,18.35,1.89
2026-06-07T12:02:25,1,3.69,26070.00,15.92,12515.00,999.00,18.58,1203.90,18.35,1.89
2026-06-07T12:02:25,1,3.69,26070.00,15.92,12515.00,999.00,18.58,1205.20,18.35,1.90
2026-06-07T12:02:26,1,3.70,26070.00,15.92,12515.00,999.00,18.58,1206.30,18.35,1.92
2026-06-07T12:02:26,1,3.70,26070.00,15.92,12515.00,999.00,18.58,1207.30,18.35,1.93
2026-06-07T12:02:26,1,3.68,26070.00,15.92,12515.00,999.00,18.58,1208.30,18.35,1.94
2026-06-07T12:02:26,1,3.70,26070.00,15.92,12515.00,999.00,18.58,1210.30,18.35,1.96
2026-06-07T12:02:26,1,3.66,26070.00,15.92,12515.00,999.00,18.58,1210.90,18.35,1.96
2026-06-07T12:02:27,1,3.68,26100.00,15.94,12529.00,999.00,18.58,1212.80,18.34,1.98
2026-06-07T12:02:27,1,3.70,26100.00,15.94,12529.00,999.00,18.59,1213.70,18.34,1.99
2026-06-07T12:02:27,1,3.71,26100.00,15.94,12529.00,999.00,18.60,1214.40,18.35,2.00
2026-06-07T12:02:27,1,3.66,26100.00,15.94,12529.00,999.00,18.59,1215.30,18.35,2.00
2026-06-07T12:02:27,1,3.66,26100.00,15.94,12529.00,999.00,18.59,1215.70,18.35,2.01
2026-06-07T12:02:28,1,3.70,26070.00,15.93,12518.00,999.00,18.59,1217.00,18.35,2.02
2026-06-07T12:02:28,1,3.69,26070.00,15.93,12518.00,999.00,18.60,1217.90,18.35,2.03
2026-06-07T12:02:28,1,3.70,26070.00,15.93,12518.00,999.00,18.60,1219.10,18.35,2.04
2026-06-07T12:02:28,1,3.69,26070.00,15.93,12518.00,999.00,18.59,1219.80,18.35,2.05
2026-06-07T12:02:29,1,3.70,26070.00,15.92,12514.00,999.00,18.59,1220.60,18.35,2.06
2026-06-07T12:02:29,1,3.70,26070.00,15.92,12514.00,999.00,18.60,1222.00,18.35,2.07
2026-06-07T12:02:29,1,3.71,26070.00,15.92,12514.00,999.00,18.59,1223.30,18.35,2.08
2026-06-07T12:02:29,1,3.67,26070.00,15.92,12514.00,999.00,18.59,1224.60,18.35,2.10
2026-06-07T12:02:29,1,3.67,26070.00,15.92,12514.00,999.00,18.59,1226.20,18.35,2.11
2026-06-07T12:02:30,1,3.68,26070.00,15.92,12515.00,999.00,18.60,1227.70,18.35,2.13
2026-06-07T12:02:30,1,3.71,26070.00,15.92,12515.00,999.00,18.59,1228.90,18.35,2.14
2026-06-07T12:02:30,1,3.71,26070.00,15.92,12515.00,999.00,18.59,1230.40,18.35,2.15
2026-06-07T12:02:30,1,3.66,26070.00,15.92,12515.00,999.00,18.59,1231.70,18.35,2.17
2026-06-07T12:02:30,1,3.68,26070.00,15.92,12515.00,999.00,18.58,1233.60,18.35,2.19
2026-06-07T12:02:31,1,3.70,26070.00,15.92,12517.00,999.00,18.59,1234.80,18.35,2.20
2026-06-07T12:02:31,1,3.71,26070.00,15.92,12517.00,999.00,18.58,1236.10,18.35,2.21
2026-06-07T12:02:31,1,3.68,26070.00,15.92,12517.00,999.00,18.59,1237.40,18.35,2.22
2026-06-07T12:02:31,1,3.69,26070.00,15.92,12517.00,999.00,18.59,1238.60,18.35,2.24
2026-06-07T12:02:31,1,3.69,26070.00,15.92,12517.00,999.00,18.59,1239.70,18.35,2.25
2026-06-07T12:02:32,1,3.71,26090.00,15.94,12526.00,999.00,18.59,1240.50,18.35,2.25
2026-06-07T12:02:32,1,3.68,26090.00,15.94,12526.00,999.00,18.59,1241.50,18.35,2.26
2026-06-07T12:02:32,1,3.70,26090.00,15.94,12526.00,999.00,18.58,1242.40,18.35,2.27
2026-06-07T12:02:32,1,3.67,26090.00,15.94,12526.00,999.00,18.60,1243.70,18.34,2.29
2026-06-07T12:02:32,1,3.71,26100.00,15.94,12529.00,999.00,18.59,1244.30,18.35,2.29
2026-06-07T12:02:33,1,3.68,26100.00,15.94,12529.00,999.00,18.59,1245.90,18.35,2.31
2026-06-07T12:02:33,1,3.71,26100.00,15.94,12529.00,999.00,18.59,1247.20,18.35,2.32
2026-06-07T12:02:33,1,3.68,26100.00,15.94,12529.00,999.00,18.59,1248.00,18.35,2.33
2026-06-07T12:02:33,1,3.67,26100.00,15.94,12529.00,999.00,18.59,1249.10,18.35,2.34
2026-06-07T12:02:34,1,3.71,26060.00,15.92,12513.00,999.00,18.59,1251.00,18.35,2.36
2026-06-07T12:02:34,1,3.69,26060.00,15.92,12513.00,999.00,18.60,1251.80,18.35,2.37
2026-06-07T12:02:34,1,3.70,26060.00,15.92,12513.00,999.00,18.59,1252.70,18.35,2.38
2026-06-07T12:02:34,1,3.67,26060.00,15.92,12513.00,999.00,18.59,1253.90,18.35,2.39
2026-06-07T12:02:34,1,3.68,26060.00,15.92,12513.00,999.00,18.60,1254.80,18.35,2.40
2026-06-07T12:02:35,1,3.70,26080.00,15.93,12519.00,999.00,18.59,1255.60,18.35,2.40
2026-06-07T12:02:35,1,3.69,26080.00,15.93,12519.00,999.00,18.59,1256.50,18.35,2.41
2026-06-07T12:02:35,1,3.70,26080.00,15.93,12519.00,999.00,18.59,1257.10,18.35,2.42
2026-06-07T12:02:35,1,3.70,26080.00,15.93,12519.00,999.00,18.59,1258.90,18.35,2.44
2026-06-07T12:02:35,1,3.67,26080.00,15.93,12519.00,999.00,18.59,1259.80,18.35,2.45
2026-06-07T12:02:36,1,3.70,26060.00,15.92,12513.00,999.00,18.59,1261.00,18.35,2.46
2026-06-07T12:02:36,1,3.67,26060.00,15.92,12513.00,999.00,18.58,1262.60,18.35,2.47
2026-06-07T12:02:36,1,3.69,26060.00,15.92,12513.00,999.00,18.58,1262.90,18.35,2.48
2026-06-07T12:02:36,1,3.69,26060.00,15.92,12513.00,999.00,18.58,1264.40,18.35,2.49
2026-06-07T12:02:36,1,3.70,26060.00,15.92,12513.00,999.00,18.58,1265.40,18.35,2.50
2026-06-07T12:02:37,1,3.70,26060.00,15.92,12513.00,999.00,18.58,1267.10,18.35,2.52
2026-06-07T12:02:37,1,3.71,26060.00,15.92,12513.00,999.00,18.58,1268.80,18.35,2.53
2026-06-07T12:02:37,1,3.70,26060.00,15.92,12513.00,999.00,18.58,1269.80,18.35,2.54
2026-06-07T12:02:37,1,3.70,26060.00,15.92,12513.00,999.00,18.58,1271.10,18.35,2.56
2026-06-07T12:02:37,1,3.69,26060.00,15.91,12511.00,999.00,18.58,1272.20,18.35,2.57
2026-06-07T12:02:38,1,3.68,26060.00,15.91,12511.00,999.00,18.58,1272.80,18.35,2.57
2026-06-07T12:02:38,1,3.68,26060.00,15.91,12511.00,999.00,18.58,1274.40,18.35,2.59
2026-06-07T12:02:38,1,3.68,26060.00,15.91,12511.00,999.00,18.58,1275.80,18.35,2.60
2026-06-07T12:02:38,1,3.69,26060.00,15.91,12511.00,999.00,18.58,1277.00,18.35,2.62
2026-06-07T12:02:38,1,3.71,26060.00,15.91,12509.00,999.00,18.58,1278.60,18.35,2.63
2026-06-07T12:02:39,1,3.71,26060.00,15.91,12509.00,999.00,18.58,1280.10,18.35,2.65
2026-06-07T12:02:39,1,3.69,26060.00,15.91,12509.00,999.00,18.58,1281.60,18.35,2.66
2026-06-07T12:02:39,1,3.68,26060.00,15.91,12509.00,999.00,18.58,1284.00,18.35,2.69
2026-06-07T12:02:39,1,3.67,26060.00,15.91,12509.00,999.00,18.58,1286.20,18.35,2.71
2026-06-07T12:02:40,1,3.70,26050.00,15.91,12507.00,999.00,18.58,1288.10,18.34,2.73
2026-06-07T12:02:40,1,3.69,26050.00,15.91,12507.00,999.00,18.58,1290.30,18.35,2.75
2026-06-07T12:02:40,1,3.70,26050.00,15.91,12507.00,999.00,18.58,1292.70,18.35,2.77
2026-06-07T12:02:40,1,3.68,26050.00,15.91,12507.00,999.00,18.58,1294.60,18.35,2.79
2026-06-07T12:02:40,1,3.69,26070.00,15.92,12516.00,999.00,18.58,1295.80,18.35,2.80
2026-06-07T12:02:41,1,3.70,26070.00,15.92,12516.00,999.00,18.58,1298.20,18.34,2.83
2026-06-07T12:02:41,1,3.70,26070.00,15.92,12516.00,999.00,18.57,1299.90,18.35,2.84
2026-06-07T12:02:41,1,3.66,26070.00,15.92,12516.00,999.00,18.58,1302.90,18.34,2.87
2026-06-07T12:02:41,1,3.67,26070.00,15.92,12516.00,999.00,18.58,1305.00,18.34,2.89
2026-06-07T12:02:41,1,3.68,26060.00,15.92,12513.00,999.00,18.58,1306.30,18.35,2.91
2026-06-07T12:02:42,1,3.68,26060.00,15.92,12513.00,999.00,18.58,1307.80,18.34,2.92
2026-06-07T12:02:42,1,3.69,26060.00,15.92,12513.00,999.00,18.58,1310.20,18.34,2.95
2026-06-07T12:02:42,1,3.66,26060.00,15.92,12513.00,999.00,18.58,1311.50,18.35,2.96
2026-06-07T12:02:42,1,3.68,26060.00,15.92,12513.00,999.00,18.58,1312.50,18.35,2.97
2026-06-07T12:02:42,1,3.70,26060.00,15.92,12513.00,999.00,18.58,1313.70,18.35,2.98
2026-06-07T12:02:43,1,3.71,26060.00,15.92,12513.00,999.00,18.57,1314.70,18.34,2.99
2026-06-07T12:02:43,1,3.68,26060.00,15.92,12513.00,999.00,18.58,1316.30,18.34,3.01
2026-06-07T12:02:43,1,3.66,26060.00,15.92,12513.00,999.00,18.57,1317.50,18.34,3.02
2026-06-07T12:02:43,1,3.67,26050.00,15.91,12507.00,999.00,18.58,1318.20,18.34,3.02
2026-06-07T12:02:43,1,3.71,26050.00,15.91,12507.00,999.00,18.58,1317.70,18.34,3.02
2026-06-07T12:02:44,1,3.67,26050.00,15.91,12507.00,999.00,18.57,1317.90,18.34,3.02
2026-06-07T12:02:44,1,3.66,26050.00,15.91,12507.00,999.00,18.58,1318.40,18.34,3.03
2026-06-07T12:02:44,1,3.68,26050.00,15.91,12507.00,999.00,18.58,1319.40,18.34,3.04
2026-06-07T12:02:44,1,3.70,26050.00,15.91,12509.00,999.00,18.57,1320.00,18.34,3.04
2026-06-07T12:02:44,1,3.68,26050.00,15.91,12509.00,999.00,18.58,1320.60,18.34,3.05
2026-06-07T12:02:45,1,3.70,26050.00,15.91,12509.00,999.00,18.58,1321.80,18.34,3.06
2026-06-07T12:02:45,1,3.70,26050.00,15.91,12509.00,999.00,18.58,1322.90,18.33,3.07
2026-06-07T12:02:45,1,3.65,26050.00,15.91,12509.00,999.00,18.58,1323.40,18.34,3.08
2026-06-07T12:02:45,1,3.71,26060.00,15.92,12511.00,999.00,18.58,1324.90,18.34,3.09
2026-06-07T12:02:46,1,3.69,26060.00,15.92,12511.00,999.00,18.58,1325.70,18.34,3.10
2026-06-07T12:02:46,1,3.68,26060.00,15.92,12511.00,999.00,18.57,1327.00,18.34,3.11
2026-06-07T12:02:46,1,3.68,26060.00,15.92,12511.00,999.00,18.58,1327.90,18.34,3.12
2026-06-07T12:02:46,1,3.68,26060.00,15.92,12511.00,999.00,18.58,1329.10,18.34,3.13
2026-06-07T12:02:46,1,3.72,26060.00,15.92,12513.00,999.00,18.58,1329.40,18.34,3.14
2026-06-07T12:02:47,1,3.69,26060.00,15.92,12513.00,999.00,18.58,1329.00,18.34,3.13
2026-06-07T12:02:47,1,3.68,26060.00,15.92,12513.00,999.00,18.57,1330.40,18.34,3.15
2026-06-07T12:02:47,1,3.68,26060.00,15.92,12513.00,999.00,18.58,1331.20,18.34,3.15
2026-06-07T12:02:47,1,3.67,26050.00,15.91,12508.00,999.00,18.58,1331.60,18.34,3.16
2026-06-07T12:02:47,1,3.71,26050.00,15.91,12508.00,999.00,18.58,1332.60,18.34,3.17
2026-06-07T12:02:48,1,3.71,26050.00,15.91,12508.00,999.00,18.58,1334.00,18.34,3.18
2026-06-07T12:02:48,1,3.68,26050.00,15.91,12508.00,999.00,18.57,1335.20,18.34,3.19
2026-06-07T12:02:48,1,3.68,26050.00,15.91,12508.00,999.00,18.58,1336.00,18.34,3.20
2026-06-07T12:02:48,1,3.71,26050.00,15.91,12509.00,999.00,18.58,1338.10,18.34,3.22
2026-06-07T12:02:48,1,3.68,26050.00,15.91,12509.00,999.00,18.58,1338.80,18.33,3.23
2026-06-07T12:02:49,1,3.71,26050.00,15.91,12509.00,999.00,18.58,1340.60,18.34,3.25
2026-06-07T12:02:49,1,3.68,26050.00,15.91,12509.00,999.00,18.58,1342.60,18.33,3.27
2026-06-07T12:02:49,1,3.69,26050.00,15.91,12509.00,999.00,18.58,1342.60,18.34,3.27
2026-06-07T12:02:49,1,3.71,26050.00,15.91,12507.00,999.00,18.58,1342.70,18.34,3.27
2026-06-07T12:02:49,1,3.68,26050.00,15.91,12507.00,999.00,18.58,1343.90,18.33,3.28
2026-06-07T12:02:50,1,3.71,26050.00,15.91,12507.00,999.00,18.58,1344.40,18.34,3.28
2026-06-07T12:02:50,1,3.70,26050.00,15.91,12507.00,999.00,18.58,1345.40,18.34,3.29
2026-06-07T12:02:50,1,3.68,26050.00,15.91,12507.00,999.00,18.58,1346.90,18.33,3.31
2026-06-07T12:02:50,1,3.71,26050.00,15.91,12507.00,999.00,18.58,1348.00,18.34,3.32
2026-06-07T12:02:51,1,3.71,26050.00,15.91,12507.00,999.00,18.58,1348.50,18.34,3.32
2026-06-07T12:02:51,1,3.71,26050.00,15.91,12507.00,999.00,18.58,1349.80,18.34,3.34
2026-06-07T12:02:51,1,3.68,26050.00,15.91,12507.00,999.00,18.58,1351.00,18.34,3.35
2026-06-07T12:02:51,1,3.69,26060.00,15.91,12510.00,999.00,18.58,1352.80,18.34,3.37
2026-06-07T12:02:51,1,3.70,26060.00,15.91,12510.00,999.00,18.58,1353.90,18.33,3.38
2026-06-07T12:02:52,1,3.68,26060.00,15.91,12510.00,999.00,18.58,1354.50,18.34,3.38
2026-06-07T12:02:52,1,3.68,26060.00,15.91,12510.00,999.00,18.58,1356.80,18.34,3.41
2026-06-07T12:02:52,1,3.68,26060.00,15.91,12510.00,999.00,18.58,1357.70,18.34,3.42
2026-06-07T12:02:52,1,3.71,26060.00,15.92,12512.00,999.00,18.58,1358.70,18.33,3.43
2026-06-07T12:02:52,1,3.69,26060.00,15.92,12512.00,999.00,18.58,1359.40,18.33,3.43
2026-06-07T12:02:53,1,3.70,26060.00,15.92,12512.00,999.00,18.58,1360.90,18.32,3.45
2026-06-07T12:02:53,1,3.69,26060.00,15.92,12512.00,999.00,18.58,1362.30,18.33,3.46
2026-06-07T12:02:53,1,3.68,26060.00,15.92,12512.00,999.00,18.58,1362.60,18.33,3.46
2026-06-07T12:02:53,1,3.71,26060.00,15.91,12511.00,999.00,18.58,1363.80,18.33,3.48
2026-06-07T12:02:53,1,3.69,26060.00,15.91,12511.00,999.00,18.59,1365.40,18.34,3.49
2026-06-07T12:02:54,1,3.69,26060.00,15.91,12511.00,999.00,18.58,1366.40,18.33,3.50
2026-06-07T12:02:54,1,3.65,26060.00,15.91,12511.00,999.00,18.59,1367.40,18.33,3.51
2026-06-07T12:02:54,1,3.69,26060.00,15.91,12511.00,999.00,18.58,1368.50,18.33,3.52
2026-06-07T12:02:54,1,3.70,26060.00,15.91,12509.00,999.00,18.58,1369.20,18.33,3.53
2026-06-07T12:02:54,1,3.71,26060.00,15.91,12509.00,999.00,18.58,1370.00,18.34,3.54
2026-06-07T12:02:55,1,3.69,26060.00,15.91,12509.00,999.00,18.58,1371.60,18.33,3.55
2026-06-07T12:02:55,1,3.69,26060.00,15.91,12509.00,999.00,18.59,1372.20,18.33,3.56
2026-06-07T12:02:55,1,3.69,26060.00,15.92,12514.00,999.00,18.58,1373.60,18.34,3.57
2026-06-07T12:02:55,1,3.71,26060.00,15.92,12514.00,999.00,18.59,1374.90,18.34,3.59
2026-06-07T12:02:56,1,3.69,26060.00,15.92,12514.00,999.00,18.58,1376.90,18.34,3.61
2026-06-07T12:02:56,1,3.66,26060.00,15.92,12514.00,999.00,18.58,1378.20,18.33,3.62
2026-06-07T12:02:56,1,3.68,26060.00,15.92,12514.00,999.00,18.59,1379.90,18.33,3.64
2026-06-07T12:02:56,1,3.69,26060.00,15.92,12513.00,999.00,18.58,1381.70,18.33,3.65
2026-06-07T12:02:56,1,3.71,26060.00,15.92,12513.00,999.00,18.59,1383.10,18.34,3.67
2026-06-07T12:02:57,1,3.70,26060.00,15.92,12513.00,999.00,18.58,1384.20,18.34,3.68
2026-06-07T12:02:57,1,3.69,26060.00,15.92,12513.00,999.00,18.59,1386.00,18.34,3.70
2026-06-07T12:02:57,1,3.66,26060.00,15.92,12513.00,999.00,18.59,1388.40,18.34,3.72
2026-06-07T12:02:57,1,3.69,26060.00,15.92,12511.00,999.00,18.59,1390.00,18.34,3.74
2026-06-07T12:02:57,1,3.68,26060.00,15.92,12511.00,999.00,18.59,1392.00,18.34,3.76
2026-06-07T12:02:58,1,3.70,26060.00,15.92,12511.00,999.00,18.59,1394.60,18.33,3.78
2026-06-07T12:02:58,1,3.68,26060.00,15.92,12511.00,999.00,18.58,1395.90,18.34,3.79
2026-06-07T12:02:58,1,3.66,26070.00,15.92,12516.00,999.00,18.59,1396.80,18.33,3.80
2026-06-07T12:02:58,1,3.71,26070.00,15.92,12516.00,999.00,18.59,1398.60,18.34,3.82
2026-06-07T12:02:58,1,3.70,26070.00,15.92,12516.00,999.00,18.60,1399.80,18.33,3.83
2026-06-07T12:02:59,1,3.68,26070.00,15.92,12516.00,999.00,18.59,1401.10,18.34,3.85
2026-06-07T12:02:59,1,3.68,26070.00,15.92,12516.00,999.00,18.60,1402.40,18.34,3.86
2026-06-07T12:02:59,1,3.70,26060.00,15.91,12510.00,999.00,18.59,1404.10,18.33,3.88
2026-06-07T12:02:59,1,3.69,26060.00,15.91,12510.00,999.00,18.59,1405.50,18.34,3.89
2026-06-07T12:02:59,1,3.70,26060.00,15.91,12510.00,999.00,18.59,1408.00,18.33,3.91
2026-06-07T12:03:00,1,3.68,26060.00,15.91,12510.00,999.00,18.59,1409.40,18.33,3.93
2026-06-07T12:03:00,1,3.68,26060.00,15.91,12510.00,999.00,18.59,1411.10,18.33,3.95
2026-06-07T12:03:00,1,3.71,26060.00,15.92,12511.00,999.00,18.59,1411.80,18.33,3.95
2026-06-07T12:03:00,1,3.70,26060.00,15.92,12511.00,999.00,18.59,1413.60,18.34,3.97
2026-06-07T12:03:01,1,3.70,26060.00,15.92,12511.00,999.00,18.59,1415.50,18.34,3.99
2026-06-07T12:03:01,1,3.68,26060.00,15.92,12511.00,999.00,18.59,1417.20,18.33,4.01
2026-06-07T12:03:01,1,3.68,26060.00,15.92,12511.00,999.00,18.59,1418.40,18.33,4.02
2026-06-07T12:03:01,1,3.71,26060.00,15.91,12511.00,999.00,18.59,1419.90,18.33,4.03
2026-06-07T12:03:01,1,3.71,26060.00,15.91,12511.00,999.00,18.59,1421.90,18.34,4.05
2026-06-07T12:03:02,1,3.70,26060.00,15.91,12511.00,999.00,18.59,1423.80,18.34,4.07
2026-06-07T12:03:02,1,3.70,26060.00,15.91,12511.00,999.00,18.60,1424.20,18.34,4.07
2026-06-07T12:03:02,1,3.70,26060.00,15.91,12511.00,999.00,18.59,1425.60,18.34,4.09
2026-06-07T12:03:02,1,3.68,26070.00,15.93,12518.00,999.00,18.59,1426.90,18.34,4.10
2026-06-07T12:03:02,1,3.71,26070.00,15.93,12518.00,999.00,18.59,1428.00,18.34,4.11
2026-06-07T12:03:03,1,3.67,26070.00,15.93,12518.00,999.00,18.60,1430.10,18.33,4.13
2026-06-07T12:03:03,1,3.65,26070.00,15.93,12518.00,999.00,18.60,1430.60,18.34,4.14
2026-06-07T12:03:03,1,3.69,26060.00,15.91,12509.00,999.00,18.60,1432.40,18.33,4.16
2026-06-07T12:03:03,1,3.68,26060.00,15.91,12509.00,999.00,18.59,1433.70,18.34,4.17
2026-06-07T12:03:03,1,3.70,26060.00,15.91,12509.00,999.00,18.59,1434.90,18.33,4.18
2026-06-07T12:03:04,1,3.68,26060.00,15.91,12509.00,999.00,18.59,1437.20,18.34,4.20
2026-06-07T12:03:04,1,3.69,26060.00,15.91,12509.00,999.00,18.59,1438.80,18.34,4.22
2026-06-07T12:03:04,1,3.70,26060.00,15.91,12511.00,999.00,18.58,1440.80,18.33,4.24
2026-06-07T12:03:04,1,3.70,26060.00,15.91,12511.00,999.00,18.59,1442.60,18.34,4.26
2026-06-07T12:03:04,1,3.71,26060.00,15.91,12511.00,999.00,18.59,1444.80,18.33,4.28
2026-06-07T12:03:05,1,3.68,26060.00,15.91,12511.00,999.00,18.59,1446.20,18.34,4.29
2026-06-07T12:03:05,1,3.67,26060.00,15.91,12511.00,999.00,18.60,1448.00,18.34,4.31
2026-06-07T12:03:05,1,3.69,26060.00,15.91,12510.00,999.00,18.59,1449.00,18.34,4.32
2026-06-07T12:03:05,1,3.69,26060.00,15.91,12510.00,999.00,18.59,1450.20,18.33,4.33
2026-06-07T12:03:05,1,3.67,26060.00,15.91,12510.00,999.00,18.59,1451.80,18.34,4.35
2026-06-07T12:03:06,1,3.67,26060.00,15.91,12510.00,999.00,18.59,1453.80,18.33,4.37
2026-06-07T12:03:06,1,3.69,26070.00,15.93,12518.00,999.00,18.59,1455.70,18.33,4.39
2026-06-07T12:03:06,1,3.69,26070.00,15.93,12518.00,999.00,18.59,1457.00,18.33,4.40
2026-06-07T12:03:06,1,3.71,26070.00,15.93,12518.00,999.00,18.58,1458.30,18.34,4.41
2026-06-07T12:03:07,1,3.68,26070.00,15.93,12518.00,999.00,18.59,1460.10,18.34,4.43
2026-06-07T12:03:07,1,3.68,26070.00,15.93,12518.00,999.00,18.60,1461.00,18.33,4.44
2026-06-07T12:03:07,1,3.68,26080.00,15.93,12520.00,999.00,18.59,1462.70,18.34,4.46
2026-06-07T12:03:07,1,3.70,26080.00,15.93,12520.00,999.00,18.60,1464.60,18.33,4.48
2026-06-07T12:03:07,1,3.69,26080.00,15.93,12520.00,999.00,18.60,1466.60,18.34,4.50
2026-06-07T12:03:08,1,3.69,26080.00,15.93,12520.00,999.00,18.60,1468.50,18.34,4.51
2026-06-07T12:03:08,1,3.67,26080.00,15.93,12520.00,999.00,18.59,1470.40,18.34,4.53
2026-06-07T12:03:08,1,3.69,26050.00,15.91,12509.00,999.00,18.60,1472.50,18.33,4.55
2026-06-07T12:03:08,1,3.67,26050.00,15.91,12509.00,999.00,18.60,1475.50,18.34,4.58
2026-06-07T12:03:08,1,3.68,26050.00,15.91,12509.00,999.00,18.60,1476.80,18.34,4.60
2026-06-07T12:03:09,1,3.68,26050.00,15.91,12509.00,999.00,18.60,1478.10,18.34,4.61
2026-06-07T12:03:09,1,3.68,26050.00,15.91,12509.00,999.00,18.60,1479.90,18.34,4.63
2026-06-07T12:03:09,1,3.71,26060.00,15.91,12511.00,999.00,18.60,1481.20,18.34,4.64
2026-06-07T12:03:09,1,3.70,26060.00,15.91,12511.00,999.00,18.59,1483.40,18.34,4.66
2026-06-07T12:03:09,1,3.71,26060.00,15.91,12511.00,999.00,18.60,1485.00,18.34,4.68
2026-06-07T12:03:10,1,3.67,26060.00,15.91,12511.00,999.00,18.61,1486.80,18.34,4.70
2026-06-07T12:03:10,1,3.67,26070.00,15.92,12514.00,999.00,18.60,1488.30,18.34,4.71
2026-06-07T12:03:10,1,3.69,26070.00,15.92,12514.00,999.00,18.60,1489.40,18.34,4.72
2026-06-07T12:03:10,1,3.70,26070.00,15.92,12514.00,999.00,18.61,1491.00,18.33,4.74
2026-06-07T12:03:11,1,3.68,26070.00,15.92,12514.00,999.00,18.61,1493.40,18.33,4.76
2026-06-07T12:03:11,1,3.66,26070.00,15.92,12514.00,999.00,18.61,1494.80,18.34,4.77
2026-06-07T12:03:11,1,3.71,26070.00,15.92,12514.00,999.00,18.60,1496.20,18.34,4.79
2026-06-07T12:03:11,1,3.70,26070.00,15.92,12514.00,999.00,18.61,1497.90,18.34,4.81
2026-06-07T12:03:11,1,3.71,26070.00,15.92,12514.00,999.00,18.60,1500.10,18.34,4.83
2026-06-07T12:03:12,1,3.68,26070.00,15.92,12514.00,999.00,18.61,1501.20,18.34,4.84
2026-06-07T12:03:12,1,3.66,26070.00,15.92,12514.00,999.00,18.61,1502.10,18.34,4.85
2026-06-07T12:03:12,1,3.71,26060.00,15.92,12512.00,999.00,18.60,1504.20,18.34,4.87
2026-06-07T12:03:12,1,3.70,26060.00,15.92,12512.00,999.00,18.61,1505.70,18.34,4.88
2026-06-07T12:03:12,1,3.71,26060.00,15.92,12512.00,999.00,18.60,1507.00,18.34,4.90
2026-06-07T12:03:13,1,3.68,26060.00,15.92,12512.00,999.00,18.61,1508.90,18.34,4.91
2026-06-07T12:03:13,1,3.68,26060.00,15.92,12512.00,999.00,18.61,1509.70,18.34,4.92
2026-06-07T12:03:13,1,3.69,26070.00,15.92,12517.00,999.00,18.61,1511.40,18.34,4.94
2026-06-07T12:03:13,1,3.69,26070.00,15.92,12517.00,999.00,18.61,1512.90,18.34,4.95
2026-06-07T12:03:13,1,3.69,26070.00,15.92,12517.00,999.00,18.61,1513.70,18.34,4.96
2026-06-07T12:03:14,1,3.66,26070.00,15.92,12517.00,999.00,18.62,1515.90,18.34,4.98
2026-06-07T12:03:14,1,3.67,26060.00,15.92,12512.00,999.00,18.61,1517.50,18.34,5.00
2026-06-07T12:03:14,1,3.70,26060.00,15.92,12512.00,999.00,18.62,1519.10,18.34,5.02
2026-06-07T12:03:14,1,3.71,26060.00,15.92,12512.00,999.00,18.61,1520.80,18.34,5.03
2026-06-07T12:03:14,1,3.69,26060.00,15.92,12512.00,999.00,18.62,1521.60,18.34,5.04
2026-06-07T12:03:15,1,3.70,26060.00,15.92,12512.00,999.00,18.62,1523.00,18.34,5.05
2026-06-07T12:03:15,1,3.68,26060.00,15.92,12512.00,999.00,18.62,1524.30,18.34,5.07
2026-06-07T12:03:15,1,3.66,26060.00,15.92,12512.00,999.00,18.62,1525.80,18.34,5.08
2026-06-07T12:03:15,1,3.70,26060.00,15.92,12512.00,999.00,18.61,1527.20,18.34,5.10
2026-06-07T12:03:15,1,3.69,26060.00,15.92,12512.00,999.00,18.61,1529.30,18.34,5.12
2026-06-07T12:03:16,1,3.69,26060.00,15.92,12512.00,999.00,18.61,1531.10,18.34,5.13
2026-06-07T12:03:16,1,3.70,26080.00,15.93,12519.00,999.00,18.61,1532.60,18.34,5.15
2026-06-07T12:03:16,1,3.68,26080.00,15.93,12519.00,999.00,18.62,1534.90,18.34,5.17
2026-06-07T12:03:16,1,3.70,26080.00,15.93,12519.00,999.00,18.61,1536.40,18.34,5.19
2026-06-07T12:03:16,1,3.63,26080.00,15.93,12519.00,999.00,18.61,1537.20,18.34,5.19
2026-06-07T12:03:17,1,3.69,26080.00,15.93,12519.00,999.00,18.62,1539.30,18.35,5.22
2026-06-07T12:03:17,1,3.68,26060.00,15.92,12512.00,999.00,18.61,1542.90,18.35,5.25
2026-06-07T12:03:17,1,3.70,26060.00,15.92,12512.00,999.00,18.61,1544.20,18.35,5.26
2026-06-07T12:03:17,1,3.68,26060.00,15.92,12512.00,999.00,18.62,1544.40,18.35,5.27
2026-06-07T12:03:18,1,3.67,26060.00,15.92,12512.00,999.00,18.62,1545.80,18.35,5.28
2026-06-07T12:03:18,1,3.68,26060.00,15.92,12512.00,999.00,18.61,1547.60,18.34,5.30
2026-06-07T12:03:18,1,3.69,26060.00,15.92,12512.00,999.00,18.62,1549.70,18.35,5.32
2026-06-07T12:03:18,1,3.69,26060.00,15.92,12512.00,999.00,18.62,1551.50,18.35,5.34
2026-06-07T12:03:18,1,3.68,26060.00,15.92,12512.00,999.00,18.62,1553.40,18.34,5.36
2026-06-07T12:03:19,1,3.70,26060.00,15.92,12512.00,999.00,18.61,1554.40,18.35,5.37
2026-06-07T12:03:19,1,3.69,26070.00,15.92,12517.00,999.00,18.61,1556.30,18.34,5.38
2026-06-07T12:03:19,1,3.71,26070.00,15.92,12517.00,999.00,18.62,1557.90,18.34,5.40
2026-06-07T12:03:19,1,3.69,26070.00,15.92,12517.00,999.00,18.62,1559.00,18.35,5.41
2026-06-07T12:03:19,1,3.66,26070.00,15.92,12517.00,999.00,18.62,1560.00,18.35,5.42
2026-06-07T12:03:20,1,3.67,26070.00,15.92,12517.00,999.00,18.61,1561.20,18.35,5.43
2026-06-07T12:03:20,1,3.71,26060.00,15.92,12511.00,999.00,18.62,1563.00,18.35,5.45
2026-06-07T12:03:20,1,3.69,26060.00,15.92,12511.00,999.00,18.62,1565.40,18.34,5.47
2026-06-07T12:03:20,1,3.68,26060.00,15.92,12511.00,999.00,18.62,1566.90,18.34,5.49
2026-06-07T12:03:20,1,3.69,26060.00,15.92,12511.00,999.00,18.62,1568.80,18.35,5.51
2026-06-07T12:03:21,1,3.66,26050.00,15.91,12509.00,999.00,18.62,1570.10,18.35,5.52
2026-06-07T12:03:21,1,3.70,26050.00,15.91,12509.00,999.00,18.61,1571.70,18.35,5.54
2026-06-07T12:03:21,1,3.70,26050.00,15.91,12509.00,999.00,18.62,1573.60,18.35,5.56
2026-06-07T12:03:21,1,3.68,26050.00,15.91,12509.00,999.00,18.61,1575.30,18.35,5.57
2026-06-07T12:03:22,1,3.67,26050.00,15.91,12509.00,999.00,18.62,1576.80,18.35,5.59
2026-06-07T12:03:22,1,3.71,26060.00,15.92,12512.00,999.00,18.62,1579.10,18.35,5.61
2026-06-07T12:03:22,1,3.68,26060.00,15.92,12512.00,999.00,18.62,1581.20,18.35,5.63
2026-06-07T12:03:22,1,3.69,26060.00,15.92,12512.00,999.00,18.62,1583.40,18.35,5.65
2026-06-07T12:03:22,1,3.68,26060.00,15.92,12512.00,999.00,18.61,1584.60,18.35,5.66
2026-06-07T12:03:23,1,3.70,26060.00,15.92,12512.00,999.00,18.62,1586.20,18.35,5.68
2026-06-07T12:03:23,1,3.70,26060.00,15.92,12512.00,999.00,18.62,1587.70,18.35,5.70
2026-06-07T12:03:23,1,3.68,26060.00,15.92,12512.00,999.00,18.62,1589.60,18.35,5.71
2026-06-07T12:03:23,1,3.71,26060.00,15.92,12512.00,999.00,18.61,1591.30,18.35,5.73
2026-06-07T12:03:23,1,3.70,26060.00,15.92,12512.00,999.00,18.62,1592.60,18.35,5.74
2026-06-07T12:03:24,1,3.68,26060.00,15.92,12512.00,999.00,18.62,1594.20,18.35,5.76
2026-06-07T12:03:24,1,3.68,26060.00,15.91,12510.00,999.00,18.61,1596.80,18.35,5.79
2026-06-07T12:03:24,1,3.68,26060.00,15.91,12510.00,999.00,18.62,1598.80,18.35,5.81
2026-06-07T12:03:24,1,3.71,26060.00,15.91,12510.00,999.00,18.62,1600.70,18.35,5.82
2026-06-07T12:03:24,1,3.67,26060.00,15.91,12510.00,999.00,18.61,1602.40,18.35,5.84
2026-06-07T12:03:25,1,3.66,26070.00,15.93,12518.00,999.00,18.61,1604.30,18.35,5.86
2026-06-07T12:03:25,1,3.71,26070.00,15.93,12518.00,999.00,18.62,1606.10,18.35,5.88
2026-06-07T12:03:25,1,3.68,26070.00,15.93,12518.00,999.00,18.61,1608.50,18.35,5.90
2026-06-07T12:03:25,1,3.69,26070.00,15.93,12518.00,999.00,18.62,1609.80,18.35,5.91
2026-06-07T12:03:25,1,3.66,26070.00,15.93,12518.00,999.00,18.61,1612.10,18.35,5.94
2026-06-07T12:03:26,1,3.71,26070.00,15.92,12514.00,999.00,18.61,1614.30,18.36,5.96
2026-06-07T12:03:26,1,3.71,26070.00,15.92,12514.00,999.00,18.61,1616.40,18.35,5.98
2026-06-07T12:03:26,1,3.69,26070.00,15.92,12514.00,999.00,18.61,1617.70,18.35,5.99
2026-06-07T12:03:26,1,3.67,26070.00,15.92,12514.00,999.00,18.61,1619.10,18.36,6.01
2026-06-07T12:03:26,1,3.68,26070.00,15.92,12514.00,999.00,18.62,1620.00,18.36,6.02
2026-06-07T12:03:27,1,3.71,26060.00,15.92,12513.00,999.00,18.61,1622.10,18.36,6.04
2026-06-07T12:03:27,1,3.70,26060.00,15.92,12513.00,999.00,18.61,1623.70,18.35,6.05
2026-06-07T12:03:27,1,3.71,26060.00,15.92,12513.00,999.00,18.62,1625.50,18.35,6.07
2026-06-07T12:03:27,1,3.69,26060.00,15.92,12513.00,999.00,18.62,1627.90,18.36,6.09
2026-06-07T12:03:28,1,3.68,26060.00,15.92,12513.00,999.00,18.61,1628.80,18.35,6.10
2026-06-07T12:03:28,1,3.70,26050.00,15.91,12505.00,999.00,18.61,1630.20,18.35,6.12
2026-06-07T12:03:28,1,3.70,26050.00,15.91,12505.00,999.00,18.61,1631.80,18.35,6.13
2026-06-07T12:03:28,1,3.69,26050.00,15.91,12505.00,999.00,18.61,1633.90,18.35,6.15
2026-06-07T12:03:28,1,3.69,26050.00,15.91,12505.00,999.00,18.61,1635.40,18.35,6.17
2026-06-07T12:03:29,1,3.69,26050.00,15.91,12505.00,999.00,18.61,1637.40,18.35,6.19
2026-06-07T12:03:29,1,3.69,26050.00,15.91,12509.00,999.00,18.61,1638.90,18.35,6.20
2026-06-07T12:03:29,1,3.71,26050.00,15.91,12509.00,999.00,18.61,1640.90,18.35,6.22
2026-06-07T12:03:29,1,3.67,26050.00,15.91,12509.00,999.00,18.60,1642.60,18.35,6.24
2026-06-07T12:03:29,1,3.68,26050.00,15.91,12509.00,999.00,18.60,1644.30,18.35,6.26
2026-06-07T12:03:30,1,3.68,26040.00,15.90,12503.00,999.00,18.60,1646.10,18.36,6.27
2026-06-07T12:03:30,1,3.71,26040.00,15.90,12503.00,999.00,18.60,1648.30,18.36,6.30
2026-06-07T12:03:30,1,3.71,26040.00,15.90,12503.00,999.00,18.60,1650.20,18.36,6.31
2026-06-07T12:03:30,1,3.70,26040.00,15.90,12503.00,999.00,18.60,1650.90,18.35,6.32
2026-06-07T12:03:30,1,3.69,26040.00,15.90,12503.00,999.00,18.59,1651.90,18.36,6.33
2026-06-07T12:03:31,1,3.71,26050.00,15.91,12508.00,999.00,18.59,1654.20,18.35,6.35
2026-06-07T12:03:31,1,3.71,26050.00,15.91,12508.00,999.00,18.60,1656.90,18.35,6.38
2026-06-07T12:03:31,1,3.69,26050.00,15.91,12508.00,999.00,18.60,1660.00,18.35,6.41
2026-06-07T12:03:31,1,3.68,26050.00,15.91,12508.00,999.00,18.60,1662.60,18.35,6.44
2026-06-07T12:03:31,1,3.69,26050.00,15.91,12508.00,999.00,18.60,1664.00,18.35,6.45
2026-06-07T12:03:32,1,3.70,26060.00,15.92,12511.00,999.00,18.60,1664.60,18.34,6.46
2026-06-07T12:03:32,1,3.68,26060.00,15.92,12511.00,999.00,18.61,1665.40,18.35,6.47
2026-06-07T12:03:32,1,3.68,26060.00,15.92,12511.00,999.00,18.60,1667.30,18.35,6.48
2026-06-07T12:03:32,1,3.65,26060.00,15.92,12511.00,999.00,18.60,1669.30,18.35,6.50
2026-06-07T12:03:33,1,3.70,26050.00,15.91,12505.00,999.00,18.60,1669.90,18.35,6.51
2026-06-07T12:03:33,1,3.67,26050.00,15.91,12505.00,999.00,18.59,1671.30,18.34,6.52
2026-06-07T12:03:33,1,3.71,26050.00,15.91,12505.00,999.00,18.59,1671.70,18.35,6.53
2026-06-07T12:03:33,1,3.68,26050.00,15.91,12505.00,999.00,18.59,1672.80,18.35,6.54
2026-06-07T12:03:33,1,3.68,26050.00,15.91,12505.00,999.00,18.59,1673.60,18.35,6.55
2026-06-07T12:03:34,1,3.72,26040.00,15.90,12501.00,999.00,18.59,1673.70,18.35,6.55
2026-06-07T12:03:34,1,3.68,26040.00,15.90,12501.00,999.00,18.59,1674.50,18.35,6.56
2026-06-07T12:03:34,1,3.70,26040.00,15.90,12501.00,999.00,18.58,1675.90,18.35,6.57
2026-06-07T12:03:34,1,3.68,26040.00,15.90,12501.00,999.00,18.58,1677.70,18.35,6.59
2026-06-07T12:03:34,1,3.66,26040.00,15.90,12501.00,999.00,18.58,1679.10,18.35,6.60
2026-06-07T12:03:35,1,3.71,26040.00,15.90,12500.00,999.00,18.58,1680.30,18.35,6.61
2026-06-07T12:03:35,1,3.70,26040.00,15.90,12500.00,999.00,18.59,1681.30,18.35,6.62
2026-06-07T12:03:35,1,3.71,26040.00,15.90,12500.00,999.00,18.58,1683.10,18.35,6.64
2026-06-07T12:03:35,1,3.66,26040.00,15.90,12500.00,999.00,18.58,1683.80,18.35,6.65
2026-06-07T12:03:35,1,3.69,26040.00,15.90,12500.00,999.00,18.58,1685.50,18.35,6.66
2026-06-07T12:03:36,1,3.70,26040.00,15.90,12504.00,999.00,18.58,1686.80,18.35,6.68
2026-06-07T12:03:36,1,3.70,26040.00,15.90,12504.00,999.00,18.58,1688.60,18.35,6.70
2026-06-07T12:03:36,1,3.68,26040.00,15.90,12504.00,999.00,18.58,1689.60,18.35,6.70
2026-06-07T12:03:36,1,3.69,26040.00,15.90,12504.00,999.00,18.58,1690.10,18.35,6.71
2026-06-07T12:03:36,1,3.70,26050.00,15.91,12505.00,999.00,18.58,1691.70,18.35,6.73
2026-06-07T12:03:37,1,3.70,26050.00,15.91,12505.00,999.00,18.58,1694.30,18.35,6.75
2026-06-07T12:03:37,1,3.69,26050.00,15.91,12505.00,999.00,18.58,1695.70,18.34,6.77
2026-06-07T12:03:37,1,3.68,26050.00,15.91,12505.00,999.00,18.58,1697.20,18.34,6.78
2026-06-07T12:03:37,1,3.70,26050.00,15.91,12505.00,999.00,18.57,1698.90,18.35,6.80
2026-06-07T12:03:37,1,3.70,26040.00,15.90,12503.00,999.00,18.58,1701.10,18.35,6.82
2026-06-07T12:03:38,1,3.69,26040.00,15.90,12503.00,999.00,18.58,1702.10,18.35,6.83
2026-06-07T12:03:38,1,3.71,26040.00,15.90,12503.00,999.00,18.58,1703.30,18.35,6.84
2026-06-07T12:03:38,1,3.67,26040.00,15.90,12503.00,999.00,18.58,1704.40,18.34,6.85
2026-06-07T12:03:38,1,3.70,26040.00,15.90,12503.00,999.00,18.58,1706.30,18.35,6.87
2026-06-07T12:03:39,1,3.70,26040.00,15.90,12503.00,999.00,18.58,1707.30,18.35,6.88
2026-06-07T12:03:39,1,3.71,26040.00,15.90,12503.00,999.00,18.58,1708.40,18.35,6.89
2026-06-07T12:03:39,1,3.72,26040.00,15.90,12503.00,999.00,18.57,1707.80,18.35,6.89
2026-06-07T12:03:39,1,3.68,26040.00,15.90,12503.00,999.00,18.58,1708.90,18.34,6.90
2026-06-07T12:03:39,1,3.68,26040.00,15.90,12503.00,999.00,18.57,1709.20,18.34,6.90
2026-06-07T12:03:40,1,3.70,26030.00,15.90,12499.00,999.00,18.58,1710.80,18.35,6.92
2026-06-07T12:03:40,1,3.71,26030.00,15.90,12499.00,999.00,18.58,1712.50,18.34,6.93
2026-06-07T12:03:40,1,3.69,26030.00,15.90,12499.00,999.00,18.57,1712.70,18.34,6.93
2026-06-07T12:03:40,1,3.68,26030.00,15.90,12499.00,999.00,18.58,1713.90,18.34,6.95
2026-06-07T12:03:40,1,3.67,26040.00,15.90,12503.00,999.00,18.58,1714.40,18.34,6.95
2026-06-07T12:03:41,1,3.70,26040.00,15.90,12503.00,999.00,18.57,1715.20,18.34,6.96
2026-06-07T12:03:41,1,3.69,26040.00,15.90,12503.00,999.00,18.57,1716.10,18.34,6.97
2026-06-07T12:03:41,1,3.66,26040.00,15.90,12503.00,999.00,18.58,1716.50,18.34,6.97
2026-06-07T12:03:41,1,3.69,26040.00,15.90,12503.00,999.00,18.58,1717.80,18.34,6.98
2026-06-07T12:03:41,1,3.70,26040.00,15.90,12503.00,999.00,18.58,1718.70,18.34,6.99
2026-06-07T12:03:42,1,3.68,26040.00,15.90,12503.00,999.00,18.58,1718.80,18.34,6.99
2026-06-07T12:03:42,1,3.71,26040.00,15.90,12503.00,999.00,18.58,1720.10,18.34,7.01
2026-06-07T12:03:42,1,3.67,26040.00,15.90,12503.00,999.00,18.58,1719.80,18.34,7.00
2026-06-07T12:03:42,1,3.69,26040.00,15.90,12503.00,999.00,18.58,1720.30,18.34,7.01
2026-06-07T12:03:42,1,3.70,26050.00,15.91,12508.00,999.00,18.58,1721.60,18.34,7.02
2026-06-07T12:03:43,1,3.71,26050.00,15.91,12508.00,999.00,18.58,1723.30,18.34,7.04
2026-06-07T12:03:43,1,3.70,26050.00,15.91,12508.00,999.00,18.58,1724.80,18.34,7.05
2026-06-07T12:03:43,1,3.68,26050.00,15.91,12508.00,999.00,18.58,1726.00,18.34,7.07
2026-06-07T12:03:43,1,3.67,26050.00,15.91,12508.00,999.00,18.58,1727.00,18.34,7.08
2026-06-07T12:03:43,1,3.68,26050.00,15.91,12505.00,999.00,18.58,1727.70,18.34,7.08
2026-06-07T12:03:44,1,3.71,26050.00,15.91,12505.00,999.00,18.58,1728.90,18.34,7.09
2026-06-07T12:03:44,1,3.70,26050.00,15.91,12505.00,999.00,18.58,1730.10,18.34,7.11
2026-06-07T12:03:44,1,3.67,26050.00,15.91,12505.00,999.00,18.58,1730.90,18.34,7.11
2026-06-07T12:03:44,1,3.70,26040.00,15.90,12502.00,999.00,18.58,1732.20,18.34,7.13
2026-06-07T12:03:45,1,3.70,26040.00,15.90,12502.00,999.00,18.58,1733.40,18.34,7.14
2026-06-07T12:03:45,1,3.69,26040.00,15.90,12502.00,999.00,18.58,1734.50,18.33,7.15
2026-06-07T12:03:45,1,3.70,26040.00,15.90,12502.00,999.00,18.58,1735.60,18.33,7.16
2026-06-07T12:03:45,1,3.70,26040.00,15.90,12502.00,999.00,18.58,1736.10,18.34,7.17
2026-06-07T12:03:45,1,3.68,26040.00,15.90,12500.00,999.00,18.58,1738.30,18.33,7.19
2026-06-07T12:03:46,1,3.70,26040.00,15.90,12500.00,999.00,18.58,1738.70,18.34,7.19
2026-06-07T12:03:46,1,3.69,26040.00,15.90,12500.00,999.00,18.58,1740.10,18.34,7.21
2026-06-07T12:03:46,1,3.69,26040.00,15.90,12500.00,999.00,18.58,1741.20,18.34,7.22
2026-06-07T12:03:46,1,3.69,26040.00,15.90,12500.00,999.00,18.58,1743.40,18.34,7.24
2026-06-07T12:03:46,1,3.71,26030.00,15.90,12497.00,999.00,18.58,1744.10,18.34,7.25
2026-06-07T12:03:47,1,3.71,26030.00,15.90,12497.00,999.00,18.58,1746.00,18.34,7.26
2026-06-07T12:03:47,1,3.68,26030.00,15.90,12497.00,999.00,18.58,1747.50,18.34,7.28
2026-06-07T12:03:47,1,3.67,26030.00,15.90,12497.00,999.00,18.58,1748.60,18.34,7.29
2026-06-07T12:03:47,1,3.70,26030.00,15.89,12496.00,999.00,18.58,1749.80,18.34,7.30
2026-06-07T12:03:47,1,3.70,26030.00,15.89,12496.00,999.00,18.58,1751.30,18.34,7.32
2026-06-07T12:03:48,1,3.71,26030.00,15.89,12496.00,999.00,18.58,1752.40,18.34,7.33
2026-06-07T12:03:48,1,3.67,26030.00,15.89,12496.00,999.00,18.58,1754.40,18.34,7.35
2026-06-07T12:03:48,1,3.68,26030.00,15.89,12496.00,999.00,18.58,1755.20,18.34,7.36
2026-06-07T12:03:48,1,3.69,26040.00,15.90,12501.00,999.00,18.58,1757.00,18.34,7.37
2026-06-07T12:03:49,1,3.70,26040.00,15.90,12501.00,999.00,18.58,1758.50,18.34,7.39
2026-06-07T12:03:49,1,3.70,26040.00,15.90,12501.00,999.00,18.58,1759.90,18.34,7.40
2026-06-07T12:03:49,1,3.68,26040.00,15.90,12501.00,999.00,18.57,1760.90,18.34,7.41
2026-06-07T12:03:49,1,3.70,26040.00,15.90,12501.00,999.00,18.57,1762.10,18.34,7.42
2026-06-07T12:03:49,1,3.70,26040.00,15.90,12504.00,999.00,18.58,1763.10,18.34,7.43
2026-06-07T12:03:50,1,3.70,26040.00,15.90,12504.00,999.00,18.58,1764.30,18.34,7.45
2026-06-07T12:03:50,1,3.68,26040.00,15.90,12504.00,999.00,18.58,1765.70,18.34,7.46
2026-06-07T12:03:50,1,3.67,26040.00,15.90,12504.00,999.00,18.57,1766.80,18.34,7.47
2026-06-07T12:03:50,1,3.69,26040.00,15.90,12504.00,999.00,18.57,1767.90,18.34,7.48
2026-06-07T12:03:50,1,3.69,26040.00,15.90,12502.00,999.00,18.58,1769.10,18.34,7.49
2026-06-07T12:03:51,1,3.69,26040.00,15.90,12502.00,999.00,18.58,1770.70,18.34,7.51
2026-06-07T12:03:51,1,3.70,26040.00,15.90,12502.00,999.00,18.57,1772.30,18.34,7.52
2026-06-07T12:03:51,1,3.68,26040.00,15.90,12502.00,999.00,18.57,1773.90,18.34,7.54
2026-06-07T12:03:51,1,3.69,26040.00,15.90,12503.00,999.00,18.58,1774.80,18.34,7.55
2026-06-07T12:03:51,1,3.68,26040.00,15.90,12503.00,999.00,18.58,1776.50,18.34,7.57
2026-06-07T12:03:52,1,3.70,26040.00,15.90,12503.00,999.00,18.58,1777.50,18.34,7.58
2026-06-07T12:03:52,1,3.68,26040.00,15.90,12503.00,999.00,18.58,1778.70,18.34,7.59
2026-06-07T12:03:52,1,3.68,26040.00,15.90,12503.00,999.00,18.58,1780.30,18.34,7.60
2026-06-07T12:03:52,1,3.71,26020.00,15.89,12494.00,999.00,18.58,1781.30,18.34,7.61
2026-06-07T12:03:52,1,3.68,26020.00,15.89,12494.00,999.00,18.58,1782.80,18.34,7.63
2026-06-07T12:03:53,1,3.70,26020.00,15.89,12494.00,999.00,18.58,1784.00,18.34,7.64
2026-06-07T12:03:53,1,3.67,26020.00,15.89,12494.00,999.00,18.58,1784.90,18.34,7.65
2026-06-07T12:03:53,1,3.68,26020.00,15.89,12494.00,999.00,18.58,1786.20,18.34,7.66
2026-06-07T12:03:53,1,3.71,26030.00,15.90,12499.00,999.00,18.58,1787.70,18.34,7.68
2026-06-07T12:03:53,1,3.68,26030.00,15.90,12499.00,999.00,18.57,1788.80,18.34,7.69
2026-06-07T12:03:54,1,3.71,26030.00,15.90,12499.00,999.00,18.58,1789.90,18.34,7.70
2026-06-07T12:03:54,1,3.68,26030.00,15.90,12499.00,999.00,18.58,1790.90,18.34,7.71
2026-06-07T12:03:54,1,3.68,26030.00,15.90,12499.00,999.00,18.58,1792.30,18.34,7.72
2026-06-07T12:03:54,1,3.71,26040.00,15.90,12501.00,999.00,18.58,1793.60,18.34,7.74
2026-06-07T12:03:54,1,3.69,26040.00,15.90,12501.00,999.00,18.58,1795.00,18.34,7.75
2026-06-07T12:03:55,1,3.70,26040.00,15.90,12501.00,999.00,18.58,1796.80,18.34,7.77
2026-06-07T12:03:55,1,3.70,26040.00,15.90,12501.00,999.00,18.58,1798.20,18.34,7.78
2026-06-07T12:03:55,1,3.69,26040.00,15.90,12501.00,999.00,18.58,1798.80,18.34,7.79
2026-06-07T12:03:55,1,3.70,26040.00,15.90,12503.00,999.00,18.58,1799.90,18.34,7.80
2026-06-07T12:03:56,1,3.68,26040.00,15.90,12503.00,999.00,18.58,1800.90,18.34,7.81
2026-06-07T12:03:56,1,3.70,26040.00,15.90,12503.00,999.00,18.58,1801.30,18.34,7.81
2026-06-07T12:03:56,1,3.68,26040.00,15.90,12503.00,999.00,18.58,1800.70,18.34,7.81
2026-06-07T12:03:56,1,3.70,26050.00,15.91,12506.00,999.00,18.59,1801.90,18.34,7.82
2026-06-07T12:03:56,1,3.71,26050.00,15.91,12506.00,999.00,18.58,1802.20,18.34,7.82
2026-06-07T12:03:57,1,3.68,26050.00,15.91,12506.00,999.00,18.58,1803.20,18.34,7.83
2026-06-07T12:03:57,1,3.68,26050.00,15.91,12506.00,999.00,18.58,1805.00,18.34,7.85
2026-06-07T12:03:57,1,3.67,26050.00,15.91,12506.00,999.00,18.58,1807.00,18.34,7.87
2026-06-07T12:03:57,1,3.71,26040.00,15.91,12504.00,999.00,18.58,1808.70,18.34,7.89
2026-06-07T12:03:57,1,3.68,26040.00,15.91,12504.00,999.00,18.58,1809.10,18.34,7.89
2026-06-07T12:03:58,1,3.69,26040.00,15.91,12504.00,999.00,18.58,1809.60,18.34,7.89
2026-06-07T12:03:58,1,3.66,26040.00,15.91,12504.00,999.00,18.58,1810.30,18.32,7.90
2026-06-07T12:03:58,1,3.68,26040.00,15.91,12504.00,999.00,18.58,1810.90,18.34,7.91
2026-06-07T12:03:58,1,3.70,26040.00,15.91,12504.00,999.00,18.58,1811.90,18.34,7.92
2026-06-07T12:03:59,1,3.68,26040.00,15.91,12504.00,999.00,18.58,1813.10,18.33,7.93
2026-06-07T12:03:59,1,3.69,26040.00,15.91,12504.00,999.00,18.58,1813.60,18.34,7.93
2026-06-07T12:03:59,1,3.67,26040.00,15.91,12504.00,999.00,18.58,1815.10,18.34,7.95
2026-06-07T12:03:59,1,3.67,26050.00,15.91,12507.00,999.00,18.58,1816.50,18.34,7.96
2026-06-07T12:03:59,1,3.71,26050.00,15.91,12507.00,999.00,18.58,1818.60,18.34,7.98
2026-06-07T12:04:00,1,3.66,26050.00,15.91,12507.00,999.00,18.58,1819.70,18.34,7.99
2026-06-07T12:04:00,1,3.68,26050.00,15.91,12507.00,999.00,18.58,1821.50,18.34,8.01
2026-06-07T12:04:00,1,3.66,26050.00,15.91,12507.00,999.00,18.58,1823.80,18.34,8.03
2026-06-07T12:04:00,1,3.69,26020.00,15.89,12493.00,999.00,18.58,1825.80,18.34,8.05
2026-06-07T12:04:00,1,3.69,26020.00,15.89,12493.00,999.00,18.58,1827.60,18.34,8.07
2026-06-07T12:04:01,1,3.71,26020.00,15.89,12493.00,999.00,18.58,1829.00,18.34,8.09
2026-06-07T12:04:01,1,3.69,26020.00,15.89,12493.00,999.00,18.58,1830.50,18.34,8.10
2026-06-07T12:04:01,1,3.65,26020.00,15.89,12493.00,999.00,18.58,1830.80,18.34,8.10
2026-06-07T12:04:01,1,3.70,26030.00,15.89,12495.00,999.00,18.58,1831.90,18.34,8.12
2026-06-07T12:04:01,1,3.71,26030.00,15.89,12495.00,999.00,18.58,1832.50,18.34,8.12
2026-06-07T12:04:02,1,3.71,26030.00,15.89,12495.00,999.00,18.57,1833.40,18.34,8.13
2026-06-07T12:04:02,1,3.66,26030.00,15.89,12495.00,999.00,18.57,1834.10,18.34,8.14
2026-06-07T12:04:02,1,3.67,26030.00,15.89,12495.00,999.00,18.57,1835.20,18.34,8.15
2026-06-07T12:04:02,1,3.69,26030.00,15.90,12499.00,999.00,18.56,1837.40,18.34,8.17
2026-06-07T12:04:02,1,3.69,26030.00,15.90,12499.00,999.00,18.57,1838.50,18.34,8.18
2026-06-07T12:04:03,1,3.69,26030.00,15.90,12499.00,999.00,18.56,1840.40,18.34,8.20
2026-06-07T12:04:03,1,3.67,26030.00,15.90,12499.00,999.00,18.56,1842.00,18.34,8.22
2026-06-07T12:04:03,1,3.68,26030.00,15.90,12498.00,999.00,18.57,1842.70,18.34,8.22
2026-06-07T12:04:03,1,3.69,26030.00,15.90,12498.00,999.00,18.57,1844.40,18.34,8.24
2026-06-07T12:04:03,1,3.68,26030.00,15.90,12498.00,999.00,18.56,1845.90,18.34,8.25
2026-06-07T12:04:04,1,3.67,26030.00,15.90,12498.00,999.00,18.56,1847.00,18.34,8.26
2026-06-07T12:04:04,1,3.68,26030.00,15.90,12498.00,999.00,18.57,1848.50,18.34,8.28
2026-06-07T12:04:04,1,3.70,26030.00,15.89,12496.00,999.00,18.57,1849.00,18.34,8.28
2026-06-07T12:04:04,1,3.70,26030.00,15.89,12496.00,999.00,18.57,1850.30,18.34,8.30
2026-06-07T12:04:04,1,3.69,26030.00,15.89,12496.00,999.00,18.57,1852.10,18.34,8.32
2026-06-07T12:04:05,1,3.69,26030.00,15.89,12496.00,999.00,18.56,1853.40,18.34,8.33
2026-06-07T12:04:05,1,3.68,26030.00,15.89,12496.00,999.00,18.57,1855.80,18.34,8.35
2026-06-07T12:04:05,1,3.69,26040.00,15.90,12504.00,999.00,18.56,1856.90,18.34,8.36
2026-06-07T12:04:05,1,3.69,26040.00,15.90,12504.00,999.00,18.57,1858.30,18.34,8.38
2026-06-07T12:04:06,1,3.71,26040.00,15.90,12504.00,999.00,18.56,1861.60,18.34,8.41
2026-06-07T12:04:06,1,3.66,26040.00,15.90,12504.00,999.00,18.57,1863.90,18.34,8.43
2026-06-07T12:04:06,1,3.69,26040.00,15.90,12504.00,999.00,18.56,1865.70,18.34,8.45
2026-06-07T12:04:06,1,3.71,26040.00,15.90,12499.00,999.00,18.57,1866.60,18.34,8.46
2026-06-07T12:04:06,1,3.70,26040.00,15.90,12499.00,999.00,18.56,1867.10,18.34,8.46
2026-06-07T12:04:07,1,3.71,26040.00,15.90,12499.00,999.00,18.56,1866.90,18.34,8.46
2026-06-07T12:04:07,1,3.67,26040.00,15.90,12499.00,999.00,18.57,1867.00,18.34,8.46
2026-06-07T12:04:07,1,3.67,26040.00,15.90,12500.00,999.00,18.56,1866.40,18.33,8.46
2026-06-07T12:04:07,1,3.71,26040.00,15.90,12500.00,999.00,18.56,1862.70,18.34,8.42
2026-06-07T12:04:07,1,3.70,26040.00,15.90,12500.00,999.00,18.57,1857.00,18.34,8.36
2026-06-07T12:04:08,1,3.69,26040.00,15.90,12500.00,999.00,18.56,1859.10,18.33,8.38
2026-06-07T12:04:08,1,3.68,26040.00,15.90,12500.00,999.00,18.56,1866.30,18.33,8.46
2026-06-07T12:04:08,1,3.67,26020.00,15.89,12494.00,999.00,18.56,1867.20,18.33,8.46
2026-06-07T12:04:08,1,3.68,26020.00,15.89,12494.00,999.00,18.56,1867.10,18.34,8.46
2026-06-07T12:04:08,1,3.71,26020.00,15.89,12494.00,999.00,18.56,1861.10,18.33,8.40
2026-06-07T12:04:09,1,3.69,26020.00,15.89,12494.00,999.00,18.56,1848.00,18.33,8.27
2026-06-07T12:04:09,1,3.67,26020.00,15.89,12494.00,999.00,18.56,1834.10,18.33,8.14
2026-06-07T12:04:09,1,3.70,26030.00,15.90,12497.00,999.00,18.56,1822.80,18.33,8.02
2026-06-07T12:04:09,1,3.69,26030.00,15.90,12497.00,999.00,18.57,1812.70,18.32,7.92
2026-06-07T12:04:09,1,3.68,26030.00,15.90,12497.00,999.00,18.56,1796.10,18.33,7.76
2026-06-07T12:04:10,1,3.70,26030.00,15.90,12497.00,999.00,18.57,1778.00,18.32,7.58
2026-06-07T12:04:10,1,3.69,26030.00,15.90,12497.00,999.00,18.56,1754.20,18.32,7.35
2026-06-07T12:04:10,1,3.69,26040.00,15.90,12502.00,999.00,18.57,1728.40,18.32,7.09
2026-06-07T12:04:10,1,3.71,26040.00,15.90,12502.00,999.00,18.57,1701.70,18.30,6.82
2026-06-07T12:04:11,1,3.68,26040.00,15.90,12502.00,999.00,18.57,1672.30,18.29,6.53
2026-06-07T12:04:11,1,3.68,26040.00,15.90,12502.00,999.00,18.57,1647.80,18.29,6.29
2026-06-07T12:04:11,1,3.70,26030.00,15.90,12498.00,999.00,18.56,1636.60,18.29,6.18
2026-06-07T12:04:11,1,3.68,26030.00,15.90,12498.00,999.00,18.57,1633.50,18.29,6.15
2026-06-07T12:04:11,1,3.70,26030.00,15.90,12498.00,999.00,18.57,1625.90,18.30,6.07
2026-06-07T12:04:12,1,3.68,26030.00,15.90,12498.00,999.00,18.56,1601.70,18.30,5.83
2026-06-07T12:04:12,1,3.68,26030.00,15.90,12498.00,999.00,18.57,1574.20,18.29,5.56
2026-06-07T12:04:12,1,3.71,26020.00,15.89,12493.00,999.00,18.56,1552.70,18.29,5.35
2026-06-07T12:04:12,1,3.68,26020.00,15.89,12493.00,999.00,18.57,1536.50,18.29,5.19
2026-06-07T12:04:12,1,3.68,26020.00,15.89,12493.00,999.00,18.57,1521.60,18.28,5.04
2026-06-07T12:04:13,1,3.69,26020.00,15.89,12493.00,999.00,18.57,1510.50,18.28,4.93
2026-06-07T12:04:13,1,3.69,26020.00,15.89,12493.00,999.00,18.56,1499.80,18.28,4.82
2026-06-07T12:04:13,1,3.71,26020.00,15.89,12492.00,999.00,18.57,1480.40,18.28,4.63
2026-06-07T12:04:13,1,3.68,26020.00,15.89,12492.00,999.00,18.57,1454.20,18.28,4.37
2026-06-07T12:04:13,1,3.68,26020.00,15.89,12492.00,999.00,18.58,1422.80,18.28,4.06
2026-06-07T12:04:14,1,3.68,26020.00,15.89,12492.00,999.00,18.58,1395.20,18.28,3.79
2026-06-07T12:04:14,1,3.68,26050.00,15.91,12504.00,999.00,18.58,1376.70,18.27,3.60
2026-06-07T12:04:14,1,3.71,26050.00,15.91,12504.00,999.00,18.58,1362.00,18.27,3.46
2026-06-07T12:04:14,1,3.71,26050.00,15.91,12504.00,999.00,18.58,1348.90,18.27,3.33
2026-06-07T12:04:14,1,3.66,26050.00,15.91,12504.00,999.00,18.58,1336.40,18.27,3.20
2026-06-07T12:04:15,1,3.68,26050.00,15.91,12504.00,999.00,18.58,1319.40,18.27,3.04
2026-06-07T12:04:15,1,3.70,26040.00,15.90,12502.00,999.00,18.58,1294.70,18.27,2.79
2026-06-07T12:04:15,1,3.70,26040.00,15.90,12502.00,999.00,18.58,1267.80,18.27,2.53
2026-06-07T12:04:15,1,3.68,26040.00,15.90,12502.00,999.00,18.58,1238.50,18.26,2.23
2026-06-07T12:04:16,1,3.67,26040.00,15.90,12502.00,999.00,18.59,1212.50,18.26,1.98
2026-06-07T12:04:16,1,3.68,26040.00,15.90,12502.00,999.00,18.59,1195.00,18.26,1.80
2026-06-07T12:04:16,1,3.68,26050.00,15.91,12507.00,999.00,18.59,1183.10,18.26,1.69
2026-06-07T12:04:16,1,3.69,26050.00,15.91,12507.00,999.00,18.59,1172.90,18.26,1.58
2026-06-07T12:04:16,1,3.69,26050.00,15.91,12507.00,999.00,18.58,1164.20,18.26,1.50
2026-06-07T12:04:17,1,3.68,26050.00,15.91,12507.00,999.00,18.59,1150.80,18.26,1.37
2026-06-07T12:04:17,1,3.69,26050.00,15.91,12507.00,999.00,18.59,1131.60,18.26,1.18
2026-06-07T12:04:17,1,3.68,26050.00,15.91,12507.00,999.00,18.60,1110.00,18.25,0.96
2026-06-07T12:04:17,1,3.68,26050.00,15.91,12507.00,999.00,18.60,1084.70,18.25,0.71
2026-06-07T12:04:17,1,3.70,26050.00,15.91,12507.00,999.00,18.59,1056.40,18.25,0.43
2026-06-07T12:04:18,1,3.68,26050.00,15.91,12507.00,999.00,18.60,1037.80,18.25,0.25
2026-06-07T12:04:18,1,3.68,26050.00,15.91,12507.00,999.00,18.60,1030.10,18.25,0.17
2026-06-07T12:04:18,1,3.71,26050.00,15.91,12507.00,999.00,18.59,1026.40,18.25,0.13
2026-06-07T12:04:18,1,3.69,26050.00,15.91,12507.00,999.00,18.60,1026.60,18.25,0.13
2026-06-07T12:04:18,1,3.67,26050.00,15.91,12507.00,999.00,18.59,1026.40,18.25,0.13
2026-06-07T12:04:19,1,3.70,26050.00,15.91,12507.00,999.00,18.58,1026.10,18.25,0.13
2026-06-07T12:04:19,1,3.68,23680.00,14.33,11368.00,999.00,18.56,1026.40,18.25,0.13
2026-06-07T12:04:19,1,3.71,23680.00,14.33,11368.00,999.00,18.54,1026.20,18.25,0.13
2026-06-07T12:04:19,1,3.69,23680.00,14.33,11368.00,999.00,18.51,1026.70,18.25,0.14
2026-06-07T12:04:19,1,3.67,23680.00,14.33,11368.00,999.00,18.46,1026.10,18.25,0.13
2026-06-07T12:04:20,1,3.66,23680.00,14.33,11368.00,999.00,18.41,1026.20,18.25,0.13
2026-06-07T12:04:20,1,3.68,22840.00,13.77,10964.00,999.00,18.36,1025.80,18.25,0.13
2026-06-07T12:04:20,1,3.72,22840.00,13.77,10964.00,999.00,18.31,1026.00,18.25,0.13
2026-06-07T12:04:20,1,3.71,22840.00,13.77,10964.00,999.00,18.25,1026.30,18.25,0.13
2026-06-07T12:04:20,1,3.66,22840.00,13.77,10964.00,999.00,18.21,1025.90,18.25,0.13
2026-06-07T12:04:21,1,3.67,22840.00,13.77,10964.00,999.00,18.15,1025.90,18.25,0.13
2026-06-07T12:04:21,1,3.71,23390.00,14.14,11229.00,999.00,18.10,1026.00,18.24,0.13
2026-06-07T12:04:21,1,3.68,23390.00,14.14,11229.00,999.00,18.04,1025.50,18.24,0.12
2026-06-07T12:04:21,1,3.68,23390.00,14.14,11229.00,999.00,18.00,1025.50,18.24,0.12
2026-06-07T12:04:21,1,3.69,23390.00,14.14,11229.00,999.00,17.95,1025.90,18.25,0.13
2026-06-07T12:04:22,1,3.69,23390.00,14.14,11229.00,999.00,17.89,1026.10,18.24,0.13
2026-06-07T12:04:22,1,3.68,23400.00,14.15,11234.00,999.00,17.83,1026.20,18.24,0.13
2026-06-07T12:04:22,1,3.71,23400.00,14.15,11234.00,999.00,17.79,1025.70,18.23,0.13
2026-06-07T12:04:22,1,3.69,23400.00,14.15,11234.00,999.00,17.74,1025.40,18.23,0.12
2026-06-07T12:04:23,1,3.63,23400.00,14.15,11234.00,999.00,17.69,1026.00,18.23,0.13
2026-06-07T12:04:23,1,3.68,23480.00,14.20,11270.00,999.00,17.65,1025.70,18.22,0.13
2026-06-07T12:04:23,1,3.68,23480.00,14.20,11270.00,999.00,17.60,1026.00,18.21,0.13
2026-06-07T12:04:23,1,3.71,23480.00,14.20,11270.00,999.00,17.56,1025.30,18.21,0.12
2026-06-07T12:04:23,1,3.68,23480.00,14.20,11270.00,999.00,17.54,1025.70,18.21,0.13
2026-06-07T12:04:24,1,3.68,23480.00,14.20,11270.00,999.00,17.49,1026.10,18.21,0.13
2026-06-07T12:04:24,1,3.71,23420.00,14.16,11246.00,999.00,17.42,1025.60,18.20,0.12
2026-06-07T12:04:24,1,3.70,23420.00,14.16,11246.00,999.00,17.34,1025.80,18.20,0.13
2026-06-07T12:04:24,1,3.70,23420.00,14.16,11246.00,999.00,17.26,1026.10,18.20,0.13
2026-06-07T12:04:24,1,3.70,23420.00,14.16,11246.00,999.00,17.19,1026.10,18.19,0.13
2026-06-07T12:04:25,1,3.68,23470.00,14.19,11266.00,999.00,17.11,1025.90,18.19,0.13
2026-06-07T12:04:25,1,3.71,23470.00,14.19,11266.00,999.00,17.03,1026.00,18.19,0.13
2026-06-07T12:04:25,1,3.68,23470.00,14.19,11266.00,999.00,16.94,1025.70,18.18,0.13
2026-06-07T12:04:25,1,3.69,23470.00,14.19,11266.00,999.00,16.90,1026.00,18.18,0.13
2026-06-07T12:04:26,1,3.69,23470.00,14.19,11266.00,999.00,16.87,1025.50,18.18,0.12
2026-06-07T12:04:26,1,3.70,23190.00,14.01,11135.00,999.00,16.86,1025.80,18.17,0.13
2026-06-07T12:04:26,1,3.71,23190.00,14.01,11135.00,999.00,16.84,1025.90,18.17,0.13
2026-06-07T12:04:26,1,3.68,23190.00,14.01,11135.00,999.00,16.82,1025.50,18.16,0.12
2026-06-07T12:04:26,1,3.70,23190.00,14.01,11135.00,999.00,16.76,1025.40,18.16,0.12
2026-06-07T12:04:27,1,3.68,23190.00,14.01,11135.00,999.00,16.71,1025.30,18.16,0.12
2026-06-07T12:04:27,1,3.68,23230.00,14.04,11155.00,999.00,16.69,1025.40,18.15,0.12
2026-06-07T12:04:27,1,3.68,23230.00,14.04,11155.00,999.00,16.66,1025.90,18.15,0.13
2026-06-07T12:04:27,1,3.71,23230.00,14.04,11155.00,999.00,16.63,1025.70,18.15,0.13
2026-06-07T12:04:27,1,3.69,23230.00,14.04,11155.00,999.00,16.62,1025.80,18.14,0.13
2026-06-07T12:04:28,1,3.69,23230.00,14.04,11155.00,999.00,16.60,1025.30,18.14,0.12
2026-06-07T12:04:28,1,3.68,23240.00,14.04,11159.00,999.00,16.57,1025.90,18.14,0.13
2026-06-07T12:04:28,1,3.70,23240.00,14.04,11159.00,999.00,16.55,1025.70,18.13,0.13
2026-06-07T12:04:28,1,3.71,23240.00,14.04,11159.00,999.00,16.52,1025.50,18.13,0.12
2026-06-07T12:04:28,1,3.70,23240.00,14.04,11159.00,999.00,16.50,1025.40,18.12,0.12
2026-06-07T12:04:29,1,3.69,23240.00,14.04,11159.00,999.00,16.47,1025.70,18.12,0.13
2026-06-07T12:04:29,1,3.69,22940.00,13.84,11012.00,999.00,16.45,1025.80,18.12,0.13
2026-06-07T12:04:29,1,3.69,22940.00,13.84,11012.00,999.00,16.41,1025.60,18.11,0.12
2026-06-07T12:04:29,1,3.66,22940.00,13.84,11012.00,999.00,16.39,1025.60,18.11,0.12
2026-06-07T12:04:29,1,3.68,22940.00,13.84,11012.00,999.00,16.37,1025.80,18.11,0.13
2026-06-07T12:04:30,1,3.69,23270.00,14.06,11173.00,999.00,16.34,1025.60,18.10,0.12
2026-06-07T12:04:30,1,3.68,23270.00,14.06,11173.00,999.00,16.32,1025.50,18.09,0.12
2026-06-07T12:04:30,1,3.68,23270.00,14.06,11173.00,999.00,16.30,1025.80,18.09,0.13
2026-06-07T12:04:30,1,3.66,23270.00,14.06,11173.00,999.00,16.26,1025.70,18.08,0.13
2026-06-07T12:04:30,1,3.67,23270.00,14.06,11173.00,999.00,16.25,1025.40,18.08,0.12
2026-06-07T12:04:31,1,3.71,17210.00,10.13,8265.00,999.00,16.23,1025.80,18.08,0.13
2026-06-07T12:04:31,1,3.70,17210.00,10.13,8265.00,999.00,16.22,1025.90,18.07,0.13
2026-06-07T12:04:31,1,3.71,17210.00,10.13,8265.00,999.00,16.20,1025.70,18.06,0.13
2026-06-07T12:04:31,1,3.68,17210.00,10.13,8265.00,999.00,16.19,1025.40,18.06,0.12
2026-06-07T12:04:31,1,3.67,17210.00,10.13,8265.00,999.00,16.18,1025.50,18.05,0.12
2026-06-07T12:04:32,1,3.70,9898.00,5.57,4751.00,999.00,16.15,1025.40,18.05,0.12
2026-06-07T12:04:32,1,3.69,9898.00,5.57,4751.00,999.00,16.12,1025.70,18.04,0.13
2026-06-07T12:04:32,1,3.70,9898.00,5.57,4751.00,999.00,16.11,1025.60,18.03,0.12
2026-06-07T12:04:32,1,3.67,9898.00,5.57,4751.00,999.00,16.07,1025.80,18.03,0.13
2026-06-07T12:04:33,1,3.68,9898.00,5.57,4751.00,999.00,16.04,1026.30,18.03,0.13
2026-06-07T12:04:33,1,3.70,9323.00,5.22,4475.00,999.00,16.01,1026.00,18.02,0.13
2026-06-07T12:04:33,1,3.70,9323.00,5.22,4475.00,999.00,15.97,1026.00,18.02,0.13
2026-06-07T12:04:33,1,3.71,9323.00,5.22,4475.00,999.00,15.96,1025.70,18.01,0.13
2026-06-07T12:04:33,1,3.70,9323.00,5.22,4475.00,999.00,15.96,1025.80,18.01,0.13
2026-06-07T12:04:34,1,3.69,9841.00,5.53,4724.00,999.00,15.97,1026.20,18.01,0.13
2026-06-07T12:04:34,1,3.70,9841.00,5.53,4724.00,999.00,15.97,1025.30,18.01,0.12
2026-06-07T12:04:34,1,3.70,9841.00,5.53,4724.00,999.00,15.98,1025.70,18.00,0.13
2026-06-07T12:04:34,1,3.67,9841.00,5.53,4724.00,999.00,15.99,1025.80,18.00,0.13
2026-06-07T12:04:34,1,3.70,9841.00,5.53,4724.00,999.00,15.96,1025.80,17.98,0.13
2026-06-07T12:04:35,1,3.70,9136.00,5.11,4385.00,999.00,15.94,1025.40,17.98,0.12
2026-06-07T12:04:35,1,3.68,9136.00,5.11,4385.00,999.00,15.93,1025.30,17.97,0.12
2026-06-07T12:04:35,1,3.69,9136.00,5.11,4385.00,999.00,15.94,1025.50,17.98,0.12
2026-06-07T12:04:35,1,3.70,9136.00,5.11,4385.00,999.00,15.94,1025.50,17.97,0.12
2026-06-07T12:04:35,1,3.68,9136.00,5.11,4385.00,999.00,15.94,1025.70,17.96,0.13
2026-06-07T12:04:36,1,3.70,9121.00,5.10,4379.00,999.00,15.92,1025.20,17.95,0.12
2026-06-07T12:04:36,1,3.69,9121.00,5.10,4379.00,999.00,15.89,1025.70,17.94,0.13
2026-06-07T12:04:36,1,3.71,9121.00,5.10,4379.00,999.00,15.84,1026.00,17.94,0.13
2026-06-07T12:04:36,1,3.70,9121.00,5.10,4379.00,999.00,15.80,1025.80,17.94,0.13
2026-06-07T12:04:36,1,3.66,9121.00,5.10,4379.00,999.00,15.75,1025.40,17.94,0.12
2026-06-07T12:04:37,1,3.70,10620.00,6.01,5101.00,999.00,15.72,1025.40,17.95,0.12
2026-06-07T12:04:37,1,3.70,10620.00,6.01,5101.00,999.00,15.68,1025.70,17.95,0.13
2026-06-07T12:04:37,1,3.68,10620.00,6.01,5101.00,999.00,15.67,1025.70,17.95,0.13
2026-06-07T12:04:37,1,3.68,10620.00,6.01,5101.00,999.00,15.68,1025.90,17.96,0.13
2026-06-07T12:04:38,1,3.67,10130.00,5.71,4863.00,999.00,15.68,1025.60,17.95,0.12
2026-06-07T12:04:38,1,3.68,10130.00,5.71,4863.00,999.00,15.68,1025.60,17.95,0.12
2026-06-07T12:04:38,1,3.71,10130.00,5.71,4863.00,999.00,15.69,1025.40,17.95,0.12
2026-06-07T12:04:38,1,3.69,10130.00,5.71,4863.00,999.00,15.70,1025.20,17.95,0.12
2026-06-07T12:04:38,1,3.66,10130.00,5.71,4863.00,999.00,15.72,1025.20,17.94,0.12
2026-06-07T12:04:39,1,3.71,8892.00,4.96,4269.00,999.00,15.72,1025.60,17.94,0.12
2026-06-07T12:04:39,1,3.68,8892.00,4.96,4269.00,999.00,15.73,1025.60,17.93,0.12
2026-06-07T12:04:39,1,3.67,8892.00,4.96,4269.00,999.00,15.75,1025.90,17.94,0.13
2026-06-07T12:04:39,1,3.69,8892.00,4.96,4269.00,999.00,15.75,1026.10,17.93,0.13
2026-06-07T12:04:39,1,3.70,8892.00,4.96,4269.00,999.00,15.79,1025.40,17.94,0.12
2026-06-07T12:04:40,1,3.71,8592.00,4.78,4125.00,999.00,15.83,1025.70,17.93,0.13
2026-06-07T12:04:40,1,3.70,8592.00,4.78,4125.00,999.00,15.86,1025.80,17.93,0.13
2026-06-07T12:04:40,1,3.68,8592.00,4.78,4125.00,999.00,15.91,1025.70,17.93,0.13
2026-06-07T12:04:40,1,3.69,8592.00,4.78,4125.00,999.00,15.97,1025.90,17.93,0.13
2026-06-07T12:04:40,1,3.70,9881.00,5.56,4743.00,999.00,16.05,1025.80,17.93,0.13
2026-06-07T12:04:41,1,3.71,9881.00,5.56,4743.00,999.00,16.13,1025.70,17.93,0.13
2026-06-07T12:04:41,1,3.71,9881.00,5.56,4743.00,999.00,16.21,1025.80,17.92,0.13
2026-06-07T12:04:41,1,3.67,9881.00,5.56,4743.00,999.00,16.29,1025.70,17.92,0.13
2026-06-07T12:04:41,1,3.67,9881.00,5.56,4743.00,999.00,16.38,1025.40,17.92,0.12
2026-06-07T12:04:41,1,3.70,10620.00,6.01,5100.00,999.00,16.46,1025.70,17.92,0.13
2026-06-07T12:04:42,1,3.71,10620.00,6.01,5100.00,999.00,16.54,1025.50,17.92,0.12
2026-06-07T12:04:42,1,3.70,10620.00,6.01,5100.00,999.00,16.62,1025.90,17.92,0.13
2026-06-07T12:04:42,1,3.68,10620.00,6.01,5100.00,999.00,16.69,1025.20,17.92,0.12
2026-06-07T12:04:42,1,3.66,10620.00,6.01,5100.00,999.00,16.77,1025.80,17.92,0.13
2026-06-07T12:04:42,1,3.71,10950.00,6.21,5256.00,999.00,16.85,1025.80,17.92,0.13
2026-06-07T12:04:43,1,3.68,10950.00,6.21,5256.00,999.00,16.92,1025.50,17.92,0.12
2026-06-07T12:04:43,1,3.68,10950.00,6.21,5256.00,999.00,16.99,1025.80,17.92,0.13
2026-06-07T12:04:43,1,3.66,10950.00,6.21,5256.00,999.00,17.07,1025.50,17.92,0.12
2026-06-07T12:04:43,1,3.67,10950.00,6.21,5256.00,999.00,17.13,1026.00,17.92,0.13
2026-06-07T12:04:44,1,3.71,11140.00,6.32,5349.00,999.00,17.19,1025.60,17.92,0.12
2026-06-07T12:04:44,1,3.70,11140.00,6.32,5349.00,999.00,17.26,1025.70,17.92,0.13
2026-06-07T12:04:44,1,3.71,11140.00,6.32,5349.00,999.00,17.33,1025.30,17.92,0.12
2026-06-07T12:04:44,1,3.68,11140.00,6.32,5349.00,999.00,17.39,1026.00,17.93,0.13
2026-06-07T12:04:44,1,3.69,11140.00,6.32,5349.00,999.00,17.42,1025.70,17.92,0.13
2026-06-07T12:04:45,1,3.66,11300.00,6.42,5425.00,999.00,17.46,1025.90,17.93,0.13
2026-06-07T12:04:45,1,3.71,11300.00,6.42,5425.00,999.00,17.51,1025.90,17.93,0.13
2026-06-07T12:04:45,1,3.67,11300.00,6.42,5425.00,999.00,17.57,1026.30,17.93,0.13
2026-06-07T12:04:45,1,3.70,11300.00,6.42,5425.00,999.00,17.61,1025.60,17.93,0.12
2026-06-07T12:04:45,1,3.68,11320.00,6.44,5438.00,999.00,17.65,1025.70,17.93,0.13
2026-06-07T12:04:46,1,3.68,11320.00,6.44,5438.00,999.00,17.68,1025.80,17.93,0.13
2026-06-07T12:04:46,1,3.68,11320.00,6.44,5438.00,999.00,17.69,1025.80,17.93,0.13
2026-06-07T12:04:46,1,3.67,11320.00,6.44,5438.00,999.00,17.71,1025.80,17.93,0.13
2026-06-07T12:04:46,1,3.70,11320.00,6.44,5438.00,999.00,17.75,1026.10,17.93,0.13
2026-06-07T12:04:46,1,3.71,11600.00,6.60,5568.00,999.00,17.79,1025.90,17.93,0.13
2026-06-07T12:04:47,1,3.71,11600.00,6.60,5568.00,999.00,17.80,1025.20,17.93,0.12
2026-06-07T12:04:47,1,3.70,11600.00,6.60,5568.00,999.00,17.81,1025.80,17.94,0.13
2026-06-07T12:04:47,1,3.67,11600.00,6.60,5568.00,999.00,17.78,1025.50,17.94,0.12
2026-06-07T12:04:47,1,3.69,11600.00,6.60,5568.00,999.00,17.77,1025.50,17.94,0.12
2026-06-07T12:04:47,1,3.71,11880.00,6.78,5705.00,999.00,17.77,1025.10,17.94,0.12
2026-06-07T12:04:48,1,3.71,11880.00,6.78,5705.00,999.00,17.76,1025.20,17.94,0.12
2026-06-07T12:04:48,1,3.68,11880.00,6.78,5705.00,999.00,17.76,1025.10,17.94,0.12
2026-06-07T12:04:48,1,3.69,11880.00,6.78,5705.00,999.00,17.76,1025.20,17.93,0.12
2026-06-07T12:04:48,1,3.68,11350.00,6.45,5450.00,999.00,17.76,1025.20,17.94,0.12
2026-06-07T12:04:49,1,3.69,11350.00,6.45,5450.00,999.00,17.75,1025.60,17.94,0.12
2026-06-07T12:04:49,1,3.68,11350.00,6.45,5450.00,999.00,17.75,1025.60,17.95,0.12
2026-06-07T12:04:49,1,3.68,11350.00,6.45,5450.00,999.00,17.73,1025.60,17.95,0.12
2026-06-07T12:04:49,1,3.69,11350.00,6.45,5450.00,999.00,17.72,1025.40,17.95,0.12
2026-06-07T12:04:49,1,3.68,11870.00,6.77,5701.00,999.00,17.71,1025.40,17.96,0.12
2026-06-07T12:04:50,1,3.68,11870.00,6.77,5701.00,999.00,17.70,1025.70,17.96,0.13
2026-06-07T12:04:50,1,3.71,11870.00,6.77,5701.00,999.00,17.70,1025.80,17.95,0.13
2026-06-07T12:04:50,1,3.67,11870.00,6.77,5701.00,999.00,17.71,1025.90,17.96,0.13
2026-06-07T12:04:50,1,3.70,11870.00,6.77,5701.00,999.00,17.72,1025.60,17.96,0.12
2026-06-07T12:04:50,1,3.67,11850.00,6.76,5690.00,999.00,17.74,1025.60,17.96,0.12
2026-06-07T12:04:51,1,3.71,11850.00,6.76,5690.00,999.00,17.75,1026.10,17.96,0.13
2026-06-07T12:04:51,1,3.66,11850.00,6.76,5690.00,999.00,17.73,1026.10,17.96,0.13
2026-06-07T12:04:51,1,3.68,11850.00,6.76,5690.00,999.00,17.71,1025.40,17.96,0.12
2026-06-07T12:04:51,1,3.68,11850.00,6.76,5690.00,999.00,17.68,1025.40,17.97,0.12
2026-06-07T12:04:51,1,3.68,10970.00,6.22,5270.00,999.00,17.66,1025.50,17.98,0.12
2026-06-07T12:04:52,1,3.68,10970.00,6.22,5270.00,999.00,17.63,1025.30,17.98,0.12
2026-06-07T12:04:52,1,3.68,10970.00,6.22,5270.00,999.00,17.61,1025.70,17.98,0.13
2026-06-07T12:04:52,1,3.68,10970.00,6.22,5270.00,999.00,17.57,1025.70,17.98,0.13
2026-06-07T12:04:52,1,3.71,11690.00,6.66,5612.00,999.00,17.54,1025.70,17.98,0.13
2026-06-07T12:04:52,1,3.71,11690.00,6.66,5612.00,999.00,17.54,1026.10,17.98,0.13
2026-06-07T12:04:53,1,3.71,11690.00,6.66,5612.00,999.00,17.54,1025.50,17.99,0.12
2026-06-07T12:04:53,1,3.68,11690.00,6.66,5612.00,999.00,17.54,1025.90,17.99,0.13
2026-06-07T12:04:53,1,3.69,11690.00,6.66,5612.00,999.00,17.54,1025.40,17.98,0.12
2026-06-07T12:04:53,1,3.70,11240.00,6.39,5400.00,999.00,17.54,1025.70,17.99,0.13
2026-06-07T12:04:54,1,3.70,11240.00,6.39,5400.00,999.00,17.55,1024.90,17.99,0.12
2026-06-07T12:04:54,1,3.71,11240.00,6.39,5400.00,999.00,17.58,1025.50,18.00,0.12
2026-06-07T12:04:54,1,3.70,11240.00,6.39,5400.00,999.00,17.59,1025.70,18.00,0.13
2026-06-07T12:04:54,1,3.65,11240.00,6.39,5400.00,999.00,17.61,1025.80,18.00,0.13
2026-06-07T12:04:54,1,3.71,11750.00,6.70,5641.00,999.00,17.63,1025.40,18.00,0.12
2026-06-07T12:04:55,1,3.69,11750.00,6.70,5641.00,999.00,17.66,1025.70,18.00,0.13
2026-06-07T12:04:55,1,3.69,11750.00,6.70,5641.00,999.00,17.68,1025.70,18.01,0.13
2026-06-07T12:04:55,1,3.68,11750.00,6.70,5641.00,999.00,17.72,1025.30,18.01,0.12
2026-06-07T12:04:55,1,3.70,11750.00,6.70,5641.00,999.00,17.76,1025.80,18.01,0.13
2026-06-07T12:04:55,1,3.69,11860.00,6.76,5693.00,999.00,17.81,1026.10,18.01,0.13
2026-06-07T12:04:56,1,3.71,11860.00,6.76,5693.00,999.00,17.84,1025.30,18.01,0.12
2026-06-07T12:04:56,1,3.70,11860.00,6.76,5693.00,999.00,17.89,1025.50,18.01,0.12
2026-06-07T12:04:56,1,3.68,11860.00,6.76,5693.00,999.00,17.93,1025.30,18.02,0.12
2026-06-07T12:04:56,1,3.67,11830.00,6.75,5683.00,999.00,17.96,1025.50,18.02,0.12
2026-06-07T12:04:56,1,3.69,11830.00,6.75,5683.00,999.00,17.98,1025.50,18.02,0.12
2026-06-07T12:04:57,1,3.68,11830.00,6.75,5683.00,999.00,18.01,1025.50,18.02,0.12
2026-06-07T12:04:57,1,3.68,11830.00,6.75,5683.00,999.00,18.04,1025.70,18.02,0.13
2026-06-07T12:04:57,1,3.66,11830.00,6.75,5683.00,999.00,18.07,1025.10,18.03,0.12
2026-06-07T12:04:57,1,3.72,11860.00,6.77,5696.00,999.00,18.09,1025.20,18.03,0.12
2026-06-07T12:04:57,1,3.68,11860.00,6.77,5696.00,999.00,18.11,1025.50,18.03,0.12
2026-06-07T12:04:58,1,3.70,11860.00,6.77,5696.00,999.00,18.13,1025.80,18.03,0.13
2026-06-07T12:04:58,1,3.68,11860.00,6.77,5696.00,999.00,18.17,1025.80,18.03,0.13
2026-06-07T12:04:58,1,3.66,11860.00,6.77,5696.00,999.00,18.20,1025.80,18.04,0.13
2026-06-07T12:04:58,1,3.71,11880.00,6.78,5704.00,999.00,18.24,1025.70,18.04,0.13
2026-06-07T12:04:58,1,3.71,11880.00,6.78,5704.00,999.00,18.27,1025.50,18.04,0.12
2026-06-07T12:04:59,1,3.68,11880.00,6.78,5704.00,999.00,18.30,1025.20,18.04,0.12
2026-06-07T12:04:59,1,3.69,11880.00,6.78,5704.00,999.00,18.33,1025.50,18.05,0.12
2026-06-07T12:04:59,1,3.70,11880.00,6.78,5704.00,999.00,18.36,1025.60,18.05,0.12
2026-06-07T12:04:59,1,3.68,11880.00,6.78,5706.00,999.00,18.38,1025.90,18.05,0.13
2026-06-07T12:04:59,1,3.68,11880.00,6.78,5706.00,999.00,18.39,1025.60,18.05,0.12
2026-06-07T12:05:00,1,3.68,11880.00,6.78,5706.00,999.00,18.43,1025.80,18.05,0.13
2026-06-07T12:05:00,1,3.68,11880.00,6.78,5706.00,999.00,18.46,1025.70,18.06,0.13
2026-06-07T12:05:00,1,3.66,11880.00,6.78,5706.00,999.00,18.50,1025.50,18.06,0.12
2026-06-07T12:05:00,1,3.70,11920.00,6.80,5725.00,999.00,18.53,1025.70,18.06,0.13
2026-06-07T12:05:01,1,3.69,11920.00,6.80,5725.00,999.00,18.57,1025.40,18.06,0.12
2026-06-07T12:05:01,1,3.69,11920.00,6.80,5725.00,999.00,18.62,1025.60,18.05,0.12
2026-06-07T12:05:01,1,3.68,11920.00,6.80,5725.00,999.00,18.65,1025.70,18.06,0.13
2026-06-07T12:05:01,1,3.68,11910.00,6.79,5717.00,999.00,18.70,1025.40,18.07,0.12
2026-06-07T12:05:01,1,3.69,11910.00,6.79,5717.00,999.00,18.74,1025.40,18.07,0.12
2026-06-07T12:05:02,1,3.68,11910.00,6.79,5717.00,999.00,18.79,1025.50,18.07,0.12
2026-06-07T12:05:02,1,3.69,11910.00,6.79,5717.00,999.00,18.84,1025.40,18.07,0.12
2026-06-07T12:05:02,1,3.68,11910.00,6.79,5717.00,999.00,18.87,1025.10,18.08,0.12
2026-06-07T12:05:02,1,3.70,11920.00,6.80,5724.00,999.00,18.92,1025.40,18.08,0.12
2026-06-07T12:05:02,1,3.69,11920.00,6.80,5724.00,999.00,18.96,1025.70,18.08,0.13
2026-06-07T12:05:03,1,3.71,11920.00,6.80,5724.00,999.00,19.00,1025.90,18.08,0.13
2026-06-07T12:05:03,1,3.67,11920.00,6.80,5724.00,999.00,19.06,1025.50,18.07,0.12
2026-06-07T12:05:03,1,3.68,11920.00,6.80,5725.00,999.00,19.11,1025.40,18.09,0.12
2026-06-07T12:05:03,1,3.68,11920.00,6.80,5725.00,999.00,19.14,1025.40,18.09,0.12
2026-06-07T12:05:03,1,3.72,11920.00,6.80,5725.00,999.00,19.20,1025.60,18.10,0.12
2026-06-07T12:05:04,1,3.66,11920.00,6.80,5725.00,999.00,19.24,1026.00,18.09,0.13
2026-06-07T12:05:04,1,3.69,11920.00,6.80,5725.00,999.00,19.28,1025.60,18.10,0.12
2026-06-07T12:05:04,1,3.71,11910.00,6.79,5717.00,999.00,19.32,1025.30,18.10,0.12
2026-06-07T12:05:04,1,3.70,11910.00,6.79,5717.00,999.00,19.35,1026.00,18.11,0.13
2026-06-07T12:05:05,1,3.69,11910.00,6.79,5717.00,999.00,19.39,1025.60,18.11,0.12
2026-06-07T12:05:05,1,3.67,11910.00,6.79,5717.00,999.00,19.43,1026.00,18.09,0.13
2026-06-07T12:05:05,1,3.68,11910.00,6.79,5717.00,999.00,19.47,1026.30,18.09,0.13
2026-06-07T12:05:05,1,3.70,11950.00,6.82,5736.00,999.00,19.50,1026.10,18.10,0.13
2026-06-07T12:05:05,1,3.70,11950.00,6.82,5736.00,999.00,19.54,1026.10,18.11,0.13
2026-06-07T12:05:06,1,3.70,11950.00,6.82,5736.00,999.00,19.59,1026.30,18.11,0.13
2026-06-07T12:05:06,1,3.66,11950.00,6.82,5736.00,999.00,19.62,1026.40,18.11,0.13
