time,deviceMode,vBat,ec,sal,tds,slowDallasTemp,fastBRTemp,slowBRPres,slowBRTemp,slowBRDepth
2026-06-08T06:47:07,1,3.70,999.00,999.00,999.00,999.00,13.61,1010.50,15.46,-0.02
2026-06-08T06:47:09,1,3.68,999.00,999.00,999.00,999.00,13.61,1010.60,15.50,-0.02
2026-06-08T06:47:09,1,3.71,3447.00,1.81,1655.00,999.00,13.62,1010.50,15.51,-0.02
2026-06-08T06:47:09,1,3.68,3447.00,1.81,1655.00,999.00,13.62,1011.00,15.51,-0.02
2026-06-08T06:47:10,1,3.68,3447.00,1.81,1655.00,999.00,13.62,1010.60,15.52,-0.02
2026-06-08T06:47:10,1,3.70,3447.00,1.81,1655.00,999.00,13.62,1010.30,15.52,-0.03
2026-06-08T06:47:10,1,3.72,3447.00,1.81,1655.00,999.00,13.63,1010.80,15.52,-0.02
2026-06-08T06:47:10,1,3.71,3447.00,1.81,1655.00,999.00,13.64,1010.50,15.53,-0.02
2026-06-08T06:47:11,1,3.69,3447.00,1.81,1655.00,999.00,13.62,1010.50,15.53,-0.02
2026-06-08T06:47:11,1,3.71,3451.00,1.81,1657.00,999.00,13.62,1010.70,15.53,-0.02
2026-06-08T06:47:11,1,3.69,3451.00,1.81,1657.00,999.00,13.62,1010.60,15.53,-0.02
2026-06-08T06:47:11,1,3.69,3451.00,1.81,1657.00,999.00,13.62,1010.50,15.53,-0.02
2026-06-08T06:47:11,1,3.68,3451.00,1.81,1657.00,999.00,13.63,1010.70,15.54,-0.02
2026-06-08T06:47:12,1,3.70,3451.00,1.81,1657.00,999.00,13.62,1010.50,15.54,-0.02
2026-06-08T06:47:12,1,3.70,3424.00,1.79,1644.00,999.00,13.63,1010.50,15.54,-0.02
2026-06-08T06:47:12,1,3.72,3424.00,1.79,1644.00,999.00,13.64,1010.40,15.54,-0.03
2026-06-08T06:47:12,1,3.70,3424.00,1.79,1644.00,999.00,13.64,1010.20,15.54,-0.03
2026-06-08T06:47:12,1,3.68,3424.00,1.79,1644.00,999.00,13.64,1010.40,15.53,-0.03
2026-06-08T06:47:13,1,3.71,3424.00,1.79,1644.00,999.00,13.64,1010.00,15.54,-0.03
2026-06-08T06:47:13,1,3.71,1999.00,1.02,960.00,999.00,13.65,1010.40,15.54,-0.03
2026-06-08T06:47:13,1,3.70,1999.00,1.02,960.00,999.00,13.65,1010.10,15.54,-0.03
2026-06-08T06:47:13,1,3.70,1999.00,1.02,960.00,999.00,13.67,1010.10,15.54,-0.03
2026-06-08T06:47:13,1,3.70,1999.00,1.02,960.00,999.00,13.66,1010.30,15.54,-0.03
2026-06-08T06:47:14,1,3.70,1999.00,1.02,960.00,999.00,13.66,1010.10,15.54,-0.03
2026-06-08T06:47:14,1,3.70,3397.00,1.78,1631.00,999.00,13.67,1010.50,15.54,-0.02
2026-06-08T06:47:14,1,3.71,3397.00,1.78,1631.00,999.00,13.68,1010.50,15.54,-0.02
2026-06-08T06:47:14,1,3.70,3397.00,1.78,1631.00,999.00,13.68,1010.40,15.54,-0.03
2026-06-08T06:47:14,1,3.69,3397.00,1.78,1631.00,999.00,13.66,1010.80,15.54,-0.02
2026-06-08T06:47:15,1,3.71,1402.00,0.70,673.00,999.00,13.67,1010.30,15.54,-0.03
2026-06-08T06:47:15,1,3.68,1402.00,0.70,673.00,999.00,13.67,1010.20,15.54,-0.03
2026-06-08T06:47:15,1,3.71,1402.00,0.70,673.00,999.00,13.67,1010.50,15.55,-0.02
2026-06-08T06:47:15,1,3.71,1402.00,0.70,673.00,999.00,13.67,1010.20,15.55,-0.03
2026-06-08T06:47:15,1,3.71,1402.00,0.70,673.00,999.00,13.66,1010.20,15.55,-0.03
2026-06-08T06:47:16,1,3.71,3371.00,1.76,1618.00,999.00,13.67,1010.70,15.55,-0.02
2026-06-08T06:47:16,1,3.70,3371.00,1.76,1618.00,999.00,13.66,1010.80,15.53,-0.02
2026-06-08T06:47:16,1,3.72,3371.00,1.76,1618.00,999.00,13.67,1011.50,15.50,-0.01
2026-06-08T06:47:16,1,3.71,3371.00,1.76,1618.00,999.00,13.66,1011.80,15.50,-0.01
2026-06-08T06:47:16,1,3.68,3371.00,1.76,1618.00,999.00,13.67,1010.50,15.55,-0.02
2026-06-08T06:47:17,1,3.71,1863.00,0.94,894.00,999.00,13.66,1010.50,15.56,-0.02
2026-06-08T06:47:17,1,3.70,1863.00,0.94,894.00,999.00,13.68,1009.80,15.56,-0.03
2026-06-08T06:47:17,1,3.72,1863.00,0.94,894.00,999.00,13.67,1010.10,15.56,-0.03
2026-06-08T06:47:17,1,3.69,1863.00,0.94,894.00,999.00,13.67,1010.00,15.56,-0.03
2026-06-08T06:47:18,1,3.70,1863.00,0.94,894.00,999.00,13.66,1009.80,15.57,-0.03
2026-06-08T06:47:18,1,3.72,987.30,0.49,474.00,999.00,13.66,1010.60,15.56,-0.02
2026-06-08T06:47:18,1,3.69,987.30,0.49,474.00,999.00,13.67,1010.40,15.56,-0.03
2026-06-08T06:47:18,1,3.70,987.30,0.49,474.00,999.00,13.67,1010.20,15.56,-0.03
2026-06-08T06:47:18,1,3.72,987.30,0.49,474.00,999.00,13.67,1010.50,15.56,-0.02
2026-06-08T06:47:19,1,3.68,987.30,0.49,474.00,999.00,13.67,1009.80,15.56,-0.03
2026-06-08T06:47:19,1,3.71,989.60,0.49,475.00,999.00,13.67,1009.80,15.57,-0.03
2026-06-08T06:47:19,1,3.72,989.60,0.49,475.00,999.00,13.68,1009.60,15.57,-0.03
2026-06-08T06:47:19,1,3.70,989.60,0.49,475.00,999.00,13.68,1010.40,15.56,-0.03
2026-06-08T06:47:19,1,3.71,989.60,0.49,475.00,999.00,13.67,1010.60,15.55,-0.02
2026-06-08T06:47:20,1,3.70,1318.00,0.66,633.00,999.00,13.66,1010.40,15.56,-0.03
2026-06-08T06:47:20,1,3.71,1318.00,0.66,633.00,999.00,13.66,1010.60,15.56,-0.02
2026-06-08T06:47:20,1,3.71,1318.00,0.66,633.00,999.00,13.67,1011.00,15.56,-0.02
2026-06-08T06:47:20,1,3.70,1318.00,0.66,633.00,999.00,13.65,1010.50,15.56,-0.02
2026-06-08T06:47:20,1,3.71,1318.00,0.66,633.00,999.00,13.64,1009.90,15.57,-0.03
2026-06-08T06:47:21,1,3.71,1337.00,0.67,642.00,999.00,13.63,1010.10,15.57,-0.03
2026-06-08T06:47:21,1,3.70,1337.00,0.67,642.00,999.00,13.65,1010.00,15.57,-0.03
2026-06-08T06:47:21,1,3.70,1337.00,0.67,642.00,999.00,13.64,1009.90,15.57,-0.03
2026-06-08T06:47:21,1,3.67,1337.00,0.67,642.00,999.00,13.63,1009.70,15.57,-0.03
2026-06-08T06:47:22,1,3.69,1337.00,0.67,642.00,999.00,13.65,1010.40,15.57,-0.03
2026-06-08T06:47:22,1,3.72,2953.00,1.53,1418.00,999.00,13.65,1010.20,15.57,-0.03
2026-06-08T06:47:22,1,3.70,2953.00,1.53,1418.00,999.00,13.64,1010.50,15.57,-0.02
2026-06-08T06:47:22,1,3.72,2953.00,1.53,1418.00,999.00,13.65,1010.40,15.57,-0.03
2026-06-08T06:47:22,1,3.68,2953.00,1.53,1418.00,999.00,13.64,1010.20,15.57,-0.03
2026-06-08T06:47:23,1,3.68,3022.00,1.57,1451.00,999.00,13.66,1009.80,15.56,-0.03
2026-06-08T06:47:23,1,3.71,3022.00,1.57,1451.00,999.00,13.65,1010.00,15.56,-0.03
2026-06-08T06:47:23,1,3.71,3022.00,1.57,1451.00,999.00,13.67,1010.30,15.57,-0.03
2026-06-08T06:47:23,1,3.70,3022.00,1.57,1451.00,999.00,13.67,1009.80,15.57,-0.03
2026-06-08T06:47:23,1,3.71,3022.00,1.57,1451.00,999.00,13.66,1009.90,15.57,-0.03
2026-06-08T06:47:24,1,3.71,3014.00,1.57,1447.00,999.00,13.67,1010.10,15.57,-0.03
2026-06-08T06:47:24,1,3.71,3014.00,1.57,1447.00,999.00,13.66,1009.80,15.57,-0.03
2026-06-08T06:47:24,1,3.71,3014.00,1.57,1447.00,999.00,13.67,1010.20,15.57,-0.03
2026-06-08T06:47:24,1,3.71,3014.00,1.57,1447.00,999.00,13.68,1009.70,15.57,-0.03
2026-06-08T06:47:24,1,3.71,3014.00,1.57,1447.00,999.00,13.68,1009.90,15.57,-0.03
2026-06-08T06:47:25,1,3.70,2965.00,1.54,1424.00,999.00,13.68,1009.70,15.57,-0.03
2026-06-08T06:47:25,1,3.70,2965.00,1.54,1424.00,999.00,13.68,1010.10,15.57,-0.03
2026-06-08T06:47:25,1,3.70,2965.00,1.54,1424.00,999.00,13.70,1009.90,15.58,-0.03
2026-06-08T06:47:25,1,3.71,2965.00,1.54,1424.00,999.00,13.72,1009.70,15.58,-0.03
2026-06-08T06:47:25,1,3.71,330.00,0.16,158.00,999.00,13.72,1009.60,15.58,-0.03
2026-06-08T06:47:26,1,3.69,330.00,0.16,158.00,999.00,13.73,1009.60,15.57,-0.03
2026-06-08T06:47:26,1,3.71,330.00,0.16,158.00,999.00,13.71,1010.30,15.57,-0.03
2026-06-08T06:47:26,1,3.69,330.00,0.16,158.00,999.00,13.72,1010.20,15.57,-0.03
2026-06-08T06:47:26,1,3.70,330.00,0.16,158.00,999.00,13.73,1010.00,15.57,-0.03
2026-06-08T06:47:27,1,3.70,282.40,0.14,136.00,999.00,13.70,1009.90,15.57,-0.03
2026-06-08T06:47:27,1,3.72,282.40,0.14,136.00,999.00,13.70,1009.50,15.57,-0.03
2026-06-08T06:47:27,1,3.68,282.40,0.14,136.00,999.00,13.70,1009.90,15.57,-0.03
2026-06-08T06:47:27,1,3.71,282.40,0.14,136.00,999.00,13.68,1010.00,15.57,-0.03
2026-06-08T06:47:27,1,3.71,282.40,0.14,136.00,999.00,13.68,1009.80,15.57,-0.03
2026-06-08T06:47:28,1,3.70,260.20,0.13,125.00,999.00,13.68,1009.70,15.57,-0.03
2026-06-08T06:47:28,1,3.71,260.20,0.13,125.00,999.00,13.67,1009.20,15.56,-0.04
2026-06-08T06:47:28,1,3.71,260.20,0.13,125.00,999.00,13.68,1009.50,15.57,-0.03
2026-06-08T06:47:28,1,3.71,260.20,0.13,125.00,999.00,13.67,1009.40,15.57,-0.04
2026-06-08T06:47:28,1,3.69,260.20,0.13,125.00,999.00,13.67,1009.70,15.57,-0.03
2026-06-08T06:47:29,1,3.71,265.10,0.13,127.00,999.00,13.65,1009.70,15.57,-0.03
2026-06-08T06:47:29,1,3.70,265.10,0.13,127.00,999.00,13.65,1009.50,15.58,-0.03
2026-06-08T06:47:29,1,3.70,265.10,0.13,127.00,999.00,13.64,1008.70,15.58,-0.04
2026-06-08T06:47:29,1,3.70,265.10,0.13,127.00,999.00,13.62,1009.30,15.57,-0.04
2026-06-08T06:47:29,1,3.69,265.10,0.13,127.00,999.00,13.60,1009.30,15.57,-0.04
2026-06-08T06:47:30,1,3.71,270.50,0.13,130.00,999.00,13.59,1009.40,15.58,-0.04
2026-06-08T06:47:30,1,3.70,270.50,0.13,130.00,999.00,13.56,1009.50,15.57,-0.03
2026-06-08T06:47:30,1,3.69,270.50,0.13,130.00,999.00,13.53,1009.10,15.57,-0.04
2026-06-08T06:47:30,1,3.71,270.50,0.13,130.00,999.00,13.53,1009.80,15.56,-0.03
2026-06-08T06:47:30,1,3.71,261.50,0.13,126.00,999.00,13.50,1010.00,15.56,-0.03
2026-06-08T06:47:31,1,3.70,261.50,0.13,126.00,999.00,13.49,1009.40,15.56,-0.04
2026-06-08T06:47:31,1,3.72,261.50,0.13,126.00,999.00,13.47,1009.70,15.56,-0.03
2026-06-08T06:47:31,1,3.70,261.50,0.13,126.00,999.00,13.46,1009.20,15.55,-0.04
2026-06-08T06:47:31,1,3.71,261.50,0.13,126.00,999.00,13.45,1009.50,15.55,-0.03
2026-06-08T06:47:31,1,3.70,254.20,0.12,122.00,999.00,13.43,1009.50,15.55,-0.03
2026-06-08T06:47:32,1,3.72,254.20,0.12,122.00,999.00,13.43,1009.00,15.55,-0.04
2026-06-08T06:47:32,1,3.71,254.20,0.12,122.00,999.00,13.43,1009.70,15.55,-0.03
2026-06-08T06:47:32,1,3.68,254.20,0.12,122.00,999.00,13.41,1009.70,15.54,-0.03
2026-06-08T06:47:32,1,3.70,254.20,0.12,122.00,999.00,13.39,1010.00,15.55,-0.03
2026-06-08T06:47:33,1,3.69,245.50,0.12,118.00,999.00,13.37,1009.50,15.55,-0.03
2026-06-08T06:47:33,1,3.70,245.50,0.12,118.00,999.00,13.37,1009.80,15.56,-0.03
2026-06-08T06:47:33,1,3.71,245.50,0.12,118.00,999.00,13.36,1009.70,15.55,-0.03
2026-06-08T06:47:33,1,3.70,245.50,0.12,118.00,999.00,13.34,1009.70,15.55,-0.03
2026-06-08T06:47:33,1,3.70,253.40,0.12,122.00,999.00,13.33,1009.70,15.55,-0.03
2026-06-08T06:47:34,1,3.70,253.40,0.12,122.00,999.00,13.32,1010.20,15.56,-0.03
2026-06-08T06:47:34,1,3.70,253.40,0.12,122.00,999.00,13.31,1010.00,15.56,-0.03
2026-06-08T06:47:34,1,3.71,253.40,0.12,122.00,999.00,13.30,1009.80,15.55,-0.03
2026-06-08T06:47:34,1,3.70,253.40,0.12,122.00,999.00,13.30,1009.80,15.56,-0.03
2026-06-08T06:47:34,1,3.71,234.00,0.11,112.00,999.00,13.27,1009.60,15.56,-0.03
2026-06-08T06:47:35,1,3.68,234.00,0.11,112.00,999.00,13.26,1009.20,15.55,-0.04
2026-06-08T06:47:35,1,3.71,234.00,0.11,112.00,999.00,13.26,1009.60,15.55,-0.03
2026-06-08T06:47:35,1,3.70,234.00,0.11,112.00,999.00,13.26,1010.20,15.56,-0.03
2026-06-08T06:47:35,1,3.70,234.00,0.11,112.00,999.00,13.24,1009.50,15.55,-0.03
2026-06-08T06:47:35,1,3.72,235.00,0.11,113.00,999.00,13.25,1009.70,15.55,-0.03
2026-06-08T06:47:36,1,3.71,235.00,0.11,113.00,999.00,13.27,1010.00,15.54,-0.03
2026-06-08T06:47:36,1,3.71,235.00,0.11,113.00,999.00,13.28,1009.50,15.55,-0.03
2026-06-08T06:47:36,1,3.70,235.00,0.11,113.00,999.00,13.28,1009.70,15.55,-0.03
2026-06-08T06:47:36,1,3.70,235.00,0.11,113.00,999.00,13.29,1009.80,15.55,-0.03
2026-06-08T06:47:37,1,3.70,228.90,0.11,110.00,999.00,13.29,1009.60,15.55,-0.03
2026-06-08T06:47:37,1,3.71,228.90,0.11,110.00,999.00,13.30,1009.70,15.55,-0.03
2026-06-08T06:47:37,1,3.70,228.90,0.11,110.00,999.00,13.30,1009.60,15.55,-0.03
2026-06-08T06:47:37,1,3.69,228.90,0.11,110.00,999.00,13.29,1009.20,15.55,-0.04
2026-06-08T06:47:37,1,3.71,218.90,0.11,105.00,999.00,13.29,1009.60,15.55,-0.03
2026-06-08T06:47:38,1,3.68,218.90,0.11,105.00,999.00,13.28,1009.60,15.55,-0.03
2026-06-08T06:47:38,1,3.70,218.90,0.11,105.00,999.00,13.28,1009.80,15.55,-0.03
2026-06-08T06:47:38,1,3.73,218.90,0.11,105.00,999.00,13.27,1009.60,15.55,-0.03
2026-06-08T06:47:38,1,3.69,218.90,0.11,105.00,999.00,13.29,1009.80,15.55,-0.03
2026-06-08T06:47:38,1,3.71,220.20,0.11,106.00,999.00,13.28,1009.60,15.55,-0.03
2026-06-08T06:47:39,1,3.69,220.20,0.11,106.00,999.00,13.28,1009.50,15.55,-0.03
2026-06-08T06:47:39,1,3.69,220.20,0.11,106.00,999.00,13.28,1009.90,15.55,-0.03
2026-06-08T06:47:39,1,3.69,220.20,0.11,106.00,999.00,13.26,1009.80,15.54,-0.03
2026-06-08T06:47:39,1,3.70,220.20,0.11,106.00,999.00,13.28,1009.60,15.54,-0.03
2026-06-08T06:47:39,1,3.72,225.20,0.11,108.00,999.00,13.27,1009.80,15.54,-0.03
2026-06-08T06:47:40,1,3.71,225.20,0.11,108.00,999.00,13.26,1009.80,15.54,-0.03
2026-06-08T06:47:40,1,3.70,225.20,0.11,108.00,999.00,13.26,1009.40,15.54,-0.04
2026-06-08T06:47:40,1,3.69,225.20,0.11,108.00,999.00,13.24,1009.50,15.54,-0.03
2026-06-08T06:47:40,1,3.71,225.20,0.11,108.00,999.00,13.24,1009.60,15.54,-0.03
2026-06-08T06:47:40,1,3.72,218.70,0.11,105.00,999.00,13.23,1009.70,15.54,-0.03
2026-06-08T06:47:41,1,3.71,218.70,0.11,105.00,999.00,13.23,1010.20,15.54,-0.03
2026-06-08T06:47:41,1,3.71,218.70,0.11,105.00,999.00,13.23,1009.80,15.54,-0.03
2026-06-08T06:47:41,1,3.71,218.70,0.11,105.00,999.00,13.23,1009.80,15.54,-0.03
2026-06-08T06:47:41,1,3.68,215.70,0.10,104.00,999.00,13.22,1009.20,15.54,-0.04
2026-06-08T06:47:41,1,3.72,215.70,0.10,104.00,999.00,13.22,1009.30,15.54,-0.04
2026-06-08T06:47:42,1,3.71,215.70,0.10,104.00,999.00,13.22,1009.80,15.54,-0.03
2026-06-08T06:47:42,1,3.70,215.70,0.10,104.00,999.00,13.22,1010.00,15.54,-0.03
2026-06-08T06:47:42,1,3.71,215.70,0.10,104.00,999.00,13.22,1009.50,15.53,-0.03
2026-06-08T06:47:42,1,3.71,216.60,0.11,104.00,999.00,13.23,1009.70,15.53,-0.03
2026-06-08T06:47:43,1,3.72,216.60,0.11,104.00,999.00,13.23,1009.60,15.53,-0.03
2026-06-08T06:47:43,1,3.72,216.60,0.11,104.00,999.00,13.24,1010.00,15.53,-0.03
2026-06-08T06:47:43,1,3.70,216.60,0.11,104.00,999.00,13.25,1009.60,15.53,-0.03
2026-06-08T06:47:43,1,3.71,216.60,0.11,104.00,999.00,13.25,1010.10,15.53,-0.03
2026-06-08T06:47:43,1,3.71,210.80,0.10,101.00,999.00,13.25,1009.80,15.53,-0.03
2026-06-08T06:47:44,1,3.71,210.80,0.10,101.00,999.00,13.26,1010.10,15.53,-0.03
2026-06-08T06:47:44,1,3.71,210.80,0.10,101.00,999.00,13.27,1010.00,15.53,-0.03
2026-06-08T06:47:44,1,3.70,210.80,0.10,101.00,999.00,13.26,1009.70,15.53,-0.03
2026-06-08T06:47:44,1,3.69,210.80,0.10,101.00,999.00,13.28,1009.80,15.52,-0.03
2026-06-08T06:47:44,1,3.71,212.50,0.10,102.00,999.00,13.29,1009.90,15.53,-0.03
2026-06-08T06:47:45,1,3.70,212.50,0.10,102.00,999.00,13.30,1009.80,15.52,-0.03
2026-06-08T06:47:45,1,3.71,212.50,0.10,102.00,999.00,13.30,1010.00,15.51,-0.03
2026-06-08T06:47:45,1,3.68,212.50,0.10,102.00,999.00,13.30,1010.00,15.52,-0.03
2026-06-08T06:47:45,1,3.69,205.80,0.10,99.00,999.00,13.31,1009.80,15.52,-0.03
2026-06-08T06:47:45,1,3.70,205.80,0.10,99.00,999.00,13.30,1010.10,15.52,-0.03
2026-06-08T06:47:46,1,3.70,205.80,0.10,99.00,999.00,13.30,1009.80,15.52,-0.03
2026-06-08T06:47:46,1,3.70,205.80,0.10,99.00,999.00,13.31,1009.70,15.52,-0.03
2026-06-08T06:47:46,1,3.71,205.80,0.10,99.00,999.00,13.31,1009.80,15.51,-0.03
2026-06-08T06:47:46,1,3.71,216.80,0.11,104.00,999.00,13.31,1009.90,15.52,-0.03
2026-06-08T06:47:47,1,3.69,216.80,0.11,104.00,999.00,13.32,1009.50,15.51,-0.03
2026-06-08T06:47:47,1,3.71,216.80,0.11,104.00,999.00,13.32,1009.50,15.52,-0.03
2026-06-08T06:47:47,1,3.71,216.80,0.11,104.00,999.00,13.31,1010.10,15.51,-0.03
2026-06-08T06:47:47,1,3.71,216.80,0.11,104.00,999.00,13.32,1009.60,15.51,-0.03
2026-06-08T06:47:47,1,3.71,200.40,0.00,96.00,999.00,13.31,1009.90,15.51,-0.03
2026-06-08T06:47:48,1,3.69,200.40,0.00,96.00,999.00,13.32,1010.20,15.51,-0.03
2026-06-08T06:47:48,1,3.72,200.40,0.00,96.00,999.00,13.31,1009.80,15.51,-0.03
2026-06-08T06:47:48,1,3.72,200.40,0.00,96.00,999.00,13.34,1009.90,15.51,-0.03
2026-06-08T06:47:48,1,3.71,200.40,0.00,96.00,999.00,13.33,1010.10,15.51,-0.03
2026-06-08T06:47:48,1,3.70,214.40,0.10,103.00,999.00,13.30,1010.00,15.51,-0.03
2026-06-08T06:47:49,1,3.69,214.40,0.10,103.00,999.00,13.30,1009.80,15.51,-0.03
2026-06-08T06:47:49,1,3.68,214.40,0.10,103.00,999.00,13.28,1010.00,15.50,-0.03
2026-06-08T06:47:49,1,3.70,214.40,0.10,103.00,999.00,13.27,1010.10,15.50,-0.03
2026-06-08T06:47:49,1,3.71,205.40,0.10,99.00,999.00,13.24,1009.70,15.50,-0.03
2026-06-08T06:47:49,1,3.69,205.40,0.10,99.00,999.00,13.22,1010.10,15.50,-0.03
2026-06-08T06:47:50,1,3.72,205.40,0.10,99.00,999.00,13.23,1010.40,15.50,-0.03
2026-06-08T06:47:50,1,3.68,205.40,0.10,99.00,999.00,13.22,1010.10,15.50,-0.03
2026-06-08T06:47:50,1,3.70,205.40,0.10,99.00,999.00,13.21,1009.90,15.50,-0.03
2026-06-08T06:47:50,1,3.71,204.90,0.00,98.00,999.00,13.20,1009.90,15.50,-0.03
2026-06-08T06:47:50,1,3.70,204.90,0.00,98.00,999.00,13.19,1009.90,15.50,-0.03
2026-06-08T06:47:51,1,3.71,204.90,0.00,98.00,999.00,13.17,1009.70,15.50,-0.03
2026-06-08T06:47:51,1,3.69,204.90,0.00,98.00,999.00,13.18,1010.10,15.50,-0.03
2026-06-08T06:47:51,1,3.71,204.90,0.00,98.00,999.00,13.16,1010.10,15.50,-0.03
2026-06-08T06:47:51,1,3.70,201.20,0.00,97.00,999.00,13.15,1009.60,15.50,-0.03
2026-06-08T06:47:52,1,3.69,201.20,0.00,97.00,999.00,13.14,1009.80,15.49,-0.03
2026-06-08T06:47:52,1,3.70,201.20,0.00,97.00,999.00,13.12,1009.80,15.50,-0.03
2026-06-08T06:47:52,1,3.68,201.20,0.00,97.00,999.00,13.09,1010.00,15.49,-0.03
2026-06-08T06:47:52,1,3.71,210.90,0.10,101.00,999.00,13.07,1010.00,15.49,-0.03
2026-06-08T06:47:52,1,3.68,210.90,0.10,101.00,999.00,13.02,1010.10,15.49,-0.03
2026-06-08T06:47:53,1,3.71,210.90,0.10,101.00,999.00,13.00,1009.50,15.49,-0.03
2026-06-08T06:47:53,1,3.70,210.90,0.10,101.00,999.00,12.97,1010.10,15.49,-0.03
2026-06-08T06:47:53,1,3.72,210.90,0.10,101.00,999.00,12.94,1009.50,15.49,-0.03
2026-06-08T06:47:53,1,3.71,204.50,0.00,98.00,999.00,12.93,1010.10,15.49,-0.03
2026-06-08T06:47:53,1,3.70,204.50,0.00,98.00,999.00,12.89,1010.00,15.49,-0.03
2026-06-08T06:47:54,1,3.70,204.50,0.00,98.00,999.00,12.88,1010.20,15.47,-0.03
2026-06-08T06:47:54,1,3.69,204.50,0.00,98.00,999.00,12.85,1009.90,15.47,-0.03
2026-06-08T06:47:54,1,3.70,204.50,0.00,98.00,999.00,12.82,1010.10,15.49,-0.03
2026-06-08T06:47:54,1,3.72,211.20,0.10,101.00,999.00,12.79,1009.90,15.47,-0.03
2026-06-08T06:47:54,1,3.70,211.20,0.10,101.00,999.00,12.77,1009.80,15.47,-0.03
2026-06-08T06:47:55,1,3.71,211.20,0.10,101.00,999.00,12.89,1013.80,15.47,0.01
2026-06-08T06:47:55,1,3.70,211.20,0.10,101.00,999.00,13.58,1017.00,15.47,0.04
2026-06-08T06:47:55,1,3.68,211.20,0.10,101.00,999.00,14.26,1017.40,15.47,0.04
2026-06-08T06:47:55,1,3.71,29830.00,18.46,14320.00,999.00,14.85,1018.10,15.47,0.05
2026-06-08T06:47:55,1,3.71,29830.00,18.46,14320.00,999.00,15.32,1019.20,15.47,0.06
2026-06-08T06:47:56,1,3.70,29830.00,18.46,14320.00,999.00,15.70,1020.00,15.50,0.07
2026-06-08T06:47:56,1,3.70,29830.00,18.46,14320.00,999.00,15.99,1020.90,15.51,0.08
2026-06-08T06:47:56,1,3.67,29830.00,18.46,14320.00,999.00,16.27,1020.50,15.53,0.07
2026-06-08T06:47:56,1,3.69,30070.00,18.62,14437.00,999.00,16.54,1019.40,15.55,0.06
2026-06-08T06:47:56,1,3.70,30070.00,18.62,14437.00,999.00,16.81,1019.10,15.57,0.06
2026-06-08T06:47:57,1,3.68,30070.00,18.62,14437.00,999.00,17.04,1018.90,15.60,0.06
2026-06-08T06:47:57,1,3.68,30070.00,18.62,14437.00,999.00,17.24,1018.80,15.62,0.06
2026-06-08T06:47:57,1,3.72,30100.00,18.65,14452.00,999.00,17.43,1018.10,15.66,0.05
2026-06-08T06:47:57,1,3.69,30100.00,18.65,14452.00,999.00,17.61,1017.80,15.69,0.05
2026-06-08T06:47:58,1,3.69,30100.00,18.65,14452.00,999.00,17.75,1018.40,15.73,0.05
2026-06-08T06:47:58,1,3.68,30100.00,18.65,14452.00,999.00,17.86,1019.30,15.77,0.06
2026-06-08T06:47:58,1,3.68,30100.00,18.65,14452.00,999.00,17.97,1019.70,15.81,0.07
2026-06-08T06:47:58,1,3.71,30140.00,18.67,14470.00,999.00,18.09,1020.20,15.86,0.07
2026-06-08T06:47:58,1,3.71,30140.00,18.67,14470.00,999.00,18.17,1018.60,15.90,0.06
2026-06-08T06:47:59,1,3.70,30140.00,18.67,14470.00,999.00,18.25,1018.40,15.95,0.05
2026-06-08T06:47:59,1,3.68,30140.00,18.67,14470.00,999.00,18.33,1019.30,15.99,0.06
2026-06-08T06:47:59,1,3.70,30140.00,18.67,14470.00,999.00,18.40,1020.50,16.03,0.07
2026-06-08T06:47:59,1,3.71,30140.00,18.67,14470.00,999.00,18.46,1027.50,16.08,0.14
2026-06-08T06:47:59,1,3.70,30140.00,18.67,14470.00,999.00,18.53,1030.00,16.12,0.17
2026-06-08T06:48:00,1,3.70,30140.00,18.67,14470.00,999.00,18.58,1020.00,16.16,0.07
2026-06-08T06:48:00,1,3.70,30140.00,18.67,14470.00,999.00,18.61,1017.00,16.22,0.04
2026-06-08T06:48:00,1,3.70,30190.00,18.70,14492.00,999.00,18.65,1027.00,16.26,0.14
2026-06-08T06:48:00,1,3.71,30190.00,18.70,14492.00,999.00,18.69,1026.80,16.30,0.14
2026-06-08T06:48:00,1,3.71,30190.00,18.70,14492.00,999.00,18.72,1015.00,16.35,0.02
2026-06-08T06:48:01,1,3.70,30190.00,18.70,14492.00,999.00,18.75,1011.20,16.40,-0.02
2026-06-08T06:48:01,1,3.68,30190.00,18.70,14492.00,999.00,18.77,1012.60,16.44,-0.00
2026-06-08T06:48:01,1,3.69,30200.00,18.71,14498.00,999.00,18.79,1013.20,16.48,0.00
2026-06-08T06:48:01,1,3.68,30200.00,18.71,14498.00,999.00,18.81,1013.00,16.52,0.00
2026-06-08T06:48:01,1,3.70,30200.00,18.71,14498.00,999.00,18.83,1012.70,16.57,-0.00
2026-06-08T06:48:02,1,3.68,30200.00,18.71,14498.00,999.00,18.85,1014.70,16.63,0.02
2026-06-08T06:48:02,1,3.69,30200.00,18.71,14498.00,999.00,18.86,1015.40,16.68,0.02
2026-06-08T06:48:02,1,3.71,30200.00,18.71,14497.00,999.00,18.86,1016.90,16.72,0.04
2026-06-08T06:48:02,1,3.71,30200.00,18.71,14497.00,999.00,18.88,1016.90,16.76,0.04
2026-06-08T06:48:03,1,3.68,30200.00,18.71,14497.00,999.00,18.88,1014.60,16.80,0.02
2026-06-08T06:48:03,1,3.66,30200.00,18.71,14497.00,999.00,18.87,1013.90,16.85,0.01
2026-06-08T06:48:03,1,3.70,30160.00,18.69,14481.00,999.00,18.89,1013.80,16.88,0.01
2026-06-08T06:48:03,1,3.70,30160.00,18.69,14481.00,999.00,18.91,1013.40,16.92,0.00
2026-06-08T06:48:03,1,3.71,30160.00,18.69,14481.00,999.00,18.91,1013.50,16.96,0.00
2026-06-08T06:48:04,1,3.68,30160.00,18.69,14481.00,999.00,18.91,1012.50,16.99,-0.00
2026-06-08T06:48:04,1,3.69,30160.00,18.69,14481.00,999.00,18.92,1011.70,17.02,-0.01
2026-06-08T06:48:04,1,3.71,30180.00,18.70,14491.00,999.00,18.91,1012.40,17.07,-0.01
2026-06-08T06:48:04,1,3.70,30180.00,18.70,14491.00,999.00,18.93,1009.70,17.10,-0.03
2026-06-08T06:48:04,1,3.69,30180.00,18.70,14491.00,999.00,18.92,1010.30,17.13,-0.03
2026-06-08T06:48:05,1,3.68,30180.00,18.70,14491.00,999.00,18.91,1010.10,17.17,-0.03
2026-06-08T06:48:05,1,3.70,30180.00,18.70,14491.00,999.00,18.90,1009.90,17.20,-0.03
2026-06-08T06:48:05,1,3.71,28420.00,17.50,13645.00,999.00,18.87,1009.70,17.23,-0.03
2026-06-08T06:48:05,1,3.70,28420.00,17.50,13645.00,999.00,18.84,1010.20,17.26,-0.03
2026-06-08T06:48:05,1,3.72,28420.00,17.50,13645.00,999.00,18.82,1009.50,17.29,-0.03
2026-06-08T06:48:06,1,3.70,28420.00,17.50,13645.00,999.00,18.81,1009.80,17.32,-0.03
2026-06-08T06:48:06,1,3.70,28420.00,17.50,13645.00,999.00,18.81,1010.00,17.34,-0.03
2026-06-08T06:48:06,1,3.70,30100.00,18.65,14453.00,999.00,18.80,1010.00,17.37,-0.03
2026-06-08T06:48:06,1,3.70,30100.00,18.65,14453.00,999.00,18.80,1009.30,17.39,-0.04
2026-06-08T06:48:07,1,3.69,30100.00,18.65,14453.00,999.00,18.79,1009.70,17.41,-0.03
2026-06-08T06:48:07,1,3.70,30100.00,18.65,14453.00,999.00,18.79,1010.00,17.43,-0.03
2026-06-08T06:48:07,1,3.70,27860.00,17.12,13373.00,999.00,18.73,1010.50,17.46,-0.02
2026-06-08T06:48:07,1,3.69,27860.00,17.12,13373.00,999.00,18.72,1009.90,17.48,-0.03
2026-06-08T06:48:07,1,3.70,27860.00,17.12,13373.00,999.00,18.73,1009.30,17.50,-0.04
2026-06-08T06:48:08,1,3.70,27860.00,17.12,13373.00,999.00,18.75,1009.90,17.51,-0.03
2026-06-08T06:48:08,1,3.70,27860.00,17.12,13373.00,999.00,18.74,1009.80,17.53,-0.03
2026-06-08T06:48:08,1,3.69,29920.00,18.52,14362.00,999.00,18.72,1010.00,17.55,-0.03
2026-06-08T06:48:08,1,3.69,29920.00,18.52,14362.00,999.00,18.71,1009.80,17.57,-0.03
2026-06-08T06:48:08,1,3.70,29920.00,18.52,14362.00,999.00,18.67,1010.00,17.58,-0.03
2026-06-08T06:48:09,1,3.69,29920.00,18.52,14362.00,999.00,18.64,1009.50,17.60,-0.03
2026-06-08T06:48:09,1,3.70,29920.00,18.52,14362.00,999.00,18.62,1009.80,17.63,-0.03
2026-06-08T06:48:09,1,3.69,30070.00,18.62,14436.00,999.00,18.61,1011.90,17.64,-0.01
2026-06-08T06:48:09,1,3.70,30070.00,18.62,14436.00,999.00,18.64,1012.80,17.65,-0.00
2026-06-08T06:48:09,1,3.71,30070.00,18.62,14436.00,999.00,18.69,1012.60,17.66,-0.00
2026-06-08T06:48:10,1,3.69,30070.00,18.62,14436.00,999.00,18.72,1012.70,17.67,-0.00
2026-06-08T06:48:10,1,3.71,30070.00,18.62,14436.00,999.00,18.74,1012.60,17.69,-0.00
2026-06-08T06:48:10,1,3.70,30150.00,18.68,14475.00,999.00,18.78,1011.00,17.69,-0.02
2026-06-08T06:48:10,1,3.69,30150.00,18.68,14475.00,999.00,18.79,1013.00,17.71,0.00
2026-06-08T06:48:10,1,3.70,30150.00,18.68,14475.00,999.00,18.81,1014.90,17.72,0.02
2026-06-08T06:48:11,1,3.68,30150.00,18.68,14475.00,999.00,18.81,1016.80,17.73,0.04
2026-06-08T06:48:11,1,3.67,30180.00,18.70,14487.00,999.00,18.83,1015.60,17.75,0.03
2026-06-08T06:48:11,1,3.69,30180.00,18.70,14487.00,999.00,18.84,1016.50,17.76,0.03
2026-06-08T06:48:11,1,3.71,30180.00,18.70,14487.00,999.00,18.84,1018.20,17.78,0.05
2026-06-08T06:48:12,1,3.70,30180.00,18.70,14487.00,999.00,18.86,1018.90,17.79,0.06
2026-06-08T06:48:12,1,3.68,30180.00,18.70,14487.00,999.00,18.86,1017.00,17.80,0.04
2026-06-08T06:48:12,1,3.69,30190.00,18.70,14492.00,999.00,18.87,1016.10,17.81,0.03
2026-06-08T06:48:12,1,3.70,30190.00,18.70,14492.00,999.00,18.88,1016.70,17.83,0.04
2026-06-08T06:48:12,1,3.71,30190.00,18.70,14492.00,999.00,18.88,1017.00,17.84,0.04
2026-06-08T06:48:13,1,3.70,30190.00,18.70,14492.00,999.00,18.89,1016.70,17.86,0.04
2026-06-08T06:48:13,1,3.68,30190.00,18.70,14492.00,999.00,18.91,1016.40,17.87,0.03
2026-06-08T06:48:13,1,3.70,30200.00,18.71,14500.00,999.00,18.91,1016.70,17.88,0.04
2026-06-08T06:48:13,1,3.69,30200.00,18.71,14500.00,999.00,18.93,1018.00,17.90,0.05
2026-06-08T06:48:13,1,3.71,30200.00,18.71,14500.00,999.00,18.93,1018.10,17.91,0.05
2026-06-08T06:48:14,1,3.70,30200.00,18.71,14500.00,999.00,18.93,1017.80,17.92,0.05
2026-06-08T06:48:14,1,3.67,30200.00,18.71,14500.00,999.00,18.93,1016.40,17.94,0.03
2026-06-08T06:48:14,1,3.71,30170.00,18.69,14484.00,999.00,18.94,1016.50,17.95,0.03
2026-06-08T06:48:14,1,3.72,30170.00,18.69,14484.00,999.00,18.93,1016.50,17.97,0.03
2026-06-08T06:48:14,1,3.70,30170.00,18.69,14484.00,999.00,18.93,1017.40,17.98,0.04
2026-06-08T06:48:15,1,3.68,30170.00,18.69,14484.00,999.00,18.93,1017.60,17.99,0.05
2026-06-08T06:48:15,1,3.70,30160.00,18.69,14480.00,999.00,18.92,1018.00,18.00,0.05
2026-06-08T06:48:15,1,3.69,30160.00,18.69,14480.00,999.00,18.93,1017.60,18.02,0.05
2026-06-08T06:48:15,1,3.70,30160.00,18.69,14480.00,999.00,18.92,1016.90,18.04,0.04
2026-06-08T06:48:15,1,3.70,30160.00,18.69,14480.00,999.00,18.92,1017.00,18.05,0.04
2026-06-08T06:48:16,1,3.70,30160.00,18.69,14480.00,999.00,18.92,1017.70,18.06,0.05
2026-06-08T06:48:16,1,3.70,30140.00,18.67,14469.00,999.00,18.93,1017.50,18.07,0.04
2026-06-08T06:48:16,1,3.71,30140.00,18.67,14469.00,999.00,18.93,1016.40,18.08,0.03
2026-06-08T06:48:16,1,3.71,30140.00,18.67,14469.00,999.00,18.93,1016.10,18.10,0.03
2026-06-08T06:48:17,1,3.70,30140.00,18.67,14469.00,999.00,18.93,1016.50,18.11,0.03
2026-06-08T06:48:17,1,3.68,30140.00,18.67,14469.00,999.00,18.93,1016.10,18.12,0.03
2026-06-08T06:48:17,1,3.70,30150.00,18.68,14476.00,999.00,18.94,1015.30,18.13,0.02
2026-06-08T06:48:17,1,3.71,30150.00,18.68,14476.00,999.00,18.94,1015.50,18.15,0.02
2026-06-08T06:48:17,1,3.70,30150.00,18.68,14476.00,999.00,18.93,1017.40,18.16,0.04
2026-06-08T06:48:18,1,3.69,30150.00,18.68,14476.00,999.00,18.93,1018.70,18.17,0.06
2026-06-08T06:48:18,1,3.70,30130.00,18.66,14465.00,999.00,18.94,1019.00,18.18,0.06
2026-06-08T06:48:18,1,3.69,30130.00,18.66,14465.00,999.00,18.93,1018.50,18.19,0.05
2026-06-08T06:48:18,1,3.72,30130.00,18.66,14465.00,999.00,18.93,1016.90,18.20,0.04
2026-06-08T06:48:18,1,3.68,30130.00,18.66,14465.00,999.00,18.93,1016.90,18.21,0.04
2026-06-08T06:48:19,1,3.67,30130.00,18.66,14465.00,999.00,18.93,1016.40,18.22,0.03
2026-06-08T06:48:19,1,3.71,30130.00,18.67,14465.00,999.00,18.94,1016.50,18.23,0.03
2026-06-08T06:48:19,1,3.70,30130.00,18.67,14465.00,999.00,18.93,1016.70,18.24,0.04
2026-06-08T06:48:19,1,3.69,30130.00,18.67,14465.00,999.00,18.93,1016.80,18.25,0.04
2026-06-08T06:48:19,1,3.69,30130.00,18.67,14465.00,999.00,18.93,1017.50,18.27,0.04
2026-06-08T06:48:20,1,3.70,30130.00,18.67,14465.00,999.00,18.94,1017.00,18.27,0.04
2026-06-08T06:48:20,1,3.70,30150.00,18.68,14473.00,999.00,18.93,1016.40,18.28,0.03
2026-06-08T06:48:20,1,3.71,30150.00,18.68,14473.00,999.00,18.93,1015.30,18.29,0.02
2026-06-08T06:48:20,1,3.70,30150.00,18.68,14473.00,999.00,18.94,1015.00,18.30,0.02
2026-06-08T06:48:20,1,3.68,30150.00,18.68,14473.00,999.00,18.93,1015.80,18.32,0.03
2026-06-08T06:48:21,1,3.69,30150.00,18.68,14473.00,999.00,18.93,1017.50,18.33,0.04
2026-06-08T06:48:21,1,3.71,30130.00,18.66,14462.00,999.00,18.93,1018.80,18.34,0.06
2026-06-08T06:48:21,1,3.69,30130.00,18.66,14462.00,999.00,18.93,1019.00,18.34,0.06
2026-06-08T06:48:21,1,3.71,30130.00,18.66,14462.00,999.00,18.93,1018.40,18.35,0.05
2026-06-08T06:48:21,1,3.69,30130.00,18.66,14462.00,999.00,18.93,1017.00,18.36,0.04
2026-06-08T06:48:22,1,3.70,30130.00,18.66,14462.00,999.00,18.93,1016.80,18.37,0.04
2026-06-08T06:48:22,1,3.68,30110.00,18.65,14455.00,999.00,18.93,1016.40,18.38,0.03
2026-06-08T06:48:22,1,3.71,30110.00,18.65,14455.00,999.00,18.93,1016.40,18.38,0.03
2026-06-08T06:48:22,1,3.70,30110.00,18.65,14455.00,999.00,18.93,1017.10,18.39,0.04
2026-06-08T06:48:23,1,3.70,30110.00,18.65,14455.00,999.00,18.93,1016.00,18.39,0.03
2026-06-08T06:48:23,1,3.71,30110.00,18.65,14456.00,999.00,18.93,1015.50,18.41,0.02
2026-06-08T06:48:23,1,3.71,30110.00,18.65,14456.00,999.00,18.93,1016.80,18.42,0.04
2026-06-08T06:48:23,1,3.69,30110.00,18.65,14456.00,999.00,18.95,1016.30,18.43,0.03
2026-06-08T06:48:23,1,3.68,30110.00,18.65,14456.00,999.00,18.93,1014.60,18.43,0.02
2026-06-08T06:48:24,1,3.68,30110.00,18.65,14456.00,999.00,18.93,1014.90,18.44,0.02
2026-06-08T06:48:24,1,3.71,30120.00,18.66,14458.00,999.00,18.93,1016.70,18.45,0.04
2026-06-08T06:48:24,1,3.71,30120.00,18.66,14458.00,999.00,18.94,1018.40,18.45,0.05
2026-06-08T06:48:24,1,3.70,30120.00,18.66,14458.00,999.00,18.93,1018.40,18.46,0.05
2026-06-08T06:48:24,1,3.69,30120.00,18.66,14458.00,999.00,18.94,1018.10,18.46,0.05
2026-06-08T06:48:25,1,3.68,30120.00,18.66,14458.00,999.00,18.93,1017.60,18.47,0.05
2026-06-08T06:48:25,1,3.69,30130.00,18.67,14465.00,999.00,18.94,1016.30,18.48,0.03
2026-06-08T06:48:25,1,3.70,30130.00,18.67,14465.00,999.00,18.93,1015.10,18.49,0.02
2026-06-08T06:48:25,1,3.71,30130.00,18.67,14465.00,999.00,18.94,1015.40,18.49,0.02
2026-06-08T06:48:25,1,3.70,30130.00,18.67,14465.00,999.00,18.94,1016.60,18.50,0.04
2026-06-08T06:48:26,1,3.70,30110.00,18.65,14456.00,999.00,18.95,1016.70,18.50,0.04
2026-06-08T06:48:26,1,3.70,30110.00,18.65,14456.00,999.00,18.94,1017.10,18.51,0.04
2026-06-08T06:48:26,1,3.69,30110.00,18.65,14456.00,999.00,18.93,1016.20,18.52,0.03
2026-06-08T06:48:26,1,3.68,30110.00,18.65,14456.00,999.00,18.94,1015.20,18.52,0.02
2026-06-08T06:48:27,1,3.69,30110.00,18.65,14456.00,999.00,18.93,1016.30,18.53,0.03
2026-06-08T06:48:27,1,3.70,30130.00,18.66,14464.00,999.00,18.93,1016.70,18.54,0.04
2026-06-08T06:48:27,1,3.70,30130.00,18.66,14464.00,999.00,18.93,1016.70,18.54,0.04
2026-06-08T06:48:27,1,3.71,30130.00,18.66,14464.00,999.00,18.94,1017.80,18.55,0.05
2026-06-08T06:48:27,1,3.68,30130.00,18.66,14464.00,999.00,18.95,1018.60,18.55,0.06
2026-06-08T06:48:28,1,3.70,30130.00,18.66,14464.00,999.00,18.95,1021.20,18.56,0.08
2026-06-08T06:48:28,1,3.70,30130.00,18.66,14464.00,999.00,18.95,1022.70,18.56,0.10
2026-06-08T06:48:28,1,3.71,30130.00,18.66,14464.00,999.00,18.95,1023.10,18.56,0.10
2026-06-08T06:48:28,1,3.72,30130.00,18.66,14464.00,999.00,18.95,1023.80,18.57,0.11
2026-06-08T06:48:28,1,3.69,30130.00,18.66,14464.00,999.00,18.94,1024.00,18.58,0.11
2026-06-08T06:48:29,1,3.70,30130.00,18.67,14466.00,999.00,18.94,1024.90,18.58,0.12
2026-06-08T06:48:29,1,3.69,30130.00,18.67,14466.00,999.00,18.97,1026.40,18.59,0.13
2026-06-08T06:48:29,1,3.69,30130.00,18.67,14466.00,999.00,18.95,1027.90,18.60,0.15
2026-06-08T06:48:29,1,3.68,30130.00,18.67,14466.00,999.00,18.97,1030.20,18.60,0.17
2026-06-08T06:48:29,1,3.70,30130.00,18.67,14466.00,999.00,18.97,1031.10,18.61,0.18
2026-06-08T06:48:30,1,3.69,30280.00,18.77,14536.00,999.00,18.97,1031.40,18.61,0.18
2026-06-08T06:48:30,1,3.72,30280.00,18.77,14536.00,999.00,18.98,1032.00,18.62,0.19
2026-06-08T06:48:30,1,3.69,30280.00,18.77,14536.00,999.00,18.99,1031.60,18.63,0.18
2026-06-08T06:48:30,1,3.70,30280.00,18.77,14536.00,999.00,18.98,1032.00,18.62,0.19
2026-06-08T06:48:30,1,3.69,30280.00,18.77,14536.00,999.00,18.99,1033.10,18.63,0.20
2026-06-08T06:48:31,1,3.70,30300.00,18.78,14549.00,999.00,19.00,1034.20,18.63,0.21
2026-06-08T06:48:31,1,3.68,30300.00,18.78,14549.00,999.00,18.99,1034.60,18.64,0.21
2026-06-08T06:48:31,1,3.70,30300.00,18.78,14549.00,999.00,19.00,1035.30,18.65,0.22
2026-06-08T06:48:31,1,3.70,30300.00,18.78,14549.00,999.00,19.00,1036.40,18.65,0.23
2026-06-08T06:48:32,1,3.66,30300.00,18.78,14549.00,999.00,19.00,1037.00,18.65,0.24
2026-06-08T06:48:32,1,3.70,30320.00,18.79,14554.00,999.00,19.01,1037.50,18.66,0.24
2026-06-08T06:48:32,1,3.71,30320.00,18.79,14554.00,999.00,19.00,1038.40,18.66,0.25
2026-06-08T06:48:32,1,3.69,30320.00,18.79,14554.00,999.00,19.00,1039.10,18.67,0.26
2026-06-08T06:48:32,1,3.69,30320.00,18.79,14554.00,999.00,19.01,1039.10,18.67,0.26
2026-06-08T06:48:33,1,3.67,30320.00,18.79,14554.00,999.00,19.00,1040.40,18.68,0.27
2026-06-08T06:48:33,1,3.71,30350.00,18.82,14571.00,999.00,19.01,1040.60,18.68,0.27
2026-06-08T06:48:33,1,3.69,30350.00,18.82,14571.00,999.00,19.00,1041.70,18.68,0.28
2026-06-08T06:48:33,1,3.68,30350.00,18.82,14571.00,999.00,19.00,1042.00,18.69,0.29
2026-06-08T06:48:33,1,3.68,30350.00,18.82,14571.00,999.00,19.01,1042.30,18.69,0.29
2026-06-08T06:48:34,1,3.70,30540.00,18.95,14663.00,999.00,19.02,1042.60,18.70,0.29
2026-06-08T06:48:34,1,3.72,30540.00,18.95,14663.00,999.00,19.00,1043.40,18.70,0.30
2026-06-08T06:48:34,1,3.70,30540.00,18.95,14663.00,999.00,19.01,1044.20,18.70,0.31
2026-06-08T06:48:34,1,3.70,30540.00,18.95,14663.00,999.00,19.00,1045.00,18.71,0.32
2026-06-08T06:48:34,1,3.68,30540.00,18.95,14663.00,999.00,19.00,1045.70,18.71,0.32
2026-06-08T06:48:35,1,3.72,30690.00,19.05,14736.00,999.00,19.01,1046.40,18.72,0.33
2026-06-08T06:48:35,1,3.70,30690.00,19.05,14736.00,999.00,19.01,1046.60,18.72,0.33
2026-06-08T06:48:35,1,3.70,30690.00,19.05,14736.00,999.00,19.02,1046.70,18.73,0.33
2026-06-08T06:48:35,1,3.69,30690.00,19.05,14736.00,999.00,19.02,1047.40,18.72,0.34
2026-06-08T06:48:36,1,3.68,30690.00,19.05,14736.00,999.00,19.01,1047.70,18.73,0.34
2026-06-08T06:48:36,1,3.71,30710.00,19.06,14744.00,999.00,19.01,1047.70,18.73,0.34
2026-06-08T06:48:36,1,3.70,30710.00,19.06,14744.00,999.00,19.00,1048.70,18.74,0.35
2026-06-08T06:48:36,1,3.69,30710.00,19.06,14744.00,999.00,19.01,1049.20,18.74,0.36
2026-06-08T06:48:36,1,3.68,30710.00,19.06,14744.00,999.00,19.00,1048.80,18.75,0.35
2026-06-08T06:48:37,1,3.70,30630.00,19.01,14705.00,999.00,19.01,1049.90,18.75,0.37
2026-06-08T06:48:37,1,3.71,30630.00,19.01,14705.00,999.00,19.01,1050.20,18.75,0.37
2026-06-08T06:48:37,1,3.69,30630.00,19.01,14705.00,999.00,19.01,1051.10,18.76,0.38
2026-06-08T06:48:37,1,3.70,30630.00,19.01,14705.00,999.00,19.01,1051.70,18.76,0.38
2026-06-08T06:48:37,1,3.68,30630.00,19.01,14705.00,999.00,19.02,1052.40,18.77,0.39
2026-06-08T06:48:38,1,3.71,30760.00,19.10,14768.00,999.00,19.01,1053.30,18.77,0.40
2026-06-08T06:48:38,1,3.71,30760.00,19.10,14768.00,999.00,19.01,1053.90,18.77,0.41
2026-06-08T06:48:38,1,3.70,30760.00,19.10,14768.00,999.00,19.01,1053.90,18.77,0.41
2026-06-08T06:48:38,1,3.69,30760.00,19.10,14768.00,999.00,19.01,1054.60,18.78,0.41
2026-06-08T06:48:38,1,3.70,30760.00,19.10,14768.00,999.00,19.00,1055.20,18.78,0.42
2026-06-08T06:48:39,1,3.71,30630.00,19.00,14703.00,999.00,19.02,1055.10,18.78,0.42
2026-06-08T06:48:39,1,3.69,30630.00,19.00,14703.00,999.00,19.00,1056.80,18.79,0.43
2026-06-08T06:48:39,1,3.70,30630.00,19.00,14703.00,999.00,19.01,1057.60,18.79,0.44
2026-06-08T06:48:39,1,3.68,30630.00,19.00,14703.00,999.00,19.03,1058.80,18.79,0.45
2026-06-08T06:48:39,1,3.70,30630.00,19.00,14703.00,999.00,19.02,1059.00,18.80,0.46
2026-06-08T06:48:40,1,3.70,30470.00,18.89,14626.00,999.00,19.02,1059.10,18.80,0.46
2026-06-08T06:48:40,1,3.70,30470.00,18.89,14626.00,999.00,19.00,1059.50,18.80,0.46
2026-06-08T06:48:40,1,3.69,30470.00,18.89,14626.00,999.00,19.01,1060.30,18.80,0.47
2026-06-08T06:48:40,1,3.70,30470.00,18.89,14626.00,999.00,19.00,1059.80,18.80,0.46
2026-06-08T06:48:40,1,3.70,30540.00,18.95,14664.00,999.00,19.00,1060.30,18.81,0.47
2026-06-08T06:48:41,1,3.71,30540.00,18.95,14664.00,999.00,19.02,1061.20,18.81,0.48
2026-06-08T06:48:41,1,3.69,30540.00,18.95,14664.00,999.00,19.01,1061.40,18.80,0.48
2026-06-08T06:48:41,1,3.70,30540.00,18.95,14664.00,999.00,19.01,1062.20,18.81,0.49
2026-06-08T06:48:41,1,3.70,30540.00,18.95,14664.00,999.00,19.02,1063.30,18.81,0.50
2026-06-08T06:48:42,1,3.71,30700.00,19.05,14740.00,999.00,19.01,1063.90,18.82,0.50
2026-06-08T06:48:42,1,3.72,30700.00,19.05,14740.00,999.00,19.01,1064.90,18.82,0.51
2026-06-08T06:48:42,1,3.69,30700.00,19.05,14740.00,999.00,19.02,1065.30,18.82,0.52
2026-06-08T06:48:42,1,3.70,30700.00,19.05,14740.00,999.00,19.01,1066.40,18.83,0.53
2026-06-08T06:48:42,1,3.67,30700.00,19.05,14740.00,999.00,19.02,1066.50,18.83,0.53
2026-06-08T06:48:43,1,3.72,30760.00,19.09,14767.00,999.00,19.01,1066.80,18.83,0.53
2026-06-08T06:48:43,1,3.71,30760.00,19.09,14767.00,999.00,19.01,1066.90,18.83,0.53
2026-06-08T06:48:43,1,3.70,30760.00,19.09,14767.00,999.00,19.02,1066.80,18.84,0.53
2026-06-08T06:48:43,1,3.70,30760.00,19.09,14767.00,999.00,19.01,1066.80,18.84,0.53
2026-06-08T06:48:43,1,3.70,30760.00,19.09,14767.00,999.00,19.02,1067.40,18.84,0.54
2026-06-08T06:48:44,1,3.69,30760.00,19.09,14767.00,999.00,19.01,1067.60,18.84,0.54
2026-06-08T06:48:44,1,3.68,30760.00,19.09,14767.00,999.00,19.01,1067.70,18.84,0.54
2026-06-08T06:48:44,1,3.68,30760.00,19.09,14767.00,999.00,19.00,1068.70,18.85,0.55
2026-06-08T06:48:44,1,3.70,30760.00,19.09,14767.00,999.00,19.02,1069.50,18.84,0.56
2026-06-08T06:48:44,1,3.71,30730.00,19.07,14754.00,999.00,19.01,1069.80,18.85,0.56
2026-06-08T06:48:45,1,3.70,30730.00,19.07,14754.00,999.00,19.01,1070.20,18.85,0.57
2026-06-08T06:48:45,1,3.69,30730.00,19.07,14754.00,999.00,19.01,1070.80,18.85,0.57
2026-06-08T06:48:45,1,3.69,30730.00,19.07,14754.00,999.00,19.03,1071.30,18.86,0.58
2026-06-08T06:48:45,1,3.70,30730.00,19.07,14754.00,999.00,19.01,1071.50,18.86,0.58
2026-06-08T06:48:45,1,3.72,30730.00,19.08,14755.00,999.00,19.01,1072.60,18.86,0.59
2026-06-08T06:48:46,1,3.70,30730.00,19.08,14755.00,999.00,19.01,1074.10,18.86,0.61
2026-06-08T06:48:46,1,3.70,30730.00,19.08,14755.00,999.00,19.00,1074.70,18.87,0.61
2026-06-08T06:48:46,1,3.70,30730.00,19.08,14755.00,999.00,19.01,1074.60,18.86,0.61
2026-06-08T06:48:46,1,3.70,30730.00,19.08,14755.00,999.00,19.02,1075.00,18.87,0.61
2026-06-08T06:48:47,1,3.70,30730.00,19.08,14754.00,999.00,19.01,1075.30,18.87,0.62
2026-06-08T06:48:47,1,3.72,30730.00,19.08,14754.00,999.00,19.00,1076.10,18.87,0.63
2026-06-08T06:48:47,1,3.71,30730.00,19.08,14754.00,999.00,19.02,1076.30,18.87,0.63
2026-06-08T06:48:47,1,3.70,30730.00,19.08,14754.00,999.00,19.02,1077.20,18.87,0.64
2026-06-08T06:48:47,1,3.70,30730.00,19.08,14754.00,999.00,19.02,1077.40,18.87,0.64
2026-06-08T06:48:48,1,3.70,30770.00,19.10,14770.00,999.00,19.02,1078.70,18.88,0.65
2026-06-08T06:48:48,1,3.70,30770.00,19.10,14770.00,999.00,19.02,1079.30,18.87,0.66
2026-06-08T06:48:48,1,3.68,30770.00,19.10,14770.00,999.00,19.01,1080.00,18.88,0.66
2026-06-08T06:48:48,1,3.70,30770.00,19.10,14770.00,999.00,19.00,1080.60,18.88,0.67
2026-06-08T06:48:48,1,3.71,30790.00,19.12,14783.00,999.00,19.01,1081.30,18.88,0.68
2026-06-08T06:48:49,1,3.71,30790.00,19.12,14783.00,999.00,19.01,1082.10,18.89,0.68
2026-06-08T06:48:49,1,3.67,30790.00,19.12,14783.00,999.00,19.02,1082.60,18.89,0.69
2026-06-08T06:48:49,1,3.70,30790.00,19.12,14783.00,999.00,19.01,1083.40,18.89,0.70
2026-06-08T06:48:49,1,3.70,30790.00,19.12,14783.00,999.00,19.01,1083.60,18.89,0.70
2026-06-08T06:48:49,1,3.69,30800.00,19.12,14786.00,999.00,19.00,1084.10,18.89,0.70
2026-06-08T06:48:50,1,3.71,30800.00,19.12,14786.00,999.00,19.01,1084.20,18.89,0.71
2026-06-08T06:48:50,1,3.71,30800.00,19.12,14786.00,999.00,19.02,1084.20,18.89,0.71
2026-06-08T06:48:50,1,3.68,30800.00,19.12,14786.00,999.00,19.00,1084.60,18.89,0.71
2026-06-08T06:48:50,1,3.71,30800.00,19.12,14786.00,999.00,19.02,1086.20,18.90,0.73
2026-06-08T06:48:51,1,3.70,30860.00,19.16,14815.00,999.00,19.01,1087.10,18.90,0.73
2026-06-08T06:48:51,1,3.69,30860.00,19.16,14815.00,999.00,19.01,1087.80,18.90,0.74
2026-06-08T06:48:51,1,3.71,30860.00,19.16,14815.00,999.00,19.01,1089.00,18.90,0.75
2026-06-08T06:48:51,1,3.70,30860.00,19.16,14815.00,999.00,19.01,1089.70,18.90,0.76
2026-06-08T06:48:51,1,3.68,30850.00,19.15,14809.00,999.00,19.02,1091.10,18.90,0.77
2026-06-08T06:48:52,1,3.70,30850.00,19.15,14809.00,999.00,19.02,1091.90,18.91,0.78
2026-06-08T06:48:52,1,3.70,30850.00,19.15,14809.00,999.00,19.02,1092.40,18.90,0.79
2026-06-08T06:48:52,1,3.70,30850.00,19.15,14809.00,999.00,19.02,1093.50,18.91,0.80
2026-06-08T06:48:52,1,3.68,30850.00,19.15,14809.00,999.00,19.01,1093.60,18.91,0.80
2026-06-08T06:48:52,1,3.69,30620.00,19.00,14702.00,999.00,19.00,1093.80,18.91,0.80
2026-06-08T06:48:53,1,3.70,30620.00,19.00,14702.00,999.00,19.01,1094.60,18.92,0.81
2026-06-08T06:48:53,1,3.70,30620.00,19.00,14702.00,999.00,19.02,1094.50,18.91,0.81
2026-06-08T06:48:53,1,3.70,30620.00,19.00,14702.00,999.00,19.02,1095.70,18.91,0.82
2026-06-08T06:48:53,1,3.68,30620.00,19.00,14702.00,999.00,19.02,1096.20,18.92,0.82
2026-06-08T06:48:53,1,3.71,30610.00,18.99,14696.00,999.00,19.01,1096.60,18.92,0.83
2026-06-08T06:48:54,1,3.69,30610.00,18.99,14696.00,999.00,19.01,1097.10,18.92,0.83
2026-06-08T06:48:54,1,3.70,30610.00,18.99,14696.00,999.00,19.01,1097.70,18.92,0.84
2026-06-08T06:48:54,1,3.71,30610.00,18.99,14696.00,999.00,19.01,1099.00,18.91,0.85
2026-06-08T06:48:54,1,3.67,30630.00,19.01,14705.00,999.00,19.01,1099.80,18.92,0.86
2026-06-08T06:48:54,1,3.71,30630.00,19.01,14705.00,999.00,19.01,1101.00,18.92,0.87
2026-06-08T06:48:55,1,3.71,30630.00,19.01,14705.00,999.00,19.02,1101.40,18.92,0.88
2026-06-08T06:48:55,1,3.70,30630.00,19.01,14705.00,999.00,19.02,1101.00,18.92,0.87
2026-06-08T06:48:55,1,3.68,30630.00,19.01,14705.00,999.00,19.02,1102.10,18.92,0.88
2026-06-08T06:48:55,1,3.71,30660.00,19.03,14719.00,999.00,19.01,1103.30,18.92,0.89
2026-06-08T06:48:56,1,3.69,30660.00,19.03,14719.00,999.00,19.02,1103.20,18.92,0.89
2026-06-08T06:48:56,1,3.71,30660.00,19.03,14719.00,999.00,19.02,1103.80,18.92,0.90
2026-06-08T06:48:56,1,3.70,30660.00,19.03,14719.00,999.00,19.02,1104.20,18.93,0.90
2026-06-08T06:48:56,1,3.68,30660.00,19.03,14719.00,999.00,19.01,1104.60,18.93,0.91
2026-06-08T06:48:56,1,3.72,30680.00,19.04,14728.00,999.00,19.02,1105.50,18.93,0.92
2026-06-08T06:48:57,1,3.70,30680.00,19.04,14728.00,999.00,19.01,1107.00,18.93,0.93
2026-06-08T06:48:57,1,3.71,30680.00,19.04,14728.00,999.00,19.00,1107.60,18.93,0.94
2026-06-08T06:48:57,1,3.68,30680.00,19.04,14728.00,999.00,19.01,1109.00,18.93,0.95
2026-06-08T06:48:57,1,3.70,30680.00,19.04,14728.00,999.00,19.02,1110.00,18.93,0.96
2026-06-08T06:48:57,1,3.70,30780.00,19.11,14775.00,999.00,19.01,1111.10,18.93,0.97
2026-06-08T06:48:58,1,3.70,30780.00,19.11,14775.00,999.00,19.01,1111.20,18.93,0.97
2026-06-08T06:48:58,1,3.71,30780.00,19.11,14775.00,999.00,19.01,1111.90,18.93,0.98
2026-06-08T06:48:58,1,3.70,30780.00,19.11,14775.00,999.00,19.02,1112.20,18.93,0.98
2026-06-08T06:48:58,1,3.67,30780.00,19.11,14775.00,999.00,19.02,1111.90,18.94,0.98
2026-06-08T06:48:58,1,3.69,30810.00,19.13,14793.00,999.00,19.02,1112.20,18.93,0.98
2026-06-08T06:48:59,1,3.71,30810.00,19.13,14793.00,999.00,19.01,1113.10,18.93,0.99
2026-06-08T06:48:59,1,3.70,30810.00,19.13,14793.00,999.00,19.01,1113.50,18.93,1.00
2026-06-08T06:48:59,1,3.68,30810.00,19.13,14793.00,999.00,19.02,1113.70,18.94,1.00
2026-06-08T06:48:59,1,3.71,30790.00,19.12,14782.00,999.00,19.01,1114.50,18.94,1.01
2026-06-08T06:48:59,1,3.70,30790.00,19.12,14782.00,999.00,19.01,1115.00,18.94,1.01
2026-06-08T06:49:00,1,3.71,30790.00,19.12,14782.00,999.00,19.00,1116.00,18.94,1.02
2026-06-08T06:49:00,1,3.70,30790.00,19.12,14782.00,999.00,19.01,1116.60,18.94,1.03
2026-06-08T06:49:00,1,3.69,30790.00,19.12,14782.00,999.00,19.01,1117.00,18.94,1.03
2026-06-08T06:49:00,1,3.71,30750.00,19.09,14763.00,999.00,19.02,1118.10,18.94,1.04
2026-06-08T06:49:01,1,3.70,30750.00,19.09,14763.00,999.00,19.02,1118.90,18.93,1.05
2026-06-08T06:49:01,1,3.70,30750.00,19.09,14763.00,999.00,19.00,1120.20,18.94,1.06
2026-06-08T06:49:01,1,3.68,30750.00,19.09,14763.00,999.00,19.01,1121.10,18.94,1.07
2026-06-08T06:49:01,1,3.70,30750.00,19.09,14763.00,999.00,19.01,1121.50,18.94,1.08
2026-06-08T06:49:01,1,3.69,30750.00,19.09,14764.00,999.00,19.01,1121.70,18.94,1.08
2026-06-08T06:49:02,1,3.72,30750.00,19.09,14764.00,999.00,19.01,1122.00,18.95,1.08
2026-06-08T06:49:02,1,3.70,30750.00,19.09,14764.00,999.00,19.01,1123.10,18.94,1.09
2026-06-08T06:49:02,1,3.70,30750.00,19.09,14764.00,999.00,19.01,1123.10,18.95,1.09
2026-06-08T06:49:02,1,3.70,30780.00,19.11,14778.00,999.00,19.00,1124.30,18.95,1.10
2026-06-08T06:49:02,1,3.70,30780.00,19.11,14778.00,999.00,19.02,1124.80,18.95,1.11
2026-06-08T06:49:03,1,3.70,30780.00,19.11,14778.00,999.00,19.01,1125.90,18.95,1.12
2026-06-08T06:49:03,1,3.70,30780.00,19.11,14778.00,999.00,19.02,1127.20,18.95,1.13
2026-06-08T06:49:03,1,3.70,30780.00,19.11,14778.00,999.00,19.01,1127.80,18.95,1.14
2026-06-08T06:49:03,1,3.70,30770.00,19.10,14771.00,999.00,19.00,1128.00,18.95,1.14
2026-06-08T06:49:03,1,3.69,30770.00,19.10,14771.00,999.00,19.01,1129.00,18.95,1.15
2026-06-08T06:49:04,1,3.69,30770.00,19.10,14771.00,999.00,19.00,1129.50,18.95,1.15
2026-06-08T06:49:04,1,3.70,30770.00,19.10,14771.00,999.00,19.00,1130.40,18.95,1.16
2026-06-08T06:49:04,1,3.68,30770.00,19.10,14771.00,999.00,19.01,1131.60,18.95,1.18
2026-06-08T06:49:04,1,3.71,30810.00,19.13,14791.00,999.00,19.00,1131.80,18.95,1.18
2026-06-08T06:49:04,1,3.69,30810.00,19.13,14791.00,999.00,19.00,1132.90,18.95,1.19
2026-06-08T06:49:05,1,3.71,30810.00,19.13,14791.00,999.00,19.02,1133.70,18.95,1.20
2026-06-08T06:49:05,1,3.68,30810.00,19.13,14791.00,999.00,19.01,1134.30,18.95,1.20
2026-06-08T06:49:05,1,3.69,30810.00,19.13,14791.00,999.00,19.01,1135.90,18.95,1.22
2026-06-08T06:49:05,1,3.71,30790.00,19.12,14782.00,999.00,19.00,1136.50,18.95,1.22
2026-06-08T06:49:06,1,3.69,30790.00,19.12,14782.00,999.00,19.02,1138.20,18.95,1.24
2026-06-08T06:49:06,1,3.71,30790.00,19.12,14782.00,999.00,19.00,1139.00,18.95,1.25
2026-06-08T06:49:06,1,3.68,30790.00,19.12,14782.00,999.00,19.01,1139.90,18.96,1.26
2026-06-08T06:49:06,1,3.69,30800.00,19.12,14789.00,999.00,19.00,1140.50,18.96,1.26
2026-06-08T06:49:06,1,3.71,30800.00,19.12,14789.00,999.00,19.01,1142.00,18.96,1.28
2026-06-08T06:49:07,1,3.69,30800.00,19.12,14789.00,999.00,19.01,1142.60,18.96,1.28
2026-06-08T06:49:07,1,3.70,30800.00,19.12,14789.00,999.00,19.01,1144.00,18.96,1.30
2026-06-08T06:49:07,1,3.70,30800.00,19.12,14789.00,999.00,19.00,1144.90,18.96,1.31
2026-06-08T06:49:07,1,3.72,30850.00,19.16,14810.00,999.00,19.01,1146.50,18.95,1.32
2026-06-08T06:49:07,1,3.71,30850.00,19.16,14810.00,999.00,19.01,1147.00,18.96,1.33
2026-06-08T06:49:08,1,3.68,30850.00,19.16,14810.00,999.00,19.01,1147.60,18.96,1.33
2026-06-08T06:49:08,1,3.68,30850.00,19.16,14810.00,999.00,19.00,1147.90,18.96,1.34
2026-06-08T06:49:08,1,3.68,30850.00,19.16,14810.00,999.00,19.01,1148.50,18.96,1.34
2026-06-08T06:49:08,1,3.71,30830.00,19.14,14803.00,999.00,19.03,1149.10,18.96,1.35
2026-06-08T06:49:08,1,3.72,30830.00,19.14,14803.00,999.00,19.01,1149.40,18.96,1.35
2026-06-08T06:49:09,1,3.71,30830.00,19.14,14803.00,999.00,19.00,1150.30,18.96,1.36
2026-06-08T06:49:09,1,3.70,30830.00,19.14,14803.00,999.00,19.01,1151.70,18.96,1.37
2026-06-08T06:49:09,1,3.68,30840.00,19.15,14804.00,999.00,19.00,1153.00,18.96,1.39
2026-06-08T06:49:09,1,3.70,30840.00,19.15,14804.00,999.00,19.01,1154.30,18.97,1.40
2026-06-08T06:49:09,1,3.69,30840.00,19.15,14804.00,999.00,19.01,1155.70,18.96,1.41
2026-06-08T06:49:10,1,3.70,30840.00,19.15,14804.00,999.00,19.00,1157.20,18.96,1.43
2026-06-08T06:49:10,1,3.70,30840.00,19.15,14804.00,999.00,19.00,1156.80,18.97,1.43
2026-06-08T06:49:10,1,3.71,30850.00,19.15,14808.00,999.00,19.00,1157.90,18.97,1.44
2026-06-08T06:49:10,1,3.71,30850.00,19.15,14808.00,999.00,19.00,1158.00,18.97,1.44
2026-06-08T06:49:11,1,3.71,30850.00,19.15,14808.00,999.00,19.01,1158.50,18.96,1.44
2026-06-08T06:49:11,1,3.70,30850.00,19.15,14808.00,999.00,19.01,1159.20,18.96,1.45
2026-06-08T06:49:11,1,3.70,30850.00,19.15,14808.00,999.00,19.01,1159.80,18.97,1.45
2026-06-08T06:49:11,1,3.71,30850.00,19.16,14812.00,999.00,19.01,1160.10,18.97,1.46
2026-06-08T06:49:11,1,3.70,30850.00,19.16,14812.00,999.00,19.02,1161.00,18.97,1.47
2026-06-08T06:49:12,1,3.70,30850.00,19.16,14812.00,999.00,19.00,1161.60,18.97,1.47
2026-06-08T06:49:12,1,3.70,30850.00,19.16,14812.00,999.00,19.01,1162.20,18.97,1.48
2026-06-08T06:49:12,1,3.70,30850.00,19.16,14812.00,999.00,19.00,1163.40,18.97,1.49
2026-06-08T06:49:12,1,3.69,30840.00,19.15,14808.00,999.00,19.01,1164.10,18.97,1.50
2026-06-08T06:49:12,1,3.70,30840.00,19.15,14808.00,999.00,19.01,1163.60,18.97,1.49
2026-06-08T06:49:13,1,3.72,30840.00,19.15,14808.00,999.00,19.01,1164.80,18.97,1.50
2026-06-08T06:49:13,1,3.70,30840.00,19.15,14808.00,999.00,19.02,1165.40,18.97,1.51
2026-06-08T06:49:13,1,3.69,30880.00,19.18,14825.00,999.00,19.00,1166.00,18.96,1.52
2026-06-08T06:49:13,1,3.68,30880.00,19.18,14825.00,999.00,19.00,1166.60,18.97,1.52
2026-06-08T06:49:13,1,3.69,30880.00,19.18,14825.00,999.00,19.01,1167.20,18.97,1.53
2026-06-08T06:49:14,1,3.70,30880.00,19.18,14825.00,999.00,19.01,1168.20,18.97,1.54
2026-06-08T06:49:14,1,3.68,30880.00,19.18,14825.00,999.00,19.01,1168.80,18.97,1.54
2026-06-08T06:49:14,1,3.69,30870.00,19.17,14821.00,999.00,19.01,1169.30,18.97,1.55
2026-06-08T06:49:14,1,3.71,30870.00,19.17,14821.00,999.00,19.02,1170.30,18.97,1.56
2026-06-08T06:49:15,1,3.71,30870.00,19.17,14821.00,999.00,19.01,1170.80,18.97,1.56
2026-06-08T06:49:15,1,3.70,30870.00,19.17,14821.00,999.00,19.00,1171.00,18.97,1.57
2026-06-08T06:49:15,1,3.70,30870.00,19.17,14821.00,999.00,19.02,1171.90,18.97,1.57
2026-06-08T06:49:15,1,3.69,30870.00,19.17,14822.00,999.00,19.01,1172.30,18.97,1.58
2026-06-08T06:49:15,1,3.69,30870.00,19.17,14822.00,999.00,19.00,1172.30,18.97,1.58
2026-06-08T06:49:16,1,3.70,30870.00,19.17,14822.00,999.00,19.02,1172.90,18.97,1.58
2026-06-08T06:49:16,1,3.70,30870.00,19.17,14822.00,999.00,19.01,1173.30,18.98,1.59
2026-06-08T06:49:16,1,3.68,30870.00,19.17,14822.00,999.00,19.02,1174.10,18.98,1.60
2026-06-08T06:49:16,1,3.71,30880.00,19.18,14825.00,999.00,19.01,1174.90,18.98,1.60
2026-06-08T06:49:16,1,3.71,30880.00,19.18,14825.00,999.00,19.00,1174.80,18.98,1.60
2026-06-08T06:49:17,1,3.70,30880.00,19.18,14825.00,999.00,19.01,1175.70,18.97,1.61
2026-06-08T06:49:17,1,3.70,30880.00,19.18,14825.00,999.00,19.02,1176.00,18.98,1.62
2026-06-08T06:49:17,1,3.68,30870.00,19.17,14822.00,999.00,19.00,1177.30,18.98,1.63
2026-06-08T06:49:17,1,3.70,30870.00,19.17,14822.00,999.00,19.00,1177.50,18.98,1.63
2026-06-08T06:49:17,1,3.69,30870.00,19.17,14822.00,999.00,19.01,1177.80,18.98,1.63
2026-06-08T06:49:18,1,3.70,30870.00,19.17,14822.00,999.00,19.00,1179.40,18.98,1.65
2026-06-08T06:49:18,1,3.68,30870.00,19.17,14822.00,999.00,19.01,1179.60,18.98,1.65
2026-06-08T06:49:18,1,3.70,30880.00,19.18,14825.00,999.00,19.00,1180.40,18.98,1.66
2026-06-08T06:49:18,1,3.70,30880.00,19.18,14825.00,999.00,19.00,1181.30,18.98,1.67
2026-06-08T06:49:18,1,3.68,30880.00,19.18,14825.00,999.00,19.01,1181.60,18.98,1.67
2026-06-08T06:49:19,1,3.70,30880.00,19.18,14825.00,999.00,19.00,1182.90,18.98,1.68
2026-06-08T06:49:19,1,3.68,30880.00,19.18,14825.00,999.00,19.00,1183.50,18.98,1.69
2026-06-08T06:49:19,1,3.70,30880.00,19.18,14825.00,999.00,19.02,1183.80,18.98,1.69
2026-06-08T06:49:19,1,3.69,30880.00,19.18,14825.00,999.00,19.00,1184.50,18.98,1.70
2026-06-08T06:49:19,1,3.71,30880.00,19.18,14825.00,999.00,19.01,1184.90,18.98,1.70
2026-06-08T06:49:20,1,3.70,30880.00,19.18,14825.00,999.00,19.00,1185.40,18.98,1.71
2026-06-08T06:49:20,1,3.68,30880.00,19.18,14825.00,999.00,19.02,1185.90,18.98,1.71
2026-06-08T06:49:20,1,3.70,30890.00,19.19,14831.00,999.00,19.01,1186.60,18.97,1.72
2026-06-08T06:49:20,1,3.69,30890.00,19.19,14831.00,999.00,19.00,1187.40,18.98,1.73
2026-06-08T06:49:21,1,3.70,30890.00,19.19,14831.00,999.00,19.03,1187.90,18.98,1.73
2026-06-08T06:49:21,1,3.70,30890.00,19.19,14831.00,999.00,19.00,1188.50,18.98,1.74
2026-06-08T06:49:21,1,3.72,30890.00,19.18,14828.00,999.00,19.01,1189.10,18.98,1.75
2026-06-08T06:49:21,1,3.70,30890.00,19.18,14828.00,999.00,19.01,1188.80,18.98,1.74
2026-06-08T06:49:21,1,3.71,30890.00,19.18,14828.00,999.00,19.01,1189.20,18.98,1.75
2026-06-08T06:49:22,1,3.70,30890.00,19.18,14828.00,999.00,19.01,1189.60,18.98,1.75
2026-06-08T06:49:22,1,3.70,30890.00,19.18,14828.00,999.00,19.02,1190.70,18.98,1.76
2026-06-08T06:49:22,1,3.69,30870.00,19.17,14820.00,999.00,19.01,1191.20,18.98,1.77
2026-06-08T06:49:22,1,3.70,30870.00,19.17,14820.00,999.00,19.01,1192.20,18.98,1.78
2026-06-08T06:49:22,1,3.69,30870.00,19.17,14820.00,999.00,19.00,1192.50,18.98,1.78
2026-06-08T06:49:23,1,3.68,30870.00,19.17,14820.00,999.00,19.02,1194.10,18.98,1.79
2026-06-08T06:49:23,1,3.69,30870.00,19.17,14820.00,999.00,19.02,1194.20,18.98,1.80
2026-06-08T06:49:23,1,3.70,30860.00,19.16,14815.00,999.00,19.01,1195.00,18.98,1.80
2026-06-08T06:49:23,1,3.71,30860.00,19.16,14815.00,999.00,19.01,1196.50,18.98,1.82
2026-06-08T06:49:23,1,3.71,30860.00,19.16,14815.00,999.00,19.00,1197.20,18.98,1.83
2026-06-08T06:49:24,1,3.68,30860.00,19.16,14815.00,999.00,19.01,1198.70,18.98,1.84
2026-06-08T06:49:24,1,3.70,30860.00,19.16,14815.00,999.00,19.01,1200.20,18.98,1.86
2026-06-08T06:49:24,1,3.69,30850.00,19.15,14809.00,999.00,19.01,1200.60,18.99,1.86
2026-06-08T06:49:24,1,3.70,30850.00,19.15,14809.00,999.00,19.02,1202.10,18.98,1.87
2026-06-08T06:49:24,1,3.69,30850.00,19.15,14809.00,999.00,19.01,1202.80,18.98,1.88
2026-06-08T06:49:25,1,3.70,30850.00,19.15,14809.00,999.00,19.02,1203.80,18.99,1.89
2026-06-08T06:49:25,1,3.71,30850.00,19.16,14811.00,999.00,19.01,1204.40,18.99,1.90
2026-06-08T06:49:25,1,3.71,30850.00,19.16,14811.00,999.00,19.01,1205.00,18.99,1.90
2026-06-08T06:49:25,1,3.70,30850.00,19.16,14811.00,999.00,19.01,1206.10,18.99,1.91
2026-06-08T06:49:26,1,3.69,30850.00,19.16,14811.00,999.00,19.00,1206.80,18.99,1.92
2026-06-08T06:49:26,1,3.68,30850.00,19.16,14811.00,999.00,19.00,1207.70,18.98,1.93
2026-06-08T06:49:26,1,3.70,30840.00,19.15,14804.00,999.00,19.00,1208.20,18.99,1.93
2026-06-08T06:49:26,1,3.69,30840.00,19.15,14804.00,999.00,19.01,1208.90,18.99,1.94
2026-06-08T06:49:26,1,3.70,30840.00,19.15,14804.00,999.00,19.00,1209.40,18.99,1.95
2026-06-08T06:49:27,1,3.70,30840.00,19.15,14804.00,999.00,19.01,1210.40,18.99,1.96
2026-06-08T06:49:27,1,3.70,30840.00,19.15,14804.00,999.00,19.00,1211.30,18.99,1.97
2026-06-08T06:49:27,1,3.71,30850.00,19.15,14809.00,999.00,19.01,1212.30,18.99,1.98
2026-06-08T06:49:27,1,3.71,30850.00,19.15,14809.00,999.00,19.00,1213.40,18.99,1.99
2026-06-08T06:49:27,1,3.66,30850.00,19.15,14809.00,999.00,19.01,1214.50,18.99,2.00
2026-06-08T06:49:28,1,3.68,30850.00,19.15,14809.00,999.00,19.01,1214.80,18.99,2.00
2026-06-08T06:49:28,1,3.70,30830.00,19.14,14802.00,999.00,19.02,1215.30,18.99,2.00
2026-06-08T06:49:28,1,3.72,30830.00,19.14,14802.00,999.00,19.01,1216.60,18.99,2.02
2026-06-08T06:49:28,1,3.70,30830.00,19.14,14802.00,999.00,19.01,1216.80,18.99,2.02
2026-06-08T06:49:28,1,3.68,30830.00,19.14,14802.00,999.00,19.01,1217.30,18.99,2.02
2026-06-08T06:49:29,1,3.68,30830.00,19.14,14802.00,999.00,19.01,1218.20,18.99,2.03
2026-06-08T06:49:29,1,3.71,30850.00,19.16,14812.00,999.00,19.01,1218.00,18.99,2.03
2026-06-08T06:49:29,1,3.71,30850.00,19.16,14812.00,999.00,19.01,1219.10,18.99,2.04
2026-06-08T06:49:29,1,3.72,30850.00,19.16,14812.00,999.00,19.01,1220.70,19.00,2.06
2026-06-08T06:49:29,1,3.70,30850.00,19.16,14812.00,999.00,19.01,1221.30,18.99,2.06
2026-06-08T06:49:30,1,3.69,30850.00,19.16,14812.00,999.00,19.01,1222.70,18.99,2.08
2026-06-08T06:49:30,1,3.71,30850.00,19.15,14809.00,999.00,19.00,1223.50,18.99,2.09
2026-06-08T06:49:30,1,3.69,30850.00,19.15,14809.00,999.00,19.01,1224.60,19.00,2.10
2026-06-08T06:49:30,1,3.69,30850.00,19.15,14809.00,999.00,19.01,1224.50,19.00,2.10
2026-06-08T06:49:31,1,3.68,30850.00,19.15,14809.00,999.00,19.01,1225.10,19.00,2.10
2026-06-08T06:49:31,1,3.70,30850.00,19.15,14809.00,999.00,19.01,1225.90,19.00,2.11
2026-06-08T06:49:31,1,3.69,30830.00,19.14,14799.00,999.00,19.00,1226.30,19.00,2.11
2026-06-08T06:49:31,1,3.70,30830.00,19.14,14799.00,999.00,19.01,1227.20,19.00,2.12
2026-06-08T06:49:31,1,3.71,30830.00,19.14,14799.00,999.00,19.00,1228.20,19.00,2.13
2026-06-08T06:49:32,1,3.68,30830.00,19.14,14799.00,999.00,19.00,1228.30,19.00,2.13
2026-06-08T06:49:32,1,3.68,30830.00,19.15,14803.00,999.00,19.01,1229.30,19.00,2.14
2026-06-08T06:49:32,1,3.69,30830.00,19.15,14803.00,999.00,19.01,1229.70,19.00,2.15
2026-06-08T06:49:32,1,3.69,30830.00,19.15,14803.00,999.00,19.00,1230.30,19.00,2.15
2026-06-08T06:49:32,1,3.68,30830.00,19.15,14803.00,999.00,19.01,1231.20,19.00,2.16
2026-06-08T06:49:33,1,3.70,30830.00,19.15,14803.00,999.00,19.00,1231.50,19.00,2.17
2026-06-08T06:49:33,1,3.71,30840.00,19.15,14807.00,999.00,19.00,1232.30,19.00,2.17
2026-06-08T06:49:33,1,3.71,30840.00,19.15,14807.00,999.00,19.01,1232.90,19.00,2.18
2026-06-08T06:49:33,1,3.69,30840.00,19.15,14807.00,999.00,19.01,1233.80,18.99,2.19
2026-06-08T06:49:33,1,3.69,30840.00,19.15,14807.00,999.00,19.01,1234.50,19.00,2.20
2026-06-08T06:49:34,1,3.66,30840.00,19.15,14807.00,999.00,19.01,1235.20,19.00,2.20
2026-06-08T06:49:34,1,3.71,30840.00,19.15,14804.00,999.00,19.02,1235.70,19.00,2.21
2026-06-08T06:49:34,1,3.69,30840.00,19.15,14804.00,999.00,19.01,1236.10,19.00,2.21
2026-06-08T06:49:34,1,3.72,30840.00,19.15,14804.00,999.00,19.01,1236.70,19.00,2.22
2026-06-08T06:49:35,1,3.68,30840.00,19.15,14804.00,999.00,19.00,1236.70,19.00,2.22
2026-06-08T06:49:35,1,3.67,30830.00,19.14,14802.00,999.00,19.00,1237.40,19.00,2.22
2026-06-08T06:49:35,1,3.69,30830.00,19.14,14802.00,999.00,19.02,1238.10,19.00,2.23
2026-06-08T06:49:35,1,3.71,30830.00,19.14,14802.00,999.00,19.00,1238.70,19.00,2.24
2026-06-08T06:49:35,1,3.70,30830.00,19.14,14802.00,999.00,19.01,1239.80,19.00,2.25
2026-06-08T06:49:36,1,3.70,30830.00,19.14,14802.00,999.00,19.01,1239.90,19.00,2.25
2026-06-08T06:49:36,1,3.70,30850.00,19.16,14810.00,999.00,19.00,1240.70,19.00,2.26
2026-06-08T06:49:36,1,3.69,30850.00,19.16,14810.00,999.00,19.01,1241.50,19.00,2.26
2026-06-08T06:49:36,1,3.71,30850.00,19.16,14810.00,999.00,19.01,1242.00,19.00,2.27
2026-06-08T06:49:36,1,3.66,30850.00,19.16,14810.00,999.00,19.00,1242.50,19.01,2.27
2026-06-08T06:49:37,1,3.68,30850.00,19.16,14810.00,999.00,19.01,1243.20,19.00,2.28
2026-06-08T06:49:37,1,3.71,30850.00,19.16,14811.00,999.00,19.00,1243.20,19.00,2.28
2026-06-08T06:49:37,1,3.69,30850.00,19.16,14811.00,999.00,19.00,1244.00,19.01,2.29
2026-06-08T06:49:37,1,3.70,30850.00,19.16,14811.00,999.00,19.00,1244.90,19.00,2.30
2026-06-08T06:49:37,1,3.69,30850.00,19.16,14811.00,999.00,19.02,1246.50,19.01,2.31
2026-06-08T06:49:38,1,3.70,30850.00,19.16,14811.00,999.00,19.01,1247.50,19.01,2.32
2026-06-08T06:49:38,1,3.71,30850.00,19.15,14809.00,999.00,19.02,1248.70,19.01,2.34
2026-06-08T06:49:38,1,3.69,30850.00,19.15,14809.00,999.00,19.00,1249.70,19.01,2.35
2026-06-08T06:49:38,1,3.68,30850.00,19.15,14809.00,999.00,19.01,1250.70,19.00,2.36
2026-06-08T06:49:38,1,3.68,30850.00,19.15,14809.00,999.00,19.00,1251.30,19.01,2.36
2026-06-08T06:49:39,1,3.68,30860.00,19.16,14815.00,999.00,19.01,1252.40,19.00,2.37
2026-06-08T06:49:39,1,3.71,30860.00,19.16,14815.00,999.00,19.00,1253.50,19.00,2.38
2026-06-08T06:49:39,1,3.70,30860.00,19.16,14815.00,999.00,19.00,1254.40,19.01,2.39
2026-06-08T06:49:39,1,3.70,30860.00,19.16,14815.00,999.00,19.00,1255.80,19.01,2.41
2026-06-08T06:49:40,1,3.68,30860.00,19.16,14815.00,999.00,19.01,1256.40,19.01,2.41
2026-06-08T06:49:40,1,3.68,30860.00,19.16,14814.00,999.00,19.00,1256.60,19.01,2.41
2026-06-08T06:49:40,1,3.69,30860.00,19.16,14814.00,999.00,19.01,1258.20,19.01,2.43
2026-06-08T06:49:40,1,3.70,30860.00,19.16,14814.00,999.00,19.00,1258.30,19.01,2.43
2026-06-08T06:49:40,1,3.68,30860.00,19.16,14814.00,999.00,19.01,1259.60,19.01,2.44
2026-06-08T06:49:41,1,3.68,30860.00,19.16,14814.00,999.00,19.00,1261.20,19.01,2.46
2026-06-08T06:49:41,1,3.69,30850.00,19.15,14808.00,999.00,19.02,1261.90,19.01,2.47
2026-06-08T06:49:41,1,3.70,30850.00,19.15,14808.00,999.00,19.01,1262.80,19.01,2.48
2026-06-08T06:49:41,1,3.71,30850.00,19.15,14808.00,999.00,19.01,1264.60,19.01,2.49
2026-06-08T06:49:41,1,3.68,30850.00,19.15,14808.00,999.00,19.02,1267.00,19.01,2.52
2026-06-08T06:49:42,1,3.70,30850.00,19.15,14808.00,999.00,19.01,1268.40,19.01,2.53
2026-06-08T06:49:42,1,3.71,30850.00,19.16,14810.00,999.00,19.00,1269.20,19.01,2.54
2026-06-08T06:49:42,1,3.71,30850.00,19.16,14810.00,999.00,19.00,1270.20,19.01,2.55
2026-06-08T06:49:42,1,3.69,30850.00,19.16,14810.00,999.00,19.00,1270.80,19.01,2.55
2026-06-08T06:49:42,1,3.68,30850.00,19.16,14810.00,999.00,19.00,1272.10,19.01,2.57
2026-06-08T06:49:43,1,3.70,30850.00,19.15,14808.00,999.00,19.00,1272.90,19.01,2.58
2026-06-08T06:49:43,1,3.71,30850.00,19.15,14808.00,999.00,19.01,1274.40,19.02,2.59
2026-06-08T06:49:43,1,3.71,30850.00,19.15,14808.00,999.00,19.02,1275.20,19.01,2.60
2026-06-08T06:49:43,1,3.70,30850.00,19.15,14808.00,999.00,19.01,1275.80,19.02,2.60
2026-06-08T06:49:43,1,3.70,30850.00,19.15,14808.00,999.00,19.01,1277.20,19.01,2.62
2026-06-08T06:49:44,1,3.70,30860.00,19.16,14814.00,999.00,19.01,1278.20,19.01,2.63
2026-06-08T06:49:44,1,3.72,30860.00,19.16,14814.00,999.00,19.01,1279.60,19.02,2.64
2026-06-08T06:49:44,1,3.70,30860.00,19.16,14814.00,999.00,19.00,1280.80,19.02,2.65
2026-06-08T06:49:44,1,3.70,30860.00,19.16,14814.00,999.00,19.01,1282.40,19.02,2.67
2026-06-08T06:49:44,1,3.70,30860.00,19.16,14814.00,999.00,19.00,1284.20,19.02,2.69
2026-06-08T06:49:45,1,3.69,30850.00,19.16,14810.00,999.00,19.01,1286.10,19.02,2.71
2026-06-08T06:49:45,1,3.71,30850.00,19.16,14810.00,999.00,19.01,1288.30,19.02,2.73
2026-06-08T06:49:45,1,3.71,30850.00,19.16,14810.00,999.00,19.01,1290.40,19.02,2.75
2026-06-08T06:49:45,1,3.70,30850.00,19.16,14810.00,999.00,19.01,1291.80,19.02,2.76
2026-06-08T06:49:46,1,3.70,30850.00,19.16,14810.00,999.00,19.01,1293.30,19.02,2.78
2026-06-08T06:49:46,1,3.70,30860.00,19.16,14815.00,999.00,19.00,1294.10,19.02,2.79
2026-06-08T06:49:46,1,3.71,30860.00,19.16,14815.00,999.00,19.01,1294.90,19.02,2.79
2026-06-08T06:49:46,1,3.71,30860.00,19.16,14815.00,999.00,19.01,1295.70,19.02,2.80
2026-06-08T06:49:46,1,3.67,30860.00,19.16,14815.00,999.00,19.01,1297.20,19.01,2.82
2026-06-08T06:49:47,1,3.70,30850.00,19.16,14810.00,999.00,19.00,1298.10,19.02,2.83
2026-06-08T06:49:47,1,3.69,30850.00,19.16,14810.00,999.00,19.00,1299.30,19.02,2.84
2026-06-08T06:49:47,1,3.70,30850.00,19.16,14810.00,999.00,19.01,1299.70,19.02,2.84
2026-06-08T06:49:47,1,3.70,30850.00,19.16,14810.00,999.00,19.00,1301.20,19.02,2.86
2026-06-08T06:49:47,1,3.70,30850.00,19.16,14810.00,999.00,19.02,1302.70,19.02,2.87
2026-06-08T06:49:48,1,3.68,30850.00,19.15,14809.00,999.00,19.01,1304.80,19.02,2.89
2026-06-08T06:49:48,1,3.71,30850.00,19.15,14809.00,999.00,19.01,1305.40,19.02,2.90
2026-06-08T06:49:48,1,3.72,30850.00,19.15,14809.00,999.00,19.00,1307.50,19.02,2.92
2026-06-08T06:49:48,1,3.66,30850.00,19.15,14809.00,999.00,19.00,1308.70,19.02,2.93
2026-06-08T06:49:48,1,3.68,30850.00,19.15,14809.00,999.00,19.01,1309.50,19.02,2.94
2026-06-08T06:49:49,1,3.71,30850.00,19.15,14810.00,999.00,19.01,1311.00,19.02,2.95
2026-06-08T06:49:49,1,3.71,30850.00,19.15,14810.00,999.00,19.00,1311.60,19.02,2.96
2026-06-08T06:49:49,1,3.70,30850.00,19.15,14810.00,999.00,19.00,1312.10,19.03,2.96
2026-06-08T06:49:49,1,3.70,30850.00,19.15,14810.00,999.00,19.01,1313.60,19.03,2.98
2026-06-08T06:49:50,1,3.68,30850.00,19.15,14810.00,999.00,19.00,1314.20,19.02,2.98
2026-06-08T06:49:50,1,3.70,30860.00,19.16,14817.00,999.00,19.00,1314.90,19.02,2.99
2026-06-08T06:49:50,1,3.71,30860.00,19.16,14817.00,999.00,19.00,1316.10,19.03,3.00
2026-06-08T06:49:50,1,3.68,30860.00,19.16,14817.00,999.00,19.00,1317.60,19.03,3.02
2026-06-08T06:49:50,1,3.70,30860.00,19.16,14817.00,999.00,19.01,1318.50,19.03,3.03
2026-06-08T06:49:51,1,3.69,30850.00,19.15,14809.00,999.00,19.02,1319.20,19.03,3.03
2026-06-08T06:49:51,1,3.70,30850.00,19.15,14809.00,999.00,19.01,1320.00,19.03,3.04
2026-06-08T06:49:51,1,3.71,30850.00,19.15,14809.00,999.00,19.00,1321.10,19.02,3.05
2026-06-08T06:49:51,1,3.69,30850.00,19.15,14809.00,999.00,19.02,1321.60,19.03,3.06
2026-06-08T06:49:51,1,3.69,30850.00,19.15,14809.00,999.00,19.02,1322.60,19.03,3.07
2026-06-08T06:49:52,1,3.69,30840.00,19.15,14806.00,999.00,19.00,1322.60,19.02,3.07
2026-06-08T06:49:52,1,3.72,30840.00,19.15,14806.00,999.00,19.00,1323.50,19.03,3.08
2026-06-08T06:49:52,1,3.69,30840.00,19.15,14806.00,999.00,19.00,1323.60,19.03,3.08
2026-06-08T06:49:52,1,3.70,30840.00,19.15,14806.00,999.00,19.00,1324.10,19.03,3.08
2026-06-08T06:49:52,1,3.68,30840.00,19.15,14806.00,999.00,19.00,1325.30,19.03,3.09
2026-06-08T06:49:53,1,3.69,30860.00,19.16,14817.00,999.00,19.01,1327.10,19.03,3.11
2026-06-08T06:49:53,1,3.68,30860.00,19.16,14817.00,999.00,19.00,1328.30,19.03,3.12
2026-06-08T06:49:53,1,3.70,30860.00,19.16,14817.00,999.00,19.01,1330.30,19.03,3.14
2026-06-08T06:49:53,1,3.67,30860.00,19.16,14817.00,999.00,19.01,1331.80,19.03,3.16
2026-06-08T06:49:53,1,3.70,30850.00,19.15,14809.00,999.00,19.00,1333.70,19.03,3.18
2026-06-08T06:49:54,1,3.71,30850.00,19.15,14809.00,999.00,19.01,1334.80,19.03,3.19
2026-06-08T06:49:54,1,3.72,30850.00,19.15,14809.00,999.00,19.00,1335.80,19.03,3.20
2026-06-08T06:49:54,1,3.68,30850.00,19.15,14809.00,999.00,19.00,1337.10,19.03,3.21
2026-06-08T06:49:54,1,3.69,30850.00,19.15,14809.00,999.00,19.01,1337.80,19.03,3.22
2026-06-08T06:49:55,1,3.68,30850.00,19.15,14810.00,999.00,19.00,1338.70,19.03,3.23
2026-06-08T06:49:55,1,3.71,30850.00,19.15,14810.00,999.00,19.01,1339.70,19.03,3.24
2026-06-08T06:49:55,1,3.71,30850.00,19.15,14810.00,999.00,19.01,1340.40,19.03,3.24
2026-06-08T06:49:55,1,3.70,30850.00,19.15,14810.00,999.00,19.01,1341.40,19.03,3.25
2026-06-08T06:49:55,1,3.71,30850.00,19.15,14810.00,999.00,19.01,1342.00,19.03,3.26
2026-06-08T06:49:56,1,3.71,30850.00,19.16,14810.00,999.00,19.00,1341.70,19.03,3.26
2026-06-08T06:49:56,1,3.71,30850.00,19.16,14810.00,999.00,19.01,1341.90,19.03,3.26
2026-06-08T06:49:56,1,3.69,30850.00,19.16,14810.00,999.00,19.00,1342.40,19.04,3.26
2026-06-08T06:49:56,1,3.69,30850.00,19.16,14810.00,999.00,19.01,1344.00,19.03,3.28
2026-06-08T06:49:56,1,3.69,30850.00,19.16,14810.00,999.00,19.00,1345.50,19.04,3.30
2026-06-08T06:49:57,1,3.70,30840.00,19.15,14806.00,999.00,19.00,1346.20,19.03,3.30
2026-06-08T06:49:57,1,3.71,30840.00,19.15,14806.00,999.00,19.00,1346.20,19.04,3.30
2026-06-08T06:49:57,1,3.67,30840.00,19.15,14806.00,999.00,19.01,1346.30,19.04,3.30
2026-06-08T06:49:57,1,3.70,30840.00,19.15,14806.00,999.00,19.00,1346.70,19.04,3.31
2026-06-08T06:49:57,1,3.68,30840.00,19.15,14805.00,999.00,19.01,1347.50,19.04,3.31
2026-06-08T06:49:58,1,3.70,30840.00,19.15,14805.00,999.00,19.00,1349.50,19.03,3.33
2026-06-08T06:49:58,1,3.68,30840.00,19.15,14805.00,999.00,19.01,1350.80,19.03,3.35
2026-06-08T06:49:58,1,3.68,30840.00,19.15,14805.00,999.00,19.01,1351.80,19.04,3.36
2026-06-08T06:49:58,1,3.70,30840.00,19.15,14805.00,999.00,19.00,1352.00,19.04,3.36
2026-06-08T06:49:58,1,3.68,30860.00,19.16,14813.00,999.00,19.01,1352.00,19.04,3.36
2026-06-08T06:49:59,1,3.71,30860.00,19.16,14813.00,999.00,19.01,1353.20,19.04,3.37
2026-06-08T06:49:59,1,3.71,30860.00,19.16,14813.00,999.00,19.00,1354.60,19.04,3.39
2026-06-08T06:49:59,1,3.68,30860.00,19.16,14813.00,999.00,19.00,1355.00,19.04,3.39
2026-06-08T06:49:59,1,3.70,30860.00,19.16,14813.00,999.00,19.00,1355.80,19.03,3.40
2026-06-08T06:50:00,1,3.68,30870.00,19.17,14819.00,999.00,19.01,1356.70,19.04,3.41
2026-06-08T06:50:00,1,3.69,30870.00,19.17,14819.00,999.00,19.00,1356.70,19.03,3.41
2026-06-08T06:50:00,1,3.70,30870.00,19.17,14819.00,999.00,19.01,1357.10,19.04,3.41
2026-06-08T06:50:00,1,3.68,30870.00,19.17,14819.00,999.00,19.00,1358.00,19.04,3.42
2026-06-08T06:50:00,1,3.70,30860.00,19.16,14814.00,999.00,19.01,1359.30,19.04,3.43
2026-06-08T06:50:01,1,3.68,30860.00,19.16,14814.00,999.00,19.00,1360.50,19.04,3.44
2026-06-08T06:50:01,1,3.72,30860.00,19.16,14814.00,999.00,19.01,1361.30,19.03,3.45
2026-06-08T06:50:01,1,3.70,30860.00,19.16,14814.00,999.00,19.00,1362.80,19.04,3.47
2026-06-08T06:50:01,1,3.68,30860.00,19.16,14814.00,999.00,19.01,1364.10,19.04,3.48
2026-06-08T06:50:01,1,3.69,30840.00,19.15,14807.00,999.00,19.01,1364.10,19.04,3.48
2026-06-08T06:50:02,1,3.70,30840.00,19.15,14807.00,999.00,19.01,1365.60,19.04,3.49
2026-06-08T06:50:02,1,3.71,30840.00,19.15,14807.00,999.00,19.00,1366.80,19.04,3.51
2026-06-08T06:50:02,1,3.68,30840.00,19.15,14807.00,999.00,19.02,1367.30,19.04,3.51
2026-06-08T06:50:02,1,3.69,30840.00,19.15,14807.00,999.00,19.01,1367.90,19.04,3.52
2026-06-08T06:50:02,1,3.71,30850.00,19.16,14811.00,999.00,19.01,1368.50,19.04,3.52
2026-06-08T06:50:03,1,3.71,30850.00,19.16,14811.00,999.00,19.01,1369.30,19.04,3.53
2026-06-08T06:50:03,1,3.71,30850.00,19.16,14811.00,999.00,19.00,1369.50,19.04,3.53
2026-06-08T06:50:03,1,3.68,30850.00,19.16,14811.00,999.00,19.00,1369.30,19.04,3.53
2026-06-08T06:50:03,1,3.67,30850.00,19.16,14811.00,999.00,19.00,1370.10,19.04,3.54
2026-06-08T06:50:03,1,3.70,30860.00,19.16,14813.00,999.00,19.00,1370.80,19.04,3.55
2026-06-08T06:50:04,1,3.71,30860.00,19.16,14813.00,999.00,19.00,1371.60,19.03,3.55
2026-06-08T06:50:04,1,3.70,30860.00,19.16,14813.00,999.00,19.01,1372.80,19.04,3.57
2026-06-08T06:50:04,1,3.70,30860.00,19.16,14813.00,999.00,19.00,1374.40,19.04,3.58
2026-06-08T06:50:04,1,3.68,30860.00,19.16,14813.00,999.00,19.00,1374.40,19.04,3.58
2026-06-08T06:50:05,1,3.71,30860.00,19.16,14813.00,999.00,19.01,1374.80,19.04,3.59
2026-06-08T06:50:05,1,3.71,30860.00,19.16,14813.00,999.00,19.00,1375.00,19.04,3.59
2026-06-08T06:50:05,1,3.70,30860.00,19.16,14813.00,999.00,19.01,1374.90,19.04,3.59
2026-06-08T06:50:05,1,3.69,30860.00,19.16,14813.00,999.00,19.00,1375.70,19.04,3.59
2026-06-08T06:50:05,1,3.71,30850.00,19.16,14813.00,999.00,19.01,1377.00,19.04,3.61
2026-06-08T06:50:06,1,3.71,30850.00,19.16,14813.00,999.00,19.01,1377.20,19.04,3.61
2026-06-08T06:50:06,1,3.70,30850.00,19.16,14813.00,999.00,19.00,1377.20,19.04,3.61
2026-06-08T06:50:06,1,3.68,30850.00,19.16,14813.00,999.00,19.01,1378.20,19.04,3.62
2026-06-08T06:50:06,1,3.70,30850.00,19.16,14813.00,999.00,19.00,1381.30,19.04,3.65
2026-06-08T06:50:06,1,3.70,30890.00,19.19,14831.00,999.00,19.01,1384.00,19.04,3.68
2026-06-08T06:50:07,1,3.70,30890.00,19.19,14831.00,999.00,19.01,1385.20,19.04,3.69
2026-06-08T06:50:07,1,3.71,30890.00,19.19,14831.00,999.00,19.01,1386.30,19.04,3.70
2026-06-08T06:50:07,1,3.69,30890.00,19.19,14831.00,999.00,19.00,1386.60,19.04,3.70
2026-06-08T06:50:07,1,3.68,30890.00,19.19,14831.00,999.00,19.00,1386.60,19.04,3.70
2026-06-08T06:50:07,1,3.70,30950.00,19.22,14856.00,999.00,19.00,1386.90,19.04,3.71
2026-06-08T06:50:08,1,3.71,30950.00,19.22,14856.00,999.00,19.01,1387.50,19.04,3.71
2026-06-08T06:50:08,1,3.71,30950.00,19.22,14856.00,999.00,19.00,1388.30,19.05,3.72
2026-06-08T06:50:08,1,3.68,30950.00,19.22,14856.00,999.00,19.00,1387.80,19.04,3.71
2026-06-08T06:50:08,1,3.70,30980.00,19.24,14872.00,999.00,19.02,1388.20,19.05,3.72
2026-06-08T06:50:08,1,3.71,30980.00,19.24,14872.00,999.00,19.00,1389.10,19.04,3.73
2026-06-08T06:50:09,1,3.68,30980.00,19.24,14872.00,999.00,19.00,1389.40,19.04,3.73
2026-06-08T06:50:09,1,3.68,30980.00,19.24,14872.00,999.00,19.00,1390.10,19.05,3.74
2026-06-08T06:50:09,1,3.68,30980.00,19.24,14872.00,999.00,19.01,1390.90,19.04,3.74
2026-06-08T06:50:09,1,3.71,31000.00,19.26,14881.00,999.00,19.01,1390.70,19.04,3.74
2026-06-08T06:50:10,1,3.70,31000.00,19.26,14881.00,999.00,19.00,1390.80,19.04,3.74
2026-06-08T06:50:10,1,3.71,31000.00,19.26,14881.00,999.00,19.00,1390.70,19.05,3.74
2026-06-08T06:50:10,1,3.67,31000.00,19.26,14881.00,999.00,19.00,1390.70,19.04,3.74
2026-06-08T06:50:10,1,3.68,31000.00,19.26,14881.00,999.00,19.01,1390.80,19.05,3.74
2026-06-08T06:50:10,1,3.69,30960.00,19.23,14865.00,999.00,19.02,1390.50,19.04,3.74
2026-06-08T06:50:11,1,3.71,30960.00,19.23,14865.00,999.00,19.00,1390.90,19.04,3.74
2026-06-08T06:50:11,1,3.71,30960.00,19.23,14865.00,999.00,19.00,1390.40,19.05,3.74
2026-06-08T06:50:11,1,3.68,30960.00,19.23,14865.00,999.00,19.01,1391.00,19.04,3.75
2026-06-08T06:50:11,1,3.68,30960.00,19.23,14865.00,999.00,19.01,1391.20,19.05,3.75
2026-06-08T06:50:11,1,3.69,31000.00,19.26,14884.00,999.00,19.01,1390.60,19.04,3.74
2026-06-08T06:50:12,1,3.71,31000.00,19.26,14884.00,999.00,19.01,1391.20,19.04,3.75
2026-06-08T06:50:12,1,3.71,31000.00,19.26,14884.00,999.00,19.01,1390.40,19.05,3.74
2026-06-08T06:50:12,1,3.70,31000.00,19.26,14884.00,999.00,19.00,1391.10,19.04,3.75
2026-06-08T06:50:12,1,3.69,31010.00,19.26,14885.00,999.00,19.01,1391.40,19.04,3.75
2026-06-08T06:50:12,1,3.69,31010.00,19.26,14885.00,999.00,19.01,1391.50,19.04,3.75
2026-06-08T06:50:13,1,3.72,31010.00,19.26,14885.00,999.00,19.01,1391.70,19.04,3.75
2026-06-08T06:50:13,1,3.70,31010.00,19.26,14885.00,999.00,19.01,1391.50,19.04,3.75
2026-06-08T06:50:13,1,3.70,31010.00,19.26,14885.00,999.00,19.01,1392.10,19.04,3.76
2026-06-08T06:50:13,1,3.70,30990.00,19.25,14879.00,999.00,19.01,1391.30,19.05,3.75
2026-06-08T06:50:14,1,3.70,30990.00,19.25,14879.00,999.00,19.01,1391.60,19.04,3.75
2026-06-08T06:50:14,1,3.71,30990.00,19.25,14879.00,999.00,19.00,1391.80,19.04,3.75
2026-06-08T06:50:14,1,3.68,30990.00,19.25,14879.00,999.00,19.01,1392.40,19.05,3.76
2026-06-08T06:50:14,1,3.71,30990.00,19.25,14879.00,999.00,19.01,1392.90,19.05,3.76
2026-06-08T06:50:14,1,3.70,30970.00,19.24,14867.00,999.00,19.01,1392.90,19.04,3.76
2026-06-08T06:50:15,1,3.68,30970.00,19.24,14867.00,999.00,19.01,1393.30,19.04,3.77
2026-06-08T06:50:15,1,3.71,30970.00,19.24,14867.00,999.00,19.00,1393.80,19.05,3.77
2026-06-08T06:50:15,1,3.68,30970.00,19.24,14867.00,999.00,19.00,1393.90,19.04,3.77
2026-06-08T06:50:15,1,3.70,30970.00,19.24,14867.00,999.00,19.01,1394.30,19.05,3.78
2026-06-08T06:50:15,1,3.71,30990.00,19.25,14879.00,999.00,19.01,1394.30,19.04,3.78
2026-06-08T06:50:16,1,3.68,30990.00,19.25,14879.00,999.00,19.00,1395.00,19.04,3.79
2026-06-08T06:50:16,1,3.69,30990.00,19.25,14879.00,999.00,19.00,1395.30,19.04,3.79
2026-06-08T06:50:16,1,3.70,30990.00,19.25,14879.00,999.00,19.02,1395.80,19.04,3.79
2026-06-08T06:50:16,1,3.69,31000.00,19.26,14881.00,999.00,19.01,1396.00,19.05,3.80
2026-06-08T06:50:16,1,3.71,31000.00,19.26,14881.00,999.00,19.01,1396.50,19.04,3.80
2026-06-08T06:50:17,1,3.71,31000.00,19.26,14881.00,999.00,19.02,1396.80,19.04,3.80
2026-06-08T06:50:17,1,3.67,31000.00,19.26,14881.00,999.00,19.01,1396.90,19.04,3.80
2026-06-08T06:50:17,1,3.67,31000.00,19.26,14881.00,999.00,19.01,1398.10,19.04,3.82
2026-06-08T06:50:17,1,3.69,31010.00,19.27,14889.00,999.00,19.01,1398.50,19.04,3.82
2026-06-08T06:50:17,1,3.70,31010.00,19.27,14889.00,999.00,19.00,1399.00,19.04,3.83
2026-06-08T06:50:18,1,3.71,31010.00,19.27,14889.00,999.00,19.01,1399.60,19.04,3.83
2026-06-08T06:50:18,1,3.68,31010.00,19.27,14889.00,999.00,19.01,1399.80,19.04,3.83
2026-06-08T06:50:18,1,3.68,31010.00,19.27,14889.00,999.00,19.00,1400.00,19.05,3.84
2026-06-08T06:50:18,1,3.72,31000.00,19.26,14882.00,999.00,19.02,1400.30,19.05,3.84
2026-06-08T06:50:19,1,3.70,31000.00,19.26,14882.00,999.00,19.02,1400.90,19.04,3.84
2026-06-08T06:50:19,1,3.70,31000.00,19.26,14882.00,999.00,19.01,1401.40,19.04,3.85
2026-06-08T06:50:19,1,3.70,31000.00,19.26,14882.00,999.00,19.01,1401.90,19.05,3.85
2026-06-08T06:50:19,1,3.68,30960.00,19.23,14863.00,999.00,19.01,1401.50,19.04,3.85
2026-06-08T06:50:19,1,3.69,30960.00,19.23,14863.00,999.00,19.00,1402.00,19.04,3.85
2026-06-08T06:50:20,1,3.71,30960.00,19.23,14863.00,999.00,19.01,1402.50,19.04,3.86
2026-06-08T06:50:20,1,3.70,30960.00,19.23,14863.00,999.00,19.00,1402.70,19.05,3.86
2026-06-08T06:50:20,1,3.66,30960.00,19.23,14863.00,999.00,19.01,1402.80,19.04,3.86
2026-06-08T06:50:20,1,3.71,30940.00,19.22,14852.00,999.00,19.01,1403.30,19.04,3.87
2026-06-08T06:50:20,1,3.69,30940.00,19.22,14852.00,999.00,19.01,1403.20,19.05,3.87
2026-06-08T06:50:21,1,3.71,30940.00,19.22,14852.00,999.00,19.00,1403.50,19.04,3.87
2026-06-08T06:50:21,1,3.70,30940.00,19.22,14852.00,999.00,19.00,1404.20,19.04,3.88
2026-06-08T06:50:21,1,3.68,30940.00,19.22,14852.00,999.00,19.00,1405.10,19.04,3.89
2026-06-08T06:50:21,1,3.70,30890.00,19.18,14829.00,999.00,19.01,1405.40,19.04,3.89
2026-06-08T06:50:21,1,3.72,30890.00,19.18,14829.00,999.00,19.01,1404.80,19.04,3.88
2026-06-08T06:50:22,1,3.71,30890.00,19.18,14829.00,999.00,19.00,1405.30,19.05,3.89
2026-06-08T06:50:22,1,3.69,30890.00,19.18,14829.00,999.00,19.01,1405.90,19.04,3.89
2026-06-08T06:50:22,1,3.70,30890.00,19.18,14829.00,999.00,19.01,1406.70,19.04,3.90
2026-06-08T06:50:22,1,3.70,30910.00,19.20,14840.00,999.00,19.00,1407.80,19.04,3.91
2026-06-08T06:50:22,1,3.71,30910.00,19.20,14840.00,999.00,19.02,1408.30,19.04,3.92
2026-06-08T06:50:23,1,3.71,30910.00,19.20,14840.00,999.00,18.99,1408.20,19.04,3.92
2026-06-08T06:50:23,1,3.70,30910.00,19.20,14840.00,999.00,19.00,1408.70,19.04,3.92
2026-06-08T06:50:23,1,3.70,30870.00,19.17,14820.00,999.00,19.00,1408.90,19.04,3.92
2026-06-08T06:50:23,1,3.69,30870.00,19.17,14820.00,999.00,19.00,1409.40,19.04,3.93
2026-06-08T06:50:23,1,3.71,30870.00,19.17,14820.00,999.00,19.01,1410.40,19.04,3.94
2026-06-08T06:50:24,1,3.71,30870.00,19.17,14820.00,999.00,19.00,1410.10,19.04,3.94
2026-06-08T06:50:24,1,3.70,30870.00,19.17,14820.00,999.00,19.00,1411.10,19.04,3.95
2026-06-08T06:50:24,1,3.71,30840.00,19.15,14804.00,999.00,19.01,1411.20,19.05,3.95
2026-06-08T06:50:24,1,3.71,30840.00,19.15,14804.00,999.00,19.00,1411.90,19.04,3.95
2026-06-08T06:50:25,1,3.71,30840.00,19.15,14804.00,999.00,19.01,1412.10,19.05,3.95
2026-06-08T06:50:25,1,3.68,30840.00,19.15,14804.00,999.00,19.00,1412.30,19.04,3.96
2026-06-08T06:50:25,1,3.69,30840.00,19.15,14804.00,999.00,19.00,1412.80,19.04,3.96
2026-06-08T06:50:25,1,3.70,30830.00,19.14,14803.00,999.00,19.02,1412.60,19.04,3.96
2026-06-08T06:50:25,1,3.69,30830.00,19.14,14803.00,999.00,19.00,1412.70,19.05,3.96
2026-06-08T06:50:26,1,3.71,30830.00,19.14,14803.00,999.00,19.02,1412.80,19.03,3.96
2026-06-08T06:50:26,1,3.70,30830.00,19.14,14803.00,999.00,19.01,1413.00,19.04,3.96
2026-06-08T06:50:26,1,3.69,30830.00,19.14,14803.00,999.00,19.00,1413.50,19.05,3.97
2026-06-08T06:50:26,1,3.69,30830.00,19.14,14803.00,999.00,19.01,1413.20,19.04,3.97
2026-06-08T06:50:26,1,3.71,30830.00,19.14,14803.00,999.00,19.00,1413.20,19.04,3.97
2026-06-08T06:50:27,1,3.70,30830.00,19.14,14803.00,999.00,19.00,1414.10,19.05,3.97
2026-06-08T06:50:27,1,3.70,30830.00,19.14,14803.00,999.00,19.00,1414.80,19.04,3.98
2026-06-08T06:50:27,1,3.71,30830.00,19.14,14799.00,999.00,19.01,1415.10,19.04,3.98
2026-06-08T06:50:27,1,3.69,30830.00,19.14,14799.00,999.00,19.00,1415.20,19.04,3.99
2026-06-08T06:50:27,1,3.71,30830.00,19.14,14799.00,999.00,19.01,1415.20,19.04,3.99
2026-06-08T06:50:28,1,3.68,30830.00,19.14,14799.00,999.00,19.01,1416.20,19.04,4.00
2026-06-08T06:50:28,1,3.68,30830.00,19.14,14799.00,999.00,19.00,1415.90,19.04,3.99
2026-06-08T06:50:28,1,3.70,30840.00,19.15,14805.00,999.00,19.01,1416.60,19.04,4.00
2026-06-08T06:50:28,1,3.68,30840.00,19.15,14805.00,999.00,19.00,1416.60,19.04,4.00
2026-06-08T06:50:29,1,3.72,30840.00,19.15,14805.00,999.00,19.01,1417.10,19.05,4.00
2026-06-08T06:50:29,1,3.68,30840.00,19.15,14805.00,999.00,19.00,1417.10,19.04,4.00
2026-06-08T06:50:29,1,3.70,30840.00,19.15,14805.00,999.00,19.01,1417.80,19.04,4.01
2026-06-08T06:50:29,1,3.68,30830.00,19.14,14801.00,999.00,19.00,1418.30,19.04,4.02
2026-06-08T06:50:29,1,3.72,30830.00,19.14,14801.00,999.00,19.01,1418.30,19.04,4.02
2026-06-08T06:50:30,1,3.70,30830.00,19.14,14801.00,999.00,19.00,1418.90,19.04,4.02
2026-06-08T06:50:30,1,3.70,30830.00,19.14,14801.00,999.00,19.01,1420.10,19.04,4.03
2026-06-08T06:50:30,1,3.70,30830.00,19.14,14799.00,999.00,19.00,1420.70,19.04,4.04
2026-06-08T06:50:30,1,3.70,30830.00,19.14,14799.00,999.00,19.01,1420.80,19.04,4.04
2026-06-08T06:50:30,1,3.71,30830.00,19.14,14799.00,999.00,19.01,1421.30,19.05,4.05
2026-06-08T06:50:31,1,3.70,30830.00,19.14,14799.00,999.00,19.01,1420.60,19.04,4.04
2026-06-08T06:50:31,1,3.70,30830.00,19.14,14799.00,999.00,19.00,1420.70,19.04,4.04
2026-06-08T06:50:31,1,3.71,30850.00,19.16,14811.00,999.00,19.01,1421.10,19.05,4.04
2026-06-08T06:50:31,1,3.71,30850.00,19.16,14811.00,999.00,19.02,1421.10,19.05,4.04
2026-06-08T06:50:31,1,3.70,30850.00,19.16,14811.00,999.00,19.02,1421.10,19.05,4.04
2026-06-08T06:50:32,1,3.70,30850.00,19.16,14811.00,999.00,19.01,1421.20,19.04,4.05
2026-06-08T06:50:32,1,3.69,30850.00,19.16,14811.00,999.00,19.01,1421.40,19.04,4.05
2026-06-08T06:50:32,1,3.69,30830.00,19.14,14803.00,999.00,19.00,1421.50,19.05,4.05
2026-06-08T06:50:32,1,3.70,30830.00,19.14,14803.00,999.00,19.02,1421.20,19.05,4.05
2026-06-08T06:50:32,1,3.70,30830.00,19.14,14803.00,999.00,19.01,1421.20,19.05,4.05
2026-06-08T06:50:33,1,3.68,30830.00,19.14,14803.00,999.00,19.01,1421.40,19.05,4.05
2026-06-08T06:50:33,1,3.70,30830.00,19.14,14803.00,999.00,19.00,1422.00,19.05,4.05
2026-06-08T06:50:33,1,3.70,30830.00,19.14,14799.00,999.00,19.01,1422.00,19.05,4.05
2026-06-08T06:50:33,1,3.70,30830.00,19.14,14799.00,999.00,19.01,1422.20,19.05,4.06
2026-06-08T06:50:34,1,3.71,30830.00,19.14,14799.00,999.00,19.01,1423.10,19.05,4.06
2026-06-08T06:50:34,1,3.69,30830.00,19.14,14799.00,999.00,19.01,1422.70,19.05,4.06
2026-06-08T06:50:34,1,3.70,30820.00,19.14,14798.00,999.00,19.00,1422.80,19.05,4.06
2026-06-08T06:50:34,1,3.69,30820.00,19.14,14798.00,999.00,19.01,1423.20,19.05,4.06
2026-06-08T06:50:34,1,3.71,30820.00,19.14,14798.00,999.00,19.00,1423.30,19.05,4.07
2026-06-08T06:50:35,1,3.68,30820.00,19.14,14798.00,999.00,19.00,1423.00,19.05,4.06
2026-06-08T06:50:35,1,3.70,30820.00,19.14,14798.00,999.00,19.01,1423.10,19.05,4.06
2026-06-08T06:50:35,1,3.70,30830.00,19.14,14802.00,999.00,19.00,1423.10,19.05,4.06
2026-06-08T06:50:35,1,3.70,30830.00,19.14,14802.00,999.00,19.01,1423.20,19.05,4.06
2026-06-08T06:50:35,1,3.70,30830.00,19.14,14802.00,999.00,19.01,1423.20,19.05,4.06
2026-06-08T06:50:36,1,3.67,30830.00,19.14,14802.00,999.00,18.99,1423.50,19.05,4.07
2026-06-08T06:50:36,1,3.68,30830.00,19.14,14802.00,999.00,19.00,1423.20,19.05,4.06
2026-06-08T06:50:36,1,3.69,30830.00,19.14,14800.00,999.00,19.02,1423.50,19.05,4.07
2026-06-08T06:50:36,1,3.71,30830.00,19.14,14800.00,999.00,19.01,1423.30,19.05,4.07
2026-06-08T06:50:36,1,3.71,30830.00,19.14,14800.00,999.00,19.01,1423.50,19.05,4.07
2026-06-08T06:50:37,1,3.68,30830.00,19.14,14800.00,999.00,19.00,1423.40,19.05,4.07
2026-06-08T06:50:37,1,3.68,30830.00,19.14,14800.00,999.00,19.00,1423.90,19.05,4.07
2026-06-08T06:50:37,1,3.70,30830.00,19.14,14803.00,999.00,19.00,1423.60,19.05,4.07
2026-06-08T06:50:37,1,3.70,30830.00,19.14,14803.00,999.00,19.00,1424.60,19.05,4.08
2026-06-08T06:50:37,1,3.69,30830.00,19.14,14803.00,999.00,19.00,1425.00,19.05,4.08
2026-06-08T06:50:38,1,3.69,30830.00,19.14,14803.00,999.00,19.02,1425.20,19.05,4.08
2026-06-08T06:50:38,1,3.69,30850.00,19.16,14812.00,999.00,19.00,1425.50,19.05,4.09
2026-06-08T06:50:38,1,3.71,30850.00,19.16,14812.00,999.00,19.01,1426.20,19.05,4.09
2026-06-08T06:50:38,1,3.71,30850.00,19.16,14812.00,999.00,19.02,1425.70,19.05,4.09
2026-06-08T06:50:39,1,3.68,30850.00,19.16,14812.00,999.00,19.00,1426.10,19.04,4.09
2026-06-08T06:50:39,1,3.70,30850.00,19.16,14812.00,999.00,19.00,1426.80,19.05,4.10
2026-06-08T06:50:39,1,3.70,30850.00,19.15,14808.00,999.00,19.01,1426.50,19.05,4.10
2026-06-08T06:50:39,1,3.69,30850.00,19.15,14808.00,999.00,19.01,1426.60,19.05,4.10
2026-06-08T06:50:39,1,3.71,30850.00,19.15,14808.00,999.00,19.00,1427.80,19.05,4.11
2026-06-08T06:50:40,1,3.70,30850.00,19.15,14808.00,999.00,19.01,1428.90,19.05,4.12
2026-06-08T06:50:40,1,3.68,30850.00,19.15,14808.00,999.00,19.02,1431.50,19.05,4.15
2026-06-08T06:50:40,1,3.70,30850.00,19.15,14808.00,999.00,19.01,1432.20,19.05,4.15
2026-06-08T06:50:40,1,3.71,30850.00,19.15,14808.00,999.00,19.01,1432.80,19.05,4.16
2026-06-08T06:50:40,1,3.70,30850.00,19.15,14808.00,999.00,19.01,1434.70,19.05,4.18
2026-06-08T06:50:41,1,3.71,30850.00,19.15,14808.00,999.00,19.00,1435.40,19.05,4.19
2026-06-08T06:50:41,1,3.68,30860.00,19.16,14815.00,999.00,19.00,1437.40,19.05,4.21
2026-06-08T06:50:41,1,3.70,30860.00,19.16,14815.00,999.00,19.00,1438.50,19.05,4.22
2026-06-08T06:50:41,1,3.70,30860.00,19.16,14815.00,999.00,19.01,1438.10,19.05,4.21
2026-06-08T06:50:41,1,3.68,30860.00,19.16,14815.00,999.00,19.00,1438.70,19.06,4.22
2026-06-08T06:50:42,1,3.68,30860.00,19.16,14815.00,999.00,19.01,1439.60,19.04,4.23
2026-06-08T06:50:42,1,3.70,30830.00,19.14,14802.00,999.00,19.02,1440.00,19.05,4.23
2026-06-08T06:50:42,1,3.71,30830.00,19.14,14802.00,999.00,19.01,1440.40,19.05,4.24
2026-06-08T06:50:42,1,3.71,30830.00,19.14,14802.00,999.00,19.01,1441.90,19.05,4.25
2026-06-08T06:50:43,1,3.68,30830.00,19.14,14802.00,999.00,19.01,1442.10,19.06,4.25
2026-06-08T06:50:43,1,3.70,30830.00,19.14,14802.00,999.00,19.02,1442.50,19.05,4.26
2026-06-08T06:50:43,1,3.70,30830.00,19.14,14799.00,999.00,19.00,1444.90,19.06,4.28
2026-06-08T06:50:43,1,3.72,30830.00,19.14,14799.00,999.00,19.01,1446.10,19.05,4.29
2026-06-08T06:50:43,1,3.69,30830.00,19.14,14799.00,999.00,19.01,1446.90,19.05,4.30
2026-06-08T06:50:44,1,3.69,30830.00,19.14,14799.00,999.00,19.01,1447.70,19.05,4.31
2026-06-08T06:50:44,1,3.70,30830.00,19.14,14799.00,999.00,19.01,1448.20,19.06,4.31
2026-06-08T06:50:44,1,3.71,30850.00,19.16,14812.00,999.00,19.00,1449.50,19.06,4.33
2026-06-08T06:50:44,1,3.71,30850.00,19.16,14812.00,999.00,19.01,1450.00,19.06,4.33
2026-06-08T06:50:44,1,3.71,30850.00,19.16,14812.00,999.00,19.01,1450.50,19.06,4.34
2026-06-08T06:50:45,1,3.68,30850.00,19.16,14812.00,999.00,19.01,1450.80,19.06,4.34
2026-06-08T06:50:45,1,3.70,30830.00,19.14,14799.00,999.00,19.01,1451.20,19.06,4.34
2026-06-08T06:50:45,1,3.71,30830.00,19.14,14799.00,999.00,19.00,1451.30,19.06,4.34
2026-06-08T06:50:45,1,3.71,30830.00,19.14,14799.00,999.00,19.01,1452.60,19.05,4.36
2026-06-08T06:50:45,1,3.68,30830.00,19.14,14799.00,999.00,19.01,1453.10,19.06,4.36
2026-06-08T06:50:46,1,3.68,30830.00,19.14,14799.00,999.00,19.00,1453.40,19.06,4.36
2026-06-08T06:50:46,1,3.69,30850.00,19.15,14810.00,999.00,19.00,1453.80,19.06,4.37
2026-06-08T06:50:46,1,3.71,30850.00,19.15,14810.00,999.00,19.02,1454.30,19.06,4.37
2026-06-08T06:50:46,1,3.71,30850.00,19.15,14810.00,999.00,19.01,1455.20,19.06,4.38
2026-06-08T06:50:46,1,3.70,30850.00,19.15,14810.00,999.00,19.01,1456.30,19.06,4.39
2026-06-08T06:50:47,1,3.70,30850.00,19.15,14810.00,999.00,19.02,1456.90,19.06,4.40
2026-06-08T06:50:47,1,3.70,30850.00,19.16,14812.00,999.00,19.01,1457.30,19.06,4.40
2026-06-08T06:50:47,1,3.70,30850.00,19.16,14812.00,999.00,19.02,1458.30,19.06,4.41
2026-06-08T06:50:47,1,3.69,30850.00,19.16,14812.00,999.00,19.00,1459.40,19.06,4.42
2026-06-08T06:50:47,1,3.68,30850.00,19.16,14812.00,999.00,19.01,1460.00,19.06,4.43
2026-06-08T06:50:48,1,3.71,30850.00,19.16,14812.00,999.00,19.01,1461.50,19.06,4.44
2026-06-08T06:50:48,1,3.71,30830.00,19.14,14801.00,999.00,19.01,1461.20,19.06,4.44
2026-06-08T06:50:48,1,3.72,30830.00,19.14,14801.00,999.00,19.01,1461.60,19.06,4.45
2026-06-08T06:50:48,1,3.69,30830.00,19.14,14801.00,999.00,19.02,1462.80,19.06,4.46
2026-06-08T06:50:49,1,3.69,30830.00,19.14,14801.00,999.00,19.00,1463.00,19.06,4.46
2026-06-08T06:50:49,1,3.68,30830.00,19.14,14801.00,999.00,19.01,1463.00,19.06,4.46
2026-06-08T06:50:49,1,3.72,30830.00,19.14,14801.00,999.00,19.00,1464.00,19.06,4.47
2026-06-08T06:50:49,1,3.72,30830.00,19.14,14801.00,999.00,19.01,1465.20,19.06,4.48
2026-06-08T06:50:49,1,3.68,30830.00,19.14,14801.00,999.00,19.01,1466.20,19.06,4.49
2026-06-08T06:50:50,1,3.71,30830.00,19.14,14801.00,999.00,19.01,1466.40,19.06,4.49
2026-06-08T06:50:50,1,3.70,30850.00,19.16,14812.00,999.00,19.01,1466.80,19.06,4.50
2026-06-08T06:50:50,1,3.71,30850.00,19.16,14812.00,999.00,19.01,1467.40,19.06,4.50
2026-06-08T06:50:50,1,3.70,30850.00,19.16,14812.00,999.00,19.01,1468.80,19.06,4.52
2026-06-08T06:50:50,1,3.70,30850.00,19.16,14812.00,999.00,19.01,1469.90,19.06,4.53
2026-06-08T06:50:51,1,3.70,30850.00,19.16,14812.00,999.00,19.00,1470.90,19.06,4.54
2026-06-08T06:50:51,1,3.70,30840.00,19.15,14804.00,999.00,19.01,1471.30,19.06,4.54
2026-06-08T06:50:51,1,3.70,30840.00,19.15,14804.00,999.00,19.00,1472.10,19.06,4.55
2026-06-08T06:50:51,1,3.70,30840.00,19.15,14804.00,999.00,19.00,1473.30,19.07,4.56
2026-06-08T06:50:51,1,3.68,30840.00,19.15,14804.00,999.00,19.01,1474.90,19.06,4.58
2026-06-08T06:50:52,1,3.70,30850.00,19.16,14810.00,999.00,19.01,1476.60,19.05,4.59
2026-06-08T06:50:52,1,3.66,30850.00,19.16,14810.00,999.00,19.01,1476.60,19.06,4.59
2026-06-08T06:50:52,1,3.71,30850.00,19.16,14810.00,999.00,19.01,1477.80,19.06,4.61
2026-06-08T06:50:52,1,3.69,30850.00,19.16,14810.00,999.00,19.00,1478.30,19.06,4.61
2026-06-08T06:50:53,1,3.68,30850.00,19.16,14810.00,999.00,19.01,1478.80,19.06,4.62
2026-06-08T06:50:53,1,3.69,30840.00,19.15,14806.00,999.00,19.01,1478.70,19.07,4.61
2026-06-08T06:50:53,1,3.72,30840.00,19.15,14806.00,999.00,19.01,1479.70,19.06,4.62
2026-06-08T06:50:53,1,3.70,30840.00,19.15,14806.00,999.00,19.00,1482.10,19.06,4.65
2026-06-08T06:50:53,1,3.69,30840.00,19.15,14806.00,999.00,19.01,1482.10,19.06,4.65
2026-06-08T06:50:54,1,3.69,30840.00,19.15,14806.00,999.00,19.00,1482.60,19.06,4.65
2026-06-08T06:50:54,1,3.68,30860.00,19.16,14813.00,999.00,19.00,1482.70,19.06,4.65
2026-06-08T06:50:54,1,3.71,30860.00,19.16,14813.00,999.00,19.01,1484.80,19.07,4.68
2026-06-08T06:50:54,1,3.69,30860.00,19.16,14813.00,999.00,19.01,1489.70,19.07,4.72
2026-06-08T06:50:54,1,3.68,30860.00,19.16,14813.00,999.00,19.00,1491.30,19.05,4.74
2026-06-08T06:50:55,1,3.70,30860.00,19.16,14813.00,999.00,19.00,1491.90,19.06,4.75
2026-06-08T06:50:55,1,3.70,30840.00,19.15,14806.00,999.00,19.01,1493.20,19.06,4.76
2026-06-08T06:50:55,1,3.71,30840.00,19.15,14806.00,999.00,19.02,1493.80,19.07,4.76
2026-06-08T06:50:55,1,3.68,30840.00,19.15,14806.00,999.00,19.00,1494.90,19.06,4.78
2026-06-08T06:50:55,1,3.68,30840.00,19.15,14806.00,999.00,19.01,1497.10,19.06,4.80
2026-06-08T06:50:56,1,3.70,30850.00,19.15,14810.00,999.00,19.01,1498.00,19.06,4.81
2026-06-08T06:50:56,1,3.70,30850.00,19.15,14810.00,999.00,19.01,1499.80,19.06,4.82
2026-06-08T06:50:56,1,3.71,30850.00,19.15,14810.00,999.00,19.01,1500.90,19.07,4.83
2026-06-08T06:50:56,1,3.69,30850.00,19.15,14810.00,999.00,19.01,1502.60,19.07,4.85
2026-06-08T06:50:56,1,3.70,30850.00,19.15,14810.00,999.00,19.01,1502.80,19.06,4.85
2026-06-08T06:50:57,1,3.68,30920.00,19.21,14845.00,999.00,19.00,1503.40,19.07,4.86
2026-06-08T06:50:57,1,3.70,30920.00,19.21,14845.00,999.00,19.01,1505.20,19.07,4.88
2026-06-08T06:50:57,1,3.70,30920.00,19.21,14845.00,999.00,19.01,1506.40,19.06,4.89
2026-06-08T06:50:57,1,3.68,30920.00,19.21,14845.00,999.00,19.01,1508.30,19.07,4.91
2026-06-08T06:50:58,1,3.69,30920.00,19.21,14845.00,999.00,19.00,1509.10,19.07,4.92
2026-06-08T06:50:58,1,3.69,30990.00,19.25,14880.00,999.00,19.01,1510.30,19.07,4.93
2026-06-08T06:50:58,1,3.71,30990.00,19.25,14880.00,999.00,19.02,1511.20,19.07,4.94
2026-06-08T06:50:58,1,3.69,30990.00,19.25,14880.00,999.00,19.01,1512.30,19.07,4.95
2026-06-08T06:50:58,1,3.68,30990.00,19.25,14880.00,999.00,19.01,1513.30,19.07,4.96
2026-06-08T06:50:59,1,3.67,30990.00,19.25,14880.00,999.00,19.01,1513.80,19.07,4.96
2026-06-08T06:50:59,1,3.69,31000.00,19.26,14880.00,999.00,19.01,1515.00,19.07,4.97
2026-06-08T06:50:59,1,3.71,31000.00,19.26,14880.00,999.00,19.01,1516.10,19.07,4.99
2026-06-08T06:50:59,1,3.69,31000.00,19.26,14880.00,999.00,19.01,1517.10,19.07,5.00
2026-06-08T06:50:59,1,3.70,31000.00,19.26,14880.00,999.00,19.02,1518.10,19.07,5.01
2026-06-08T06:51:00,1,3.67,31190.00,19.39,14976.00,999.00,19.02,1519.30,19.07,5.02
2026-06-08T06:51:00,1,3.71,31190.00,19.39,14976.00,999.00,19.01,1520.90,19.07,5.03
2026-06-08T06:51:00,1,3.69,31190.00,19.39,14976.00,999.00,19.02,1521.30,19.07,5.04
2026-06-08T06:51:00,1,3.69,31190.00,19.39,14976.00,999.00,19.01,1523.30,19.07,5.06
2026-06-08T06:51:00,1,3.67,31190.00,19.39,14976.00,999.00,19.00,1524.10,19.07,5.06
2026-06-08T06:51:01,1,3.68,31320.00,19.48,15036.00,999.00,19.01,1525.30,19.07,5.08
2026-06-08T06:51:01,1,3.71,31320.00,19.48,15036.00,999.00,19.02,1525.30,19.07,5.08
2026-06-08T06:51:01,1,3.69,31320.00,19.48,15036.00,999.00,19.00,1525.50,19.07,5.08
2026-06-08T06:51:01,1,3.68,31320.00,19.48,15036.00,999.00,19.01,1525.50,19.07,5.08
2026-06-08T06:51:01,1,3.66,31320.00,19.48,15036.00,999.00,19.00,1526.70,19.07,5.09
2026-06-08T06:51:02,1,3.68,31400.00,19.53,15074.00,999.00,19.01,1526.40,19.07,5.09
2026-06-08T06:51:02,1,3.70,31400.00,19.53,15074.00,999.00,19.01,1526.60,19.07,5.09
2026-06-08T06:51:02,1,3.71,31400.00,19.53,15074.00,999.00,19.01,1527.40,19.07,5.10
2026-06-08T06:51:02,1,3.68,31400.00,19.53,15074.00,999.00,19.01,1530.00,19.07,5.12
2026-06-08T06:51:02,1,3.68,31400.00,19.53,15074.00,999.00,19.00,1530.40,19.07,5.13
2026-06-08T06:51:03,1,3.69,31460.00,19.57,15104.00,999.00,19.01,1532.10,19.07,5.14
2026-06-08T06:51:03,1,3.71,31460.00,19.57,15104.00,999.00,19.01,1533.70,19.07,5.16
2026-06-08T06:51:03,1,3.70,31460.00,19.57,15104.00,999.00,19.00,1536.50,19.07,5.19
2026-06-08T06:51:03,1,3.70,31460.00,19.57,15104.00,999.00,19.00,1537.10,19.07,5.19
2026-06-08T06:51:04,1,3.67,31460.00,19.57,15104.00,999.00,19.00,1538.50,19.07,5.21
2026-06-08T06:51:04,1,3.71,31460.00,19.57,15104.00,999.00,19.00,1539.30,19.07,5.22
2026-06-08T06:51:04,1,3.71,31460.00,19.57,15104.00,999.00,19.01,1540.70,19.07,5.23
2026-06-08T06:51:04,1,3.68,31460.00,19.57,15104.00,999.00,19.00,1541.30,19.07,5.24
2026-06-08T06:51:04,1,3.67,31460.00,19.57,15104.00,999.00,19.00,1543.10,19.08,5.25
2026-06-08T06:51:05,1,3.68,31490.00,19.59,15117.00,999.00,19.00,1544.40,19.07,5.27
2026-06-08T06:51:05,1,3.71,31490.00,19.59,15117.00,999.00,19.00,1545.20,19.06,5.27
2026-06-08T06:51:05,1,3.71,31490.00,19.59,15117.00,999.00,19.00,1545.50,19.07,5.28
2026-06-08T06:51:05,1,3.69,31490.00,19.59,15117.00,999.00,19.00,1547.20,19.07,5.29
2026-06-08T06:51:05,1,3.68,31490.00,19.59,15117.00,999.00,19.00,1548.60,19.07,5.31
2026-06-08T06:51:06,1,3.71,31750.00,19.77,15244.00,999.00,19.00,1549.10,19.07,5.31
2026-06-08T06:51:06,1,3.69,31750.00,19.77,15244.00,999.00,19.01,1549.50,19.07,5.32
2026-06-08T06:51:06,1,3.70,31750.00,19.77,15244.00,999.00,19.00,1550.60,19.07,5.33
2026-06-08T06:51:06,1,3.68,31750.00,19.77,15244.00,999.00,19.00,1552.00,19.07,5.34
2026-06-08T06:51:06,1,3.70,32070.00,19.99,15397.00,999.00,19.00,1552.90,19.07,5.35
2026-06-08T06:51:07,1,3.70,32070.00,19.99,15397.00,999.00,19.00,1553.90,19.07,5.36
2026-06-08T06:51:07,1,3.72,32070.00,19.99,15397.00,999.00,18.98,1554.80,19.07,5.37
2026-06-08T06:51:07,1,3.68,32070.00,19.99,15397.00,999.00,18.99,1556.50,19.06,5.39
2026-06-08T06:51:07,1,3.66,32070.00,19.99,15397.00,999.00,18.98,1557.80,19.07,5.40
2026-06-08T06:51:08,1,3.68,32220.00,20.09,15466.00,999.00,18.98,1558.90,19.07,5.41
2026-06-08T06:51:08,1,3.70,32220.00,20.09,15466.00,999.00,18.99,1559.80,19.07,5.42
2026-06-08T06:51:08,1,3.69,32220.00,20.09,15466.00,999.00,18.98,1561.40,19.07,5.43
2026-06-08T06:51:08,1,3.69,32220.00,20.09,15466.00,999.00,18.97,1562.00,19.07,5.44
2026-06-08T06:51:08,1,3.67,32220.00,20.09,15466.00,999.00,18.95,1563.20,19.07,5.45
2026-06-08T06:51:09,1,3.70,32350.00,20.19,15531.00,999.00,18.97,1564.00,19.07,5.46
2026-06-08T06:51:09,1,3.71,32350.00,20.19,15531.00,999.00,18.98,1564.80,19.07,5.47
2026-06-08T06:51:09,1,3.70,32350.00,20.19,15531.00,999.00,18.97,1565.30,19.07,5.47
2026-06-08T06:51:09,1,3.68,32350.00,20.19,15531.00,999.00,18.96,1567.00,19.07,5.49
2026-06-08T06:51:09,1,3.69,32350.00,20.19,15531.00,999.00,18.96,1567.30,19.07,5.49
2026-06-08T06:51:10,1,3.70,32380.00,20.21,15546.00,999.00,18.96,1567.30,19.07,5.49
2026-06-08T06:51:10,1,3.70,32380.00,20.21,15546.00,999.00,18.95,1568.20,19.07,5.50
2026-06-08T06:51:10,1,3.67,32380.00,20.21,15546.00,999.00,18.96,1569.20,19.07,5.51
2026-06-08T06:51:10,1,3.68,32380.00,20.21,15546.00,999.00,18.96,1569.30,19.07,5.51
2026-06-08T06:51:10,1,3.66,32470.00,20.27,15590.00,999.00,18.95,1570.10,19.07,5.52
2026-06-08T06:51:11,1,3.69,32470.00,20.27,15590.00,999.00,18.94,1571.90,19.07,5.54
2026-06-08T06:51:11,1,3.71,32470.00,20.27,15590.00,999.00,18.95,1573.60,19.07,5.56
2026-06-08T06:51:11,1,3.69,32470.00,20.27,15590.00,999.00,18.93,1575.10,19.07,5.57
2026-06-08T06:51:11,1,3.70,32470.00,20.27,15590.00,999.00,18.95,1575.80,19.07,5.58
2026-06-08T06:51:11,1,3.71,32640.00,20.39,15672.00,999.00,18.94,1578.10,19.07,5.60
2026-06-08T06:51:12,1,3.71,32640.00,20.39,15672.00,999.00,18.95,1579.30,19.07,5.61
2026-06-08T06:51:12,1,3.69,32640.00,20.39,15672.00,999.00,18.94,1579.60,19.07,5.61
2026-06-08T06:51:12,1,3.68,32640.00,20.39,15672.00,999.00,18.94,1580.60,19.07,5.62
2026-06-08T06:51:12,1,3.68,32640.00,20.39,15672.00,999.00,18.93,1581.30,19.06,5.63
2026-06-08T06:51:13,1,3.71,32890.00,20.56,15790.00,999.00,18.93,1582.50,19.07,5.64
2026-06-08T06:51:13,1,3.71,32890.00,20.56,15790.00,999.00,18.93,1584.10,19.06,5.66
2026-06-08T06:51:13,1,3.72,32890.00,20.56,15790.00,999.00,18.93,1585.20,19.06,5.67
2026-06-08T06:51:13,1,3.68,32890.00,20.56,15790.00,999.00,18.94,1585.50,19.06,5.67
2026-06-08T06:51:13,1,3.70,32890.00,20.56,15790.00,999.00,18.93,1585.10,19.06,5.67
2026-06-08T06:51:14,1,3.71,32930.00,20.58,15808.00,999.00,18.93,1585.20,19.06,5.67
2026-06-08T06:51:14,1,3.68,32930.00,20.58,15808.00,999.00,18.93,1585.50,19.06,5.67
2026-06-08T06:51:14,1,3.71,32930.00,20.58,15808.00,999.00,18.93,1585.70,19.06,5.68
2026-06-08T06:51:14,1,3.67,32930.00,20.58,15808.00,999.00,18.93,1586.60,19.06,5.68
2026-06-08T06:51:14,1,3.68,32930.00,20.58,15808.00,999.00,18.93,1587.10,19.06,5.69
2026-06-08T06:51:15,1,3.70,32930.00,20.58,15808.00,999.00,18.93,1587.70,19.06,5.70
2026-06-08T06:51:15,1,3.69,32930.00,20.58,15808.00,999.00,18.92,1588.70,19.06,5.71
2026-06-08T06:51:15,1,3.68,32930.00,20.58,15808.00,999.00,18.93,1590.20,19.06,5.72
2026-06-08T06:51:15,1,3.70,32930.00,20.58,15808.00,999.00,18.91,1591.70,19.06,5.73
2026-06-08T06:51:15,1,3.70,33210.00,20.78,15944.00,999.00,18.92,1592.70,19.06,5.74
2026-06-08T06:51:16,1,3.69,33210.00,20.78,15944.00,999.00,18.92,1594.80,19.06,5.77
2026-06-08T06:51:16,1,3.70,33210.00,20.78,15944.00,999.00,18.92,1595.80,19.05,5.78
2026-06-08T06:51:16,1,3.70,33210.00,20.78,15944.00,999.00,18.91,1596.70,19.06,5.78
2026-06-08T06:51:16,1,3.67,33210.00,20.78,15944.00,999.00,18.91,1597.90,19.05,5.80
2026-06-08T06:51:16,1,3.72,33610.00,21.05,16133.00,999.00,18.91,1599.30,19.05,5.81
2026-06-08T06:51:17,1,3.70,33610.00,21.05,16133.00,999.00,18.91,1599.40,19.05,5.81
2026-06-08T06:51:17,1,3.71,33610.00,21.05,16133.00,999.00,18.91,1599.50,19.05,5.81
2026-06-08T06:51:17,1,3.70,33610.00,21.05,16133.00,999.00,18.90,1599.80,19.05,5.82
2026-06-08T06:51:17,1,3.68,33610.00,21.05,16133.00,999.00,18.90,1600.50,19.05,5.82
2026-06-08T06:51:17,1,3.71,33640.00,21.07,16148.00,999.00,18.90,1601.20,19.05,5.83
2026-06-08T06:51:18,1,3.71,33640.00,21.07,16148.00,999.00,18.89,1603.30,19.04,5.85
2026-06-08T06:51:18,1,3.69,33640.00,21.07,16148.00,999.00,18.90,1603.40,19.04,5.85
2026-06-08T06:51:18,1,3.70,33640.00,21.07,16148.00,999.00,18.89,1604.70,19.04,5.86
2026-06-08T06:51:18,1,3.71,33850.00,21.22,16252.00,999.00,18.89,1605.90,19.04,5.88
2026-06-08T06:51:19,1,3.70,33850.00,21.22,16252.00,999.00,18.87,1607.00,19.04,5.89
2026-06-08T06:51:19,1,3.69,33850.00,21.22,16252.00,999.00,18.90,1607.50,19.04,5.89
2026-06-08T06:51:19,1,3.70,33850.00,21.22,16252.00,999.00,18.88,1608.70,19.04,5.90
2026-06-08T06:51:19,1,3.70,33850.00,21.22,16252.00,999.00,18.88,1610.10,19.04,5.92
2026-06-08T06:51:19,1,3.70,34120.00,21.41,16382.00,999.00,18.88,1610.80,19.04,5.92
2026-06-08T06:51:20,1,3.68,34120.00,21.41,16382.00,999.00,18.88,1611.90,19.04,5.93
2026-06-08T06:51:20,1,3.70,34120.00,21.41,16382.00,999.00,18.87,1613.00,19.03,5.95
2026-06-08T06:51:20,1,3.70,34120.00,21.41,16382.00,999.00,18.86,1614.30,19.03,5.96
2026-06-08T06:51:20,1,3.70,34120.00,21.41,16382.00,999.00,18.86,1614.60,19.03,5.96
2026-06-08T06:51:20,1,3.71,34290.00,21.53,16464.00,999.00,18.87,1615.80,19.04,5.97
2026-06-08T06:51:21,1,3.70,34290.00,21.53,16464.00,999.00,18.86,1617.30,19.03,5.99
2026-06-08T06:51:21,1,3.68,34290.00,21.53,16464.00,999.00,18.86,1616.40,19.03,5.98
2026-06-08T06:51:21,1,3.71,34290.00,21.53,16464.00,999.00,18.86,1618.00,19.03,6.00
2026-06-08T06:51:21,1,3.70,34510.00,21.68,16568.00,999.00,18.86,1619.40,19.03,6.01
2026-06-08T06:51:22,1,3.69,34510.00,21.68,16568.00,999.00,18.84,1619.60,19.03,6.01
2026-06-08T06:51:22,1,3.70,34510.00,21.68,16568.00,999.00,18.84,1620.30,19.03,6.02
2026-06-08T06:51:22,1,3.69,34510.00,21.68,16568.00,999.00,18.84,1621.50,19.03,6.03
2026-06-08T06:51:22,1,3.70,34510.00,21.68,16568.00,999.00,18.84,1622.80,19.03,6.04
2026-06-08T06:51:22,1,3.70,34570.00,21.72,16598.00,999.00,18.84,1624.20,19.02,6.06
2026-06-08T06:51:23,1,3.69,34570.00,21.72,16598.00,999.00,18.82,1626.30,19.02,6.08
2026-06-08T06:51:23,1,3.69,34570.00,21.72,16598.00,999.00,18.83,1628.50,19.02,6.10
2026-06-08T06:51:23,1,3.68,34570.00,21.72,16598.00,999.00,18.82,1629.40,19.02,6.11
2026-06-08T06:51:23,1,3.68,34570.00,21.72,16598.00,999.00,18.83,1629.20,19.02,6.11
2026-06-08T06:51:23,1,3.70,34570.00,21.72,16598.00,999.00,18.81,1630.50,19.02,6.12
2026-06-08T06:51:24,1,3.70,34570.00,21.72,16598.00,999.00,18.82,1631.20,19.02,6.13
2026-06-08T06:51:24,1,3.68,34570.00,21.72,16598.00,999.00,18.82,1632.90,19.02,6.14
2026-06-08T06:51:24,1,3.70,34570.00,21.72,16598.00,999.00,18.80,1634.20,19.01,6.16
2026-06-08T06:51:24,1,3.69,34570.00,21.72,16598.00,999.00,18.80,1635.50,19.01,6.17
2026-06-08T06:51:24,1,3.70,34620.00,21.75,16619.00,999.00,18.80,1636.40,19.01,6.18
2026-06-08T06:51:25,1,3.69,34620.00,21.75,16619.00,999.00,18.80,1637.70,19.01,6.19
2026-06-08T06:51:25,1,3.70,34620.00,21.75,16619.00,999.00,18.81,1638.80,19.01,6.20
2026-06-08T06:51:25,1,3.70,34620.00,21.75,16619.00,999.00,18.81,1639.80,19.01,6.21
2026-06-08T06:51:25,1,3.68,34650.00,21.77,16632.00,999.00,18.79,1641.60,19.01,6.23
2026-06-08T06:51:25,1,3.71,34650.00,21.77,16632.00,999.00,18.80,1643.00,19.01,6.24
2026-06-08T06:51:26,1,3.69,34650.00,21.77,16632.00,999.00,18.81,1644.00,19.00,6.25
2026-06-08T06:51:26,1,3.69,34650.00,21.77,16632.00,999.00,18.79,1645.50,19.00,6.27
2026-06-08T06:51:26,1,3.69,34650.00,21.77,16632.00,999.00,18.80,1646.80,19.00,6.28
2026-06-08T06:51:26,1,3.68,34660.00,21.78,16640.00,999.00,18.79,1647.80,19.00,6.29
2026-06-08T06:51:26,1,3.71,34660.00,21.78,16640.00,999.00,18.79,1648.90,19.00,6.30
2026-06-08T06:51:27,1,3.70,34660.00,21.78,16640.00,999.00,18.79,1648.70,19.00,6.30
2026-06-08T06:51:27,1,3.70,34660.00,21.78,16640.00,999.00,18.79,1649.60,19.00,6.31
2026-06-08T06:51:27,1,3.68,34660.00,21.78,16640.00,999.00,18.79,1650.40,19.00,6.32
2026-06-08T06:51:27,1,3.71,34750.00,21.84,16682.00,999.00,18.78,1651.30,18.99,6.33
2026-06-08T06:51:28,1,3.69,34750.00,21.84,16682.00,999.00,18.79,1651.50,18.99,6.33
2026-06-08T06:51:28,1,3.71,34750.00,21.84,16682.00,999.00,18.79,1653.20,18.99,6.34
2026-06-08T06:51:28,1,3.70,34750.00,21.84,16682.00,999.00,18.79,1654.10,18.99,6.35
2026-06-08T06:51:28,1,3.70,34750.00,21.84,16682.00,999.00,18.78,1654.40,18.99,6.36
2026-06-08T06:51:28,1,3.68,34770.00,21.85,16690.00,999.00,18.79,1655.50,18.98,6.37
2026-06-08T06:51:29,1,3.70,34770.00,21.85,16690.00,999.00,18.79,1656.50,18.98,6.38
2026-06-08T06:51:29,1,3.71,34770.00,21.85,16690.00,999.00,18.79,1657.80,18.98,6.39
2026-06-08T06:51:29,1,3.69,34770.00,21.85,16690.00,999.00,18.78,1658.20,18.98,6.39
2026-06-08T06:51:29,1,3.68,34740.00,21.83,16676.00,999.00,18.78,1659.80,18.98,6.41
2026-06-08T06:51:29,1,3.69,34740.00,21.83,16676.00,999.00,18.77,1659.90,18.98,6.41
2026-06-08T06:51:30,1,3.68,34740.00,21.83,16676.00,999.00,18.78,1660.50,18.98,6.42
2026-06-08T06:51:30,1,3.68,34740.00,21.83,16676.00,999.00,18.79,1662.00,18.98,6.43
2026-06-08T06:51:30,1,3.69,34740.00,21.83,16676.00,999.00,18.78,1662.90,18.97,6.44
2026-06-08T06:51:30,1,3.69,34750.00,21.84,16681.00,999.00,18.78,1664.10,18.97,6.45
2026-06-08T06:51:30,1,3.69,34750.00,21.84,16681.00,999.00,18.77,1665.20,18.97,6.46
2026-06-08T06:51:31,1,3.71,34750.00,21.84,16681.00,999.00,18.78,1666.20,18.97,6.47
2026-06-08T06:51:31,1,3.70,34750.00,21.84,16681.00,999.00,18.78,1667.40,18.96,6.48
2026-06-08T06:51:31,1,3.68,34750.00,21.84,16681.00,999.00,18.78,1670.00,18.96,6.51
2026-06-08T06:51:31,1,3.69,34820.00,21.89,16718.00,999.00,18.78,1671.90,18.97,6.53
2026-06-08T06:51:31,1,3.68,34820.00,21.89,16718.00,999.00,18.76,1672.60,18.97,6.54
2026-06-08T06:51:32,1,3.71,34820.00,21.89,16718.00,999.00,18.78,1673.50,18.96,6.55
2026-06-08T06:51:32,1,3.70,34820.00,21.89,16718.00,999.00,18.76,1675.30,18.96,6.56
2026-06-08T06:51:32,1,3.68,34820.00,21.89,16715.00,999.00,18.77,1676.00,18.96,6.57
2026-06-08T06:51:32,1,3.70,34820.00,21.89,16715.00,999.00,18.77,1677.60,18.96,6.59
2026-06-08T06:51:33,1,3.69,34820.00,21.89,16715.00,999.00,18.78,1679.00,18.95,6.60
2026-06-08T06:51:33,1,3.69,34820.00,21.89,16715.00,999.00,18.78,1680.30,18.95,6.61
2026-06-08T06:51:33,1,3.68,34820.00,21.89,16715.00,999.00,18.77,1682.20,18.96,6.63
2026-06-08T06:51:33,1,3.69,34910.00,21.95,16757.00,999.00,18.77,1683.90,18.96,6.65
2026-06-08T06:51:33,1,3.71,34910.00,21.95,16757.00,999.00,18.75,1685.00,18.96,6.66
2026-06-08T06:51:34,1,3.70,34910.00,21.95,16757.00,999.00,18.75,1685.50,18.95,6.66
2026-06-08T06:51:34,1,3.70,34910.00,21.95,16757.00,999.00,18.77,1686.80,18.95,6.68
2026-06-08T06:51:34,1,3.68,34910.00,21.95,16757.00,999.00,18.76,1688.40,18.95,6.69
2026-06-08T06:51:34,1,3.69,34890.00,21.94,16751.00,999.00,18.76,1689.30,18.95,6.70
2026-06-08T06:51:34,1,3.70,34890.00,21.94,16751.00,999.00,18.75,1689.50,18.95,6.70
2026-06-08T06:51:35,1,3.71,34890.00,21.94,16751.00,999.00,18.75,1689.80,18.95,6.71
2026-06-08T06:51:35,1,3.70,34890.00,21.94,16751.00,999.00,18.75,1690.90,18.95,6.72
2026-06-08T06:51:35,1,3.68,34890.00,21.94,16751.00,999.00,18.76,1692.00,18.95,6.73
2026-06-08T06:51:35,1,3.72,34950.00,21.98,16779.00,999.00,18.76,1692.60,18.95,6.73
2026-06-08T06:51:35,1,3.68,34950.00,21.98,16779.00,999.00,18.76,1693.30,18.94,6.74
2026-06-08T06:51:36,1,3.70,34950.00,21.98,16779.00,999.00,18.74,1694.80,18.94,6.76
2026-06-08T06:51:36,1,3.68,34950.00,21.98,16779.00,999.00,18.75,1695.30,18.94,6.76
2026-06-08T06:51:36,1,3.70,34960.00,21.99,16785.00,999.00,18.73,1696.20,18.94,6.77
2026-06-08T06:51:36,1,3.69,34960.00,21.99,16785.00,999.00,18.74,1697.30,18.94,6.78
2026-06-08T06:51:37,1,3.69,34960.00,21.99,16785.00,999.00,18.75,1698.10,18.94,6.79
2026-06-08T06:51:37,1,3.70,34960.00,21.99,16785.00,999.00,18.75,1699.20,18.94,6.80
2026-06-08T06:51:37,1,3.69,34960.00,21.99,16785.00,999.00,18.74,1700.10,18.94,6.81
2026-06-08T06:51:37,1,3.69,34940.00,21.98,16776.00,999.00,18.74,1701.30,18.94,6.82
2026-06-08T06:51:37,1,3.71,34940.00,21.98,16776.00,999.00,18.75,1702.60,18.93,6.83
2026-06-08T06:51:38,1,3.70,34940.00,21.98,16776.00,999.00,18.75,1703.20,18.93,6.84
2026-06-08T06:51:38,1,3.70,34940.00,21.98,16776.00,999.00,18.74,1704.10,18.93,6.85
2026-06-08T06:51:38,1,3.68,34940.00,21.98,16776.00,999.00,18.74,1705.50,18.93,6.86
2026-06-08T06:51:38,1,3.69,34980.00,22.00,16790.00,999.00,18.75,1707.70,18.93,6.88
2026-06-08T06:51:38,1,3.68,34980.00,22.00,16790.00,999.00,18.75,1710.60,18.93,6.91
2026-06-08T06:51:39,1,3.70,34980.00,22.00,16790.00,999.00,18.75,1711.70,18.93,6.92
2026-06-08T06:51:39,1,3.68,34980.00,22.00,16790.00,999.00,18.74,1711.60,18.93,6.92
2026-06-08T06:51:39,1,3.70,34980.00,22.00,16790.00,999.00,18.74,1712.10,18.93,6.93
2026-06-08T06:51:39,1,3.70,35020.00,22.03,16811.00,999.00,18.74,1712.60,18.93,6.93
2026-06-08T06:51:39,1,3.70,35020.00,22.03,16811.00,999.00,18.74,1714.10,18.93,6.95
2026-06-08T06:51:40,1,3.70,35020.00,22.03,16811.00,999.00,18.73,1715.00,18.93,6.96
2026-06-08T06:51:40,1,3.70,35020.00,22.03,16811.00,999.00,18.73,1715.90,18.92,6.97
2026-06-08T06:51:40,1,3.68,35080.00,22.07,16840.00,999.00,18.72,1717.10,18.92,6.98
2026-06-08T06:51:40,1,3.71,35080.00,22.07,16840.00,999.00,18.74,1717.30,18.92,6.98
2026-06-08T06:51:40,1,3.69,35080.00,22.07,16840.00,999.00,18.75,1718.40,18.92,6.99
2026-06-08T06:51:41,1,3.70,35080.00,22.07,16840.00,999.00,18.73,1719.20,18.92,7.00
2026-06-08T06:51:41,1,3.68,35080.00,22.07,16840.00,999.00,18.74,1720.30,18.92,7.01
2026-06-08T06:51:41,1,3.68,35140.00,22.11,16868.00,999.00,18.73,1721.90,18.92,7.03
2026-06-08T06:51:41,1,3.71,35140.00,22.11,16868.00,999.00,18.74,1722.90,18.92,7.03
2026-06-08T06:51:41,1,3.71,35140.00,22.11,16868.00,999.00,18.72,1722.70,18.92,7.03
2026-06-08T06:51:42,1,3.70,35140.00,22.11,16868.00,999.00,18.73,1723.70,18.91,7.04
2026-06-08T06:51:42,1,3.68,35140.00,22.11,16868.00,999.00,18.73,1724.30,18.91,7.05
2026-06-08T06:51:42,1,3.71,35150.00,22.12,16877.00,999.00,18.73,1724.60,18.91,7.05
2026-06-08T06:51:42,1,3.69,35150.00,22.12,16877.00,999.00,18.73,1725.80,18.91,7.06
2026-06-08T06:51:43,1,3.71,35150.00,22.12,16877.00,999.00,18.71,1725.90,18.91,7.06
2026-06-08T06:51:43,1,3.68,35150.00,22.12,16877.00,999.00,18.71,1726.90,18.91,7.07
2026-06-08T06:51:43,1,3.70,35150.00,22.12,16877.00,999.00,18.72,1727.50,18.91,7.08
2026-06-08T06:51:43,1,3.71,35260.00,22.20,16928.00,999.00,18.72,1728.60,18.91,7.09
2026-06-08T06:51:43,1,3.69,35260.00,22.20,16928.00,999.00,18.72,1728.80,18.91,7.09
2026-06-08T06:51:44,1,3.70,35260.00,22.20,16928.00,999.00,18.72,1729.10,18.90,7.10
2026-06-08T06:51:44,1,3.69,35260.00,22.20,16928.00,999.00,18.72,1729.70,18.91,7.10
2026-06-08T06:51:44,1,3.70,35390.00,22.29,16988.00,999.00,18.72,1731.80,18.89,7.12
2026-06-08T06:51:44,1,3.68,35390.00,22.29,16988.00,999.00,18.72,1732.90,18.90,7.13
2026-06-08T06:51:44,1,3.70,35390.00,22.29,16988.00,999.00,18.72,1733.70,18.90,7.14
2026-06-08T06:51:45,1,3.70,35390.00,22.29,16988.00,999.00,18.72,1734.40,18.90,7.15
2026-06-08T06:51:45,1,3.70,35390.00,22.29,16988.00,999.00,18.71,1734.80,18.90,7.15
2026-06-08T06:51:45,1,3.70,35470.00,22.34,17029.00,999.00,18.72,1735.90,18.90,7.16
2026-06-08T06:51:45,1,3.70,35470.00,22.34,17029.00,999.00,18.71,1736.30,18.88,7.17
2026-06-08T06:51:46,1,3.70,35470.00,22.34,17029.00,999.00,18.71,1736.50,18.89,7.17
2026-06-08T06:51:46,1,3.70,35470.00,22.34,17029.00,999.00,18.71,1737.70,18.89,7.18
2026-06-08T06:51:46,1,3.70,35470.00,22.34,17029.00,999.00,18.70,1738.50,18.90,7.19
2026-06-08T06:51:46,1,3.71,35520.00,22.38,17050.00,999.00,18.72,1740.00,18.89,7.20
2026-06-08T06:51:46,1,3.68,35520.00,22.38,17050.00,999.00,18.69,1740.90,18.89,7.21
2026-06-08T06:51:47,1,3.68,35520.00,22.38,17050.00,999.00,18.70,1741.10,18.89,7.22
2026-06-08T06:51:47,1,3.70,35520.00,22.38,17050.00,999.00,18.71,1742.80,18.89,7.23
2026-06-08T06:51:47,1,3.69,35560.00,22.41,17072.00,999.00,18.69,1743.20,18.89,7.24
2026-06-08T06:51:47,1,3.68,35560.00,22.41,17072.00,999.00,18.69,1743.80,18.90,7.24
2026-06-08T06:51:47,1,3.68,35560.00,22.41,17072.00,999.00,18.69,1745.00,18.89,7.25
2026-06-08T06:51:48,1,3.70,35560.00,22.41,17072.00,999.00,18.69,1745.30,18.89,7.26
2026-06-08T06:51:48,1,3.68,35560.00,22.41,17072.00,999.00,18.69,1746.00,18.89,7.26
2026-06-08T06:51:48,1,3.72,35570.00,22.42,17078.00,999.00,18.68,1746.80,18.89,7.27
2026-06-08T06:51:48,1,3.69,35570.00,22.42,17078.00,999.00,18.67,1746.80,18.89,7.27
2026-06-08T06:51:48,1,3.69,35570.00,22.42,17078.00,999.00,18.69,1748.00,18.88,7.28
2026-06-08T06:51:49,1,3.70,35570.00,22.42,17078.00,999.00,18.69,1748.50,18.88,7.29
2026-06-08T06:51:49,1,3.68,35570.00,22.42,17078.00,999.00,18.68,1749.20,18.88,7.30
2026-06-08T06:51:49,1,3.71,35580.00,22.42,17080.00,999.00,18.68,1749.10,18.88,7.29
2026-06-08T06:51:49,1,3.69,35580.00,22.42,17080.00,999.00,18.68,1750.20,18.88,7.31
2026-06-08T06:51:49,1,3.71,35580.00,22.42,17080.00,999.00,18.67,1751.50,18.88,7.32
2026-06-08T06:51:50,1,3.70,35580.00,22.42,17080.00,999.00,18.68,1752.00,18.88,7.32
2026-06-08T06:51:50,1,3.70,35580.00,22.42,17080.00,999.00,18.67,1752.00,18.88,7.32
2026-06-08T06:51:50,1,3.70,35640.00,22.46,17110.00,999.00,18.69,1752.40,18.88,7.33
2026-06-08T06:51:50,1,3.72,35640.00,22.46,17110.00,999.00,18.68,1753.70,18.88,7.34
2026-06-08T06:51:50,1,3.70,35640.00,22.46,17110.00,999.00,18.68,1754.70,18.88,7.35
2026-06-08T06:51:51,1,3.69,35640.00,22.46,17110.00,999.00,18.69,1754.90,18.88,7.35
2026-06-08T06:51:51,1,3.69,35650.00,22.47,17116.00,999.00,18.67,1755.30,18.87,7.36
2026-06-08T06:51:51,1,3.69,35650.00,22.47,17116.00,999.00,18.68,1755.30,18.87,7.36
2026-06-08T06:51:51,1,3.71,35650.00,22.47,17116.00,999.00,18.68,1756.20,18.87,7.36
2026-06-08T06:51:52,1,3.68,35650.00,22.47,17116.00,999.00,18.68,1756.10,18.87,7.36
2026-06-08T06:51:52,1,3.70,35650.00,22.47,17116.00,999.00,18.69,1756.20,18.87,7.36
2026-06-08T06:51:52,1,3.70,35680.00,22.49,17128.00,999.00,18.68,1756.40,18.87,7.37
2026-06-08T06:51:52,1,3.71,35680.00,22.49,17128.00,999.00,18.68,1757.70,18.87,7.38
2026-06-08T06:51:52,1,3.71,35680.00,22.49,17128.00,999.00,18.67,1758.80,18.87,7.39
2026-06-08T06:51:53,1,3.69,35680.00,22.49,17128.00,999.00,18.68,1759.50,18.87,7.40
2026-06-08T06:51:53,1,3.70,35680.00,22.49,17128.00,999.00,18.68,1760.60,18.87,7.41
2026-06-08T06:51:53,1,3.71,35660.00,22.48,17121.00,999.00,18.67,1761.10,18.87,7.41
2026-06-08T06:51:53,1,3.71,35660.00,22.48,17121.00,999.00,18.68,1761.90,18.87,7.42
2026-06-08T06:51:53,1,3.71,35660.00,22.48,17121.00,999.00,18.68,1762.90,18.86,7.43
2026-06-08T06:51:54,1,3.70,35660.00,22.48,17121.00,999.00,18.67,1763.90,18.86,7.44
2026-06-08T06:51:54,1,3.69,35660.00,22.48,17121.00,999.00,18.68,1764.80,18.86,7.45
2026-06-08T06:51:54,1,3.70,35670.00,22.48,17124.00,999.00,18.67,1765.80,18.86,7.46
2026-06-08T06:51:54,1,3.69,35670.00,22.48,17124.00,999.00,18.67,1766.10,18.86,7.46
2026-06-08T06:51:54,1,3.70,35670.00,22.48,17124.00,999.00,18.68,1766.70,18.86,7.47
2026-06-08T06:51:55,1,3.68,35670.00,22.48,17124.00,999.00,18.68,1766.70,18.86,7.47
2026-06-08T06:51:55,1,3.68,35660.00,22.47,17118.00,999.00,18.68,1767.20,18.86,7.47
2026-06-08T06:51:55,1,3.68,35660.00,22.47,17118.00,999.00,18.68,1767.40,18.86,7.48
2026-06-08T06:51:55,1,3.70,35660.00,22.47,17118.00,999.00,18.68,1768.20,18.84,7.48
2026-06-08T06:51:55,1,3.70,35660.00,22.47,17118.00,999.00,18.67,1769.60,18.85,7.50
2026-06-08T06:51:56,1,3.68,35660.00,22.47,17118.00,999.00,18.69,1770.70,18.85,7.51
2026-06-08T06:51:56,1,3.68,35670.00,22.48,17125.00,999.00,18.67,1771.10,18.85,7.51
2026-06-08T06:51:56,1,3.69,35670.00,22.48,17125.00,999.00,18.67,1771.70,18.85,7.52
2026-06-08T06:51:56,1,3.71,35670.00,22.48,17125.00,999.00,18.69,1773.80,18.85,7.54
2026-06-08T06:51:57,1,3.71,35670.00,22.48,17125.00,999.00,18.68,1775.70,18.85,7.56
2026-06-08T06:51:57,1,3.70,35670.00,22.48,17125.00,999.00,18.69,1776.30,18.85,7.56
2026-06-08T06:51:57,1,3.70,35690.00,22.49,17131.00,999.00,18.67,1776.40,18.84,7.57
2026-06-08T06:51:57,1,3.69,35690.00,22.49,17131.00,999.00,18.68,1778.00,18.85,7.58
2026-06-08T06:51:57,1,3.68,35690.00,22.49,17131.00,999.00,18.67,1778.50,18.85,7.59
2026-06-08T06:51:58,1,3.68,35690.00,22.49,17131.00,999.00,18.68,1779.60,18.85,7.60
2026-06-08T06:51:58,1,3.70,35670.00,22.49,17126.00,999.00,18.67,1780.80,18.85,7.61
2026-06-08T06:51:58,1,3.71,35670.00,22.49,17126.00,999.00,18.67,1782.00,18.85,7.62
2026-06-08T06:51:58,1,3.70,35670.00,22.49,17126.00,999.00,18.68,1783.70,18.85,7.64
2026-06-08T06:51:58,1,3.68,35670.00,22.49,17126.00,999.00,18.67,1784.80,18.85,7.65
2026-06-08T06:51:59,1,3.69,35670.00,22.49,17126.00,999.00,18.69,1786.30,18.84,7.66
2026-06-08T06:51:59,1,3.70,35660.00,22.47,17118.00,999.00,18.69,1787.10,18.84,7.67
2026-06-08T06:51:59,1,3.71,35660.00,22.47,17118.00,999.00,18.67,1788.30,18.84,7.68
2026-06-08T06:51:59,1,3.69,35660.00,22.47,17118.00,999.00,18.67,1788.90,18.84,7.69
2026-06-08T06:51:59,1,3.68,35660.00,22.47,17118.00,999.00,18.68,1789.60,18.84,7.70
2026-06-08T06:52:00,1,3.67,35660.00,22.47,17118.00,999.00,18.67,1790.60,18.84,7.71
2026-06-08T06:52:00,1,3.69,35650.00,22.47,17114.00,999.00,18.67,1790.60,18.84,7.71
2026-06-08T06:52:00,1,3.71,35650.00,22.47,17114.00,999.00,18.68,1791.90,18.84,7.72
2026-06-08T06:52:00,1,3.71,35650.00,22.47,17114.00,999.00,18.68,1792.60,18.84,7.73
2026-06-08T06:52:01,1,3.70,35650.00,22.47,17114.00,999.00,18.68,1792.80,18.84,7.73
2026-06-08T06:52:01,1,3.70,35650.00,22.47,17114.00,999.00,18.69,1793.50,18.84,7.73
2026-06-08T06:52:01,1,3.70,35670.00,22.48,17124.00,999.00,18.67,1793.40,18.84,7.73
2026-06-08T06:52:01,1,3.71,35670.00,22.48,17124.00,999.00,18.69,1794.20,18.84,7.74
2026-06-08T06:52:01,1,3.68,35670.00,22.48,17124.00,999.00,18.67,1795.30,18.84,7.75
2026-06-08T06:52:02,1,3.70,35670.00,22.48,17124.00,999.00,18.69,1796.00,18.84,7.76
2026-06-08T06:52:02,1,3.70,35640.00,22.46,17111.00,999.00,18.68,1797.30,18.84,7.77
2026-06-08T06:52:02,1,3.68,35640.00,22.46,17111.00,999.00,18.69,1798.10,18.84,7.78
2026-06-08T06:52:02,1,3.71,35640.00,22.46,17111.00,999.00,18.69,1798.60,18.84,7.79
2026-06-08T06:52:02,1,3.68,35640.00,22.46,17111.00,999.00,18.69,1799.50,18.84,7.79
2026-06-08T06:52:03,1,3.70,35640.00,22.46,17111.00,999.00,18.68,1801.00,18.84,7.81
2026-06-08T06:52:03,1,3.69,35660.00,22.48,17121.00,999.00,18.69,1802.00,18.84,7.82
2026-06-08T06:52:03,1,3.71,35660.00,22.48,17121.00,999.00,18.67,1803.30,18.84,7.83
2026-06-08T06:52:03,1,3.68,35660.00,22.48,17121.00,999.00,18.69,1804.60,18.84,7.84
2026-06-08T06:52:03,1,3.68,35660.00,22.48,17121.00,999.00,18.68,1806.40,18.84,7.86
2026-06-08T06:52:04,1,3.70,35660.00,22.48,17121.00,999.00,18.68,1807.90,18.83,7.88
2026-06-08T06:52:04,1,3.70,35670.00,22.48,17125.00,999.00,18.68,1809.30,18.83,7.89
2026-06-08T06:52:04,1,3.71,35670.00,22.48,17125.00,999.00,18.69,1810.60,18.83,7.90
2026-06-08T06:52:04,1,3.70,35670.00,22.48,17125.00,999.00,18.69,1811.50,18.83,7.91
2026-06-08T06:52:04,1,3.68,35670.00,22.48,17125.00,999.00,18.68,1811.50,18.83,7.91
2026-06-08T06:52:05,1,3.68,35670.00,22.48,17125.00,999.00,18.68,1812.30,18.83,7.92
2026-06-08T06:52:05,1,3.71,35660.00,22.47,17118.00,999.00,18.67,1813.30,18.83,7.93
2026-06-08T06:52:05,1,3.70,35660.00,22.47,17118.00,999.00,18.68,1814.00,18.83,7.94
2026-06-08T06:52:05,1,3.68,35660.00,22.47,17118.00,999.00,18.68,1814.20,18.83,7.94
2026-06-08T06:52:05,1,3.68,35660.00,22.47,17118.00,999.00,18.69,1815.20,18.83,7.95
2026-06-08T06:52:06,1,3.70,35650.00,22.47,17113.00,999.00,18.69,1817.20,18.83,7.97
2026-06-08T06:52:06,1,3.70,35650.00,22.47,17113.00,999.00,18.68,1817.60,18.83,7.97
2026-06-08T06:52:06,1,3.71,35650.00,22.47,17113.00,999.00,18.69,1819.00,18.83,7.99
2026-06-08T06:52:06,1,3.70,35650.00,22.47,17113.00,999.00,18.68,1819.50,18.83,7.99
2026-06-08T06:52:07,1,3.69,35650.00,22.47,17113.00,999.00,18.68,1820.10,18.83,8.00
2026-06-08T06:52:07,1,3.70,35640.00,22.46,17110.00,999.00,18.69,1820.70,18.83,8.00
2026-06-08T06:52:07,1,3.68,35640.00,22.46,17110.00,999.00,18.68,1821.50,18.83,8.01
2026-06-08T06:52:07,1,3.69,35640.00,22.46,17110.00,999.00,18.68,1822.40,18.83,8.02
2026-06-08T06:52:07,1,3.70,35640.00,22.46,17110.00,999.00,18.69,1822.60,18.83,8.02
2026-06-08T06:52:08,1,3.68,35640.00,22.46,17110.00,999.00,18.68,1824.10,18.82,8.04
2026-06-08T06:52:08,1,3.71,35640.00,22.46,17111.00,999.00,18.68,1825.40,18.83,8.05
2026-06-08T06:52:08,1,3.70,35640.00,22.46,17111.00,999.00,18.68,1827.00,18.82,8.07
2026-06-08T06:52:08,1,3.71,35640.00,22.46,17111.00,999.00,18.68,1828.70,18.82,8.08
2026-06-08T06:52:08,1,3.69,35640.00,22.46,17111.00,999.00,18.70,1829.20,18.83,8.09
2026-06-08T06:52:09,1,3.68,35650.00,22.47,17113.00,999.00,18.67,1829.50,18.83,8.09
2026-06-08T06:52:09,1,3.71,35650.00,22.47,17113.00,999.00,18.68,1830.80,18.82,8.10
2026-06-08T06:52:09,1,3.70,35650.00,22.47,17113.00,999.00,18.68,1832.10,18.82,8.12
2026-06-08T06:52:09,1,3.68,35650.00,22.47,17113.00,999.00,18.68,1832.70,18.82,8.12
2026-06-08T06:52:09,1,3.70,35650.00,22.47,17113.00,999.00,18.69,1833.50,18.82,8.13
2026-06-08T06:52:10,1,3.71,35680.00,22.49,17129.00,999.00,18.70,1834.40,18.82,8.14
2026-06-08T06:52:10,1,3.70,35680.00,22.49,17129.00,999.00,18.68,1835.50,18.82,8.15
2026-06-08T06:52:10,1,3.70,35680.00,22.49,17129.00,999.00,18.69,1836.40,18.81,8.16
2026-06-08T06:52:10,1,3.69,35680.00,22.49,17129.00,999.00,18.68,1837.70,18.82,8.17
2026-06-08T06:52:11,1,3.67,35680.00,22.49,17129.00,999.00,18.69,1839.00,18.82,8.19
2026-06-08T06:52:11,1,3.70,35690.00,22.50,17133.00,999.00,18.68,1839.90,18.82,8.19
2026-06-08T06:52:11,1,3.71,35690.00,22.50,17133.00,999.00,18.68,1841.00,18.82,8.21
2026-06-08T06:52:11,1,3.70,35690.00,22.50,17133.00,999.00,18.68,1842.70,18.82,8.22
2026-06-08T06:52:11,1,3.70,35690.00,22.50,17133.00,999.00,18.68,1843.30,18.82,8.23
2026-06-08T06:52:12,1,3.68,35660.00,22.48,17119.00,999.00,18.68,1843.40,18.82,8.23
2026-06-08T06:52:12,1,3.70,35660.00,22.48,17119.00,999.00,18.68,1845.50,18.82,8.25
2026-06-08T06:52:12,1,3.71,35660.00,22.48,17119.00,999.00,18.68,1845.90,18.82,8.25
2026-06-08T06:52:12,1,3.69,35660.00,22.48,17119.00,999.00,18.68,1846.10,18.82,8.26
2026-06-08T06:52:12,1,3.69,35660.00,22.48,17119.00,999.00,18.68,1847.50,18.82,8.27
2026-06-08T06:52:13,1,3.68,35660.00,22.48,17120.00,999.00,18.68,1849.40,18.82,8.29
2026-06-08T06:52:13,1,3.71,35660.00,22.48,17120.00,999.00,18.69,1849.60,18.82,8.29
2026-06-08T06:52:13,1,3.69,35660.00,22.48,17120.00,999.00,18.67,1850.40,18.82,8.30
2026-06-08T06:52:13,1,3.68,35660.00,22.48,17120.00,999.00,18.69,1851.90,18.82,8.31
2026-06-08T06:52:13,1,3.69,35660.00,22.48,17120.00,999.00,18.67,1852.70,18.82,8.32
2026-06-08T06:52:14,1,3.71,35660.00,22.48,17121.00,999.00,18.68,1853.60,18.82,8.33
2026-06-08T06:52:14,1,3.68,35660.00,22.48,17121.00,999.00,18.67,1853.80,18.82,8.33
2026-06-08T06:52:14,1,3.71,35660.00,22.48,17121.00,999.00,18.66,1854.80,18.82,8.34
2026-06-08T06:52:14,1,3.68,35660.00,22.48,17121.00,999.00,18.67,1855.80,18.82,8.35
2026-06-08T06:52:14,1,3.69,35660.00,22.48,17121.00,999.00,18.68,1856.40,18.82,8.36
2026-06-08T06:52:15,1,3.71,35680.00,22.49,17129.00,999.00,18.68,1857.30,18.82,8.37
2026-06-08T06:52:15,1,3.71,35680.00,22.49,17129.00,999.00,18.68,1858.50,18.81,8.38
2026-06-08T06:52:15,1,3.71,35680.00,22.49,17129.00,999.00,18.68,1859.20,18.82,8.39
2026-06-08T06:52:15,1,3.69,35680.00,22.49,17129.00,999.00,18.68,1859.70,18.82,8.39
2026-06-08T06:52:16,1,3.70,35680.00,22.49,17129.00,999.00,18.68,1861.60,18.82,8.41
2026-06-08T06:52:16,1,3.72,35680.00,22.49,17128.00,999.00,18.67,1862.90,18.82,8.42
2026-06-08T06:52:16,1,3.70,35680.00,22.49,17128.00,999.00,18.69,1864.60,18.82,8.44
2026-06-08T06:52:16,1,3.70,35680.00,22.49,17128.00,999.00,18.68,1865.90,18.82,8.45
2026-06-08T06:52:16,1,3.70,35680.00,22.49,17128.00,999.00,18.68,1867.30,18.82,8.47
2026-06-08T06:52:17,1,3.68,35670.00,22.48,17125.00,999.00,18.68,1868.80,18.82,8.48
2026-06-08T06:52:17,1,3.69,35670.00,22.48,17125.00,999.00,18.67,1870.30,18.82,8.50
2026-06-08T06:52:17,1,3.69,35670.00,22.48,17125.00,999.00,18.68,1871.00,18.82,8.50
2026-06-08T06:52:17,1,3.69,35670.00,22.48,17125.00,999.00,18.68,1872.00,18.82,8.51
2026-06-08T06:52:17,1,3.70,35670.00,22.48,17125.00,999.00,18.68,1872.00,18.82,8.51
2026-06-08T06:52:18,1,3.71,35650.00,22.47,17116.00,999.00,18.67,1872.50,18.81,8.52
2026-06-08T06:52:18,1,3.70,35650.00,22.47,17116.00,999.00,18.69,1874.20,18.82,8.53
2026-06-08T06:52:18,1,3.70,35650.00,22.47,17116.00,999.00,18.68,1875.10,18.82,8.54
2026-06-08T06:52:18,1,3.68,35650.00,22.47,17116.00,999.00,18.67,1876.70,18.81,8.56
2026-06-08T06:52:18,1,3.67,35650.00,22.47,17116.00,999.00,18.69,1878.50,18.81,8.58
2026-06-08T06:52:19,1,3.68,35670.00,22.49,17126.00,999.00,18.68,1880.10,18.81,8.59
2026-06-08T06:52:19,1,3.68,35670.00,22.49,17126.00,999.00,18.66,1881.30,18.82,8.60
2026-06-08T06:52:19,1,3.70,35670.00,22.49,17126.00,999.00,18.67,1882.70,18.82,8.62
2026-06-08T06:52:19,1,3.70,35670.00,22.49,17126.00,999.00,18.68,1883.30,18.81,8.62
2026-06-08T06:52:19,1,3.70,35670.00,22.49,17126.00,999.00,18.68,1883.80,18.82,8.63
2026-06-08T06:52:20,1,3.68,35700.00,22.50,17136.00,999.00,18.68,1885.10,18.81,8.64
2026-06-08T06:52:20,1,3.68,35700.00,22.50,17136.00,999.00,18.69,1885.50,18.82,8.65
2026-06-08T06:52:20,1,3.69,35700.00,22.50,17136.00,999.00,18.69,1885.80,18.82,8.65
2026-06-08T06:52:20,1,3.70,35700.00,22.50,17136.00,999.00,18.67,1887.10,18.81,8.66
2026-06-08T06:52:20,1,3.68,35660.00,22.47,17118.00,999.00,18.69,1888.30,18.81,8.67
2026-06-08T06:52:21,1,3.69,35660.00,22.47,17118.00,999.00,18.68,1889.00,18.80,8.68
2026-06-08T06:52:21,1,3.69,35660.00,22.47,17118.00,999.00,18.68,1889.60,18.81,8.69
2026-06-08T06:52:21,1,3.68,35660.00,22.47,17118.00,999.00,18.68,1890.20,18.81,8.69
2026-06-08T06:52:21,1,3.70,35660.00,22.47,17118.00,999.00,18.69,1891.20,18.81,8.70
2026-06-08T06:52:22,1,3.69,35670.00,22.48,17122.00,999.00,18.68,1892.00,18.81,8.71
2026-06-08T06:52:22,1,3.71,35670.00,22.48,17122.00,999.00,18.68,1894.40,18.81,8.73
2026-06-08T06:52:22,1,3.69,35670.00,22.48,17122.00,999.00,18.69,1896.10,18.81,8.75
2026-06-08T06:52:22,1,3.69,35670.00,22.48,17122.00,999.00,18.67,1897.70,18.81,8.77
2026-06-08T06:52:22,1,3.68,35670.00,22.48,17122.00,999.00,18.67,1899.00,18.81,8.78
2026-06-08T06:52:23,1,3.71,35700.00,22.50,17139.00,999.00,18.67,1899.90,18.81,8.79
2026-06-08T06:52:23,1,3.68,35700.00,22.50,17139.00,999.00,18.68,1900.70,18.81,8.80
2026-06-08T06:52:23,1,3.71,35700.00,22.50,17139.00,999.00,18.67,1901.30,18.81,8.80
2026-06-08T06:52:23,1,3.70,35700.00,22.50,17139.00,999.00,18.69,1903.10,18.80,8.82
2026-06-08T06:52:23,1,3.71,35730.00,22.53,17155.00,999.00,18.69,1904.10,18.81,8.83
2026-06-08T06:52:24,1,3.72,35730.00,22.53,17155.00,999.00,18.69,1905.40,18.81,8.84
2026-06-08T06:52:24,1,3.68,35730.00,22.53,17155.00,999.00,18.70,1906.10,18.81,8.85
2026-06-08T06:52:24,1,3.68,35730.00,22.53,17155.00,999.00,18.69,1907.20,18.81,8.86
2026-06-08T06:52:24,1,3.70,35730.00,22.53,17155.00,999.00,18.69,1908.30,18.81,8.87
2026-06-08T06:52:25,1,3.71,35730.00,22.53,17155.00,999.00,18.69,1909.40,18.81,8.88
2026-06-08T06:52:25,1,3.69,35730.00,22.53,17155.00,999.00,18.70,1911.30,18.81,8.90
2026-06-08T06:52:25,1,3.68,35730.00,22.53,17155.00,999.00,18.68,1912.30,18.81,8.91
2026-06-08T06:52:25,1,3.70,35730.00,22.53,17155.00,999.00,18.69,1912.50,18.81,8.91
2026-06-08T06:52:25,1,3.68,35730.00,22.53,17155.00,999.00,18.70,1913.80,18.81,8.93
2026-06-08T06:52:26,1,3.71,35790.00,22.57,17184.00,999.00,18.68,1914.40,18.81,8.93
2026-06-08T06:52:26,1,3.69,35790.00,22.57,17184.00,999.00,18.69,1915.40,18.81,8.94
2026-06-08T06:52:26,1,3.70,35790.00,22.57,17184.00,999.00,18.68,1916.90,18.81,8.96
2026-06-08T06:52:26,1,3.70,35790.00,22.57,17184.00,999.00,18.68,1918.10,18.81,8.97
2026-06-08T06:52:26,1,3.70,35850.00,22.61,17212.00,999.00,18.70,1919.30,18.81,8.98
2026-06-08T06:52:27,1,3.71,35850.00,22.61,17212.00,999.00,18.68,1919.50,18.81,8.98
2026-06-08T06:52:27,1,3.68,35850.00,22.61,17212.00,999.00,18.69,1919.50,18.81,8.98
2026-06-08T06:52:27,1,3.70,35850.00,22.61,17212.00,999.00,18.69,1919.80,18.81,8.99
2026-06-08T06:52:27,1,3.70,35850.00,22.61,17212.00,999.00,18.68,1920.00,18.81,8.99
2026-06-08T06:52:27,1,3.70,35870.00,22.62,17221.00,999.00,18.67,1920.80,18.81,9.00
2026-06-08T06:52:28,1,3.70,35870.00,22.62,17221.00,999.00,18.68,1921.90,18.81,9.01
2026-06-08T06:52:28,1,3.70,35870.00,22.62,17221.00,999.00,18.66,1922.00,18.81,9.01
2026-06-08T06:52:28,1,3.70,35870.00,22.62,17221.00,999.00,18.67,1923.20,18.81,9.02
2026-06-08T06:52:28,1,3.68,35870.00,22.62,17221.00,999.00,18.67,1923.60,18.81,9.02
2026-06-08T06:52:28,1,3.69,35890.00,22.63,17228.00,999.00,18.67,1924.50,18.81,9.03
2026-06-08T06:52:29,1,3.71,35890.00,22.63,17228.00,999.00,18.68,1924.50,18.81,9.03
2026-06-08T06:52:29,1,3.69,35890.00,22.63,17228.00,999.00,18.67,1925.00,18.81,9.04
2026-06-08T06:52:29,1,3.70,35890.00,22.63,17228.00,999.00,18.68,1925.40,18.81,9.04
2026-06-08T06:52:29,1,3.70,35890.00,22.63,17228.00,999.00,18.66,1926.40,18.81,9.05
2026-06-08T06:52:29,1,3.70,35880.00,22.63,17226.00,999.00,18.66,1927.30,18.81,9.06
2026-06-08T06:52:30,1,3.72,35880.00,22.63,17226.00,999.00,18.65,1926.90,18.81,9.06
2026-06-08T06:52:30,1,3.71,35880.00,22.63,17226.00,999.00,18.67,1927.20,18.81,9.06
2026-06-08T06:52:30,1,3.68,35880.00,22.63,17226.00,999.00,18.67,1928.30,18.81,9.07
2026-06-08T06:52:30,1,3.68,35880.00,22.63,17226.00,999.00,18.66,1929.40,18.81,9.08
2026-06-08T06:52:31,1,3.70,35890.00,22.63,17228.00,999.00,18.65,1929.90,18.81,9.09
2026-06-08T06:52:31,1,3.71,35890.00,22.63,17228.00,999.00,18.65,1931.40,18.81,9.10
2026-06-08T06:52:31,1,3.70,35890.00,22.63,17228.00,999.00,18.66,1932.20,18.81,9.11
2026-06-08T06:52:31,1,3.68,35890.00,22.63,17228.00,999.00,18.67,1933.00,18.81,9.12
2026-06-08T06:52:31,1,3.68,35900.00,22.64,17234.00,999.00,18.65,1934.00,18.81,9.13
2026-06-08T06:52:32,1,3.71,35900.00,22.64,17234.00,999.00,18.66,1934.50,18.81,9.13
2026-06-08T06:52:32,1,3.71,35900.00,22.64,17234.00,999.00,18.65,1935.40,18.81,9.14
2026-06-08T06:52:32,1,3.70,35900.00,22.64,17234.00,999.00,18.65,1936.70,18.81,9.15
2026-06-08T06:52:32,1,3.66,35900.00,22.64,17234.00,999.00,18.66,1937.70,18.81,9.16
2026-06-08T06:52:32,1,3.71,35890.00,22.63,17227.00,999.00,18.65,1937.80,18.81,9.16
2026-06-08T06:52:33,1,3.71,35890.00,22.63,17227.00,999.00,18.66,1938.70,18.80,9.17
2026-06-08T06:52:33,1,3.70,35890.00,22.63,17227.00,999.00,18.66,1938.80,18.80,9.17
2026-06-08T06:52:33,1,3.67,35890.00,22.63,17227.00,999.00,18.66,1940.60,18.81,9.19
2026-06-08T06:52:33,1,3.66,35890.00,22.63,17227.00,999.00,18.66,1942.20,18.80,9.21
2026-06-08T06:52:33,1,3.66,35910.00,22.65,17238.00,999.00,18.65,1942.50,18.80,9.21
2026-06-08T06:52:34,1,3.71,35910.00,22.65,17238.00,999.00,18.65,1943.10,18.80,9.22
2026-06-08T06:52:34,1,3.68,35910.00,22.65,17238.00,999.00,18.66,1943.70,18.80,9.22
2026-06-08T06:52:34,1,3.69,35910.00,22.65,17238.00,999.00,18.65,1943.70,18.80,9.22
2026-06-08T06:52:34,1,3.68,35890.00,22.64,17232.00,999.00,18.65,1944.90,18.80,9.23
2026-06-08T06:52:34,1,3.71,35890.00,22.64,17232.00,999.00,18.65,1945.30,18.80,9.24
2026-06-08T06:52:35,1,3.69,35890.00,22.64,17232.00,999.00,18.65,1946.20,18.80,9.25
2026-06-08T06:52:35,1,3.68,35890.00,22.64,17232.00,999.00,18.65,1947.10,18.80,9.26
2026-06-08T06:52:35,1,3.67,35890.00,22.64,17232.00,999.00,18.65,1947.50,18.80,9.26
2026-06-08T06:52:35,1,3.70,35900.00,22.64,17235.00,999.00,18.66,1948.00,18.80,9.27
2026-06-08T06:52:36,1,3.71,35900.00,22.64,17235.00,999.00,18.65,1948.80,18.80,9.27
2026-06-08T06:52:36,1,3.70,35900.00,22.64,17235.00,999.00,18.65,1949.20,18.80,9.28
2026-06-08T06:52:36,1,3.66,35900.00,22.64,17235.00,999.00,18.65,1950.40,18.80,9.29
2026-06-08T06:52:36,1,3.67,35900.00,22.64,17235.00,999.00,18.65,1950.90,18.79,9.29
2026-06-08T06:52:36,1,3.71,35880.00,22.63,17225.00,999.00,18.66,1952.30,18.80,9.31
2026-06-08T06:52:37,1,3.71,35880.00,22.63,17225.00,999.00,18.65,1954.80,18.80,9.33
2026-06-08T06:52:37,1,3.70,35880.00,22.63,17225.00,999.00,18.65,1955.80,18.80,9.34
2026-06-08T06:52:37,1,3.70,35880.00,22.63,17225.00,999.00,18.66,1956.30,18.80,9.35
2026-06-08T06:52:37,1,3.68,35900.00,22.64,17234.00,999.00,18.65,1957.00,18.80,9.35
2026-06-08T06:52:37,1,3.71,35900.00,22.64,17234.00,999.00,18.65,1957.40,18.80,9.36
2026-06-08T06:52:38,1,3.69,35900.00,22.64,17234.00,999.00,18.65,1957.90,18.80,9.36
2026-06-08T06:52:38,1,3.68,35900.00,22.64,17234.00,999.00,18.65,1960.10,18.80,9.39
2026-06-08T06:52:38,1,3.68,35900.00,22.64,17234.00,999.00,18.65,1960.90,18.80,9.39
2026-06-08T06:52:38,1,3.71,35920.00,22.66,17246.00,999.00,18.65,1961.70,18.80,9.40
2026-06-08T06:52:38,1,3.70,35920.00,22.66,17246.00,999.00,18.65,1963.00,18.79,9.41
2026-06-08T06:52:39,1,3.70,35920.00,22.66,17246.00,999.00,18.65,1964.40,18.80,9.43
2026-06-08T06:52:39,1,3.70,35920.00,22.66,17246.00,999.00,18.65,1965.20,18.79,9.44
2026-06-08T06:52:39,1,3.70,35920.00,22.66,17246.00,999.00,18.65,1966.20,18.80,9.45
2026-06-08T06:52:39,1,3.69,35900.00,22.64,17233.00,999.00,18.66,1967.00,18.80,9.45
2026-06-08T06:52:40,1,3.71,35900.00,22.64,17233.00,999.00,18.65,1967.60,18.79,9.46
2026-06-08T06:52:40,1,3.70,35900.00,22.64,17233.00,999.00,18.65,1967.90,18.79,9.46
2026-06-08T06:52:40,1,3.68,35900.00,22.64,17233.00,999.00,18.65,1968.70,18.80,9.47
2026-06-08T06:52:40,1,3.70,35900.00,22.64,17233.00,999.00,18.65,1968.60,18.79,9.47
2026-06-08T06:52:40,1,3.68,35910.00,22.65,17240.00,999.00,18.64,1969.10,18.79,9.47
2026-06-08T06:52:41,1,3.71,35910.00,22.65,17240.00,999.00,18.65,1969.90,18.79,9.48
2026-06-08T06:52:41,1,3.68,35910.00,22.65,17240.00,999.00,18.66,1970.80,18.79,9.49
2026-06-08T06:52:41,1,3.70,35910.00,22.65,17240.00,999.00,18.65,1971.10,18.79,9.49
2026-06-08T06:52:41,1,3.70,35940.00,22.67,17255.00,999.00,18.65,1971.80,18.79,9.50
2026-06-08T06:52:41,1,3.68,35940.00,22.67,17255.00,999.00,18.65,1972.10,18.79,9.50
2026-06-08T06:52:42,1,3.71,35940.00,22.67,17255.00,999.00,18.65,1971.80,18.79,9.50
2026-06-08T06:52:42,1,3.68,35940.00,22.67,17255.00,999.00,18.65,1971.90,18.79,9.50
2026-06-08T06:52:42,1,3.70,35940.00,22.67,17255.00,999.00,18.65,1971.90,18.79,9.50
2026-06-08T06:52:42,1,3.70,35930.00,22.66,17249.00,999.00,18.65,1972.20,18.79,9.51
2026-06-08T06:52:42,1,3.70,35930.00,22.66,17249.00,999.00,18.64,1972.80,18.79,9.51
2026-06-08T06:52:43,1,3.69,35930.00,22.66,17249.00,999.00,18.64,1972.30,18.79,9.51
2026-06-08T06:52:43,1,3.70,35930.00,22.66,17249.00,999.00,18.64,1972.10,18.79,9.50
2026-06-08T06:52:43,1,3.70,35930.00,22.66,17249.00,999.00,18.65,1971.50,18.79,9.50
2026-06-08T06:52:43,1,3.70,35950.00,22.68,17257.00,999.00,18.65,1966.40,18.79,9.45
2026-06-08T06:52:43,1,3.71,35950.00,22.68,17257.00,999.00,18.65,1958.30,18.79,9.37
2026-06-08T06:52:44,1,3.71,35950.00,22.68,17257.00,999.00,18.65,1958.10,18.79,9.37
2026-06-08T06:52:44,1,3.69,35950.00,22.68,17257.00,999.00,18.65,1965.50,18.79,9.44
2026-06-08T06:52:44,1,3.70,35950.00,22.68,17257.00,999.00,18.65,1970.80,18.79,9.49
2026-06-08T06:52:44,1,3.69,35920.00,22.65,17242.00,999.00,18.65,1972.10,18.79,9.50
2026-06-08T06:52:44,1,3.70,35920.00,22.65,17242.00,999.00,18.64,1971.60,18.79,9.50
2026-06-08T06:52:45,1,3.71,35920.00,22.65,17242.00,999.00,18.65,1964.60,18.79,9.43
2026-06-08T06:52:45,1,3.70,35920.00,22.65,17242.00,999.00,18.64,1954.80,18.79,9.33
2026-06-08T06:52:45,1,3.68,35920.00,22.65,17242.00,999.00,18.65,1946.30,18.78,9.25
2026-06-08T06:52:45,1,3.69,35920.00,22.65,17242.00,999.00,18.64,1939.70,18.78,9.18
2026-06-08T06:52:46,1,3.71,35920.00,22.65,17242.00,999.00,18.65,1935.10,18.78,9.14
2026-06-08T06:52:46,1,3.68,35920.00,22.65,17242.00,999.00,18.64,1930.00,18.78,9.09
2026-06-08T06:52:46,1,3.70,35920.00,22.65,17242.00,999.00,18.65,1916.00,18.77,8.95
2026-06-08T06:52:46,1,3.68,35890.00,22.63,17228.00,999.00,18.65,1897.80,18.77,8.77
2026-06-08T06:52:46,1,3.68,35890.00,22.63,17228.00,999.00,18.65,1870.10,18.77,8.49
2026-06-08T06:52:47,1,3.71,35890.00,22.63,17228.00,999.00,18.65,1840.50,18.77,8.20
2026-06-08T06:52:47,1,3.70,35890.00,22.63,17228.00,999.00,18.65,1818.10,18.77,7.98
2026-06-08T06:52:47,1,3.69,35890.00,22.63,17228.00,999.00,18.65,1812.60,18.77,7.92
2026-06-08T06:52:47,1,3.68,35730.00,22.53,17154.00,999.00,18.65,1818.10,18.77,7.98
2026-06-08T06:52:47,1,3.69,35730.00,22.53,17154.00,999.00,18.65,1818.90,18.77,7.99
2026-06-08T06:52:48,1,3.71,35730.00,22.53,17154.00,999.00,18.66,1799.90,18.77,7.80
2026-06-08T06:52:48,1,3.70,35730.00,22.53,17154.00,999.00,18.65,1769.50,18.77,7.50
2026-06-08T06:52:48,1,3.70,35730.00,22.53,17154.00,999.00,18.66,1738.10,18.77,7.19
2026-06-08T06:52:48,1,3.68,35690.00,22.50,17133.00,999.00,18.66,1717.70,18.76,6.98
2026-06-08T06:52:48,1,3.71,35690.00,22.50,17133.00,999.00,18.67,1713.20,18.76,6.94
2026-06-08T06:52:49,1,3.71,35690.00,22.50,17133.00,999.00,18.66,1719.70,18.76,7.00
2026-06-08T06:52:49,1,3.69,35690.00,22.50,17133.00,999.00,18.67,1723.20,18.76,7.04
2026-06-08T06:52:49,1,3.68,35460.00,22.34,17025.00,999.00,18.67,1705.70,18.76,6.86
2026-06-08T06:52:49,1,3.69,35460.00,22.34,17025.00,999.00,18.67,1667.20,18.75,6.48
2026-06-08T06:52:50,1,3.70,35460.00,22.34,17025.00,999.00,18.68,1635.40,18.75,6.17
2026-06-08T06:52:50,1,3.70,35460.00,22.34,17025.00,999.00,18.69,1611.50,18.75,5.93
2026-06-08T06:52:50,1,3.70,35460.00,22.34,17025.00,999.00,18.69,1606.50,18.75,5.88
2026-06-08T06:52:50,1,3.68,34830.00,21.90,16719.00,999.00,18.71,1613.40,18.76,5.95
2026-06-08T06:52:50,1,3.69,34830.00,21.90,16719.00,999.00,18.72,1614.90,18.76,5.96
2026-06-08T06:52:51,1,3.71,34830.00,21.90,16719.00,999.00,18.72,1595.70,18.75,5.77
2026-06-08T06:52:51,1,3.70,34830.00,21.90,16719.00,999.00,18.73,1565.60,18.75,5.48
2026-06-08T06:52:51,1,3.69,34830.00,21.90,16719.00,999.00,18.74,1532.90,18.75,5.15
2026-06-08T06:52:51,1,3.70,34380.00,21.58,16503.00,999.00,18.77,1506.40,18.75,4.89
2026-06-08T06:52:51,1,3.71,34380.00,21.58,16503.00,999.00,18.77,1497.50,18.75,4.80
2026-06-08T06:52:52,1,3.71,34380.00,21.58,16503.00,999.00,18.79,1501.60,18.75,4.84
2026-06-08T06:52:52,1,3.69,34380.00,21.58,16503.00,999.00,18.82,1503.30,18.75,4.86
2026-06-08T06:52:52,1,3.70,31660.00,19.71,15201.00,999.00,18.85,1497.50,18.76,4.80
2026-06-08T06:52:52,1,3.71,31660.00,19.71,15201.00,999.00,18.87,1481.80,18.76,4.65
2026-06-08T06:52:52,1,3.71,31660.00,19.71,15201.00,999.00,18.90,1459.40,18.76,4.42
2026-06-08T06:52:53,1,3.70,31660.00,19.71,15201.00,999.00,18.92,1432.00,18.76,4.15
2026-06-08T06:52:53,1,3.68,31660.00,19.71,15201.00,999.00,18.92,1403.80,18.76,3.87
2026-06-08T06:52:53,1,3.71,31110.00,19.33,14933.00,999.00,18.93,1387.00,18.76,3.71
2026-06-08T06:52:53,1,3.68,31110.00,19.33,14933.00,999.00,18.94,1387.60,18.77,3.71
2026-06-08T06:52:53,1,3.71,31110.00,19.33,14933.00,999.00,18.94,1392.20,18.77,3.76
2026-06-08T06:52:54,1,3.70,31110.00,19.33,14933.00,999.00,18.95,1385.50,18.78,3.69
2026-06-08T06:52:54,1,3.69,31110.00,19.33,14933.00,999.00,18.96,1363.60,18.78,3.47
2026-06-08T06:52:54,1,3.70,30890.00,19.19,14832.00,999.00,18.98,1340.60,18.78,3.25
2026-06-08T06:52:54,1,3.71,30890.00,19.19,14832.00,999.00,18.98,1320.50,18.78,3.05
2026-06-08T06:52:55,1,3.72,30890.00,19.19,14832.00,999.00,18.99,1305.80,18.79,2.90
2026-06-08T06:52:55,1,3.68,30890.00,19.19,14832.00,999.00,18.98,1299.00,18.79,2.83
2026-06-08T06:52:55,1,3.67,30890.00,19.19,14832.00,999.00,18.99,1293.20,18.80,2.78
2026-06-08T06:52:55,1,3.68,30810.00,19.13,14794.00,999.00,18.99,1289.20,18.80,2.74
2026-06-08T06:52:55,1,3.70,30810.00,19.13,14794.00,999.00,19.00,1280.10,18.80,2.65
2026-06-08T06:52:56,1,3.69,30810.00,19.13,14794.00,999.00,18.99,1260.10,18.81,2.45
2026-06-08T06:52:56,1,3.67,30810.00,19.13,14794.00,999.00,18.99,1239.50,18.81,2.24
2026-06-08T06:52:56,1,3.68,30810.00,19.13,14794.00,999.00,18.99,1217.20,18.82,2.02
2026-06-08T06:52:56,1,3.69,30770.00,19.10,14770.00,999.00,18.99,1199.70,18.82,1.85
2026-06-08T06:52:56,1,3.68,30770.00,19.10,14770.00,999.00,19.00,1194.40,18.82,1.80
2026-06-08T06:52:57,1,3.68,30770.00,19.10,14770.00,999.00,19.00,1193.70,18.83,1.79
2026-06-08T06:52:57,1,3.70,30770.00,19.10,14770.00,999.00,19.00,1195.60,18.83,1.81
2026-06-08T06:52:57,1,3.68,30780.00,19.11,14777.00,999.00,19.00,1189.50,18.84,1.75
2026-06-08T06:52:57,1,3.70,30780.00,19.11,14777.00,999.00,18.99,1171.50,18.84,1.57
2026-06-08T06:52:57,1,3.70,30780.00,19.11,14777.00,999.00,19.00,1146.10,18.84,1.32
2026-06-08T06:52:58,1,3.68,30780.00,19.11,14777.00,999.00,18.99,1117.80,18.84,1.04
2026-06-08T06:52:58,1,3.67,30780.00,19.11,14777.00,999.00,19.00,1089.80,18.84,0.76
2026-06-08T06:52:58,1,3.71,30770.00,19.10,14771.00,999.00,19.00,1071.10,18.84,0.58
2026-06-08T06:52:58,1,3.71,30770.00,19.10,14771.00,999.00,19.00,1055.90,18.85,0.43
2026-06-08T06:52:58,1,3.70,30770.00,19.10,14771.00,999.00,19.00,1038.80,18.84,0.26
2026-06-08T06:52:59,1,3.68,30770.00,19.10,14771.00,999.00,19.00,1016.90,18.85,0.04
2026-06-08T06:52:59,1,3.69,30770.00,19.10,14771.00,999.00,19.01,998.90,18.84,-0.14
2026-06-08T06:52:59,1,3.71,30570.00,18.97,14677.00,999.00,19.01,998.90,18.85,-0.14
2026-06-08T06:52:59,1,3.71,30570.00,18.97,14677.00,999.00,19.01,998.80,18.85,-0.14
2026-06-08T06:53:00,1,3.69,30570.00,18.97,14677.00,999.00,19.01,999.20,18.86,-0.14
2026-06-08T06:53:00,1,3.68,30570.00,18.97,14677.00,999.00,19.00,999.00,18.87,-0.14
2026-06-08T06:53:00,1,3.68,29480.00,18.22,14151.00,999.00,19.00,999.20,18.87,-0.14
2026-06-08T06:53:00,1,3.71,29480.00,18.22,14151.00,999.00,19.00,998.70,18.87,-0.14
2026-06-08T06:53:00,1,3.68,29480.00,18.22,14151.00,999.00,19.01,998.80,18.87,-0.14
2026-06-08T06:53:01,1,3.68,29480.00,18.22,14151.00,999.00,19.02,998.80,18.88,-0.14
2026-06-08T06:53:01,1,3.70,29480.00,18.22,14151.00,999.00,19.03,998.60,18.88,-0.14
2026-06-08T06:53:01,1,3.71,29510.00,18.24,14168.00,999.00,19.04,998.80,18.88,-0.14
2026-06-08T06:53:01,1,3.72,29510.00,18.24,14168.00,999.00,19.01,999.30,18.88,-0.14
2026-06-08T06:53:01,1,3.71,29510.00,18.24,14168.00,999.00,19.01,999.00,18.88,-0.14
2026-06-08T06:53:02,1,3.70,29510.00,18.24,14168.00,999.00,18.99,998.40,18.88,-0.14
2026-06-08T06:53:02,1,3.69,29510.00,18.24,14168.00,999.00,19.00,998.60,18.88,-0.14
2026-06-08T06:53:02,1,3.70,29490.00,18.23,14158.00,999.00,19.00,998.30,18.88,-0.15
2026-06-08T06:53:02,1,3.70,29490.00,18.23,14158.00,999.00,19.01,998.80,18.88,-0.14
2026-06-08T06:53:02,1,3.68,29490.00,18.23,14158.00,999.00,18.99,998.60,18.87,-0.14
2026-06-08T06:53:03,1,3.69,29490.00,18.23,14158.00,999.00,18.96,998.60,18.88,-0.14
2026-06-08T06:53:03,1,3.70,29480.00,18.22,14150.00,999.00,18.92,998.50,18.88,-0.14
2026-06-08T06:53:03,1,3.69,29480.00,18.22,14150.00,999.00,18.86,998.70,18.88,-0.14
2026-06-08T06:53:03,1,3.70,29480.00,18.22,14150.00,999.00,18.80,998.30,18.88,-0.15
2026-06-08T06:53:03,1,3.70,29480.00,18.22,14150.00,999.00,18.70,998.90,18.88,-0.14
2026-06-08T06:53:04,1,3.70,29480.00,18.22,14150.00,999.00,18.65,998.90,18.88,-0.14
2026-06-08T06:53:04,1,3.70,29540.00,18.26,14181.00,999.00,18.58,998.60,18.88,-0.14
2026-06-08T06:53:04,1,3.71,29540.00,18.26,14181.00,999.00,18.53,998.50,18.88,-0.14
2026-06-08T06:53:04,1,3.69,29540.00,18.26,14181.00,999.00,18.47,998.50,18.88,-0.14
2026-06-08T06:53:05,1,3.70,29540.00,18.26,14181.00,999.00,18.38,998.60,18.88,-0.14
2026-06-08T06:53:05,1,3.70,29540.00,18.26,14181.00,999.00,18.29,998.50,18.87,-0.14
2026-06-08T06:53:05,1,3.68,29540.00,18.26,14180.00,999.00,18.22,998.50,18.88,-0.14
2026-06-08T06:53:05,1,3.70,29540.00,18.26,14180.00,999.00,18.15,998.50,18.87,-0.14
2026-06-08T06:53:05,1,3.71,29540.00,18.26,14180.00,999.00,18.08,998.50,18.87,-0.14
2026-06-08T06:53:06,1,3.67,29540.00,18.26,14180.00,999.00,18.02,998.10,18.87,-0.15
2026-06-08T06:53:06,1,3.70,29540.00,18.26,14180.00,999.00,17.90,998.40,18.87,-0.14
2026-06-08T06:53:06,1,3.69,29510.00,18.24,14169.00,999.00,17.81,998.30,18.86,-0.15
2026-06-08T06:53:06,1,3.71,29510.00,18.24,14169.00,999.00,17.75,998.10,18.86,-0.15
2026-06-08T06:53:06,1,3.68,29510.00,18.24,14169.00,999.00,17.76,998.40,18.86,-0.14
2026-06-08T06:53:07,1,3.70,29510.00,18.24,14169.00,999.00,17.79,998.00,18.86,-0.15
2026-06-08T06:53:07,1,3.68,29510.00,18.24,14166.00,999.00,17.79,998.40,18.86,-0.14
2026-06-08T06:53:07,1,3.70,29510.00,18.24,14166.00,999.00,17.81,998.10,18.85,-0.15
2026-06-08T06:53:07,1,3.71,29510.00,18.24,14166.00,999.00,17.77,998.00,18.85,-0.15
2026-06-08T06:53:07,1,3.67,29510.00,18.24,14166.00,999.00,17.71,998.40,18.85,-0.14
2026-06-08T06:53:08,1,3.66,29510.00,18.24,14166.00,999.00,17.67,998.10,18.84,-0.15
2026-06-08T06:53:08,1,3.66,29510.00,18.24,14167.00,999.00,17.61,998.50,18.84,-0.14
2026-06-08T06:53:08,1,3.71,29510.00,18.24,14167.00,999.00,17.53,998.30,18.84,-0.15
2026-06-08T06:53:08,1,3.69,29510.00,18.24,14167.00,999.00,17.44,997.90,18.84,-0.15
2026-06-08T06:53:08,1,3.68,29510.00,18.24,14167.00,999.00,17.33,997.90,18.83,-0.15
2026-06-08T06:53:09,1,3.70,29510.00,18.24,14167.00,999.00,17.22,998.10,18.83,-0.15
2026-06-08T06:53:09,1,3.71,29470.00,18.21,14147.00,999.00,17.17,998.10,18.83,-0.15
2026-06-08T06:53:09,1,3.71,29470.00,18.21,14147.00,999.00,17.17,998.10,18.82,-0.15
2026-06-08T06:53:09,1,3.70,29470.00,18.21,14147.00,999.00,17.17,997.90,18.82,-0.15
2026-06-08T06:53:09,1,3.69,29470.00,18.21,14147.00,999.00,17.18,997.80,18.82,-0.15
2026-06-08T06:53:10,1,3.70,29470.00,18.21,14147.00,999.00,17.15,998.30,18.81,-0.15
2026-06-08T06:53:10,1,3.69,29480.00,18.22,14151.00,999.00,17.12,998.00,18.81,-0.15
2026-06-08T06:53:10,1,3.71,29480.00,18.22,14151.00,999.00,17.06,998.00,18.80,-0.15
2026-06-08T06:53:10,1,3.69,29480.00,18.22,14151.00,999.00,17.07,997.90,18.80,-0.15
2026-06-08T06:53:11,1,3.68,29480.00,18.22,14151.00,999.00,17.05,998.20,18.79,-0.15
2026-06-08T06:53:11,1,3.70,29480.00,18.22,14151.00,999.00,17.04,998.10,18.79,-0.15
2026-06-08T06:53:11,1,3.71,29470.00,18.22,14150.00,999.00,17.03,998.10,18.79,-0.15
2026-06-08T06:53:11,1,3.68,29470.00,18.22,14150.00,999.00,16.99,997.90,18.77,-0.15
2026-06-08T06:53:11,1,3.69,29470.00,18.22,14150.00,999.00,16.95,998.20,18.78,-0.15
2026-06-08T06:53:12,1,3.68,29470.00,18.22,14150.00,999.00,16.89,997.70,18.77,-0.15
2026-06-08T06:53:12,1,3.71,29470.00,18.21,14146.00,999.00,16.83,998.10,18.77,-0.15
2026-06-08T06:53:12,1,3.70,29470.00,18.21,14146.00,999.00,16.76,998.00,18.76,-0.15
2026-06-08T06:53:12,1,3.69,29470.00,18.21,14146.00,999.00,16.70,998.00,18.76,-0.15
2026-06-08T06:53:12,1,3.68,29470.00,18.21,14146.00,999.00,16.67,997.70,18.75,-0.15
2026-06-08T06:53:13,1,3.69,29470.00,18.21,14146.00,999.00,16.60,997.50,18.75,-0.15
2026-06-08T06:53:13,1,3.70,29410.00,18.18,14121.00,999.00,16.56,997.80,18.75,-0.15
2026-06-08T06:53:13,1,3.68,29410.00,18.18,14121.00,999.00,16.53,997.90,18.74,-0.15
2026-06-08T06:53:13,1,3.71,29410.00,18.18,14121.00,999.00,16.50,997.90,18.74,-0.15
2026-06-08T06:53:13,1,3.69,29410.00,18.18,14121.00,999.00,16.47,997.80,18.74,-0.15
2026-06-08T06:53:14,1,3.69,29410.00,18.18,14121.00,999.00,16.49,998.20,18.73,-0.15
2026-06-08T06:53:14,1,3.70,29410.00,18.17,14119.00,999.00,16.54,997.70,18.73,-0.15
2026-06-08T06:53:14,1,3.70,29410.00,18.17,14119.00,999.00,16.61,997.70,18.72,-0.15
2026-06-08T06:53:14,1,3.71,29410.00,18.17,14119.00,999.00,16.66,997.50,18.72,-0.15
2026-06-08T06:53:15,1,3.65,29410.00,18.17,14119.00,999.00,16.70,997.70,18.72,-0.15
2026-06-08T06:53:15,1,3.70,29440.00,18.19,14132.00,999.00,16.74,997.90,18.72,-0.15
2026-06-08T06:53:15,1,3.70,29440.00,18.19,14132.00,999.00,16.75,997.40,18.71,-0.15
2026-06-08T06:53:15,1,3.71,29440.00,18.19,14132.00,999.00,16.72,997.90,18.71,-0.15
2026-06-08T06:53:15,1,3.70,29440.00,18.19,14132.00,999.00,16.64,997.50,18.70,-0.15
2026-06-08T06:53:16,1,3.70,29440.00,18.19,14132.00,999.00,16.53,998.30,18.69,-0.15
2026-06-08T06:53:16,1,3.68,29270.00,18.08,14051.00,999.00,16.45,997.70,18.69,-0.15
2026-06-08T06:53:16,1,3.71,29270.00,18.08,14051.00,999.00,16.39,997.80,18.69,-0.15
2026-06-08T06:53:16,1,3.71,29270.00,18.08,14051.00,999.00,16.35,997.40,18.68,-0.15
2026-06-08T06:53:16,1,3.68,29270.00,18.08,14051.00,999.00,16.33,997.10,18.68,-0.16
2026-06-08T06:53:17,1,3.70,29270.00,18.08,14051.00,999.00,16.29,998.10,18.68,-0.15
2026-06-08T06:53:17,1,3.71,29330.00,18.12,14080.00,999.00,16.21,997.60,18.68,-0.15
2026-06-08T06:53:17,1,3.68,29330.00,18.12,14080.00,999.00,16.13,997.60,18.67,-0.15
2026-06-08T06:53:17,1,3.70,29330.00,18.12,14080.00,999.00,16.05,997.40,18.67,-0.15
2026-06-08T06:53:17,1,3.70,29330.00,18.12,14080.00,999.00,15.98,997.60,18.66,-0.15
2026-06-08T06:53:18,1,3.68,27890.00,17.15,13391.00,999.00,15.94,997.70,18.66,-0.15
2026-06-08T06:53:18,1,3.69,27890.00,17.15,13391.00,999.00,15.90,997.50,18.65,-0.15
2026-06-08T06:53:18,1,3.71,27890.00,17.15,13391.00,999.00,15.88,997.40,18.65,-0.15
2026-06-08T06:53:18,1,3.69,27890.00,17.15,13391.00,999.00,15.83,997.10,18.64,-0.16
2026-06-08T06:53:18,1,3.67,27890.00,17.15,13391.00,999.00,15.82,997.50,18.64,-0.15
2026-06-08T06:53:19,1,3.71,29300.00,18.10,14068.00,999.00,15.77,997.70,18.64,-0.15
2026-06-08T06:53:19,1,3.71,29300.00,18.10,14068.00,999.00,15.73,997.40,18.64,-0.15
2026-06-08T06:53:19,1,3.70,29300.00,18.10,14068.00,999.00,15.70,997.50,18.63,-0.15
2026-06-08T06:53:19,1,3.70,29300.00,18.10,14068.00,999.00,15.68,997.10,18.63,-0.16
2026-06-08T06:53:20,1,3.71,29300.00,18.10,14068.00,999.00,15.68,997.30,18.62,-0.16
2026-06-08T06:53:20,1,3.69,29040.00,17.92,13943.00,999.00,15.64,997.70,18.60,-0.15
2026-06-08T06:53:20,1,3.68,29040.00,17.92,13943.00,999.00,15.61,998.00,18.60,-0.15
2026-06-08T06:53:20,1,3.71,29040.00,17.92,13943.00,999.00,15.61,998.20,18.58,-0.15
2026-06-08T06:53:20,1,3.68,29040.00,17.92,13943.00,999.00,15.58,998.40,18.56,-0.14
2026-06-08T06:53:21,1,3.68,29040.00,17.92,13943.00,999.00,15.57,998.80,18.54,-0.14
2026-06-08T06:53:21,1,3.68,26810.00,16.42,12873.00,999.00,15.56,998.00,18.55,-0.15
2026-06-08T06:53:21,1,3.70,26810.00,16.42,12873.00,999.00,15.54,998.90,18.52,-0.14
2026-06-08T06:53:21,1,3.71,26810.00,16.42,12873.00,999.00,15.52,999.50,18.51,-0.13
2026-06-08T06:53:21,1,3.70,26810.00,16.42,12873.00,999.00,15.50,999.30,18.60,-0.14
2026-06-08T06:53:22,1,3.69,29820.00,18.45,14316.00,999.00,15.47,997.60,18.60,-0.15
2026-06-08T06:53:22,1,3.72,29820.00,18.45,14316.00,999.00,15.45,997.80,18.60,-0.15
2026-06-08T06:53:22,1,3.70,29820.00,18.45,14316.00,999.00,15.45,997.60,18.60,-0.15
2026-06-08T06:53:22,1,3.68,29820.00,18.45,14316.00,999.00,15.43,997.50,18.60,-0.15
2026-06-08T06:53:22,1,3.68,29820.00,18.45,14316.00,999.00,15.41,997.70,18.59,-0.15
2026-06-08T06:53:23,1,3.71,19880.00,11.84,9543.00,999.00,15.39,997.40,18.58,-0.15
2026-06-08T06:53:23,1,3.71,19880.00,11.84,9543.00,999.00,15.40,997.90,18.58,-0.15
2026-06-08T06:53:23,1,3.70,19880.00,11.84,9543.00,999.00,15.38,997.50,18.58,-0.15
2026-06-08T06:53:23,1,3.70,19880.00,11.84,9543.00,999.00,15.38,996.90,18.57,-0.16
2026-06-08T06:53:23,1,3.69,19880.00,11.84,9543.00,999.00,15.36,997.60,18.57,-0.15
2026-06-08T06:53:24,1,3.71,19150.00,11.37,9195.00,999.00,15.31,998.00,18.56,-0.15
2026-06-08T06:53:24,1,3.71,19150.00,11.37,9195.00,999.00,15.31,997.90,18.57,-0.15
2026-06-08T06:53:24,1,3.69,19150.00,11.37,9195.00,999.00,15.24,997.00,18.56,-0.16
2026-06-08T06:53:24,1,3.70,19150.00,11.37,9195.00,999.00,15.12,997.90,18.56,-0.15
2026-06-08T06:53:25,1,3.68,19150.00,11.37,9195.00,999.00,15.01,997.20,18.56,-0.16
2026-06-08T06:53:25,1,3.70,18610.00,11.02,8935.00,999.00,14.89,997.60,18.55,-0.15
2026-06-08T06:53:25,1,3.71,18610.00,11.02,8935.00,999.00,14.80,997.40,18.55,-0.15
2026-06-08T06:53:25,1,3.70,18610.00,11.02,8935.00,999.00,14.73,997.60,18.54,-0.15
2026-06-08T06:53:25,1,3.70,18610.00,11.02,8935.00,999.00,14.64,997.90,18.54,-0.15
2026-06-08T06:53:26,1,3.70,19500.00,11.60,9363.00,999.00,14.57,997.50,18.54,-0.15
2026-06-08T06:53:26,1,3.71,19500.00,11.60,9363.00,999.00,14.46,997.40,18.53,-0.15
2026-06-08T06:53:26,1,3.68,19500.00,11.60,9363.00,999.00,14.42,997.30,18.53,-0.16
2026-06-08T06:53:26,1,3.68,19500.00,11.60,9363.00,999.00,14.38,998.10,18.52,-0.15
2026-06-08T06:53:26,1,3.68,19500.00,11.60,9363.00,999.00,14.35,997.60,18.52,-0.15
2026-06-08T06:53:27,1,3.71,18800.00,11.14,9025.00,999.00,14.34,997.50,18.51,-0.15
2026-06-08T06:53:27,1,3.70,18800.00,11.14,9025.00,999.00,14.28,997.80,18.51,-0.15
2026-06-08T06:53:27,1,3.68,18800.00,11.14,9025.00,999.00,14.23,997.80,18.50,-0.15
2026-06-08T06:53:27,1,3.68,18800.00,11.14,9025.00,999.00,14.20,998.10,18.49,-0.15
2026-06-08T06:53:27,1,3.68,18800.00,11.14,9025.00,999.00,14.18,997.70,18.49,-0.15
2026-06-08T06:53:28,1,3.71,15910.00,9.30,7641.00,999.00,14.16,997.90,18.48,-0.15
2026-06-08T06:53:28,1,3.70,15910.00,9.30,7641.00,999.00,14.16,998.20,18.47,-0.15
2026-06-08T06:53:28,1,3.71,15910.00,9.30,7641.00,999.00,14.17,997.60,18.47,-0.15
2026-06-08T06:53:28,1,3.68,15910.00,9.30,7641.00,999.00,14.18,997.20,18.46,-0.16
2026-06-08T06:53:29,1,3.68,16050.00,9.38,7706.00,999.00,14.19,997.70,18.45,-0.15
2026-06-08T06:53:29,1,3.69,16050.00,9.38,7706.00,999.00,14.16,997.50,18.45,-0.15
2026-06-08T06:53:29,1,3.71,16050.00,9.38,7706.00,999.00,14.18,997.90,18.45,-0.15
2026-06-08T06:53:29,1,3.69,16050.00,9.38,7706.00,999.00,14.19,997.30,18.44,-0.16
2026-06-08T06:53:29,1,3.69,16050.00,9.38,7706.00,999.00,14.19,997.60,18.44,-0.15
2026-06-08T06:53:30,1,3.70,16020.00,9.36,7690.00,999.00,14.21,997.50,18.43,-0.15
2026-06-08T06:53:30,1,3.70,16020.00,9.36,7690.00,999.00,14.22,997.60,18.43,-0.15
2026-06-08T06:53:30,1,3.71,16020.00,9.36,7690.00,999.00,14.23,997.40,18.43,-0.15
2026-06-08T06:53:30,1,3.70,16020.00,9.36,7690.00,999.00,14.24,997.20,18.42,-0.16
2026-06-08T06:53:30,1,3.70,16020.00,9.36,7690.00,999.00,14.26,997.70,18.42,-0.15
2026-06-08T06:53:31,1,3.68,16080.00,9.40,7721.00,999.00,14.27,997.50,18.41,-0.15
2026-06-08T06:53:31,1,3.69,16080.00,9.40,7721.00,999.00,14.28,997.60,18.41,-0.15
2026-06-08T06:53:31,1,3.71,16080.00,9.40,7721.00,999.00,14.30,997.70,18.40,-0.15
2026-06-08T06:53:31,1,3.66,16080.00,9.40,7721.00,999.00,14.29,997.90,18.40,-0.15
2026-06-08T06:53:31,1,3.68,16080.00,9.40,7721.00,999.00,14.32,997.50,18.40,-0.15
2026-06-08T06:53:32,1,3.70,16070.00,9.40,7717.00,999.00,14.33,997.80,18.40,-0.15
2026-06-08T06:53:32,1,3.71,16070.00,9.40,7717.00,999.00,14.32,998.10,18.39,-0.15
2026-06-08T06:53:32,1,3.70,16070.00,9.40,7717.00,999.00,14.31,997.80,18.39,-0.15
2026-06-08T06:53:32,1,3.70,16070.00,9.40,7717.00,999.00,14.31,997.50,18.39,-0.15
2026-06-08T06:53:32,1,3.69,16020.00,9.37,7692.00,999.00,14.27,997.60,18.39,-0.15
2026-06-08T06:53:33,1,3.71,16020.00,9.37,7692.00,999.00,14.23,997.20,18.38,-0.16
2026-06-08T06:53:33,1,3.72,16020.00,9.37,7692.00,999.00,14.20,997.90,18.38,-0.15
2026-06-08T06:53:33,1,3.68,16020.00,9.37,7692.00,999.00,14.19,997.40,18.38,-0.15
2026-06-08T06:53:33,1,3.70,16020.00,9.37,7692.00,999.00,14.16,997.60,18.37,-0.15
2026-06-08T06:53:33,1,3.71,16050.00,9.38,7706.00,999.00,14.14,997.50,18.37,-0.15
2026-06-08T06:53:34,1,3.68,16050.00,9.38,7706.00,999.00,14.13,997.10,18.37,-0.16
2026-06-08T06:53:34,1,3.69,16050.00,9.38,7706.00,999.00,14.12,997.70,18.36,-0.15
2026-06-08T06:53:34,1,3.70,16050.00,9.38,7706.00,999.00,14.10,997.70,18.36,-0.15
2026-06-08T06:53:34,1,3.70,16050.00,9.38,7706.00,999.00,14.06,997.70,18.36,-0.15
2026-06-08T06:53:35,1,3.71,16040.00,9.38,7702.00,999.00,14.05,997.70,18.35,-0.15
2026-06-08T06:53:35,1,3.72,16040.00,9.38,7702.00,999.00,14.04,998.10,18.36,-0.15
2026-06-08T06:53:35,1,3.71,16040.00,9.38,7702.00,999.00,14.04,997.40,18.35,-0.15
2026-06-08T06:53:35,1,3.69,16040.00,9.38,7702.00,999.00,14.04,998.00,18.35,-0.15
2026-06-08T06:53:35,1,3.68,16040.00,9.38,7702.00,999.00,14.02,997.50,18.35,-0.15
2026-06-08T06:53:36,1,3.70,16040.00,9.38,7701.00,999.00,13.99,997.30,18.34,-0.16
2026-06-08T06:53:36,1,3.71,16040.00,9.38,7701.00,999.00,13.98,997.60,18.34,-0.15
2026-06-08T06:53:36,1,3.69,16040.00,9.38,7701.00,999.00,13.96,997.20,18.34,-0.16
2026-06-08T06:53:36,1,3.69,16040.00,9.38,7701.00,999.00,13.94,997.20,18.33,-0.16
2026-06-08T06:53:36,1,3.70,15990.00,9.35,7680.00,999.00,13.90,997.70,18.31,-0.15
2026-06-08T06:53:37,1,3.68,15990.00,9.35,7680.00,999.00,13.88,997.40,18.32,-0.15
2026-06-08T06:53:37,1,3.68,15990.00,9.35,7680.00,999.00,13.86,997.40,18.32,-0.15
2026-06-08T06:53:37,1,3.68,15990.00,9.35,7680.00,999.00,13.87,997.30,18.32,-0.16
2026-06-08T06:53:37,1,3.70,15990.00,9.35,7680.00,999.00,13.85,997.30,18.31,-0.16
2026-06-08T06:53:37,1,3.69,16020.00,9.36,7691.00,999.00,13.85,997.20,18.30,-0.16
2026-06-08T06:53:38,1,3.72,16020.00,9.36,7691.00,999.00,13.84,997.10,18.30,-0.16
2026-06-08T06:53:38,1,3.69,16020.00,9.36,7691.00,999.00,13.83,997.40,18.30,-0.15
2026-06-08T06:53:38,1,3.67,16020.00,9.36,7691.00,999.00,13.81,997.40,18.30,-0.15
2026-06-08T06:53:38,1,3.68,16020.00,9.36,7691.00,999.00,13.80,997.40,18.29,-0.15
2026-06-08T06:53:38,1,3.68,16020.00,9.37,7693.00,999.00,13.79,997.60,18.29,-0.15
2026-06-08T06:53:39,1,3.71,16020.00,9.37,7693.00,999.00,13.78,997.20,18.29,-0.16
2026-06-08T06:53:39,1,3.70,16020.00,9.37,7693.00,999.00,13.77,997.30,18.28,-0.16
2026-06-08T06:53:39,1,3.69,16020.00,9.37,7693.00,999.00,13.79,997.30,18.28,-0.16
2026-06-08T06:53:39,1,3.68,16020.00,9.37,7693.00,999.00,13.79,997.20,18.28,-0.16
2026-06-08T06:53:40,1,3.70,16020.00,9.37,7693.00,999.00,13.80,997.20,18.28,-0.16
2026-06-08T06:53:40,1,3.68,16020.00,9.37,7693.00,999.00,13.80,997.20,18.28,-0.16
2026-06-08T06:53:40,1,3.68,16020.00,9.37,7693.00,999.00,13.78,997.20,18.27,-0.16
2026-06-08T06:53:40,1,3.68,16020.00,9.37,7693.00,999.00,13.80,997.40,18.27,-0.15
2026-06-08T06:53:40,1,3.68,16020.00,9.36,7691.00,999.00,13.81,997.20,18.27,-0.16
2026-06-08T06:53:41,1,3.70,16020.00,9.36,7691.00,999.00,13.81,997.70,18.27,-0.15
2026-06-08T06:53:41,1,3.70,16020.00,9.36,7691.00,999.00,13.82,997.40,18.27,-0.15
2026-06-08T06:53:41,1,3.70,16020.00,9.36,7691.00,999.00,13.83,997.30,18.26,-0.16
2026-06-08T06:53:41,1,3.67,16020.00,9.36,7691.00,999.00,13.85,997.20,18.26,-0.16
2026-06-08T06:53:41,1,3.71,16020.00,9.36,7691.00,999.00,13.85,997.20,18.26,-0.16
2026-06-08T06:53:42,1,3.70,16020.00,9.36,7691.00,999.00,13.86,997.40,18.25,-0.15
2026-06-08T06:53:42,1,3.71,16020.00,9.36,7691.00,999.00,13.89,997.20,18.26,-0.16
2026-06-08T06:53:42,1,3.70,16020.00,9.36,7691.00,999.00,13.89,997.50,18.25,-0.15
2026-06-08T06:53:42,1,3.69,16020.00,9.36,7691.00,999.00,13.87,997.30,18.25,-0.16
2026-06-08T06:53:42,1,3.71,16010.00,9.36,7689.00,999.00,13.86,997.10,18.25,-0.16
2026-06-08T06:53:43,1,3.71,16010.00,9.36,7689.00,999.00,13.89,997.10,18.25,-0.16
2026-06-08T06:53:43,1,3.69,16010.00,9.36,7689.00,999.00,13.89,997.40,18.25,-0.15
2026-06-08T06:53:43,1,3.68,16010.00,9.36,7689.00,999.00,13.89,997.40,18.25,-0.15
2026-06-08T06:53:43,1,3.68,15830.00,9.25,7603.00,999.00,13.90,997.40,18.25,-0.15
2026-06-08T06:53:43,1,3.71,15830.00,9.25,7603.00,999.00,13.90,996.90,18.25,-0.16
2026-06-08T06:53:44,1,3.68,15830.00,9.25,7603.00,999.00,13.91,997.30,18.25,-0.16
2026-06-08T06:53:44,1,3.67,15830.00,9.25,7603.00,999.00,13.93,996.70,18.25,-0.16
2026-06-08T06:53:44,1,3.68,15830.00,9.25,7603.00,999.00,13.92,996.90,18.25,-0.16
2026-06-08T06:53:44,1,3.70,15540.00,9.06,7462.00,999.00,13.95,997.50,18.24,-0.15
2026-06-08T06:53:45,1,3.71,15540.00,9.06,7462.00,999.00,13.97,997.20,18.24,-0.16
2026-06-08T06:53:45,1,3.71,15540.00,9.06,7462.00,999.00,13.99,997.10,18.24,-0.16
2026-06-08T06:53:45,1,3.70,15540.00,9.06,7462.00,999.00,13.98,997.30,18.24,-0.16
2026-06-08T06:53:45,1,3.69,15540.00,9.06,7462.00,999.00,14.01,996.80,18.24,-0.16
2026-06-08T06:53:45,1,3.69,15880.00,9.28,7624.00,999.00,14.02,997.30,18.24,-0.16
2026-06-08T06:53:46,1,3.68,15880.00,9.28,7624.00,999.00,14.03,997.50,18.24,-0.15
2026-06-08T06:53:46,1,3.70,15880.00,9.28,7624.00,999.00,14.05,997.00,18.24,-0.16
2026-06-08T06:53:46,1,3.70,15880.00,9.28,7624.00,999.00,14.05,997.00,18.24,-0.16
2026-06-08T06:53:46,1,3.69,15880.00,9.28,7624.00,999.00,14.05,997.40,18.24,-0.15
2026-06-08T06:53:46,1,3.71,15830.00,9.25,7602.00,999.00,14.05,997.00,18.24,-0.16
2026-06-08T06:53:47,1,3.69,15830.00,9.25,7602.00,999.00,14.05,997.20,18.24,-0.16
2026-06-08T06:53:47,1,3.69,15830.00,9.25,7602.00,999.00,14.05,997.20,18.24,-0.16
2026-06-08T06:53:47,1,3.68,15830.00,9.25,7602.00,999.00,14.06,997.60,18.23,-0.15
2026-06-08T06:53:47,1,3.70,15830.00,9.25,7602.00,999.00,14.09,997.30,18.23,-0.16
2026-06-08T06:53:47,1,3.68,15750.00,9.20,7563.00,999.00,14.09,997.20,18.23,-0.16
2026-06-08T06:53:48,1,3.71,15750.00,9.20,7563.00,999.00,14.08,996.40,18.23,-0.16
2026-06-08T06:53:48,1,3.69,15750.00,9.20,7563.00,999.00,14.13,997.30,18.23,-0.16
2026-06-08T06:53:48,1,3.69,15750.00,9.20,7563.00,999.00,14.12,996.70,18.23,-0.16
2026-06-08T06:53:48,1,3.66,15710.00,9.17,7542.00,999.00,14.11,996.90,18.23,-0.16
2026-06-08T06:53:48,1,3.70,15710.00,9.17,7542.00,999.00,14.12,997.00,18.23,-0.16
2026-06-08T06:53:49,1,3.71,15710.00,9.17,7542.00,999.00,14.12,996.60,18.23,-0.16
2026-06-08T06:53:49,1,3.68,15710.00,9.17,7542.00,999.00,14.13,997.30,18.22,-0.16
2026-06-08T06:53:49,1,3.70,15710.00,9.17,7542.00,999.00,14.13,997.10,18.23,-0.16
2026-06-08T06:53:49,1,3.70,15770.00,9.21,7573.00,999.00,14.14,996.80,18.23,-0.16
2026-06-08T06:53:50,1,3.71,15770.00,9.21,7573.00,999.00,14.13,996.70,18.23,-0.16
2026-06-08T06:53:50,1,3.68,15770.00,9.21,7573.00,999.00,14.14,997.00,18.23,-0.16
2026-06-08T06:53:50,1,3.68,15770.00,9.21,7573.00,999.00,14.13,997.10,18.23,-0.16
2026-06-08T06:53:50,1,3.68,15770.00,9.21,7573.00,999.00,14.12,996.90,18.23,-0.16
2026-06-08T06:53:50,1,3.71,15910.00,9.30,7639.00,999.00,14.11,996.70,18.22,-0.16
2026-06-08T06:53:51,1,3.70,15910.00,9.30,7639.00,999.00,14.11,997.20,18.22,-0.16
2026-06-08T06:53:51,1,3.70,15910.00,9.30,7639.00,999.00,14.09,997.00,18.22,-0.16
2026-06-08T06:53:51,1,3.70,15910.00,9.30,7639.00,999.00,14.10,997.20,18.22,-0.16
2026-06-08T06:53:51,1,3.68,16000.00,9.35,7682.00,999.00,14.10,997.00,18.22,-0.16
2026-06-08T06:53:51,1,3.70,16000.00,9.35,7682.00,999.00,14.11,996.70,18.22,-0.16
2026-06-08T06:53:52,1,3.71,16000.00,9.35,7682.00,999.00,14.13,997.30,18.22,-0.16
2026-06-08T06:53:52,1,3.70,16000.00,9.35,7682.00,999.00,14.14,996.90,18.22,-0.16
2026-06-08T06:53:52,1,3.68,16000.00,9.35,7682.00,999.00,14.17,997.20,18.22,-0.16
2026-06-08T06:53:52,1,3.70,15970.00,9.33,7668.00,999.00,14.17,996.90,18.22,-0.16
2026-06-08T06:53:52,1,3.71,15970.00,9.33,7668.00,999.00,14.18,997.00,18.22,-0.16
2026-06-08T06:53:53,1,3.71,15970.00,9.33,7668.00,999.00,14.20,997.30,18.22,-0.16
2026-06-08T06:53:53,1,3.68,15970.00,9.33,7668.00,999.00,14.20,997.60,18.22,-0.15
2026-06-08T06:53:53,1,3.70,15970.00,9.33,7668.00,999.00,14.23,997.10,18.21,-0.16
2026-06-08T06:53:53,1,3.70,15960.00,9.33,7663.00,999.00,14.24,997.20,18.21,-0.16
2026-06-08T06:53:53,1,3.68,15960.00,9.33,7663.00,999.00,14.26,997.10,18.21,-0.16
2026-06-08T06:53:54,1,3.69,15960.00,9.33,7663.00,999.00,14.27,997.30,18.21,-0.16
2026-06-08T06:53:54,1,3.68,15960.00,9.33,7663.00,999.00,14.29,996.90,18.21,-0.16
2026-06-08T06:53:54,1,3.69,15960.00,9.33,7663.00,999.00,14.29,997.00,18.21,-0.16
2026-06-08T06:53:54,1,3.69,16000.00,9.35,7683.00,999.00,14.32,997.10,18.21,-0.16
2026-06-08T06:53:55,1,3.70,16000.00,9.35,7683.00,999.00,14.32,997.20,18.21,-0.16
2026-06-08T06:53:55,1,3.69,16000.00,9.35,7683.00,999.00,14.35,997.20,18.20,-0.16
2026-06-08T06:53:55,1,3.70,16000.00,9.35,7683.00,999.00,14.37,997.50,18.20,-0.15
2026-06-08T06:53:55,1,3.69,16080.00,9.40,7719.00,999.00,14.37,997.50,18.20,-0.15
2026-06-08T06:53:55,1,3.70,16080.00,9.40,7719.00,999.00,14.38,997.00,18.20,-0.16
