time,deviceMode,battV,ec,sal,tds,dallasTemp,thermTemp,pt100Temp,brFastTemp,lt450,lt500,lt550,lt570,lt600,lt650,brPressure,brTemperature,brDepth,gpsLat,gpsLon,gpsAlt,gpsSpeed_ms,gpsFix,gpsSats
2026-06-11T04:58:30,0,3.64,18160.00,10.73,9809.00,,,,21.22,,,,,,,1001.20,24.65,-0.12,,,,,,
2026-06-11T04:58:30,0,3.64,18160.00,10.73,9809.00,,,,21.21,,,,,,,1000.90,24.65,-0.12,,,,,,
2026-06-11T04:58:30,0,3.64,18160.00,10.73,9809.00,,,,21.21,,,,,,,1000.90,24.66,-0.12,,,,,,
2026-06-11T04:58:30,0,3.64,18160.00,10.73,9809.00,,,,21.20,,,,,,,1000.90,24.66,-0.12,,,,,,
2026-06-11T04:58:30,0,3.64,18160.00,10.73,9809.00,,,,21.20,,,,,,,1000.90,24.65,-0.12,,,,,,
2026-06-11T04:58:30,0,3.63,18160.00,10.73,9809.00,,,,21.20,,,,,,,1000.60,24.66,-0.12,,,,,,
2026-06-11T04:58:30,0,3.64,18160.00,10.73,9809.00,,,,21.20,,,,,,,1000.80,24.65,-0.12,,,,,,
2026-06-11T04:58:30,0,3.63,18120.00,10.71,9788.00,,,,21.19,,,,,,,1001.00,24.65,-0.12,,,,,,
2026-06-11T04:58:30,0,3.65,18120.00,10.71,9788.00,,,,21.19,,,,,,,1000.90,24.64,-0.12,,,,,,
2026-06-11T04:58:30,0,3.64,18120.00,10.71,9788.00,,,,21.19,,,,,,,1000.90,24.65,-0.12,,,,,,
2026-06-11T04:58:30,0,3.65,18120.00,10.71,9788.00,,,,21.19,,,,,,,1001.40,24.65,-0.11,,,,,,
2026-06-11T04:58:30,0,3.64,18120.00,10.71,9788.00,,,,21.19,,,,,,,1001.10,24.65,-0.12,,,,,,
2026-06-11T04:58:30,0,3.65,18120.00,10.71,9788.00,,,,21.18,,,,,,,1001.00,24.64,-0.12,,,,,,
2026-06-11T04:58:30,0,3.64,18120.00,10.71,9788.00,,,,21.18,,,,,,,1001.30,24.64,-0.12,,,,,,
2026-06-11T04:58:30,0,3.64,18120.00,10.71,9788.00,,,,21.18,,,,,,,1001.30,24.65,-0.12,,,,,,
2026-06-11T04:58:31,0,3.64,18120.00,10.71,9788.00,,,,21.17,,,,,,,1001.20,24.64,-0.12,,,,,,
2026-06-11T04:58:31,0,3.64,18120.00,10.71,9788.00,,,,21.18,,,,,,,1001.20,24.64,-0.12,,,,,,
2026-06-11T04:58:31,0,3.64,18120.00,10.71,9788.00,,,,21.17,,,,,,,1001.10,24.64,-0.12,,,,,,
2026-06-11T04:58:31,0,3.64,18120.00,10.71,9788.00,,,,21.17,,,,,,,1001.10,24.64,-0.12,,,,,,
2026-06-11T04:58:31,0,3.65,18120.00,10.71,9788.00,,,,21.17,,,,,,,1001.60,24.64,-0.11,,,,,,
2026-06-11T04:58:31,0,3.64,18120.00,10.71,9788.00,,,,21.16,,,,,,,1000.70,24.64,-0.12,,,,,,
2026-06-11T04:58:31,0,3.64,18120.00,10.71,9788.00,,,,21.16,,,,,,,1000.90,24.64,-0.12,,,,,,
2026-06-11T04:58:31,0,3.64,18120.00,10.71,9788.00,,,,21.17,,,,,,,1000.80,24.64,-0.12,,,,,,
2026-06-11T04:58:31,0,3.64,18120.00,10.71,9788.00,,,,21.17,,,,,,,1001.10,24.63,-0.12,,,,,,
2026-06-11T04:58:31,0,3.64,18120.00,10.71,9788.00,,,,21.16,,,,,,,1001.30,24.64,-0.12,,,,,,
2026-06-11T04:58:31,0,3.64,18120.00,10.71,9788.00,,,,21.17,,,,,,,1001.20,24.63,-0.12,,,,,,
2026-06-11T04:58:31,0,3.64,18120.00,10.71,9788.00,,,,21.17,,,,,,,1001.30,24.63,-0.12,,,,,,
2026-06-11T04:58:31,0,3.64,18120.00,10.71,9788.00,,,,21.17,,,,,,,1001.10,24.63,-0.12,,,,,,
2026-06-11T04:58:31,0,3.64,18120.00,10.71,9788.00,,,,21.17,,,,,,,1000.80,24.56,-0.12,,,,,,
2026-06-11T04:58:31,0,3.64,18120.00,10.71,9788.00,,,,21.17,,,,,,,1001.30,24.59,-0.12,,,,,,
2026-06-11T04:58:32,0,3.64,18120.00,10.71,9788.00,,,,21.17,,,,,,,1001.40,24.61,-0.11,,,,,,
2026-06-11T04:58:32,0,3.64,18120.00,10.71,9788.00,,,,21.18,,,,,,,1001.30,24.61,-0.12,,,,,,
2026-06-11T04:58:32,0,3.64,18120.00,10.71,9788.00,,,,21.18,,,,,,,1001.40,24.62,-0.11,,,,,,
2026-06-11T04:58:32,0,3.64,18120.00,10.71,9788.00,,,,21.18,,,,,,,1000.70,24.62,-0.12,,,,,,
2026-06-11T04:58:32,0,3.63,18120.00,10.71,9788.00,,,,21.19,,,,,,,1001.10,24.62,-0.12,,,,,,
2026-06-11T04:58:32,0,3.64,18120.00,10.71,9788.00,,,,21.19,,,,,,,1001.10,24.62,-0.12,,,,,,
2026-06-11T04:58:32,0,3.64,18120.00,10.71,9788.00,,,,21.19,,,,,,,1000.50,24.62,-0.12,,,,,,
2026-06-11T04:58:32,0,3.65,18110.00,10.70,9785.00,,,,21.19,,,,,,,1001.30,24.62,-0.12,,,,,,
2026-06-11T04:58:32,0,3.64,18110.00,10.70,9785.00,,,,21.20,,,,,,,1001.00,24.62,-0.12,,,,,,
2026-06-11T04:58:32,0,3.65,18110.00,10.70,9785.00,,,,21.21,,,,,,,1001.30,24.61,-0.12,,,,,,
2026-06-11T04:58:32,0,3.64,18110.00,10.70,9785.00,,,,21.20,,,,,,,1001.40,24.61,-0.11,,,,,,
2026-06-11T04:58:32,0,3.64,18110.00,10.70,9785.00,,,,21.21,,,,,,,1001.30,24.62,-0.12,,,,,,
2026-06-11T04:58:32,0,3.64,18110.00,10.70,9785.00,,,,21.22,,,,,,,1001.40,24.61,-0.11,,,,,,
2026-06-11T04:58:32,0,3.65,18110.00,10.70,9785.00,,,,21.21,,,,,,,1001.40,24.61,-0.11,,,,,,
2026-06-11T04:58:32,0,3.64,18110.00,10.70,9785.00,,,,21.22,,,,,,,1001.00,24.61,-0.12,,,,,,
2026-06-11T04:58:33,0,3.64,18110.00,10.70,9785.00,,,,21.22,,,,,,,1001.20,24.61,-0.12,,,,,,
2026-06-11T04:58:33,0,3.65,18110.00,10.70,9785.00,,,,21.22,,,,,,,1001.10,24.61,-0.12,,,,,,
2026-06-11T04:58:33,0,3.64,18110.00,10.70,9785.00,,,,21.22,,,,,,,1001.30,24.61,-0.12,,,,,,
2026-06-11T04:58:33,0,3.64,18110.00,10.70,9785.00,,,,21.23,,,,,,,1001.20,24.61,-0.12,,,,,,
2026-06-11T04:58:33,0,3.64,18110.00,10.70,9785.00,,,,21.23,,,,,,,1001.70,24.61,-0.11,,,,,,
2026-06-11T04:58:33,0,3.64,18110.00,10.70,9785.00,,,,21.23,,,,,,,1001.40,24.61,-0.11,,,,,,
2026-06-11T04:58:33,0,3.65,18110.00,10.70,9785.00,,,,21.24,,,,,,,1001.60,24.60,-0.11,,,,,,
2026-06-11T04:58:33,0,3.64,18110.00,10.70,9785.00,,,,21.25,,,,,,,1001.10,24.60,-0.12,,,,,,
2026-06-11T04:58:33,0,3.64,18110.00,10.70,9785.00,,,,21.25,,,,,,,1001.40,24.60,-0.11,,,,,,
2026-06-11T04:58:33,0,3.64,18110.00,10.70,9785.00,,,,21.26,,,,,,,1001.50,24.60,-0.11,,,,,,
2026-06-11T04:58:33,0,3.65,18110.00,10.70,9785.00,,,,21.26,,,,,,,1001.20,24.60,-0.12,,,,,,
2026-06-11T04:58:33,0,3.64,18110.00,10.70,9785.00,,,,21.26,,,,,,,1001.60,24.60,-0.11,,,,,,
2026-06-11T04:58:33,0,3.65,18110.00,10.70,9785.00,,,,21.27,,,,,,,1001.20,24.60,-0.12,,,,,,
2026-06-11T04:58:33,0,3.64,18110.00,10.70,9785.00,,,,21.27,,,,,,,1001.70,24.60,-0.11,,,,,,
2026-06-11T04:58:33,0,3.65,18110.00,10.70,9785.00,,,,21.28,,,,,,,1001.80,24.60,-0.11,,,,,,
2026-06-11T04:58:34,0,3.64,18110.00,10.70,9785.00,,,,21.28,,,,,,,1001.70,24.53,-0.11,,,,,,
2026-06-11T04:58:34,0,3.64,18110.00,10.70,9785.00,,,,21.28,,,,,,,1001.80,24.56,-0.11,,,,,,
2026-06-11T04:58:34,0,3.64,18110.00,10.70,9785.00,,,,21.29,,,,,,,1002.10,24.57,-0.11,,,,,,
2026-06-11T04:58:34,0,3.63,18110.00,10.70,9785.00,,,,21.29,,,,,,,1000.80,24.58,-0.12,,,,,,
2026-06-11T04:58:34,0,3.64,18110.00,10.70,9785.00,,,,21.29,,,,,,,1001.10,24.58,-0.12,,,,,,
2026-06-11T04:58:34,0,3.64,18110.00,10.70,9785.00,,,,21.30,,,,,,,1001.40,24.58,-0.11,,,,,,
2026-06-11T04:58:34,0,3.64,18110.00,10.70,9785.00,,,,21.30,,,,,,,1000.80,24.59,-0.12,,,,,,
2026-06-11T04:58:34,0,3.64,18100.00,10.69,9775.00,,,,21.30,,,,,,,1001.50,24.59,-0.11,,,,,,
2026-06-11T04:58:34,0,3.64,18100.00,10.69,9775.00,,,,21.31,,,,,,,1001.50,24.58,-0.11,,,,,,
2026-06-11T04:58:34,0,3.65,18100.00,10.69,9775.00,,,,21.31,,,,,,,1001.50,24.58,-0.11,,,,,,
2026-06-11T04:58:34,0,3.65,18100.00,10.69,9775.00,,,,21.32,,,,,,,1001.90,24.58,-0.11,,,,,,
2026-06-11T04:58:34,0,3.64,18100.00,10.69,9775.00,,,,21.32,,,,,,,1001.50,24.58,-0.11,,,,,,
2026-06-11T04:58:34,0,3.64,18100.00,10.69,9775.00,,,,21.32,,,,,,,1001.50,24.58,-0.11,,,,,,
2026-06-11T04:58:34,0,3.63,18100.00,10.69,9775.00,,,,21.33,,,,,,,1001.00,24.58,-0.12,,,,,,
2026-06-11T04:58:34,0,3.64,18100.00,10.69,9775.00,,,,21.33,,,,,,,1001.30,24.58,-0.12,,,,,,
2026-06-11T04:58:34,0,3.64,18100.00,10.69,9775.00,,,,21.33,,,,,,,1001.50,24.58,-0.11,,,,,,
2026-06-11T04:58:35,0,3.64,18100.00,10.69,9775.00,,,,21.34,,,,,,,1001.30,24.58,-0.12,,,,,,
2026-06-11T04:58:35,0,3.65,18100.00,10.69,9775.00,,,,21.34,,,,,,,1001.20,24.58,-0.12,,,,,,
2026-06-11T04:58:35,0,3.63,18100.00,10.69,9775.00,,,,21.34,,,,,,,1001.50,24.58,-0.11,,,,,,
2026-06-11T04:58:35,0,3.64,18100.00,10.69,9775.00,,,,21.34,,,,,,,1001.50,24.58,-0.11,,,,,,
2026-06-11T04:58:35,0,3.64,18100.00,10.69,9775.00,,,,21.34,,,,,,,1001.60,24.58,-0.11,,,,,,
2026-06-11T04:58:35,0,3.64,18100.00,10.69,9775.00,,,,21.35,,,,,,,1001.70,24.58,-0.11,,,,,,
2026-06-11T04:58:35,0,3.64,18100.00,10.69,9775.00,,,,21.34,,,,,,,1001.90,24.58,-0.11,,,,,,
2026-06-11T04:58:35,0,3.64,18100.00,10.69,9775.00,,,,21.35,,,,,,,1002.00,24.58,-0.11,,,,,,
2026-06-11T04:58:35,0,3.64,18100.00,10.69,9775.00,,,,21.35,,,,,,,1001.10,24.58,-0.12,,,,,,
2026-06-11T04:58:35,0,3.64,18100.00,10.69,9775.00,,,,21.35,,,,,,,1001.50,24.57,-0.11,,,,,,
2026-06-11T04:58:35,0,3.64,18100.00,10.69,9775.00,,,,21.36,,,,,,,1001.10,24.58,-0.12,,,,,,
2026-06-11T04:58:35,0,3.64,18100.00,10.69,9775.00,,,,21.36,,,,,,,1001.50,24.58,-0.11,,,,,,
2026-06-11T04:58:35,0,3.64,18100.00,10.69,9775.00,,,,21.36,,,,,,,1001.50,24.50,-0.11,,,,,,
2026-06-11T04:58:35,0,3.64,18100.00,10.69,9775.00,,,,21.36,,,,,,,1001.60,24.53,-0.11,,,,,,
2026-06-11T04:58:36,0,3.64,18100.00,10.69,9775.00,,,,21.37,,,,,,,1001.20,24.54,-0.12,,,,,,
2026-06-11T04:58:36,0,3.64,18100.00,10.69,9775.00,,,,21.37,,,,,,,1001.40,24.55,-0.11,,,,,,
2026-06-11T04:58:36,0,3.64,18100.00,10.69,9775.00,,,,21.37,,,,,,,1001.20,24.56,-0.12,,,,,,
2026-06-11T04:58:36,0,3.64,18100.00,10.69,9775.00,,,,21.37,,,,,,,1001.30,24.56,-0.12,,,,,,
2026-06-11T04:58:36,0,3.64,18100.00,10.69,9775.00,,,,21.37,,,,,,,1001.70,24.56,-0.11,,,,,,
2026-06-11T04:58:36,0,3.64,18100.00,10.69,9775.00,,,,21.38,,,,,,,1001.30,24.56,-0.12,,,,,,
2026-06-11T04:58:36,0,3.65,18090.00,10.68,9769.00,,,,21.38,,,,,,,1001.20,24.56,-0.12,,,,,,
2026-06-11T04:58:36,0,3.64,18090.00,10.68,9769.00,,,,21.39,,,,,,,1001.20,24.54,-0.12,,,,,,
2026-06-11T04:58:36,0,3.65,18090.00,10.68,9769.00,,,,21.38,,,,,,,1001.60,24.55,-0.11,,,,,,
2026-06-11T04:58:36,0,3.64,18090.00,10.68,9769.00,,,,21.39,,,,,,,1001.30,24.55,-0.12,,,,,,
2026-06-11T04:58:36,0,3.64,18090.00,10.68,9769.00,,,,21.39,,,,,,,1001.70,24.56,-0.11,,,,,,
2026-06-11T04:58:36,0,3.65,18090.00,10.68,9769.00,,,,21.39,,,,,,,1001.90,24.56,-0.11,,,,,,
2026-06-11T04:58:36,0,3.65,18090.00,10.68,9769.00,,,,21.39,,,,,,,1001.90,24.56,-0.11,,,,,,
2026-06-11T04:58:36,0,3.64,18090.00,10.68,9769.00,,,,21.39,,,,,,,1001.80,24.56,-0.11,,,,,,
2026-06-11T04:58:36,0,3.64,18090.00,10.68,9769.00,,,,21.39,,,,,,,1001.50,24.56,-0.11,,,,,,
2026-06-11T04:58:36,0,3.64,18090.00,10.68,9769.00,,,,21.39,,,,,,,1001.50,24.56,-0.11,,,,,,
2026-06-11T04:58:37,0,3.64,18090.00,10.68,9769.00,,,,21.39,,,,,,,1001.90,24.55,-0.11,,,,,,
2026-06-11T04:58:37,0,3.65,18090.00,10.68,9769.00,,,,21.40,,,,,,,1001.60,24.55,-0.11,,,,,,
2026-06-11T04:58:37,0,3.64,18090.00,10.68,9769.00,,,,21.40,,,,,,,1002.00,24.56,-0.11,,,,,,
2026-06-11T04:58:37,0,3.64,18090.00,10.68,9769.00,,,,21.40,,,,,,,1001.60,24.55,-0.11,,,,,,
2026-06-11T04:58:37,0,3.64,18090.00,10.68,9769.00,,,,21.40,,,,,,,1001.70,24.56,-0.11,,,,,,
2026-06-11T04:58:37,0,3.65,18090.00,10.68,9769.00,,,,21.40,,,,,,,1001.70,24.55,-0.11,,,,,,
2026-06-11T04:58:37,0,3.64,18090.00,10.68,9769.00,,,,21.40,,,,,,,1001.40,24.55,-0.11,,,,,,
2026-06-11T04:58:37,0,3.64,18090.00,10.68,9769.00,,,,21.41,,,,,,,1001.60,24.55,-0.11,,,,,,
2026-06-11T04:58:37,0,3.64,18090.00,10.68,9769.00,,,,21.41,,,,,,,1001.40,24.55,-0.11,,,,,,
2026-06-11T04:58:37,0,3.64,18090.00,10.68,9769.00,,,,21.41,,,,,,,1002.00,24.56,-0.11,,,,,,
2026-06-11T04:58:37,0,3.64,18090.00,10.68,9769.00,,,,21.42,,,,,,,1002.10,24.55,-0.11,,,,,,
2026-06-11T04:58:37,0,3.64,18090.00,10.68,9769.00,,,,21.41,,,,,,,1001.50,24.55,-0.11,,,,,,
2026-06-11T04:58:37,0,3.64,18090.00,10.68,9769.00,,,,21.42,,,,,,,1002.20,24.55,-0.11,,,,,,
2026-06-11T04:58:37,0,3.64,18090.00,10.68,9769.00,,,,21.42,,,,,,,1001.90,24.55,-0.11,,,,,,
2026-06-11T04:58:37,0,3.64,18090.00,10.68,9769.00,,,,21.43,,,,,,,1001.40,24.55,-0.11,,,,,,
2026-06-11T04:58:38,0,3.64,18090.00,10.68,9769.00,,,,21.43,,,,,,,1001.70,24.55,-0.11,,,,,,
2026-06-11T04:58:38,0,3.64,18090.00,10.68,9769.00,,,,21.43,,,,,,,1001.90,24.55,-0.11,,,,,,
2026-06-11T04:58:38,0,3.64,18090.00,10.68,9769.00,,,,21.44,,,,,,,1001.70,24.48,-0.11,,,,,,
2026-06-11T04:58:38,0,3.64,18090.00,10.68,9769.00,,,,21.45,,,,,,,1001.60,24.51,-0.11,,,,,,
2026-06-11T04:58:38,0,3.64,18090.00,10.68,9769.00,,,,21.44,,,,,,,1001.70,24.52,-0.11,,,,,,
2026-06-11T04:58:38,0,3.65,18080.00,10.68,9766.00,,,,21.45,,,,,,,1001.90,24.53,-0.11,,,,,,
2026-06-11T04:58:38,0,3.64,18080.00,10.68,9766.00,,,,21.45,,,,,,,1001.70,24.53,-0.11,,,,,,
2026-06-11T04:58:38,0,3.65,18080.00,10.68,9766.00,,,,21.45,,,,,,,1001.40,24.47,-0.11,,,,,,
2026-06-11T04:58:38,0,3.64,18080.00,10.68,9766.00,,,,21.45,,,,,,,1001.10,24.50,-0.12,,,,,,
2026-06-11T04:58:38,0,3.65,18080.00,10.68,9766.00,,,,21.46,,,,,,,1001.60,24.51,-0.11,,,,,,
2026-06-11T04:58:38,0,3.65,18080.00,10.68,9766.00,,,,21.46,,,,,,,1001.60,24.52,-0.11,,,,,,
2026-06-11T04:58:38,0,3.64,18080.00,10.68,9766.00,,,,21.46,,,,,,,1001.60,24.53,-0.11,,,,,,
2026-06-11T04:58:38,0,3.64,18080.00,10.68,9766.00,,,,21.47,,,,,,,1001.50,24.53,-0.11,,,,,,
2026-06-11T04:58:38,0,3.64,18080.00,10.68,9766.00,,,,21.47,,,,,,,1001.90,24.53,-0.11,,,,,,
2026-06-11T04:58:39,0,3.64,18080.00,10.68,9766.00,,,,21.48,,,,,,,1001.60,24.53,-0.11,,,,,,
2026-06-11T04:58:39,0,3.65,18080.00,10.68,9766.00,,,,21.48,,,,,,,1002.10,24.53,-0.11,,,,,,
2026-06-11T04:58:39,0,3.64,18080.00,10.68,9766.00,,,,21.49,,,,,,,1001.60,24.53,-0.11,,,,,,
2026-06-11T04:58:39,0,3.64,18080.00,10.68,9766.00,,,,21.49,,,,,,,1001.90,24.53,-0.11,,,,,,
2026-06-11T04:58:39,0,3.64,18080.00,10.68,9766.00,,,,21.49,,,,,,,1001.90,24.53,-0.11,,,,,,
2026-06-11T04:58:39,0,3.65,18080.00,10.68,9766.00,,,,21.49,,,,,,,1001.40,24.53,-0.11,,,,,,
2026-06-11T04:58:39,0,3.64,18080.00,10.68,9766.00,,,,21.49,,,,,,,1001.40,24.53,-0.11,,,,,,
2026-06-11T04:58:39,0,3.64,18080.00,10.68,9766.00,,,,21.50,,,,,,,1001.90,24.53,-0.11,,,,,,
2026-06-11T04:58:39,0,3.65,18080.00,10.68,9766.00,,,,21.51,,,,,,,1002.00,24.53,-0.11,,,,,,
2026-06-11T04:58:39,0,3.64,18080.00,10.68,9766.00,,,,21.51,,,,,,,1001.70,24.53,-0.11,,,,,,
2026-06-11T04:58:39,0,3.64,18080.00,10.68,9766.00,,,,21.51,,,,,,,1002.00,24.53,-0.11,,,,,,
2026-06-11T04:58:39,0,3.64,18080.00,10.68,9766.00,,,,21.51,,,,,,,1001.30,24.47,-0.12,,,,,,
2026-06-11T04:58:39,0,3.64,18080.00,10.68,9766.00,,,,21.51,,,,,,,1001.20,24.50,-0.12,,,,,,
2026-06-11T04:58:39,0,3.65,18080.00,10.68,9766.00,,,,21.51,,,,,,,1002.30,24.45,-0.11,,,,,,
2026-06-11T04:58:40,0,3.64,18080.00,10.68,9766.00,,,,21.52,,,,,,,1001.90,24.48,-0.11,,,,,,
2026-06-11T04:58:40,0,3.64,18080.00,10.68,9766.00,,,,21.52,,,,,,,1001.70,24.44,-0.11,,,,,,
2026-06-11T04:58:40,0,3.64,18080.00,10.68,9766.00,,,,21.52,,,,,,,1002.30,24.48,-0.11,,,,,,
2026-06-11T04:58:40,0,3.64,18080.00,10.68,9766.00,,,,21.53,,,,,,,1001.50,24.49,-0.11,,,,,,
2026-06-11T04:58:40,0,3.65,18080.00,10.68,9766.00,,,,21.52,,,,,,,1001.80,24.50,-0.11,,,,,,
2026-06-11T04:58:40,0,3.64,18070.00,10.67,9761.00,,,,21.52,,,,,,,1001.80,24.51,-0.11,,,,,,
2026-06-11T04:58:40,0,3.64,18070.00,10.67,9761.00,,,,21.53,,,,,,,1001.80,24.51,-0.11,,,,,,
2026-06-11T04:58:40,0,3.64,18070.00,10.67,9761.00,,,,21.53,,,,,,,1001.80,24.52,-0.11,,,,,,
2026-06-11T04:58:40,0,3.64,18070.00,10.67,9761.00,,,,21.54,,,,,,,1001.60,24.52,-0.11,,,,,,
2026-06-11T04:58:40,0,3.64,18070.00,10.67,9761.00,,,,21.53,,,,,,,1001.50,24.52,-0.11,,,,,,
2026-06-11T04:58:40,0,3.65,18070.00,10.67,9761.00,,,,21.54,,,,,,,1002.10,24.52,-0.11,,,,,,
2026-06-11T04:58:40,0,3.64,18070.00,10.67,9761.00,,,,21.54,,,,,,,1001.80,24.52,-0.11,,,,,,
2026-06-11T04:58:40,0,3.64,18070.00,10.67,9761.00,,,,21.54,,,,,,,1001.70,24.52,-0.11,,,,,,
2026-06-11T04:58:40,0,3.64,18070.00,10.67,9761.00,,,,21.55,,,,,,,1001.60,24.51,-0.11,,,,,,
2026-06-11T04:58:40,0,3.64,18070.00,10.67,9761.00,,,,21.54,,,,,,,1001.80,24.52,-0.11,,,,,,
2026-06-11T04:58:41,0,3.64,18070.00,10.67,9761.00,,,,21.55,,,,,,,1001.70,24.52,-0.11,,,,,,
2026-06-11T04:58:41,0,3.64,18070.00,10.67,9761.00,,,,21.56,,,,,,,1001.70,24.52,-0.11,,,,,,
2026-06-11T04:58:41,0,3.64,18070.00,10.67,9761.00,,,,21.55,,,,,,,1002.10,24.52,-0.11,,,,,,
2026-06-11T04:58:41,0,3.65,18070.00,10.67,9761.00,,,,21.56,,,,,,,1001.70,24.52,-0.11,,,,,,
2026-06-11T04:58:41,0,3.64,18070.00,10.67,9761.00,,,,21.55,,,,,,,1001.50,24.45,-0.11,,,,,,
2026-06-11T04:58:41,0,3.64,18070.00,10.67,9761.00,,,,21.56,,,,,,,1001.90,24.48,-0.11,,,,,,
2026-06-11T04:58:41,0,3.65,18070.00,10.67,9761.00,,,,21.57,,,,,,,1001.50,24.50,-0.11,,,,,,
2026-06-11T04:58:41,0,3.63,18070.00,10.67,9761.00,,,,21.56,,,,,,,1001.50,24.50,-0.11,,,,,,
2026-06-11T04:58:41,0,3.64,18070.00,10.67,9761.00,,,,21.57,,,,,,,1001.30,24.51,-0.12,,,,,,
2026-06-11T04:58:41,0,3.64,18070.00,10.67,9761.00,,,,21.57,,,,,,,1001.50,24.51,-0.11,,,,,,
2026-06-11T04:58:41,0,3.64,18070.00,10.67,9761.00,,,,21.57,,,,,,,1001.80,24.51,-0.11,,,,,,
2026-06-11T04:58:41,0,3.64,18070.00,10.67,9761.00,,,,21.57,,,,,,,1001.70,24.51,-0.11,,,,,,
2026-06-11T04:58:41,0,3.64,18070.00,10.67,9761.00,,,,21.57,,,,,,,1001.50,24.51,-0.11,,,,,,
2026-06-11T04:58:41,0,3.64,18070.00,10.67,9761.00,,,,21.58,,,,,,,1001.70,24.51,-0.11,,,,,,
2026-06-11T04:58:41,0,3.64,18070.00,10.67,9761.00,,,,21.57,,,,,,,1001.80,24.51,-0.11,,,,,,
2026-06-11T04:58:42,0,3.64,18070.00,10.67,9761.00,,,,21.58,,,,,,,1001.70,24.51,-0.11,,,,,,
2026-06-11T04:58:42,0,3.64,18070.00,10.67,9761.00,,,,21.58,,,,,,,1002.10,24.51,-0.11,,,,,,
2026-06-11T04:58:42,0,3.64,18070.00,10.67,9761.00,,,,21.58,,,,,,,1002.10,24.51,-0.11,,,,,,
2026-06-11T04:58:42,0,3.64,18070.00,10.67,9761.00,,,,21.59,,,,,,,1001.30,24.51,-0.12,,,,,,
2026-06-11T04:58:42,0,3.65,18070.00,10.67,9759.00,,,,21.59,,,,,,,1001.90,24.51,-0.11,,,,,,
2026-06-11T04:58:42,0,3.64,18070.00,10.67,9759.00,,,,21.59,,,,,,,1001.50,24.49,-0.11,,,,,,
2026-06-11T04:58:42,0,3.64,18070.00,10.67,9759.00,,,,21.59,,,,,,,1001.40,24.44,-0.11,,,,,,
2026-06-11T04:58:42,0,3.65,18070.00,10.67,9759.00,,,,21.60,,,,,,,1001.70,24.47,-0.11,,,,,,
2026-06-11T04:58:42,0,3.64,18070.00,10.67,9759.00,,,,21.60,,,,,,,1001.70,24.48,-0.11,,,,,,
2026-06-11T04:58:42,0,3.64,18070.00,10.67,9759.00,,,,21.60,,,,,,,1001.60,24.49,-0.11,,,,,,
2026-06-11T04:58:42,0,3.64,18070.00,10.67,9759.00,,,,21.60,,,,,,,1001.40,24.50,-0.11,,,,,,
2026-06-11T04:58:42,0,3.64,18070.00,10.67,9759.00,,,,21.60,,,,,,,1001.20,24.50,-0.12,,,,,,
2026-06-11T04:58:42,0,3.63,18070.00,10.67,9759.00,,,,21.61,,,,,,,1001.80,24.50,-0.11,,,,,,
2026-06-11T04:58:42,0,3.64,18070.00,10.67,9759.00,,,,21.61,,,,,,,1002.10,24.50,-0.11,,,,,,
2026-06-11T04:58:42,0,3.64,18070.00,10.67,9759.00,,,,21.61,,,,,,,1001.80,24.50,-0.11,,,,,,
2026-06-11T04:58:43,0,3.64,18070.00,10.67,9759.00,,,,21.62,,,,,,,1001.80,24.50,-0.11,,,,,,
2026-06-11T04:58:43,0,3.64,18070.00,10.67,9759.00,,,,21.62,,,,,,,1001.90,24.50,-0.11,,,,,,
2026-06-11T04:58:43,0,3.64,18070.00,10.67,9759.00,,,,21.62,,,,,,,1001.70,24.50,-0.11,,,,,,
2026-06-11T04:58:43,0,3.63,18070.00,10.67,9759.00,,,,21.62,,,,,,,1001.80,24.50,-0.11,,,,,,
2026-06-11T04:58:43,0,3.64,18070.00,10.67,9759.00,,,,21.62,,,,,,,1002.10,24.50,-0.11,,,,,,
2026-06-11T04:58:43,0,3.64,18070.00,10.67,9759.00,,,,21.62,,,,,,,1001.30,24.50,-0.12,,,,,,
2026-06-11T04:58:43,0,3.64,18070.00,10.67,9759.00,,,,21.63,,,,,,,1001.40,24.50,-0.11,,,,,,
2026-06-11T04:58:43,0,3.64,18070.00,10.67,9759.00,,,,21.63,,,,,,,1001.60,24.50,-0.11,,,,,,
2026-06-11T04:58:43,0,3.64,18070.00,10.67,9759.00,,,,21.63,,,,,,,1001.70,24.50,-0.11,,,,,,
2026-06-11T04:58:43,0,3.65,18070.00,10.67,9759.00,,,,21.63,,,,,,,1001.70,24.50,-0.11,,,,,,
2026-06-11T04:58:43,0,3.64,18070.00,10.67,9759.00,,,,21.63,,,,,,,1001.40,24.50,-0.11,,,,,,
2026-06-11T04:58:43,0,3.64,18070.00,10.67,9759.00,,,,21.63,,,,,,,1001.70,24.50,-0.11,,,,,,
2026-06-11T04:58:43,0,3.64,18070.00,10.67,9759.00,,,,21.63,,,,,,,1001.40,24.50,-0.11,,,,,,
2026-06-11T04:58:43,0,3.64,18070.00,10.67,9759.00,,,,21.64,,,,,,,1002.10,24.50,-0.11,,,,,,
2026-06-11T04:58:43,0,3.64,18070.00,10.67,9759.00,,,,21.64,,,,,,,1001.50,24.50,-0.11,,,,,,
2026-06-11T04:58:44,0,3.65,18070.00,10.67,9759.00,,,,21.64,,,,,,,1002.20,24.50,-0.11,,,,,,
2026-06-11T04:58:44,0,3.64,18070.00,10.67,9759.00,,,,21.65,,,,,,,1002.10,24.50,-0.11,,,,,,
2026-06-11T04:58:44,0,3.64,18070.00,10.67,9759.00,,,,21.65,,,,,,,1001.40,24.50,-0.11,,,,,,
2026-06-11T04:58:44,0,3.64,18070.00,10.67,9759.00,,,,21.65,,,,,,,1002.00,24.50,-0.11,,,,,,
2026-06-11T04:58:44,0,3.64,18060.00,10.67,9753.00,,,,21.66,,,,,,,1001.80,24.49,-0.11,,,,,,
2026-06-11T04:58:44,0,3.64,18060.00,10.67,9753.00,,,,21.66,,,,,,,1002.00,24.49,-0.11,,,,,,
2026-06-11T04:58:44,0,3.64,18060.00,10.67,9753.00,,,,21.66,,,,,,,1002.30,24.50,-0.11,,,,,,
2026-06-11T04:58:44,0,3.64,18060.00,10.67,9753.00,,,,21.66,,,,,,,1001.70,24.50,-0.11,,,,,,
2026-06-11T04:58:44,0,3.64,18060.00,10.67,9753.00,,,,21.67,,,,,,,1001.80,24.49,-0.11,,,,,,
2026-06-11T04:58:44,0,3.64,18060.00,10.67,9753.00,,,,21.67,,,,,,,1001.90,24.50,-0.11,,,,,,
2026-06-11T04:58:44,0,3.64,18060.00,10.67,9753.00,,,,21.67,,,,,,,1001.90,24.49,-0.11,,,,,,
2026-06-11T04:58:44,0,3.64,18060.00,10.67,9753.00,,,,21.67,,,,,,,1001.60,24.49,-0.11,,,,,,
2026-06-11T04:58:44,0,3.64,18060.00,10.67,9753.00,,,,21.68,,,,,,,1001.90,24.49,-0.11,,,,,,
2026-06-11T04:58:44,0,3.65,18060.00,10.67,9753.00,,,,21.69,,,,,,,1001.90,24.50,-0.11,,,,,,
2026-06-11T04:58:44,0,3.64,18060.00,10.67,9753.00,,,,21.69,,,,,,,1001.50,24.49,-0.11,,,,,,
2026-06-11T04:58:45,0,3.64,18060.00,10.67,9753.00,,,,21.69,,,,,,,1001.90,24.50,-0.11,,,,,,
2026-06-11T04:58:45,0,3.64,18060.00,10.67,9753.00,,,,21.69,,,,,,,1001.90,24.49,-0.11,,,,,,
2026-06-11T04:58:45,0,3.65,18060.00,10.67,9753.00,,,,21.69,,,,,,,1002.00,24.50,-0.11,,,,,,
2026-06-11T04:58:45,0,3.64,18060.00,10.67,9753.00,,,,21.69,,,,,,,1002.20,24.50,-0.11,,,,,,
2026-06-11T04:58:45,0,3.65,18060.00,10.67,9753.00,,,,21.70,,,,,,,1001.90,24.43,-0.11,,,,,,
2026-06-11T04:58:45,0,3.64,18060.00,10.67,9753.00,,,,21.70,,,,,,,1001.40,24.45,-0.11,,,,,,
2026-06-11T04:58:45,0,3.64,18060.00,10.67,9753.00,,,,21.70,,,,,,,1001.90,24.47,-0.11,,,,,,
2026-06-11T04:58:45,0,3.64,18060.00,10.67,9753.00,,,,21.70,,,,,,,1001.70,24.48,-0.11,,,,,,
2026-06-11T04:58:45,0,3.65,18060.00,10.67,9753.00,,,,21.71,,,,,,,1001.90,24.48,-0.11,,,,,,
2026-06-11T04:58:45,0,3.64,18060.00,10.67,9753.00,,,,21.71,,,,,,,1001.40,24.49,-0.11,,,,,,
2026-06-11T04:58:45,0,3.64,18060.00,10.67,9753.00,,,,21.72,,,,,,,1001.80,24.49,-0.11,,,,,,
2026-06-11T04:58:45,0,3.65,18060.00,10.67,9753.00,,,,21.72,,,,,,,1002.00,24.49,-0.11,,,,,,
2026-06-11T04:58:45,0,3.64,18060.00,10.67,9753.00,,,,21.72,,,,,,,1001.90,24.49,-0.11,,,,,,
2026-06-11T04:58:45,0,3.64,18060.00,10.67,9753.00,,,,21.72,,,,,,,1001.90,24.49,-0.11,,,,,,
2026-06-11T04:58:45,0,3.64,18060.00,10.67,9753.00,,,,21.72,,,,,,,1001.70,24.49,-0.11,,,,,,
2026-06-11T04:58:46,0,3.64,18060.00,10.67,9753.00,,,,21.72,,,,,,,1002.00,24.49,-0.11,,,,,,
2026-06-11T04:58:46,0,3.63,18060.00,10.67,9753.00,,,,21.73,,,,,,,1002.00,24.49,-0.11,,,,,,
2026-06-11T04:58:46,0,3.64,18060.00,10.67,9753.00,,,,21.73,,,,,,,1001.60,24.49,-0.11,,,,,,
2026-06-11T04:58:46,0,3.65,18060.00,10.67,9753.00,,,,21.74,,,,,,,1002.00,24.48,-0.11,,,,,,
2026-06-11T04:58:46,0,3.65,18040.00,10.66,9745.00,,,,21.75,,,,,,,1001.90,24.49,-0.11,,,,,,
2026-06-11T04:58:46,0,3.64,18040.00,10.66,9745.00,,,,21.74,,,,,,,1002.10,24.49,-0.11,,,,,,
2026-06-11T04:58:46,0,3.64,18040.00,10.66,9745.00,,,,21.74,,,,,,,1001.80,24.49,-0.11,,,,,,
2026-06-11T04:58:46,0,3.64,18040.00,10.66,9745.00,,,,21.74,,,,,,,1001.70,24.49,-0.11,,,,,,
2026-06-11T04:58:46,0,3.64,18040.00,10.66,9745.00,,,,21.74,,,,,,,1001.30,24.49,-0.12,,,,,,
2026-06-11T04:58:46,0,3.64,18040.00,10.66,9745.00,,,,21.74,,,,,,,1002.20,24.42,-0.11,,,,,,
2026-06-11T04:58:46,0,3.64,18040.00,10.66,9745.00,,,,21.75,,,,,,,1001.60,24.45,-0.11,,,,,,
2026-06-11T04:58:46,0,3.64,18040.00,10.66,9745.00,,,,21.75,,,,,,,1001.60,24.46,-0.11,,,,,,
2026-06-11T04:58:46,0,3.65,18040.00,10.66,9745.00,,,,21.75,,,,,,,1001.50,24.47,-0.11,,,,,,
2026-06-11T04:58:46,0,3.64,18040.00,10.66,9745.00,,,,21.75,,,,,,,1002.00,24.48,-0.11,,,,,,
2026-06-11T04:58:46,0,3.64,18040.00,10.66,9745.00,,,,21.75,,,,,,,1002.40,24.48,-0.11,,,,,,
2026-06-11T04:58:47,0,3.64,18040.00,10.66,9745.00,,,,21.75,,,,,,,1001.50,24.48,-0.11,,,,,,
2026-06-11T04:58:47,0,3.65,18040.00,10.66,9745.00,,,,21.75,,,,,,,1002.00,24.47,-0.11,,,,,,
2026-06-11T04:58:47,0,3.64,18040.00,10.66,9745.00,,,,21.75,,,,,,,1001.40,24.48,-0.11,,,,,,
2026-06-11T04:58:47,0,3.64,18040.00,10.66,9745.00,,,,21.75,,,,,,,1001.80,24.48,-0.11,,,,,,
2026-06-11T04:58:47,0,3.63,18040.00,10.66,9745.00,,,,21.76,,,,,,,1001.60,24.48,-0.11,,,,,,
2026-06-11T04:58:47,0,3.64,18040.00,10.66,9745.00,,,,21.76,,,,,,,1001.90,24.48,-0.11,,,,,,
2026-06-11T04:58:47,0,3.64,18040.00,10.66,9745.00,,,,21.75,,,,,,,1002.10,24.48,-0.11,,,,,,
2026-06-11T04:58:47,0,3.64,18040.00,10.66,9745.00,,,,21.76,,,,,,,1001.70,24.48,-0.11,,,,,,
2026-06-11T04:58:47,0,3.64,18040.00,10.66,9745.00,,,,21.76,,,,,,,1001.80,24.48,-0.11,,,,,,
2026-06-11T04:58:47,0,3.64,18040.00,10.66,9745.00,,,,21.75,,,,,,,1001.70,24.48,-0.11,,,,,,
2026-06-11T04:58:47,0,3.65,18040.00,10.66,9745.00,,,,21.75,,,,,,,1001.90,24.48,-0.11,,,,,,
2026-06-11T04:58:47,0,3.64,18040.00,10.66,9745.00,,,,21.76,,,,,,,1001.80,24.48,-0.11,,,,,,
2026-06-11T04:58:47,0,3.64,18040.00,10.66,9745.00,,,,21.76,,,,,,,1001.90,24.48,-0.11,,,,,,
2026-06-11T04:58:47,0,3.64,18040.00,10.66,9745.00,,,,21.76,,,,,,,1001.40,24.48,-0.11,,,,,,
2026-06-11T04:58:47,0,3.64,18040.00,10.66,9745.00,,,,21.76,,,,,,,1002.00,24.48,-0.11,,,,,,
2026-06-11T04:58:48,0,3.64,18040.00,10.66,9745.00,,,,21.76,,,,,,,1001.60,24.48,-0.11,,,,,,
2026-06-11T04:58:48,0,3.64,18040.00,10.66,9745.00,,,,21.76,,,,,,,1001.80,24.48,-0.11,,,,,,
2026-06-11T04:58:48,0,3.64,18040.00,10.66,9745.00,,,,21.75,,,,,,,1001.70,24.48,-0.11,,,,,,
2026-06-11T04:58:48,0,3.64,18040.00,10.66,9745.00,,,,21.76,,,,,,,1002.40,24.48,-0.11,,,,,,
2026-06-11T04:58:48,0,3.64,18040.00,10.66,9745.00,,,,21.76,,,,,,,1001.70,24.46,-0.11,,,,,,
2026-06-11T04:58:48,0,3.64,18040.00,10.66,9745.00,,,,21.76,,,,,,,1001.90,24.47,-0.11,,,,,,
2026-06-11T04:58:48,0,3.64,18040.00,10.66,9745.00,,,,21.76,,,,,,,1001.90,24.47,-0.11,,,,,,
2026-06-11T04:58:48,0,3.64,18040.00,10.66,9745.00,,,,21.75,,,,,,,1001.40,24.47,-0.11,,,,,,
2026-06-11T04:58:48,0,3.64,18040.00,10.66,9745.00,,,,21.76,,,,,,,1001.70,24.47,-0.11,,,,,,
2026-06-11T04:58:48,0,3.64,18040.00,10.66,9745.00,,,,21.75,,,,,,,1002.10,24.47,-0.11,,,,,,
2026-06-11T04:58:48,0,3.64,18040.00,10.66,9745.00,,,,21.75,,,,,,,1001.90,24.48,-0.11,,,,,,
2026-06-11T04:58:48,0,3.64,18040.00,10.66,9745.00,,,,21.76,,,,,,,1002.10,24.47,-0.11,,,,,,
2026-06-11T04:58:48,0,3.65,18040.00,10.66,9745.00,,,,21.75,,,,,,,1001.60,24.47,-0.11,,,,,,
2026-06-11T04:58:48,0,3.65,18040.00,10.66,9745.00,,,,21.75,,,,,,,1001.60,24.47,-0.11,,,,,,
2026-06-11T04:58:48,0,3.64,18040.00,10.66,9745.00,,,,21.75,,,,,,,1001.70,24.48,-0.11,,,,,,
2026-06-11T04:58:48,0,3.64,18040.00,10.66,9745.00,,,,21.75,,,,,,,1001.30,24.47,-0.12,,,,,,
2026-06-11T04:58:49,0,3.64,18040.00,10.66,9745.00,,,,21.75,,,,,,,1001.80,24.47,-0.11,,,,,,
2026-06-11T04:58:49,0,3.64,18040.00,10.66,9745.00,,,,21.75,,,,,,,1002.00,24.47,-0.11,,,,,,
2026-06-11T04:58:49,0,3.65,18040.00,10.66,9745.00,,,,21.75,,,,,,,1001.80,24.47,-0.11,,,,,,
2026-06-11T04:58:49,0,3.64,18040.00,10.66,9745.00,,,,21.75,,,,,,,1002.10,24.40,-0.11,,,,,,
2026-06-11T04:58:49,0,3.64,18040.00,10.66,9745.00,,,,21.75,,,,,,,1001.70,24.43,-0.11,,,,,,
2026-06-11T04:58:49,0,3.64,18040.00,10.66,9745.00,,,,21.75,,,,,,,1001.60,24.45,-0.11,,,,,,
2026-06-11T04:58:49,0,3.65,18040.00,10.66,9745.00,,,,21.75,,,,,,,1002.10,24.45,-0.11,,,,,,
2026-06-11T04:58:49,0,3.64,18040.00,10.66,9745.00,,,,21.75,,,,,,,1001.90,24.46,-0.11,,,,,,
2026-06-11T04:58:49,0,3.65,18040.00,10.66,9745.00,,,,21.75,,,,,,,1001.30,24.46,-0.12,,,,,,
2026-06-11T04:58:49,0,3.65,18040.00,10.66,9745.00,,,,21.75,,,,,,,1002.00,24.46,-0.11,,,,,,
2026-06-11T04:58:49,0,3.65,18040.00,10.66,9745.00,,,,21.75,,,,,,,1001.60,24.46,-0.11,,,,,,
2026-06-11T04:58:49,0,3.64,18040.00,10.66,9745.00,,,,21.75,,,,,,,1001.70,24.46,-0.11,,,,,,
2026-06-11T04:58:49,0,3.64,18040.00,10.66,9745.00,,,,21.75,,,,,,,1001.40,24.47,-0.11,,,,,,
2026-06-11T04:58:49,0,3.64,18040.00,10.66,9745.00,,,,21.75,,,,,,,1001.60,24.47,-0.11,,,,,,
2026-06-11T04:58:50,0,3.64,18040.00,10.66,9745.00,,,,21.75,,,,,,,1001.30,24.47,-0.12,,,,,,
2026-06-11T04:58:50,0,3.64,18040.00,10.66,9745.00,,,,21.75,,,,,,,1001.30,24.47,-0.12,,,,,,
2026-06-11T04:58:50,0,3.64,18040.00,10.66,9745.00,,,,21.75,,,,,,,1001.40,24.47,-0.11,,,,,,
2026-06-11T04:58:50,0,3.64,18030.00,10.65,9738.00,,,,21.74,,,,,,,1001.70,24.47,-0.11,,,,,,
2026-06-11T04:58:50,0,3.64,18030.00,10.65,9738.00,,,,21.75,,,,,,,1001.70,24.47,-0.11,,,,,,
2026-06-11T04:58:50,0,3.65,18030.00,10.65,9738.00,,,,21.75,,,,,,,1001.70,24.47,-0.11,,,,,,
2026-06-11T04:58:50,0,3.65,18030.00,10.65,9738.00,,,,21.74,,,,,,,1001.30,24.47,-0.12,,,,,,
2026-06-11T04:58:50,0,3.64,18030.00,10.65,9738.00,,,,21.74,,,,,,,1001.70,24.46,-0.11,,,,,,
2026-06-11T04:58:50,0,3.64,18030.00,10.65,9738.00,,,,21.74,,,,,,,1001.70,24.47,-0.11,,,,,,
2026-06-11T04:58:50,0,3.65,18030.00,10.65,9738.00,,,,21.74,,,,,,,1001.40,24.46,-0.11,,,,,,
2026-06-11T04:58:50,0,3.65,18030.00,10.65,9738.00,,,,21.74,,,,,,,1001.40,24.47,-0.11,,,,,,
2026-06-11T04:58:50,0,3.65,18030.00,10.65,9738.00,,,,21.74,,,,,,,1001.30,24.40,-0.12,,,,,,
2026-06-11T04:58:50,0,3.64,18030.00,10.65,9738.00,,,,21.73,,,,,,,1001.50,24.43,-0.11,,,,,,
2026-06-11T04:58:50,0,3.64,18030.00,10.65,9738.00,,,,21.73,,,,,,,1001.20,24.44,-0.12,,,,,,
2026-06-11T04:58:50,0,3.65,18030.00,10.65,9738.00,,,,21.73,,,,,,,1001.60,24.45,-0.11,,,,,,
2026-06-11T04:58:51,0,3.64,18030.00,10.65,9738.00,,,,21.73,,,,,,,1001.20,24.45,-0.12,,,,,,
2026-06-11T04:58:51,0,3.64,18030.00,10.65,9738.00,,,,21.73,,,,,,,1001.30,24.45,-0.12,,,,,,
2026-06-11T04:58:51,0,3.65,18030.00,10.65,9738.00,,,,21.74,,,,,,,1001.30,24.46,-0.12,,,,,,
2026-06-11T04:58:51,0,3.64,18030.00,10.65,9738.00,,,,21.73,,,,,,,1001.20,24.46,-0.12,,,,,,
2026-06-11T04:58:51,0,3.64,18030.00,10.65,9738.00,,,,21.73,,,,,,,1001.70,24.46,-0.11,,,,,,
2026-06-11T04:58:51,0,3.65,18030.00,10.65,9738.00,,,,21.73,,,,,,,1001.00,24.46,-0.12,,,,,,
2026-06-11T04:58:51,0,3.64,18030.00,10.65,9738.00,,,,21.74,,,,,,,1001.50,24.46,-0.11,,,,,,
2026-06-11T04:58:51,0,3.64,18030.00,10.65,9738.00,,,,21.74,,,,,,,1001.70,24.46,-0.11,,,,,,
2026-06-11T04:58:51,0,3.65,18030.00,10.65,9738.00,,,,21.73,,,,,,,1001.40,24.46,-0.11,,,,,,
2026-06-11T04:58:51,0,3.65,18030.00,10.65,9738.00,,,,21.73,,,,,,,1001.50,24.46,-0.11,,,,,,
2026-06-11T04:58:51,0,3.64,18030.00,10.65,9738.00,,,,21.74,,,,,,,1001.30,24.46,-0.12,,,,,,
2026-06-11T04:58:51,0,3.64,18030.00,10.65,9738.00,,,,21.73,,,,,,,1001.40,24.46,-0.11,,,,,,
2026-06-11T04:58:51,0,3.64,18030.00,10.65,9738.00,,,,21.73,,,,,,,1001.30,24.46,-0.12,,,,,,
2026-06-11T04:58:51,0,3.64,18030.00,10.65,9738.00,,,,21.73,,,,,,,1001.30,24.46,-0.12,,,,,,
2026-06-11T04:58:51,0,3.64,18030.00,10.65,9738.00,,,,21.73,,,,,,,1001.70,24.46,-0.11,,,,,,
2026-06-11T04:58:52,0,3.64,18030.00,10.65,9738.00,,,,21.73,,,,,,,1001.50,24.46,-0.11,,,,,,
2026-06-11T04:58:52,0,3.64,18030.00,10.65,9738.00,,,,21.74,,,,,,,1001.10,24.46,-0.12,,,,,,
2026-06-11T04:58:52,0,3.64,18030.00,10.65,9738.00,,,,21.74,,,,,,,1001.60,24.46,-0.11,,,,,,
2026-06-11T04:58:52,0,3.64,18010.00,10.64,9731.00,,,,21.74,,,,,,,1001.20,24.46,-0.12,,,,,,
2026-06-11T04:58:52,0,3.65,18010.00,10.64,9731.00,,,,21.74,,,,,,,1001.70,24.46,-0.11,,,,,,
2026-06-11T04:58:52,0,3.64,18010.00,10.64,9731.00,,,,21.74,,,,,,,1001.60,24.46,-0.11,,,,,,
2026-06-11T04:58:52,0,3.64,18010.00,10.64,9731.00,,,,21.74,,,,,,,1001.50,24.45,-0.11,,,,,,
2026-06-11T04:58:52,0,3.65,18010.00,10.64,9731.00,,,,21.74,,,,,,,1001.30,24.45,-0.12,,,,,,
2026-06-11T04:58:52,0,3.64,18010.00,10.64,9731.00,,,,21.74,,,,,,,1001.70,24.45,-0.11,,,,,,
2026-06-11T04:58:52,0,3.64,18010.00,10.64,9731.00,,,,21.74,,,,,,,1001.40,24.45,-0.11,,,,,,
2026-06-11T04:58:52,0,3.64,18010.00,10.64,9731.00,,,,21.75,,,,,,,1001.30,24.46,-0.12,,,,,,
2026-06-11T04:58:52,0,3.64,18010.00,10.64,9731.00,,,,21.74,,,,,,,1001.50,24.45,-0.11,,,,,,
2026-06-11T04:58:52,0,3.64,18010.00,10.64,9731.00,,,,21.74,,,,,,,1001.60,24.45,-0.11,,,,,,
2026-06-11T04:58:52,0,3.65,18010.00,10.64,9731.00,,,,21.74,,,,,,,1001.20,24.45,-0.12,,,,,,
2026-06-11T04:58:52,0,3.64,18010.00,10.64,9731.00,,,,21.74,,,,,,,1001.30,24.45,-0.12,,,,,,
2026-06-11T04:58:52,0,3.65,18010.00,10.64,9731.00,,,,21.74,,,,,,,1002.00,24.45,-0.11,,,,,,
2026-06-11T04:58:53,0,3.64,18010.00,10.64,9731.00,,,,21.74,,,,,,,1001.30,24.45,-0.12,,,,,,
2026-06-11T04:58:53,0,3.64,18010.00,10.64,9731.00,,,,21.74,,,,,,,1001.40,24.45,-0.11,,,,,,
2026-06-11T04:58:53,0,3.64,18010.00,10.64,9731.00,,,,21.74,,,,,,,1001.50,24.45,-0.11,,,,,,
2026-06-11T04:58:53,0,3.64,18010.00,10.64,9731.00,,,,21.75,,,,,,,1001.60,24.45,-0.11,,,,,,
2026-06-11T04:58:53,0,3.65,18010.00,10.64,9731.00,,,,21.75,,,,,,,1001.20,24.38,-0.12,,,,,,
2026-06-11T04:58:53,0,3.65,18010.00,10.64,9731.00,,,,21.75,,,,,,,1001.20,24.41,-0.12,,,,,,
2026-06-11T04:58:53,0,3.64,18010.00,10.64,9731.00,,,,21.75,,,,,,,1001.60,24.43,-0.11,,,,,,
2026-06-11T04:58:53,0,3.65,18010.00,10.64,9731.00,,,,21.75,,,,,,,1001.60,24.44,-0.11,,,,,,
2026-06-11T04:58:53,0,3.64,18010.00,10.64,9731.00,,,,21.75,,,,,,,1001.90,24.44,-0.11,,,,,,
2026-06-11T04:58:53,0,3.64,18010.00,10.64,9731.00,,,,21.75,,,,,,,1001.80,24.44,-0.11,,,,,,
2026-06-11T04:58:53,0,3.63,18010.00,10.64,9731.00,,,,21.75,,,,,,,1001.70,24.45,-0.11,,,,,,
2026-06-11T04:58:53,0,3.64,18010.00,10.64,9731.00,,,,21.75,,,,,,,1001.20,24.44,-0.12,,,,,,
2026-06-11T04:58:53,0,3.65,18010.00,10.64,9731.00,,,,21.75,,,,,,,1001.10,24.45,-0.12,,,,,,
2026-06-11T04:58:53,0,3.64,18010.00,10.64,9731.00,,,,21.75,,,,,,,1001.60,24.44,-0.11,,,,,,
2026-06-11T04:58:53,0,3.65,18010.00,10.64,9731.00,,,,21.75,,,,,,,1001.60,24.44,-0.11,,,,,,
2026-06-11T04:58:54,0,3.64,18010.00,10.64,9731.00,,,,21.76,,,,,,,1001.50,24.45,-0.11,,,,,,
2026-06-11T04:58:54,0,3.64,18010.00,10.64,9729.00,,,,21.75,,,,,,,1001.50,24.45,-0.11,,,,,,
2026-06-11T04:58:54,0,3.65,18010.00,10.64,9729.00,,,,21.76,,,,,,,1001.20,24.43,-0.12,,,,,,
2026-06-11T04:58:54,0,3.65,18010.00,10.64,9729.00,,,,21.76,,,,,,,1001.80,24.44,-0.11,,,,,,
2026-06-11T04:58:54,0,3.64,18010.00,10.64,9729.00,,,,21.76,,,,,,,1001.90,24.44,-0.11,,,,,,
2026-06-11T04:58:54,0,3.64,18010.00,10.64,9729.00,,,,21.76,,,,,,,1001.30,24.44,-0.12,,,,,,
2026-06-11T04:58:54,0,3.64,18010.00,10.64,9729.00,,,,21.77,,,,,,,1001.80,24.44,-0.11,,,,,,
2026-06-11T04:58:54,0,3.64,18010.00,10.64,9729.00,,,,21.77,,,,,,,1001.40,24.44,-0.11,,,,,,
2026-06-11T04:58:54,0,3.64,18010.00,10.64,9729.00,,,,21.77,,,,,,,1001.50,24.44,-0.11,,,,,,
2026-06-11T04:58:54,0,3.64,18010.00,10.64,9729.00,,,,21.77,,,,,,,1001.90,24.44,-0.11,,,,,,
2026-06-11T04:58:54,0,3.64,18010.00,10.64,9729.00,,,,21.78,,,,,,,1001.50,24.44,-0.11,,,,,,
2026-06-11T04:58:54,0,3.64,18010.00,10.64,9729.00,,,,21.77,,,,,,,1001.70,24.44,-0.11,,,,,,
2026-06-11T04:58:54,0,3.64,18010.00,10.64,9729.00,,,,21.78,,,,,,,1001.80,24.44,-0.11,,,,,,
2026-06-11T04:58:54,0,3.64,18010.00,10.64,9729.00,,,,21.78,,,,,,,1001.60,24.37,-0.11,,,,,,
2026-06-11T04:58:55,0,3.64,18010.00,10.64,9729.00,,,,21.77,,,,,,,1001.20,24.40,-0.12,,,,,,
2026-06-11T04:58:55,0,3.65,18010.00,10.64,9729.00,,,,21.78,,,,,,,1001.40,24.42,-0.11,,,,,,
2026-06-11T04:58:55,0,3.64,18010.00,10.64,9729.00,,,,21.79,,,,,,,1001.80,24.42,-0.11,,,,,,
2026-06-11T04:58:55,0,3.64,18010.00,10.64,9729.00,,,,21.78,,,,,,,1001.70,24.43,-0.11,,,,,,
2026-06-11T04:58:55,0,3.64,18010.00,10.64,9729.00,,,,21.79,,,,,,,1001.50,24.43,-0.11,,,,,,
2026-06-11T04:58:55,0,3.64,18010.00,10.64,9729.00,,,,21.79,,,,,,,1001.30,24.43,-0.12,,,,,,
2026-06-11T04:58:55,0,3.64,18010.00,10.64,9729.00,,,,21.79,,,,,,,1001.60,24.43,-0.11,,,,,,
2026-06-11T04:58:55,0,3.64,18010.00,10.64,9729.00,,,,21.79,,,,,,,1001.30,24.44,-0.12,,,,,,
2026-06-11T04:58:55,0,3.64,18010.00,10.64,9729.00,,,,21.79,,,,,,,1001.40,24.43,-0.11,,,,,,
2026-06-11T04:58:55,0,3.64,18010.00,10.64,9729.00,,,,21.79,,,,,,,1001.80,24.44,-0.11,,,,,,
2026-06-11T04:58:55,0,3.64,18010.00,10.64,9729.00,,,,21.80,,,,,,,1001.50,24.43,-0.11,,,,,,
2026-06-11T04:58:55,0,3.64,18010.00,10.64,9729.00,,,,21.80,,,,,,,1001.40,24.43,-0.11,,,,,,
2026-06-11T04:58:55,0,3.63,18010.00,10.64,9729.00,,,,21.80,,,,,,,1001.20,24.44,-0.12,,,,,,
2026-06-11T04:58:55,0,3.64,18010.00,10.64,9729.00,,,,21.81,,,,,,,1001.40,24.44,-0.11,,,,,,
2026-06-11T04:58:55,0,3.64,18010.00,10.64,9729.00,,,,21.80,,,,,,,1001.50,24.43,-0.11,,,,,,
2026-06-11T04:58:55,0,3.64,18010.00,10.64,9729.00,,,,21.81,,,,,,,1001.60,24.44,-0.11,,,,,,
2026-06-11T04:58:56,0,3.64,18010.00,10.64,9729.00,,,,21.81,,,,,,,1001.20,24.44,-0.12,,,,,,
2026-06-11T04:58:56,0,3.65,18000.00,10.63,9721.00,,,,21.81,,,,,,,1001.50,24.44,-0.11,,,,,,
2026-06-11T04:58:56,0,3.65,18000.00,10.63,9721.00,,,,21.81,,,,,,,1001.00,24.44,-0.12,,,,,,
2026-06-11T04:58:56,0,3.64,18000.00,10.63,9721.00,,,,21.81,,,,,,,1001.80,24.44,-0.11,,,,,,
2026-06-11T04:58:56,0,3.64,18000.00,10.63,9721.00,,,,21.81,,,,,,,1001.60,24.43,-0.11,,,,,,
2026-06-11T04:58:56,0,3.64,18000.00,10.63,9721.00,,,,21.81,,,,,,,1002.00,24.43,-0.11,,,,,,
2026-06-11T04:58:56,0,3.64,18000.00,10.63,9721.00,,,,21.81,,,,,,,1001.60,24.43,-0.11,,,,,,
2026-06-11T04:58:56,0,3.64,18000.00,10.63,9721.00,,,,21.81,,,,,,,1001.60,24.43,-0.11,,,,,,
2026-06-11T04:58:56,0,3.64,18000.00,10.63,9721.00,,,,21.81,,,,,,,1001.30,24.43,-0.12,,,,,,
2026-06-11T04:58:56,0,3.65,18000.00,10.63,9721.00,,,,21.81,,,,,,,1001.60,24.44,-0.11,,,,,,
2026-06-11T04:58:56,0,3.64,18000.00,10.63,9721.00,,,,21.81,,,,,,,1001.70,24.43,-0.11,,,,,,
2026-06-11T04:58:56,0,3.64,18000.00,10.63,9721.00,,,,21.81,,,,,,,1001.80,24.43,-0.11,,,,,,
2026-06-11T04:58:56,0,3.64,18000.00,10.63,9721.00,,,,21.81,,,,,,,1001.20,24.43,-0.12,,,,,,
2026-06-11T04:58:56,0,3.64,18000.00,10.63,9721.00,,,,21.81,,,,,,,1001.80,24.43,-0.11,,,,,,
2026-06-11T04:58:56,0,3.65,18000.00,10.63,9721.00,,,,21.81,,,,,,,1001.60,24.43,-0.11,,,,,,
2026-06-11T04:58:57,0,3.64,18000.00,10.63,9721.00,,,,21.81,,,,,,,1001.80,24.43,-0.11,,,,,,
2026-06-11T04:58:57,0,3.65,18000.00,10.63,9721.00,,,,21.81,,,,,,,1001.40,24.43,-0.11,,,,,,
2026-06-11T04:58:57,0,3.64,18000.00,10.63,9721.00,,,,21.81,,,,,,,1000.90,24.43,-0.12,,,,,,
2026-06-11T04:58:57,0,3.64,18000.00,10.63,9721.00,,,,21.81,,,,,,,1001.50,24.43,-0.11,,,,,,
2026-06-11T04:58:57,0,3.65,18000.00,10.63,9721.00,,,,21.81,,,,,,,1001.20,24.36,-0.12,,,,,,
2026-06-11T04:58:57,0,3.64,18000.00,10.63,9721.00,,,,21.81,,,,,,,1001.70,24.40,-0.11,,,,,,
2026-06-11T04:58:57,0,3.65,18000.00,10.63,9721.00,,,,21.81,,,,,,,1001.50,24.41,-0.11,,,,,,
2026-06-11T04:58:57,0,3.64,18000.00,10.63,9721.00,,,,21.80,,,,,,,1001.60,24.41,-0.11,,,,,,
2026-06-11T04:58:57,0,3.64,18000.00,10.63,9721.00,,,,21.80,,,,,,,1001.70,24.42,-0.11,,,,,,
2026-06-11T04:58:57,0,3.64,18000.00,10.63,9721.00,,,,21.80,,,,,,,1001.10,24.42,-0.12,,,,,,
2026-06-11T04:58:57,0,3.64,18000.00,10.63,9721.00,,,,21.80,,,,,,,1001.70,24.42,-0.11,,,,,,
2026-06-11T04:58:57,0,3.65,18000.00,10.63,9721.00,,,,21.80,,,,,,,1001.40,24.42,-0.11,,,,,,
2026-06-11T04:58:57,0,3.64,18000.00,10.63,9721.00,,,,21.80,,,,,,,1001.20,24.42,-0.12,,,,,,
2026-06-11T04:58:57,0,3.64,18000.00,10.63,9721.00,,,,21.80,,,,,,,1001.60,24.42,-0.11,,,,,,
2026-06-11T04:58:57,0,3.64,18000.00,10.63,9721.00,,,,21.80,,,,,,,1001.90,24.42,-0.11,,,,,,
2026-06-11T04:58:58,0,3.65,17990.00,10.62,9719.00,,,,21.79,,,,,,,1001.50,24.43,-0.11,,,,,,
2026-06-11T04:58:58,0,3.64,17990.00,10.62,9719.00,,,,21.80,,,,,,,1001.60,24.39,-0.11,,,,,,
2026-06-11T04:58:58,0,3.64,17990.00,10.62,9719.00,,,,21.79,,,,,,,1001.30,24.40,-0.12,,,,,,
2026-06-11T04:58:58,0,3.65,17990.00,10.62,9719.00,,,,21.80,,,,,,,1001.10,24.41,-0.12,,,,,,
2026-06-11T04:58:58,0,3.64,17990.00,10.62,9719.00,,,,21.79,,,,,,,1001.50,24.41,-0.11,,,,,,
2026-06-11T04:58:58,0,3.64,17990.00,10.62,9719.00,,,,21.78,,,,,,,1001.20,24.42,-0.12,,,,,,
2026-06-11T04:58:58,0,3.64,17990.00,10.62,9719.00,,,,21.79,,,,,,,1001.40,24.42,-0.11,,,,,,
2026-06-11T04:58:58,0,3.64,17990.00,10.62,9719.00,,,,21.79,,,,,,,1001.30,24.42,-0.12,,,,,,
2026-06-11T04:58:58,0,3.64,17990.00,10.62,9719.00,,,,21.78,,,,,,,1001.70,24.42,-0.11,,,,,,
2026-06-11T04:58:58,0,3.64,17990.00,10.62,9719.00,,,,21.78,,,,,,,1001.40,24.42,-0.11,,,,,,
2026-06-11T04:58:58,0,3.65,17990.00,10.62,9719.00,,,,21.78,,,,,,,1001.50,24.42,-0.11,,,,,,
2026-06-11T04:58:58,0,3.64,17990.00,10.62,9719.00,,,,21.78,,,,,,,1001.30,24.42,-0.12,,,,,,
2026-06-11T04:58:58,0,3.64,17990.00,10.62,9719.00,,,,21.78,,,,,,,1000.90,24.42,-0.12,,,,,,
2026-06-11T04:58:58,0,3.64,17990.00,10.62,9719.00,,,,21.78,,,,,,,1001.30,24.42,-0.12,,,,,,
2026-06-11T04:58:58,0,3.63,17990.00,10.62,9719.00,,,,21.78,,,,,,,1001.00,24.42,-0.12,,,,,,
2026-06-11T04:58:59,0,3.64,17990.00,10.62,9719.00,,,,21.77,,,,,,,1000.90,24.42,-0.12,,,,,,
2026-06-11T04:58:59,0,3.64,17990.00,10.62,9719.00,,,,21.77,,,,,,,1001.60,24.35,-0.11,,,,,,
2026-06-11T04:58:59,0,3.64,17990.00,10.62,9719.00,,,,21.77,,,,,,,1000.70,24.39,-0.12,,,,,,
2026-06-11T04:58:59,0,3.65,17990.00,10.62,9719.00,,,,21.77,,,,,,,1001.50,24.40,-0.11,,,,,,
2026-06-11T04:58:59,0,3.65,17990.00,10.62,9719.00,,,,21.77,,,,,,,1001.30,24.41,-0.12,,,,,,
2026-06-11T04:58:59,0,3.64,17990.00,10.62,9719.00,,,,21.77,,,,,,,1001.60,24.41,-0.11,,,,,,
2026-06-11T04:58:59,0,3.64,17990.00,10.62,9719.00,,,,21.77,,,,,,,1001.30,24.41,-0.12,,,,,,
2026-06-11T04:58:59,0,3.64,17990.00,10.62,9719.00,,,,21.77,,,,,,,1001.10,24.41,-0.12,,,,,,
2026-06-11T04:58:59,0,3.64,17990.00,10.62,9719.00,,,,21.77,,,,,,,1001.00,24.41,-0.12,,,,,,
2026-06-11T04:58:59,0,3.64,17990.00,10.62,9719.00,,,,21.77,,,,,,,1000.90,24.42,-0.12,,,,,,
2026-06-11T04:58:59,0,3.64,17990.00,10.62,9719.00,,,,21.76,,,,,,,1000.90,24.42,-0.12,,,,,,
2026-06-11T04:58:59,0,3.64,17990.00,10.62,9719.00,,,,21.76,,,,,,,1001.80,24.42,-0.11,,,,,,
2026-06-11T04:58:59,0,3.64,17990.00,10.62,9719.00,,,,21.77,,,,,,,1001.60,24.42,-0.11,,,,,,
2026-06-11T04:58:59,0,3.64,17990.00,10.62,9719.00,,,,21.76,,,,,,,1000.90,24.42,-0.12,,,,,,
2026-06-11T04:58:59,0,3.64,17990.00,10.62,9719.00,,,,21.76,,,,,,,1001.70,24.42,-0.11,,,,,,
2026-06-11T04:59:00,0,3.65,17990.00,10.62,9718.00,,,,21.76,,,,,,,1001.10,24.41,-0.12,,,,,,
2026-06-11T04:59:00,0,3.64,17990.00,10.62,9718.00,,,,21.77,,,,,,,1001.30,24.42,-0.12,,,,,,
2026-06-11T04:59:00,0,3.64,17990.00,10.62,9718.00,,,,21.76,,,,,,,1001.10,24.41,-0.12,,,,,,
2026-06-11T04:59:00,0,3.64,17990.00,10.62,9718.00,,,,21.76,,,,,,,1001.40,24.42,-0.11,,,,,,
2026-06-11T04:59:00,0,3.64,17990.00,10.62,9718.00,,,,21.76,,,,,,,1001.20,24.42,-0.12,,,,,,
2026-06-11T04:59:00,0,3.64,17990.00,10.62,9718.00,,,,21.76,,,,,,,1001.00,24.41,-0.12,,,,,,
2026-06-11T04:59:00,0,3.64,17990.00,10.62,9718.00,,,,21.76,,,,,,,1001.30,24.42,-0.12,,,,,,
2026-06-11T04:59:00,0,3.64,17990.00,10.62,9718.00,,,,21.77,,,,,,,1001.60,24.41,-0.11,,,,,,
2026-06-11T04:59:00,0,3.64,17990.00,10.62,9718.00,,,,21.76,,,,,,,1001.20,24.41,-0.12,,,,,,
2026-06-11T04:59:00,0,3.65,17990.00,10.62,9718.00,,,,21.76,,,,,,,1001.60,24.41,-0.11,,,,,,
2026-06-11T04:59:00,0,3.64,17990.00,10.62,9718.00,,,,21.76,,,,,,,1001.30,24.42,-0.12,,,,,,
2026-06-11T04:59:00,0,3.65,17990.00,10.62,9718.00,,,,21.76,,,,,,,1001.70,24.41,-0.11,,,,,,
2026-06-11T04:59:00,0,3.65,17990.00,10.62,9718.00,,,,21.77,,,,,,,1001.50,24.41,-0.11,,,,,,
2026-06-11T04:59:00,0,3.64,17990.00,10.62,9718.00,,,,21.77,,,,,,,1001.20,24.42,-0.12,,,,,,
2026-06-11T04:59:00,0,3.64,17990.00,10.62,9718.00,,,,21.77,,,,,,,1000.90,24.41,-0.12,,,,,,
2026-06-11T04:59:01,0,3.64,17990.00,10.62,9718.00,,,,21.77,,,,,,,1001.40,24.41,-0.11,,,,,,
2026-06-11T04:59:01,0,3.64,17990.00,10.62,9718.00,,,,21.77,,,,,,,1001.30,24.41,-0.12,,,,,,
2026-06-11T04:59:01,0,3.64,17990.00,10.62,9718.00,,,,21.76,,,,,,,1000.80,24.41,-0.12,,,,,,
2026-06-11T04:59:01,0,3.64,17990.00,10.62,9718.00,,,,21.77,,,,,,,1000.90,24.41,-0.12,,,,,,
2026-06-11T04:59:01,0,3.64,17990.00,10.62,9718.00,,,,21.78,,,,,,,1001.20,24.34,-0.12,,,,,,
2026-06-11T04:59:01,0,3.63,17990.00,10.62,9718.00,,,,21.78,,,,,,,1000.90,24.38,-0.12,,,,,,
2026-06-11T04:59:01,0,3.64,17990.00,10.62,9718.00,,,,21.79,,,,,,,1001.00,24.39,-0.12,,,,,,
2026-06-11T04:59:01,0,3.64,17990.00,10.62,9718.00,,,,21.78,,,,,,,1001.00,24.40,-0.12,,,,,,
2026-06-11T04:59:01,0,3.64,17990.00,10.62,9718.00,,,,21.78,,,,,,,1001.30,24.40,-0.12,,,,,,
2026-06-11T04:59:01,0,3.64,17990.00,10.62,9718.00,,,,21.78,,,,,,,1001.30,24.40,-0.12,,,,,,
2026-06-11T04:59:01,0,3.64,17990.00,10.62,9718.00,,,,21.78,,,,,,,1000.80,24.40,-0.12,,,,,,
2026-06-11T04:59:01,0,3.64,17990.00,10.62,9718.00,,,,21.78,,,,,,,1001.20,24.41,-0.12,,,,,,
2026-06-11T04:59:01,0,3.64,17990.00,10.62,9718.00,,,,21.78,,,,,,,1001.70,24.41,-0.11,,,,,,
2026-06-11T04:59:01,0,3.64,17990.00,10.62,9718.00,,,,21.78,,,,,,,1001.20,24.40,-0.12,,,,,,
2026-06-11T04:59:01,0,3.65,17990.00,10.62,9718.00,,,,21.78,,,,,,,1001.20,24.41,-0.12,,,,,,
2026-06-11T04:59:02,0,3.65,17980.00,10.62,9712.00,,,,21.78,,,,,,,1001.30,24.41,-0.12,,,,,,
2026-06-11T04:59:02,0,3.64,17980.00,10.62,9712.00,,,,21.79,,,,,,,1001.20,24.41,-0.12,,,,,,
2026-06-11T04:59:02,0,3.64,17980.00,10.62,9712.00,,,,21.79,,,,,,,1001.20,24.41,-0.12,,,,,,
2026-06-11T04:59:02,0,3.64,17980.00,10.62,9712.00,,,,21.78,,,,,,,1001.10,24.41,-0.12,,,,,,
2026-06-11T04:59:02,0,3.65,17980.00,10.62,9712.00,,,,21.78,,,,,,,1001.10,24.40,-0.12,,,,,,
2026-06-11T04:59:02,0,3.64,17980.00,10.62,9712.00,,,,21.79,,,,,,,1001.00,24.40,-0.12,,,,,,
2026-06-11T04:59:02,0,3.64,17980.00,10.62,9712.00,,,,21.78,,,,,,,1000.90,24.41,-0.12,,,,,,
2026-06-11T04:59:02,0,3.64,17980.00,10.62,9712.00,,,,21.78,,,,,,,1000.90,24.40,-0.12,,,,,,
2026-06-11T04:59:02,0,3.63,17980.00,10.62,9712.00,,,,21.79,,,,,,,1001.40,24.41,-0.11,,,,,,
2026-06-11T04:59:02,0,3.65,17980.00,10.62,9712.00,,,,21.78,,,,,,,1001.30,24.41,-0.12,,,,,,
2026-06-11T04:59:02,0,3.64,17980.00,10.62,9712.00,,,,21.78,,,,,,,1001.40,24.40,-0.11,,,,,,
2026-06-11T04:59:02,0,3.64,17980.00,10.62,9712.00,,,,21.78,,,,,,,1001.00,24.41,-0.12,,,,,,
2026-06-11T04:59:02,0,3.64,17980.00,10.62,9712.00,,,,21.78,,,,,,,1001.00,24.40,-0.12,,,,,,
2026-06-11T04:59:02,0,3.64,17980.00,10.62,9712.00,,,,21.77,,,,,,,1001.00,24.40,-0.12,,,,,,
2026-06-11T04:59:02,0,3.64,17980.00,10.62,9712.00,,,,21.78,,,,,,,1001.20,24.40,-0.12,,,,,,
2026-06-11T04:59:03,0,3.64,17980.00,10.62,9712.00,,,,21.77,,,,,,,1001.30,24.40,-0.12,,,,,,
2026-06-11T04:59:03,0,3.63,17980.00,10.62,9712.00,,,,21.77,,,,,,,1001.50,24.40,-0.11,,,,,,
2026-06-11T04:59:03,0,3.64,17980.00,10.62,9712.00,,,,21.76,,,,,,,1001.30,24.40,-0.12,,,,,,
2026-06-11T04:59:03,0,3.65,17980.00,10.62,9712.00,,,,21.76,,,,,,,1001.00,24.33,-0.12,,,,,,
2026-06-11T04:59:03,0,3.64,17980.00,10.62,9712.00,,,,21.76,,,,,,,1001.20,24.37,-0.12,,,,,,
2026-06-11T04:59:03,0,3.64,17980.00,10.62,9712.00,,,,21.76,,,,,,,1001.20,24.38,-0.12,,,,,,
2026-06-11T04:59:03,0,3.64,17980.00,10.62,9712.00,,,,21.76,,,,,,,1001.10,24.39,-0.12,,,,,,
2026-06-11T04:59:03,0,3.64,17980.00,10.62,9712.00,,,,21.76,,,,,,,1001.00,24.39,-0.12,,,,,,
2026-06-11T04:59:03,0,3.64,17980.00,10.62,9712.00,,,,21.76,,,,,,,1001.20,24.39,-0.12,,,,,,
2026-06-11T04:59:03,0,3.64,17980.00,10.62,9712.00,,,,21.75,,,,,,,1000.80,24.40,-0.12,,,,,,
2026-06-11T04:59:03,0,3.64,17980.00,10.62,9712.00,,,,21.75,,,,,,,1000.70,24.40,-0.12,,,,,,
2026-06-11T04:59:03,0,3.64,17980.00,10.62,9712.00,,,,21.75,,,,,,,1001.00,24.40,-0.12,,,,,,
2026-06-11T04:59:03,0,3.64,17980.00,10.62,9712.00,,,,21.75,,,,,,,1001.10,24.40,-0.12,,,,,,
2026-06-11T04:59:03,0,3.64,17980.00,10.62,9712.00,,,,21.75,,,,,,,1001.20,24.40,-0.12,,,,,,
2026-06-11T04:59:03,0,3.64,17980.00,10.61,9710.00,,,,21.75,,,,,,,1001.10,24.40,-0.12,,,,,,
2026-06-11T04:59:04,0,3.64,17980.00,10.61,9710.00,,,,21.75,,,,,,,1001.70,24.39,-0.11,,,,,,
2026-06-11T04:59:04,0,3.64,17980.00,10.61,9710.00,,,,21.74,,,,,,,1001.10,24.40,-0.12,,,,,,
2026-06-11T04:59:04,0,3.63,17980.00,10.61,9710.00,,,,21.74,,,,,,,1000.70,24.40,-0.12,,,,,,
2026-06-11T04:59:04,0,3.64,17980.00,10.61,9710.00,,,,21.74,,,,,,,1001.00,24.39,-0.12,,,,,,
2026-06-11T04:59:04,0,3.64,17980.00,10.61,9710.00,,,,21.74,,,,,,,1001.20,24.40,-0.12,,,,,,
2026-06-11T04:59:04,0,3.64,17980.00,10.61,9710.00,,,,21.74,,,,,,,1001.20,24.40,-0.12,,,,,,
2026-06-11T04:59:04,0,3.65,17980.00,10.61,9710.00,,,,21.74,,,,,,,1001.10,24.40,-0.12,,,,,,
2026-06-11T04:59:04,0,3.64,17980.00,10.61,9710.00,,,,21.74,,,,,,,1001.10,24.40,-0.12,,,,,,
2026-06-11T04:59:04,0,3.64,17980.00,10.61,9710.00,,,,21.73,,,,,,,1001.50,24.39,-0.11,,,,,,
2026-06-11T04:59:04,0,3.64,17980.00,10.61,9710.00,,,,21.72,,,,,,,1001.00,24.39,-0.12,,,,,,
2026-06-11T04:59:04,0,3.65,17980.00,10.61,9710.00,,,,21.72,,,,,,,1001.00,24.39,-0.12,,,,,,
2026-06-11T04:59:04,0,3.64,17980.00,10.61,9710.00,,,,21.72,,,,,,,1000.90,24.39,-0.12,,,,,,
2026-06-11T04:59:04,0,3.64,17980.00,10.61,9710.00,,,,21.71,,,,,,,1000.70,24.39,-0.12,,,,,,
2026-06-11T04:59:04,0,3.65,17980.00,10.61,9710.00,,,,21.71,,,,,,,1000.60,24.39,-0.12,,,,,,
2026-06-11T04:59:04,0,3.64,17980.00,10.61,9710.00,,,,21.71,,,,,,,1001.00,24.40,-0.12,,,,,,
2026-06-11T04:59:05,0,3.64,17980.00,10.61,9710.00,,,,21.70,,,,,,,1000.80,24.39,-0.12,,,,,,
2026-06-11T04:59:05,0,3.63,17980.00,10.61,9710.00,,,,21.70,,,,,,,1001.40,24.40,-0.11,,,,,,
2026-06-11T04:59:05,0,3.64,17980.00,10.61,9710.00,,,,21.69,,,,,,,1001.30,24.40,-0.12,,,,,,
2026-06-11T04:59:05,0,3.64,17980.00,10.61,9710.00,,,,21.69,,,,,,,1001.00,24.39,-0.12,,,,,,
2026-06-11T04:59:05,0,3.64,17980.00,10.61,9710.00,,,,21.69,,,,,,,1000.60,24.39,-0.12,,,,,,
2026-06-11T04:59:05,0,3.64,17980.00,10.61,9710.00,,,,21.68,,,,,,,1001.00,24.32,-0.12,,,,,,
2026-06-11T04:59:05,0,3.64,17980.00,10.61,9710.00,,,,21.68,,,,,,,1001.40,24.35,-0.11,,,,,,
2026-06-11T04:59:05,0,3.64,17980.00,10.61,9710.00,,,,21.68,,,,,,,1001.00,24.37,-0.12,,,,,,
2026-06-11T04:59:05,0,3.63,17980.00,10.61,9710.00,,,,21.67,,,,,,,1001.00,24.38,-0.12,,,,,,
2026-06-11T04:59:05,0,3.64,17980.00,10.61,9710.00,,,,21.67,,,,,,,1001.00,24.38,-0.12,,,,,,
2026-06-11T04:59:05,0,3.64,17980.00,10.61,9710.00,,,,21.66,,,,,,,1000.80,24.38,-0.12,,,,,,
2026-06-11T04:59:05,0,3.64,17980.00,10.61,9710.00,,,,21.65,,,,,,,1000.80,24.38,-0.12,,,,,,
2026-06-11T04:59:05,0,3.64,17980.00,10.61,9710.00,,,,21.65,,,,,,,1000.90,24.39,-0.12,,,,,,
2026-06-11T04:59:05,0,3.64,17980.00,10.61,9710.00,,,,21.65,,,,,,,1000.70,24.38,-0.12,,,,,,
2026-06-11T04:59:05,0,3.64,17960.00,10.60,9699.00,,,,21.64,,,,,,,1001.20,24.38,-0.12,,,,,,
2026-06-11T04:59:06,0,3.64,17960.00,10.60,9699.00,,,,21.63,,,,,,,1000.40,24.38,-0.12,,,,,,
2026-06-11T04:59:06,0,3.64,17960.00,10.60,9699.00,,,,21.63,,,,,,,1001.40,24.39,-0.11,,,,,,
2026-06-11T04:59:06,0,3.64,17960.00,10.60,9699.00,,,,21.63,,,,,,,1000.90,24.38,-0.12,,,,,,
2026-06-11T04:59:06,0,3.64,17960.00,10.60,9699.00,,,,21.62,,,,,,,1001.00,24.39,-0.12,,,,,,
2026-06-11T04:59:06,0,3.64,17960.00,10.60,9699.00,,,,21.62,,,,,,,1001.10,24.38,-0.12,,,,,,
2026-06-11T04:59:06,0,3.64,17960.00,10.60,9699.00,,,,21.61,,,,,,,1001.50,24.39,-0.11,,,,,,
2026-06-11T04:59:06,0,3.64,17960.00,10.60,9699.00,,,,21.60,,,,,,,1001.30,24.39,-0.12,,,,,,
2026-06-11T04:59:06,0,3.64,17960.00,10.60,9699.00,,,,21.59,,,,,,,1000.90,24.39,-0.12,,,,,,
2026-06-11T04:59:06,0,3.64,17960.00,10.60,9699.00,,,,21.59,,,,,,,1000.90,24.38,-0.12,,,,,,
2026-06-11T04:59:06,0,3.64,17960.00,10.60,9699.00,,,,21.58,,,,,,,1001.10,24.39,-0.12,,,,,,
2026-06-11T04:59:06,0,3.64,17960.00,10.60,9699.00,,,,21.57,,,,,,,1000.90,24.38,-0.12,,,,,,
2026-06-11T04:59:06,0,3.64,17960.00,10.60,9699.00,,,,21.57,,,,,,,1001.20,24.38,-0.12,,,,,,
2026-06-11T04:59:06,0,3.64,17960.00,10.60,9699.00,,,,21.57,,,,,,,1000.90,24.39,-0.12,,,,,,
2026-06-11T04:59:06,0,3.64,17960.00,10.60,9699.00,,,,21.57,,,,,,,1000.30,24.38,-0.13,,,,,,
2026-06-11T04:59:06,0,3.65,17960.00,10.60,9699.00,,,,21.57,,,,,,,1001.10,24.38,-0.12,,,,,,
2026-06-11T04:59:06,0,3.64,17960.00,10.60,9699.00,,,,21.56,,,,,,,1000.70,24.38,-0.12,,,,,,
2026-06-11T04:59:07,0,3.64,17960.00,10.60,9699.00,,,,21.55,,,,,,,1000.60,24.38,-0.12,,,,,,
2026-06-11T04:59:07,0,3.64,17960.00,10.60,9699.00,,,,21.55,,,,,,,1001.10,24.38,-0.12,,,,,,
2026-06-11T04:59:07,0,3.64,17960.00,10.60,9699.00,,,,21.54,,,,,,,1000.60,24.38,-0.12,,,,,,
2026-06-11T04:59:07,0,3.63,17960.00,10.60,9699.00,,,,21.54,,,,,,,1000.90,24.38,-0.12,,,,,,
2026-06-11T04:59:07,0,3.64,17960.00,10.60,9699.00,,,,21.53,,,,,,,1000.50,24.38,-0.12,,,,,,
2026-06-11T04:59:07,0,3.64,17960.00,10.60,9699.00,,,,21.52,,,,,,,1000.70,24.31,-0.12,,,,,,
2026-06-11T04:59:07,0,3.64,17960.00,10.60,9699.00,,,,21.52,,,,,,,1000.60,24.34,-0.12,,,,,,
2026-06-11T04:59:07,0,3.64,17960.00,10.60,9699.00,,,,21.51,,,,,,,1000.90,24.36,-0.12,,,,,,
2026-06-11T04:59:07,0,3.64,17960.00,10.60,9699.00,,,,21.51,,,,,,,1000.30,24.36,-0.13,,,,,,
2026-06-11T04:59:07,0,3.64,17960.00,10.60,9699.00,,,,21.51,,,,,,,1001.00,24.37,-0.12,,,,,,
2026-06-11T04:59:07,0,3.64,17960.00,10.60,9699.00,,,,21.50,,,,,,,1000.60,24.37,-0.12,,,,,,
2026-06-11T04:59:07,0,3.64,17960.00,10.60,9699.00,,,,21.50,,,,,,,1001.20,24.37,-0.12,,,,,,
2026-06-11T04:59:07,0,3.64,17960.00,10.60,9699.00,,,,21.50,,,,,,,1000.70,24.38,-0.12,,,,,,
2026-06-11T04:59:07,0,3.64,17940.00,10.59,9692.00,,,,21.49,,,,,,,1000.90,24.37,-0.12,,,,,,
2026-06-11T04:59:08,0,3.64,17940.00,10.59,9692.00,,,,21.49,,,,,,,1000.40,24.38,-0.12,,,,,,
2026-06-11T04:59:08,0,3.64,17940.00,10.59,9692.00,,,,21.48,,,,,,,1000.40,24.38,-0.12,,,,,,
2026-06-11T04:59:08,0,3.64,17940.00,10.59,9692.00,,,,21.48,,,,,,,1001.00,24.38,-0.12,,,,,,
2026-06-11T04:59:08,0,3.65,17940.00,10.59,9692.00,,,,21.47,,,,,,,1000.50,24.38,-0.12,,,,,,
2026-06-11T04:59:08,0,3.64,17940.00,10.59,9692.00,,,,21.47,,,,,,,1000.70,24.38,-0.12,,,,,,
2026-06-11T04:59:08,0,3.64,17940.00,10.59,9692.00,,,,21.46,,,,,,,1000.50,24.38,-0.12,,,,,,
2026-06-11T04:59:08,0,3.64,17940.00,10.59,9692.00,,,,21.46,,,,,,,1000.50,24.37,-0.12,,,,,,
2026-06-11T04:59:08,0,3.64,17940.00,10.59,9692.00,,,,21.45,,,,,,,1000.40,24.37,-0.12,,,,,,
2026-06-11T04:59:08,0,3.64,17940.00,10.59,9692.00,,,,21.45,,,,,,,1000.50,24.37,-0.12,,,,,,
2026-06-11T04:59:08,0,3.64,17940.00,10.59,9692.00,,,,21.45,,,,,,,1000.70,24.37,-0.12,,,,,,
2026-06-11T04:59:08,0,3.65,17940.00,10.59,9692.00,,,,21.45,,,,,,,1000.30,24.37,-0.13,,,,,,
2026-06-11T04:59:08,0,3.64,17940.00,10.59,9692.00,,,,21.45,,,,,,,1000.30,24.37,-0.13,,,,,,
2026-06-11T04:59:08,0,3.64,17940.00,10.59,9692.00,,,,21.44,,,,,,,1000.50,24.37,-0.12,,,,,,
2026-06-11T04:59:08,0,3.65,17940.00,10.59,9692.00,,,,21.43,,,,,,,1000.40,24.37,-0.12,,,,,,
2026-06-11T04:59:08,0,3.64,17940.00,10.59,9692.00,,,,21.43,,,,,,,1000.60,24.37,-0.12,,,,,,
2026-06-11T04:59:08,0,3.64,17940.00,10.59,9692.00,,,,21.42,,,,,,,999.90,24.37,-0.13,,,,,,
2026-06-11T04:59:09,0,3.64,17940.00,10.59,9692.00,,,,21.42,,,,,,,1000.80,24.37,-0.12,,,,,,
2026-06-11T04:59:09,0,3.64,17940.00,10.59,9692.00,,,,21.41,,,,,,,1000.30,24.37,-0.13,,,,,,
2026-06-11T04:59:09,0,3.64,17940.00,10.59,9692.00,,,,21.41,,,,,,,1000.70,24.37,-0.12,,,,,,
2026-06-11T04:59:09,0,3.64,17940.00,10.59,9692.00,,,,21.40,,,,,,,1000.70,24.37,-0.12,,,,,,
2026-06-11T04:59:09,0,3.65,17940.00,10.59,9692.00,,,,21.39,,,,,,,1000.20,24.37,-0.13,,,,,,
2026-06-11T04:59:09,0,3.64,17940.00,10.59,9692.00,,,,21.39,,,,,,,1000.50,24.30,-0.12,,,,,,
2026-06-11T04:59:09,0,3.64,17940.00,10.59,9692.00,,,,21.39,,,,,,,1000.70,24.33,-0.12,,,,,,
2026-06-11T04:59:09,0,3.65,17940.00,10.59,9692.00,,,,21.38,,,,,,,1000.10,24.34,-0.13,,,,,,
2026-06-11T04:59:09,0,3.64,17940.00,10.59,9692.00,,,,21.39,,,,,,,1000.70,24.35,-0.12,,,,,,
2026-06-11T04:59:09,0,3.63,17940.00,10.59,9692.00,,,,21.38,,,,,,,1000.30,24.36,-0.13,,,,,,
2026-06-11T04:59:09,0,3.64,17940.00,10.59,9692.00,,,,21.38,,,,,,,1000.50,24.36,-0.12,,,,,,
2026-06-11T04:59:09,0,3.65,17940.00,10.59,9692.00,,,,21.37,,,,,,,1000.50,24.36,-0.12,,,,,,
2026-06-11T04:59:09,0,3.65,17940.00,10.59,9688.00,,,,21.37,,,,,,,1000.50,24.36,-0.12,,,,,,
2026-06-11T04:59:09,0,3.64,17940.00,10.59,9688.00,,,,21.36,,,,,,,1000.20,24.34,-0.13,,,,,,
2026-06-11T04:59:10,0,3.63,17940.00,10.59,9688.00,,,,21.36,,,,,,,1000.20,24.35,-0.13,,,,,,
2026-06-11T04:59:10,0,3.64,17940.00,10.59,9688.00,,,,21.35,,,,,,,1000.40,24.35,-0.12,,,,,,
2026-06-11T04:59:10,0,3.64,17940.00,10.59,9688.00,,,,21.35,,,,,,,1000.50,24.35,-0.12,,,,,,
2026-06-11T04:59:10,0,3.64,17940.00,10.59,9688.00,,,,21.34,,,,,,,999.90,24.36,-0.13,,,,,,
2026-06-11T04:59:10,0,3.64,17940.00,10.59,9688.00,,,,21.34,,,,,,,1000.10,24.36,-0.13,,,,,,
2026-06-11T04:59:10,0,3.64,17940.00,10.59,9688.00,,,,21.34,,,,,,,1000.00,24.36,-0.13,,,,,,
2026-06-11T04:59:10,0,3.64,17940.00,10.59,9688.00,,,,21.33,,,,,,,1000.10,24.36,-0.13,,,,,,
2026-06-11T04:59:10,0,3.64,17940.00,10.59,9688.00,,,,21.33,,,,,,,1000.40,24.36,-0.12,,,,,,
2026-06-11T04:59:10,0,3.64,17940.00,10.59,9688.00,,,,21.32,,,,,,,1000.30,24.36,-0.13,,,,,,
2026-06-11T04:59:10,0,3.64,17940.00,10.59,9688.00,,,,21.31,,,,,,,999.90,24.36,-0.13,,,,,,
2026-06-11T04:59:10,0,3.63,17940.00,10.59,9688.00,,,,21.32,,,,,,,1000.20,24.36,-0.13,,,,,,
2026-06-11T04:59:10,0,3.64,17940.00,10.59,9688.00,,,,21.31,,,,,,,1000.10,24.36,-0.13,,,,,,
2026-06-11T04:59:10,0,3.64,17940.00,10.59,9688.00,,,,21.31,,,,,,,1000.60,24.36,-0.12,,,,,,
2026-06-11T04:59:10,0,3.64,17940.00,10.59,9688.00,,,,21.30,,,,,,,1000.70,24.36,-0.12,,,,,,
2026-06-11T04:59:10,0,3.65,17940.00,10.59,9688.00,,,,21.30,,,,,,,1000.30,24.36,-0.13,,,,,,
2026-06-11T04:59:10,0,3.65,17940.00,10.59,9688.00,,,,21.29,,,,,,,1000.30,24.36,-0.13,,,,,,
2026-06-11T04:59:11,0,3.64,17940.00,10.59,9688.00,,,,21.29,,,,,,,1000.30,24.35,-0.13,,,,,,
2026-06-11T04:59:11,0,3.65,17940.00,10.59,9688.00,,,,21.29,,,,,,,1000.40,24.35,-0.12,,,,,,
2026-06-11T04:59:11,0,3.64,17940.00,10.59,9688.00,,,,21.28,,,,,,,1000.30,24.35,-0.13,,,,,,
2026-06-11T04:59:11,0,3.64,17940.00,10.59,9688.00,,,,21.29,,,,,,,1000.30,24.35,-0.13,,,,,,
2026-06-11T04:59:11,0,3.64,17940.00,10.59,9688.00,,,,21.29,,,,,,,1000.60,24.35,-0.12,,,,,,
2026-06-11T04:59:11,0,3.64,17940.00,10.59,9688.00,,,,21.29,,,,,,,1000.10,24.35,-0.13,,,,,,
2026-06-11T04:59:11,0,3.64,17940.00,10.59,9688.00,,,,21.29,,,,,,,1000.00,24.35,-0.13,,,,,,
2026-06-11T04:59:11,0,3.64,17940.00,10.59,9688.00,,,,21.28,,,,,,,1000.30,24.35,-0.13,,,,,,
2026-06-11T04:59:11,0,3.64,17940.00,10.59,9688.00,,,,21.28,,,,,,,1000.50,24.28,-0.12,,,,,,
2026-06-11T04:59:11,0,3.64,17940.00,10.59,9688.00,,,,21.28,,,,,,,1000.20,24.31,-0.13,,,,,,
2026-06-11T04:59:11,0,3.64,17940.00,10.59,9688.00,,,,21.28,,,,,,,1000.70,24.33,-0.12,,,,,,
2026-06-11T04:59:11,0,3.64,17940.00,10.59,9688.00,,,,21.29,,,,,,,1000.50,24.34,-0.12,,,,,,
2026-06-11T04:59:11,0,3.64,17910.00,10.57,9676.00,,,,21.28,,,,,,,1000.50,24.34,-0.12,,,,,,
2026-06-11T04:59:11,0,3.64,17910.00,10.57,9676.00,,,,21.29,,,,,,,1000.20,24.34,-0.13,,,,,,
2026-06-11T04:59:11,0,3.64,17910.00,10.57,9676.00,,,,21.29,,,,,,,1000.50,24.34,-0.12,,,,,,
2026-06-11T04:59:12,0,3.64,17910.00,10.57,9676.00,,,,21.29,,,,,,,1000.00,24.34,-0.13,,,,,,
2026-06-11T04:59:12,0,3.64,17910.00,10.57,9676.00,,,,21.29,,,,,,,999.90,24.34,-0.13,,,,,,
2026-06-11T04:59:12,0,3.64,17910.00,10.57,9676.00,,,,21.29,,,,,,,1000.20,24.35,-0.13,,,,,,
2026-06-11T04:59:12,0,3.64,17910.00,10.57,9676.00,,,,21.29,,,,,,,1000.10,24.35,-0.13,,,,,,
2026-06-11T04:59:12,0,3.64,17910.00,10.57,9676.00,,,,21.30,,,,,,,1000.30,24.34,-0.13,,,,,,
2026-06-11T04:59:12,0,3.65,17910.00,10.57,9676.00,,,,21.30,,,,,,,1000.10,24.35,-0.13,,,,,,
2026-06-11T04:59:12,0,3.64,17910.00,10.57,9676.00,,,,21.30,,,,,,,1000.10,24.34,-0.13,,,,,,
2026-06-11T04:59:12,0,3.64,17910.00,10.57,9676.00,,,,21.30,,,,,,,1000.00,24.34,-0.13,,,,,,
2026-06-11T04:59:12,0,3.64,17910.00,10.57,9676.00,,,,21.30,,,,,,,1000.40,24.34,-0.12,,,,,,
2026-06-11T04:59:12,0,3.64,17910.00,10.57,9676.00,,,,21.31,,,,,,,1000.40,24.34,-0.12,,,,,,
2026-06-11T04:59:12,0,3.64,17910.00,10.57,9676.00,,,,21.31,,,,,,,1000.50,24.34,-0.12,,,,,,
2026-06-11T04:59:12,0,3.64,17910.00,10.57,9676.00,,,,21.31,,,,,,,999.90,24.34,-0.13,,,,,,
2026-06-11T04:59:12,0,3.65,17910.00,10.57,9676.00,,,,21.31,,,,,,,1000.70,24.34,-0.12,,,,,,
2026-06-11T04:59:12,0,3.64,17910.00,10.57,9676.00,,,,21.31,,,,,,,1000.10,24.34,-0.13,,,,,,
2026-06-11T04:59:12,0,3.64,17910.00,10.57,9676.00,,,,21.31,,,,,,,1000.30,24.34,-0.13,,,,,,
2026-06-11T04:59:13,0,3.64,17910.00,10.57,9676.00,,,,21.32,,,,,,,1000.30,24.34,-0.13,,,,,,
2026-06-11T04:59:13,0,3.64,17910.00,10.57,9676.00,,,,21.33,,,,,,,1000.60,24.34,-0.12,,,,,,
2026-06-11T04:59:13,0,3.64,17910.00,10.57,9676.00,,,,21.33,,,,,,,1000.00,24.34,-0.13,,,,,,
2026-06-11T04:59:13,0,3.65,17910.00,10.57,9676.00,,,,21.33,,,,,,,1000.70,24.34,-0.12,,,,,,
2026-06-11T04:59:13,0,3.64,17910.00,10.57,9676.00,,,,21.33,,,,,,,1000.50,24.34,-0.12,,,,,,
2026-06-11T04:59:13,0,3.64,17910.00,10.57,9676.00,,,,21.33,,,,,,,1000.10,24.27,-0.13,,,,,,
2026-06-11T04:59:13,0,3.64,17910.00,10.57,9676.00,,,,21.33,,,,,,,1000.50,24.30,-0.12,,,,,,
2026-06-11T04:59:13,0,3.64,17910.00,10.57,9676.00,,,,21.33,,,,,,,1000.00,24.31,-0.13,,,,,,
2026-06-11T04:59:13,0,3.64,17910.00,10.57,9676.00,,,,21.34,,,,,,,1000.40,24.32,-0.12,,,,,,
2026-06-11T04:59:13,0,3.63,17910.00,10.57,9676.00,,,,21.34,,,,,,,1000.60,24.32,-0.12,,,,,,
2026-06-11T04:59:13,0,3.63,17910.00,10.57,9676.00,,,,21.34,,,,,,,1000.60,24.33,-0.12,,,,,,
2026-06-11T04:59:13,0,3.64,17910.00,10.57,9676.00,,,,21.34,,,,,,,1000.70,24.33,-0.12,,,,,,
2026-06-11T04:59:13,0,3.64,17900.00,10.57,9670.00,,,,21.34,,,,,,,1000.70,24.33,-0.12,,,,,,
2026-06-11T04:59:13,0,3.65,17900.00,10.57,9670.00,,,,21.34,,,,,,,1000.40,24.33,-0.12,,,,,,
2026-06-11T04:59:13,0,3.63,17900.00,10.57,9670.00,,,,21.34,,,,,,,1000.30,24.33,-0.13,,,,,,
2026-06-11T04:59:14,0,3.65,17900.00,10.57,9670.00,,,,21.34,,,,,,,1000.30,24.33,-0.13,,,,,,
2026-06-11T04:59:14,0,3.65,17900.00,10.57,9670.00,,,,21.34,,,,,,,1000.40,24.33,-0.12,,,,,,
2026-06-11T04:59:14,0,3.64,17900.00,10.57,9670.00,,,,21.35,,,,,,,1000.20,24.33,-0.13,,,,,,
2026-06-11T04:59:14,0,3.64,17900.00,10.57,9670.00,,,,21.34,,,,,,,1000.60,24.33,-0.12,,,,,,
2026-06-11T04:59:14,0,3.64,17900.00,10.57,9670.00,,,,21.35,,,,,,,1000.30,24.33,-0.13,,,,,,
2026-06-11T04:59:14,0,3.65,17900.00,10.57,9670.00,,,,21.35,,,,,,,1000.20,24.33,-0.13,,,,,,
2026-06-11T04:59:14,0,3.64,17900.00,10.57,9670.00,,,,21.35,,,,,,,1000.20,24.33,-0.13,,,,,,
2026-06-11T04:59:14,0,3.65,17900.00,10.57,9670.00,,,,21.34,,,,,,,999.80,24.33,-0.13,,,,,,
2026-06-11T04:59:14,0,3.64,17900.00,10.57,9670.00,,,,21.34,,,,,,,1000.00,24.33,-0.13,,,,,,
2026-06-11T04:59:14,0,3.65,17900.00,10.57,9670.00,,,,21.35,,,,,,,1000.40,24.33,-0.12,,,,,,
2026-06-11T04:59:14,0,3.65,17900.00,10.57,9670.00,,,,21.35,,,,,,,1000.10,24.33,-0.13,,,,,,
2026-06-11T04:59:14,0,3.64,17900.00,10.57,9670.00,,,,21.34,,,,,,,1000.10,24.33,-0.13,,,,,,
2026-06-11T04:59:14,0,3.64,17900.00,10.57,9670.00,,,,21.35,,,,,,,1000.20,24.33,-0.13,,,,,,
2026-06-11T04:59:14,0,3.64,17900.00,10.57,9670.00,,,,21.35,,,,,,,1000.60,24.32,-0.12,,,,,,
2026-06-11T04:59:14,0,3.64,17900.00,10.57,9670.00,,,,21.35,,,,,,,1000.60,24.33,-0.12,,,,,,
2026-06-11T04:59:15,0,3.65,17900.00,10.57,9670.00,,,,21.35,,,,,,,1000.30,24.33,-0.13,,,,,,
2026-06-11T04:59:15,0,3.64,17900.00,10.57,9670.00,,,,21.34,,,,,,,1000.60,24.33,-0.12,,,,,,
2026-06-11T04:59:15,0,3.65,17900.00,10.57,9670.00,,,,21.35,,,,,,,1000.90,24.33,-0.12,,,,,,
2026-06-11T04:59:15,0,3.64,17900.00,10.57,9670.00,,,,21.34,,,,,,,1000.70,24.33,-0.12,,,,,,
2026-06-11T04:59:15,0,3.65,17900.00,10.57,9670.00,,,,21.34,,,,,,,1000.30,24.32,-0.13,,,,,,
2026-06-11T04:59:15,0,3.64,17900.00,10.57,9670.00,,,,21.34,,,,,,,1000.50,24.33,-0.12,,,,,,
2026-06-11T04:59:15,0,3.64,17900.00,10.57,9670.00,,,,21.35,,,,,,,1000.10,24.32,-0.13,,,,,,
2026-06-11T04:59:15,0,3.64,17900.00,10.57,9670.00,,,,21.34,,,,,,,1000.80,24.33,-0.12,,,,,,
2026-06-11T04:59:15,0,3.64,17900.00,10.57,9670.00,,,,21.34,,,,,,,1000.00,24.33,-0.13,,,,,,
2026-06-11T04:59:15,0,3.64,17900.00,10.57,9670.00,,,,21.34,,,,,,,1000.40,24.33,-0.12,,,,,,
2026-06-11T04:59:15,0,3.64,17900.00,10.57,9670.00,,,,21.34,,,,,,,1000.60,24.26,-0.12,,,,,,
2026-06-11T04:59:15,0,3.64,17900.00,10.56,9666.00,,,,21.34,,,,,,,999.80,24.29,-0.13,,,,,,
2026-06-11T04:59:15,0,3.65,17900.00,10.56,9666.00,,,,21.34,,,,,,,1000.30,24.29,-0.13,,,,,,
2026-06-11T04:59:15,0,3.64,17900.00,10.56,9666.00,,,,21.34,,,,,,,999.80,24.30,-0.13,,,,,,
2026-06-11T04:59:15,0,3.64,17900.00,10.56,9666.00,,,,21.34,,,,,,,1000.90,24.31,-0.12,,,,,,
2026-06-11T04:59:16,0,3.65,17900.00,10.56,9666.00,,,,21.34,,,,,,,1000.20,24.31,-0.13,,,,,,
2026-06-11T04:59:16,0,3.63,17900.00,10.56,9666.00,,,,21.34,,,,,,,1000.50,24.32,-0.12,,,,,,
2026-06-11T04:59:16,0,3.64,17900.00,10.56,9666.00,,,,21.34,,,,,,,1000.40,24.32,-0.12,,,,,,
2026-06-11T04:59:16,0,3.65,17900.00,10.56,9666.00,,,,21.34,,,,,,,1000.10,24.32,-0.13,,,,,,
2026-06-11T04:59:16,0,3.65,17900.00,10.56,9666.00,,,,21.34,,,,,,,1000.10,24.32,-0.13,,,,,,
2026-06-11T04:59:16,0,3.65,17900.00,10.56,9666.00,,,,21.34,,,,,,,1000.20,24.32,-0.13,,,,,,
2026-06-11T04:59:16,0,3.64,17900.00,10.56,9666.00,,,,21.33,,,,,,,1000.30,24.32,-0.13,,,,,,
2026-06-11T04:59:16,0,3.64,17900.00,10.56,9666.00,,,,21.34,,,,,,,1000.20,24.32,-0.13,,,,,,
2026-06-11T04:59:16,0,3.64,17900.00,10.56,9666.00,,,,21.34,,,,,,,1000.50,24.32,-0.12,,,,,,
2026-06-11T04:59:16,0,3.64,17900.00,10.56,9666.00,,,,21.33,,,,,,,1000.50,24.32,-0.12,,,,,,
2026-06-11T04:59:16,0,3.64,17900.00,10.56,9666.00,,,,21.34,,,,,,,1000.40,24.32,-0.12,,,,,,
2026-06-11T04:59:16,0,3.65,17900.00,10.56,9666.00,,,,21.33,,,,,,,1000.90,24.32,-0.12,,,,,,
2026-06-11T04:59:16,0,3.64,17900.00,10.56,9666.00,,,,21.33,,,,,,,1000.30,24.32,-0.13,,,,,,
2026-06-11T04:59:16,0,3.64,17900.00,10.56,9666.00,,,,21.32,,,,,,,999.90,24.32,-0.13,,,,,,
2026-06-11T04:59:16,0,3.64,17900.00,10.56,9666.00,,,,21.33,,,,,,,1000.00,24.32,-0.13,,,,,,
2026-06-11T04:59:17,0,3.64,17900.00,10.56,9666.00,,,,21.32,,,,,,,1000.00,24.32,-0.13,,,,,,
2026-06-11T04:59:17,0,3.63,17900.00,10.56,9666.00,,,,21.32,,,,,,,1000.10,24.32,-0.13,,,,,,
2026-06-11T04:59:17,0,3.64,17900.00,10.56,9666.00,,,,21.31,,,,,,,1000.30,24.32,-0.13,,,,,,
2026-06-11T04:59:17,0,3.64,17900.00,10.56,9666.00,,,,21.32,,,,,,,1000.00,24.31,-0.13,,,,,,
2026-06-11T04:59:17,0,3.63,17900.00,10.56,9666.00,,,,21.31,,,,,,,999.60,24.32,-0.13,,,,,,
2026-06-11T04:59:17,0,3.64,17900.00,10.56,9666.00,,,,21.31,,,,,,,1000.30,24.25,-0.13,,,,,,
2026-06-11T04:59:17,0,3.63,17900.00,10.56,9666.00,,,,21.31,,,,,,,1000.10,24.28,-0.13,,,,,,
2026-06-11T04:59:17,0,3.64,17900.00,10.56,9666.00,,,,21.31,,,,,,,1000.30,24.29,-0.13,,,,,,
2026-06-11T04:59:17,0,3.64,17900.00,10.56,9666.00,,,,21.30,,,,,,,1000.10,24.30,-0.13,,,,,,
2026-06-11T04:59:17,0,3.63,17900.00,10.56,9666.00,,,,21.30,,,,,,,1000.20,24.30,-0.13,,,,,,
2026-06-11T04:59:17,0,3.64,17900.00,10.56,9666.00,,,,21.30,,,,,,,1000.10,24.31,-0.13,,,,,,
2026-06-11T04:59:17,0,3.64,17910.00,10.57,9677.00,,,,21.30,,,,,,,999.80,24.31,-0.13,,,,,,
2026-06-11T04:59:17,0,3.64,17910.00,10.57,9677.00,,,,21.30,,,,,,,1000.50,24.31,-0.12,,,,,,
2026-06-11T04:59:17,0,3.64,17910.00,10.57,9677.00,,,,21.30,,,,,,,1000.30,24.31,-0.13,,,,,,
2026-06-11T04:59:17,0,3.64,17910.00,10.57,9677.00,,,,21.29,,,,,,,1000.00,24.31,-0.13,,,,,,
2026-06-11T04:59:18,0,3.64,17910.00,10.57,9677.00,,,,21.29,,,,,,,1000.10,24.31,-0.13,,,,,,
2026-06-11T04:59:18,0,3.65,17910.00,10.57,9677.00,,,,21.29,,,,,,,1000.00,24.31,-0.13,,,,,,
2026-06-11T04:59:18,0,3.64,17910.00,10.57,9677.00,,,,21.29,,,,,,,1000.10,24.31,-0.13,,,,,,
2026-06-11T04:59:18,0,3.64,17910.00,10.57,9677.00,,,,21.28,,,,,,,999.80,24.31,-0.13,,,,,,
2026-06-11T04:59:18,0,3.65,17910.00,10.57,9677.00,,,,21.29,,,,,,,1000.10,24.31,-0.13,,,,,,
2026-06-11T04:59:18,0,3.65,17910.00,10.57,9677.00,,,,21.29,,,,,,,999.90,24.31,-0.13,,,,,,
2026-06-11T04:59:18,0,3.64,17910.00,10.57,9677.00,,,,21.29,,,,,,,1000.10,24.31,-0.13,,,,,,
2026-06-11T04:59:18,0,3.65,17910.00,10.57,9677.00,,,,21.28,,,,,,,1000.00,24.31,-0.13,,,,,,
2026-06-11T04:59:18,0,3.64,17910.00,10.57,9677.00,,,,21.28,,,,,,,1000.00,24.31,-0.13,,,,,,
2026-06-11T04:59:18,0,3.64,17910.00,10.57,9677.00,,,,21.28,,,,,,,1000.10,24.31,-0.13,,,,,,
2026-06-11T04:59:18,0,3.64,17910.00,10.57,9677.00,,,,21.28,,,,,,,1000.20,24.31,-0.13,,,,,,
2026-06-11T04:59:18,0,3.64,17910.00,10.57,9677.00,,,,21.28,,,,,,,1000.30,24.31,-0.13,,,,,,
2026-06-11T04:59:18,0,3.63,17910.00,10.57,9677.00,,,,21.28,,,,,,,1000.00,24.31,-0.13,,,,,,
2026-06-11T04:59:18,0,3.64,17910.00,10.57,9677.00,,,,21.28,,,,,,,1000.20,24.31,-0.13,,,,,,
2026-06-11T04:59:18,0,3.64,17910.00,10.57,9677.00,,,,21.27,,,,,,,1000.10,24.31,-0.13,,,,,,
2026-06-11T04:59:19,0,3.65,17910.00,10.57,9677.00,,,,21.27,,,,,,,999.60,24.31,-0.13,,,,,,
2026-06-11T04:59:19,0,3.64,17910.00,10.57,9677.00,,,,21.26,,,,,,,1000.30,24.30,-0.13,,,,,,
2026-06-11T04:59:19,0,3.64,17910.00,10.57,9677.00,,,,21.26,,,,,,,1000.20,24.30,-0.13,,,,,,
2026-06-11T04:59:19,0,3.64,17910.00,10.57,9677.00,,,,21.26,,,,,,,1000.30,24.31,-0.13,,,,,,
2026-06-11T04:59:19,0,3.64,17910.00,10.57,9677.00,,,,21.26,,,,,,,999.80,24.30,-0.13,,,,,,
2026-06-11T04:59:19,0,3.64,17910.00,10.57,9677.00,,,,21.25,,,,,,,999.70,24.31,-0.13,,,,,,
2026-06-11T04:59:19,0,3.64,17910.00,10.57,9677.00,,,,21.24,,,,,,,1000.10,24.31,-0.13,,,,,,
2026-06-11T04:59:19,0,3.64,17910.00,10.57,9677.00,,,,21.23,,,,,,,1000.00,24.31,-0.13,,,,,,
2026-06-11T04:59:19,0,3.64,17910.00,10.57,9677.00,,,,21.23,,,,,,,999.90,24.30,-0.13,,,,,,
2026-06-11T04:59:19,0,3.64,17910.00,10.57,9677.00,,,,21.22,,,,,,,999.90,24.30,-0.13,,,,,,
2026-06-11T04:59:19,0,3.64,17910.00,10.57,9677.00,,,,21.22,,,,,,,999.30,24.30,-0.14,,,,,,
2026-06-11T04:59:19,0,3.64,17910.00,10.57,9673.00,,,,21.21,,,,,,,999.50,24.30,-0.13,,,,,,
2026-06-11T04:59:19,0,3.65,17910.00,10.57,9673.00,,,,21.20,,,,,,,999.50,24.29,-0.13,,,,,,
2026-06-11T04:59:19,0,3.64,17910.00,10.57,9673.00,,,,21.18,,,,,,,999.40,24.23,-0.13,,,,,,
2026-06-11T04:59:19,0,3.64,17910.00,10.57,9673.00,,,,21.18,,,,,,,999.60,24.26,-0.13,,,,,,
2026-06-11T04:59:20,0,3.65,17910.00,10.57,9673.00,,,,21.18,,,,,,,999.80,24.28,-0.13,,,,,,
2026-06-11T04:59:20,0,3.64,17910.00,10.57,9673.00,,,,21.17,,,,,,,999.40,24.28,-0.13,,,,,,
2026-06-11T04:59:20,0,3.64,17910.00,10.57,9673.00,,,,21.18,,,,,,,999.70,24.29,-0.13,,,,,,
2026-06-11T04:59:20,0,3.65,17910.00,10.57,9673.00,,,,21.16,,,,,,,999.50,24.29,-0.13,,,,,,
2026-06-11T04:59:20,0,3.64,17910.00,10.57,9673.00,,,,21.16,,,,,,,999.40,24.29,-0.13,,,,,,
2026-06-11T04:59:20,0,3.65,17910.00,10.57,9673.00,,,,21.16,,,,,,,1000.00,24.29,-0.13,,,,,,
2026-06-11T04:59:20,0,3.64,17910.00,10.57,9673.00,,,,21.16,,,,,,,999.70,24.29,-0.13,,,,,,
2026-06-11T04:59:20,0,3.65,17910.00,10.57,9673.00,,,,21.16,,,,,,,999.30,24.29,-0.14,,,,,,
2026-06-11T04:59:20,0,3.64,17910.00,10.57,9673.00,,,,21.15,,,,,,,1000.00,24.29,-0.13,,,,,,
2026-06-11T04:59:20,0,3.64,17910.00,10.57,9673.00,,,,21.15,,,,,,,999.30,24.29,-0.14,,,,,,
2026-06-11T04:59:20,0,3.65,17910.00,10.57,9673.00,,,,21.15,,,,,,,999.80,24.29,-0.13,,,,,,
2026-06-11T04:59:20,0,3.64,17910.00,10.57,9673.00,,,,21.14,,,,,,,999.40,24.29,-0.13,,,,,,
2026-06-11T04:59:20,0,3.64,17910.00,10.57,9673.00,,,,21.15,,,,,,,999.80,24.29,-0.13,,,,,,
2026-06-11T04:59:20,0,3.64,17910.00,10.57,9673.00,,,,21.14,,,,,,,999.60,24.29,-0.13,,,,,,
2026-06-11T04:59:20,0,3.64,17910.00,10.57,9673.00,,,,21.15,,,,,,,999.80,24.29,-0.13,,,,,,
2026-06-11T04:59:20,0,3.65,17910.00,10.57,9673.00,,,,21.14,,,,,,,999.80,24.29,-0.13,,,,,,
2026-06-11T04:59:21,0,3.64,17910.00,10.57,9673.00,,,,21.14,,,,,,,999.50,24.29,-0.13,,,,,,
2026-06-11T04:59:21,0,3.65,17910.00,10.57,9673.00,,,,21.14,,,,,,,999.70,24.29,-0.13,,,,,,
2026-06-11T04:59:21,0,3.64,17910.00,10.57,9673.00,,,,21.13,,,,,,,999.50,24.29,-0.13,,,,,,
2026-06-11T04:59:21,0,3.63,17910.00,10.57,9673.00,,,,21.13,,,,,,,999.20,24.29,-0.14,,,,,,
2026-06-11T04:59:21,0,3.64,17910.00,10.57,9673.00,,,,21.13,,,,,,,999.90,24.29,-0.13,,,,,,
2026-06-11T04:59:21,0,3.63,17910.00,10.57,9673.00,,,,21.13,,,,,,,999.80,24.29,-0.13,,,,,,
2026-06-11T04:59:21,0,3.64,17910.00,10.57,9673.00,,,,21.12,,,,,,,999.10,24.22,-0.14,,,,,,
2026-06-11T04:59:21,0,3.65,17910.00,10.57,9673.00,,,,21.12,,,,,,,999.40,24.24,-0.13,,,,,,
2026-06-11T04:59:21,0,3.64,17910.00,10.57,9673.00,,,,21.12,,,,,,,999.50,24.26,-0.13,,,,,,
2026-06-11T04:59:21,0,3.65,17890.00,10.56,9662.00,,,,21.12,,,,,,,999.60,24.27,-0.13,,,,,,
2026-06-11T04:59:21,0,3.65,17890.00,10.56,9662.00,,,,21.12,,,,,,,999.20,24.27,-0.14,,,,,,
2026-06-11T04:59:21,0,3.64,17890.00,10.56,9662.00,,,,21.11,,,,,,,999.20,24.27,-0.14,,,,,,
2026-06-11T04:59:21,0,3.64,17890.00,10.56,9662.00,,,,21.11,,,,,,,999.60,24.28,-0.13,,,,,,
2026-06-11T04:59:21,0,3.64,17890.00,10.56,9662.00,,,,21.11,,,,,,,999.40,24.28,-0.13,,,,,,
2026-06-11T04:59:22,0,3.64,17890.00,10.56,9662.00,,,,21.10,,,,,,,999.70,24.28,-0.13,,,,,,
2026-06-11T04:59:22,0,3.64,17890.00,10.56,9662.00,,,,21.11,,,,,,,999.60,24.28,-0.13,,,,,,
2026-06-11T04:59:22,0,3.64,17890.00,10.56,9662.00,,,,21.10,,,,,,,999.50,24.28,-0.13,,,,,,
2026-06-11T04:59:22,0,3.64,17890.00,10.56,9662.00,,,,21.10,,,,,,,999.40,24.28,-0.13,,,,,,
2026-06-11T04:59:22,0,3.65,17890.00,10.56,9662.00,,,,21.10,,,,,,,999.30,24.28,-0.14,,,,,,
2026-06-11T04:59:22,0,3.65,17890.00,10.56,9662.00,,,,21.10,,,,,,,999.30,24.28,-0.14,,,,,,
2026-06-11T04:59:22,0,3.65,17890.00,10.56,9662.00,,,,21.09,,,,,,,999.70,24.27,-0.13,,,,,,
2026-06-11T04:59:22,0,3.64,17890.00,10.56,9662.00,,,,21.09,,,,,,,999.30,24.28,-0.14,,,,,,
2026-06-11T04:59:22,0,3.64,17890.00,10.56,9662.00,,,,21.08,,,,,,,999.30,24.28,-0.14,,,,,,
2026-06-11T04:59:22,0,3.64,17890.00,10.56,9662.00,,,,21.08,,,,,,,999.10,24.28,-0.14,,,,,,
2026-06-11T04:59:22,0,3.64,17890.00,10.56,9662.00,,,,21.08,,,,,,,999.20,24.28,-0.14,,,,,,
2026-06-11T04:59:22,0,3.64,17890.00,10.56,9662.00,,,,21.07,,,,,,,999.30,24.27,-0.14,,,,,,
2026-06-11T04:59:22,0,3.64,17890.00,10.56,9662.00,,,,21.06,,,,,,,999.30,24.28,-0.14,,,,,,
2026-06-11T04:59:22,0,3.64,17890.00,10.56,9662.00,,,,21.07,,,,,,,999.70,24.28,-0.13,,,,,,
2026-06-11T04:59:22,0,3.65,17890.00,10.56,9662.00,,,,21.06,,,,,,,999.50,24.27,-0.13,,,,,,
2026-06-11T04:59:22,0,3.64,17890.00,10.56,9662.00,,,,21.06,,,,,,,999.70,24.27,-0.13,,,,,,
2026-06-11T04:59:23,0,3.64,17890.00,10.56,9662.00,,,,21.05,,,,,,,999.10,24.27,-0.14,,,,,,
2026-06-11T04:59:23,0,3.64,17890.00,10.56,9662.00,,,,21.05,,,,,,,999.60,24.27,-0.13,,,,,,
2026-06-11T04:59:23,0,3.64,17890.00,10.56,9662.00,,,,21.05,,,,,,,999.60,24.27,-0.13,,,,,,
2026-06-11T04:59:23,0,3.64,17890.00,10.56,9662.00,,,,21.05,,,,,,,1000.20,24.27,-0.13,,,,,,
2026-06-11T04:59:23,0,3.64,17890.00,10.56,9662.00,,,,21.05,,,,,,,999.10,24.27,-0.14,,,,,,
2026-06-11T04:59:23,0,3.64,17890.00,10.56,9662.00,,,,21.04,,,,,,,999.20,24.27,-0.14,,,,,,
2026-06-11T04:59:23,0,3.64,17890.00,10.56,9662.00,,,,21.04,,,,,,,999.30,24.26,-0.14,,,,,,
2026-06-11T04:59:23,0,3.64,17890.00,10.56,9662.00,,,,21.05,,,,,,,999.80,24.27,-0.13,,,,,,
2026-06-11T04:59:23,0,3.64,17890.00,10.56,9662.00,,,,21.05,,,,,,,999.30,24.27,-0.14,,,,,,
2026-06-11T04:59:23,0,3.65,17890.00,10.56,9662.00,,,,21.05,,,,,,,999.50,24.27,-0.13,,,,,,
2026-06-11T04:59:23,0,3.64,17880.00,10.55,9655.00,,,,21.05,,,,,,,999.00,24.27,-0.14,,,,,,
2026-06-11T04:59:23,0,3.64,17880.00,10.55,9655.00,,,,21.05,,,,,,,1000.10,24.26,-0.13,,,,,,
2026-06-11T04:59:23,0,3.65,17880.00,10.55,9655.00,,,,21.04,,,,,,,999.70,24.26,-0.13,,,,,,
2026-06-11T04:59:23,0,3.64,17880.00,10.55,9655.00,,,,21.05,,,,,,,999.40,24.26,-0.13,,,,,,
2026-06-11T04:59:23,0,3.64,17880.00,10.55,9655.00,,,,21.04,,,,,,,999.50,24.26,-0.13,,,,,,
2026-06-11T04:59:24,0,3.65,17880.00,10.55,9655.00,,,,21.04,,,,,,,999.40,24.19,-0.13,,,,,,
2026-06-11T04:59:24,0,3.65,17880.00,10.55,9655.00,,,,21.05,,,,,,,999.10,24.22,-0.14,,,,,,
2026-06-11T04:59:24,0,3.64,17880.00,10.55,9655.00,,,,21.06,,,,,,,999.60,24.24,-0.13,,,,,,
2026-06-11T04:59:24,0,3.64,17880.00,10.55,9655.00,,,,21.05,,,,,,,999.40,24.25,-0.13,,,,,,
2026-06-11T04:59:24,0,3.64,17880.00,10.55,9655.00,,,,21.05,,,,,,,999.20,24.25,-0.14,,,,,,
2026-06-11T04:59:24,0,3.64,17880.00,10.55,9655.00,,,,21.06,,,,,,,999.40,24.25,-0.13,,,,,,
2026-06-11T04:59:24,0,3.64,17880.00,10.55,9655.00,,,,21.06,,,,,,,999.10,24.25,-0.14,,,,,,
2026-06-11T04:59:24,0,3.64,17880.00,10.55,9655.00,,,,21.07,,,,,,,999.60,24.26,-0.13,,,,,,
2026-06-11T04:59:24,0,3.65,17880.00,10.55,9655.00,,,,21.06,,,,,,,999.70,24.26,-0.13,,,,,,
2026-06-11T04:59:24,0,3.64,17880.00,10.55,9655.00,,,,21.06,,,,,,,999.50,24.25,-0.13,,,,,,
2026-06-11T04:59:24,0,3.64,17880.00,10.55,9655.00,,,,21.07,,,,,,,999.40,24.26,-0.13,,,,,,
2026-06-11T04:59:24,0,3.64,17880.00,10.55,9655.00,,,,21.07,,,,,,,999.70,24.25,-0.13,,,,,,
2026-06-11T04:59:24,0,3.64,17880.00,10.55,9655.00,,,,21.08,,,,,,,999.50,24.25,-0.13,,,,,,
2026-06-11T04:59:24,0,3.64,17880.00,10.55,9655.00,,,,21.08,,,,,,,999.70,24.25,-0.13,,,,,,
2026-06-11T04:59:24,0,3.64,17880.00,10.55,9655.00,,,,21.08,,,,,,,999.30,24.25,-0.14,,,,,,
2026-06-11T04:59:25,0,3.64,17880.00,10.55,9655.00,,,,21.08,,,,,,,999.70,24.25,-0.13,,,,,,
2026-06-11T04:59:25,0,3.64,17880.00,10.55,9655.00,,,,21.08,,,,,,,999.40,24.25,-0.13,,,,,,
2026-06-11T04:59:25,0,3.64,17880.00,10.55,9655.00,,,,21.08,,,,,,,999.70,24.25,-0.13,,,,,,
2026-06-11T04:59:25,0,3.64,17880.00,10.55,9655.00,,,,21.08,,,,,,,999.20,24.25,-0.14,,,,,,
2026-06-11T04:59:25,0,3.64,17880.00,10.55,9655.00,,,,21.08,,,,,,,999.70,24.25,-0.13,,,,,,
2026-06-11T04:59:25,0,3.63,17880.00,10.55,9655.00,,,,21.07,,,,,,,999.00,24.25,-0.14,,,,,,
2026-06-11T04:59:25,0,3.65,17880.00,10.55,9655.00,,,,21.08,,,,,,,999.40,24.18,-0.13,,,,,,
2026-06-11T04:59:25,0,3.64,17880.00,10.55,9655.00,,,,21.08,,,,,,,999.60,24.21,-0.13,,,,,,
2026-06-11T04:59:25,0,3.64,17880.00,10.55,9655.00,,,,21.08,,,,,,,999.60,24.22,-0.13,,,,,,
2026-06-11T04:59:25,0,3.64,17870.00,10.54,9650.00,,,,21.09,,,,,,,999.40,24.23,-0.13,,,,,,
2026-06-11T04:59:25,0,3.64,17870.00,10.54,9650.00,,,,21.09,,,,,,,999.40,24.24,-0.13,,,,,,
2026-06-11T04:59:25,0,3.64,17870.00,10.54,9650.00,,,,21.08,,,,,,,999.40,24.24,-0.13,,,,,,
2026-06-11T04:59:25,0,3.64,17870.00,10.54,9650.00,,,,21.09,,,,,,,999.80,24.24,-0.13,,,,,,
2026-06-11T04:59:25,0,3.64,17870.00,10.54,9650.00,,,,21.09,,,,,,,999.40,24.24,-0.13,,,,,,
2026-06-11T04:59:25,0,3.64,17870.00,10.54,9650.00,,,,21.09,,,,,,,999.40,24.24,-0.13,,,,,,
2026-06-11T04:59:26,0,3.64,17870.00,10.54,9650.00,,,,21.09,,,,,,,999.60,24.24,-0.13,,,,,,
2026-06-11T04:59:26,0,3.65,17870.00,10.54,9650.00,,,,21.10,,,,,,,1000.00,24.24,-0.13,,,,,,
2026-06-11T04:59:26,0,3.64,17870.00,10.54,9650.00,,,,21.09,,,,,,,998.90,24.24,-0.14,,,,,,
2026-06-11T04:59:26,0,3.64,17870.00,10.54,9650.00,,,,21.10,,,,,,,999.60,24.24,-0.13,,,,,,
2026-06-11T04:59:26,0,3.65,17870.00,10.54,9650.00,,,,21.10,,,,,,,999.70,24.24,-0.13,,,,,,
2026-06-11T04:59:26,0,3.64,17870.00,10.54,9650.00,,,,21.10,,,,,,,999.40,24.24,-0.13,,,,,,
2026-06-11T04:59:26,0,3.65,17870.00,10.54,9650.00,,,,21.10,,,,,,,999.10,24.24,-0.14,,,,,,
2026-06-11T04:59:26,0,3.64,17870.00,10.54,9650.00,,,,21.10,,,,,,,999.40,24.24,-0.13,,,,,,
2026-06-11T04:59:26,0,3.65,17870.00,10.54,9650.00,,,,21.10,,,,,,,999.40,24.24,-0.13,,,,,,
2026-06-11T04:59:26,0,3.64,17870.00,10.54,9650.00,,,,21.10,,,,,,,999.60,24.24,-0.13,,,,,,
2026-06-11T04:59:26,0,3.64,17870.00,10.54,9650.00,,,,21.10,,,,,,,999.70,24.24,-0.13,,,,,,
2026-06-11T04:59:26,0,3.64,17870.00,10.54,9650.00,,,,21.10,,,,,,,999.30,24.24,-0.14,,,,,,
2026-06-11T04:59:26,0,3.64,17870.00,10.54,9650.00,,,,21.10,,,,,,,999.60,24.24,-0.13,,,,,,
2026-06-11T04:59:26,0,3.64,17870.00,10.54,9650.00,,,,21.10,,,,,,,999.50,24.24,-0.13,,,,,,
2026-06-11T04:59:26,0,3.64,17870.00,10.54,9650.00,,,,21.10,,,,,,,999.60,24.24,-0.13,,,,,,
2026-06-11T04:59:27,0,3.65,17870.00,10.54,9650.00,,,,21.10,,,,,,,999.40,24.24,-0.13,,,,,,
2026-06-11T04:59:27,0,3.64,17870.00,10.54,9650.00,,,,21.10,,,,,,,999.30,24.24,-0.14,,,,,,
2026-06-11T04:59:27,0,3.64,17870.00,10.54,9650.00,,,,21.10,,,,,,,999.00,24.24,-0.14,,,,,,
2026-06-11T04:59:27,0,3.64,17870.00,10.54,9650.00,,,,21.10,,,,,,,999.40,24.24,-0.13,,,,,,
2026-06-11T04:59:27,0,3.64,17870.00,10.54,9650.00,,,,21.10,,,,,,,999.30,24.24,-0.14,,,,,,
2026-06-11T04:59:27,0,3.64,17870.00,10.54,9650.00,,,,21.10,,,,,,,1000.00,24.24,-0.13,,,,,,
2026-06-11T04:59:27,0,3.63,17870.00,10.54,9650.00,,,,21.10,,,,,,,999.70,24.24,-0.13,,,,,,
2026-06-11T04:59:27,0,3.64,17870.00,10.54,9650.00,,,,21.10,,,,,,,999.20,24.23,-0.14,,,,,,
2026-06-11T04:59:27,0,3.64,17870.00,10.54,9650.00,,,,21.10,,,,,,,999.90,24.23,-0.13,,,,,,
2026-06-11T04:59:27,0,3.64,17860.00,10.54,9645.00,,,,21.11,,,,,,,999.80,24.23,-0.13,,,,,,
2026-06-11T04:59:27,0,3.64,17860.00,10.54,9645.00,,,,21.10,,,,,,,999.80,24.23,-0.13,,,,,,
2026-06-11T04:59:27,0,3.65,17860.00,10.54,9645.00,,,,21.10,,,,,,,999.50,24.23,-0.13,,,,,,
2026-06-11T04:59:27,0,3.64,17860.00,10.54,9645.00,,,,21.11,,,,,,,999.30,24.23,-0.14,,,,,,
2026-06-11T04:59:27,0,3.65,17860.00,10.54,9645.00,,,,21.11,,,,,,,999.50,24.23,-0.13,,,,,,
2026-06-11T04:59:27,0,3.64,17860.00,10.54,9645.00,,,,21.11,,,,,,,999.00,24.23,-0.14,,,,,,
2026-06-11T04:59:28,0,3.64,17860.00,10.54,9645.00,,,,21.11,,,,,,,999.30,24.23,-0.14,,,,,,
2026-06-11T04:59:28,0,3.64,17860.00,10.54,9645.00,,,,21.11,,,,,,,999.60,24.23,-0.13,,,,,,
2026-06-11T04:59:28,0,3.64,17860.00,10.54,9645.00,,,,21.11,,,,,,,999.50,24.16,-0.13,,,,,,
2026-06-11T04:59:28,0,3.64,17860.00,10.54,9645.00,,,,21.12,,,,,,,999.60,24.19,-0.13,,,,,,
2026-06-11T04:59:28,0,3.64,17860.00,10.54,9645.00,,,,21.12,,,,,,,999.70,24.20,-0.13,,,,,,
2026-06-11T04:59:28,0,3.65,17860.00,10.54,9645.00,,,,21.12,,,,,,,999.80,24.21,-0.13,,,,,,
2026-06-11T04:59:28,0,3.65,17860.00,10.54,9645.00,,,,21.12,,,,,,,999.50,24.22,-0.13,,,,,,
2026-06-11T04:59:28,0,3.63,17860.00,10.54,9645.00,,,,21.12,,,,,,,999.20,24.22,-0.14,,,,,,
2026-06-11T04:59:28,0,3.64,17860.00,10.54,9645.00,,,,21.13,,,,,,,999.60,24.22,-0.13,,,,,,
2026-06-11T04:59:28,0,3.65,17860.00,10.54,9645.00,,,,21.13,,,,,,,999.60,24.22,-0.13,,,,,,
2026-06-11T04:59:28,0,3.64,17860.00,10.54,9645.00,,,,21.13,,,,,,,999.20,24.22,-0.14,,,,,,
2026-06-11T04:59:28,0,3.64,17860.00,10.54,9645.00,,,,21.14,,,,,,,999.30,24.22,-0.14,,,,,,
2026-06-11T04:59:28,0,3.64,17860.00,10.54,9645.00,,,,21.14,,,,,,,1000.00,24.22,-0.13,,,,,,
2026-06-11T04:59:28,0,3.64,17860.00,10.54,9645.00,,,,21.14,,,,,,,999.20,24.22,-0.14,,,,,,
2026-06-11T04:59:28,0,3.63,17860.00,10.54,9645.00,,,,21.14,,,,,,,999.70,24.22,-0.13,,,,,,
2026-06-11T04:59:29,0,3.65,17860.00,10.54,9645.00,,,,21.15,,,,,,,999.20,24.22,-0.14,,,,,,
2026-06-11T04:59:29,0,3.64,17860.00,10.54,9645.00,,,,21.15,,,,,,,999.70,24.22,-0.13,,,,,,
2026-06-11T04:59:29,0,3.64,17860.00,10.54,9645.00,,,,21.15,,,,,,,999.40,24.22,-0.13,,,,,,
2026-06-11T04:59:29,0,3.64,17860.00,10.54,9645.00,,,,21.15,,,,,,,999.80,24.22,-0.13,,,,,,
2026-06-11T04:59:29,0,3.64,17860.00,10.54,9645.00,,,,21.15,,,,,,,1000.10,24.22,-0.13,,,,,,
2026-06-11T04:59:29,0,3.64,17860.00,10.54,9645.00,,,,21.15,,,,,,,999.50,24.22,-0.13,,,,,,
2026-06-11T04:59:29,0,3.63,17860.00,10.54,9645.00,,,,21.16,,,,,,,999.50,24.15,-0.13,,,,,,
2026-06-11T04:59:29,0,3.64,17860.00,10.54,9645.00,,,,21.16,,,,,,,999.80,24.18,-0.13,,,,,,
2026-06-11T04:59:29,0,3.65,17850.00,10.54,9644.00,,,,21.15,,,,,,,999.80,24.19,-0.13,,,,,,
2026-06-11T04:59:29,0,3.65,17850.00,10.54,9644.00,,,,21.15,,,,,,,999.30,24.20,-0.14,,,,,,
2026-06-11T04:59:29,0,3.64,17850.00,10.54,9644.00,,,,21.15,,,,,,,999.30,24.21,-0.14,,,,,,
2026-06-11T04:59:29,0,3.64,17850.00,10.54,9644.00,,,,21.16,,,,,,,999.60,24.21,-0.13,,,,,,
2026-06-11T04:59:29,0,3.64,17850.00,10.54,9644.00,,,,21.15,,,,,,,999.50,24.21,-0.13,,,,,,
2026-06-11T04:59:29,0,3.64,17850.00,10.54,9644.00,,,,21.15,,,,,,,999.60,24.21,-0.13,,,,,,
2026-06-11T04:59:29,0,3.64,17850.00,10.54,9644.00,,,,21.16,,,,,,,999.50,24.21,-0.13,,,,,,
2026-06-11T04:59:30,0,3.64,17850.00,10.54,9644.00,,,,21.15,,,,,,,999.20,24.21,-0.14,,,,,,
2026-06-11T04:59:30,0,3.65,17850.00,10.54,9644.00,,,,21.15,,,,,,,999.50,24.21,-0.13,,,,,,
2026-06-11T04:59:30,0,3.64,17850.00,10.54,9644.00,,,,21.15,,,,,,,999.50,24.21,-0.13,,,,,,
2026-06-11T04:59:30,0,3.64,17850.00,10.54,9644.00,,,,21.15,,,,,,,999.70,24.21,-0.13,,,,,,
2026-06-11T04:59:30,0,3.63,17850.00,10.54,9644.00,,,,21.15,,,,,,,999.20,24.21,-0.14,,,,,,
2026-06-11T04:59:30,0,3.64,17850.00,10.54,9644.00,,,,21.15,,,,,,,999.40,24.21,-0.13,,,,,,
2026-06-11T04:59:30,0,3.64,17850.00,10.54,9644.00,,,,21.16,,,,,,,999.40,24.21,-0.13,,,,,,
2026-06-11T04:59:30,0,3.64,17850.00,10.54,9644.00,,,,21.14,,,,,,,999.50,24.21,-0.13,,,,,,
2026-06-11T04:59:30,0,3.64,17850.00,10.54,9644.00,,,,21.15,,,,,,,999.20,24.21,-0.14,,,,,,
2026-06-11T04:59:30,0,3.64,17850.00,10.54,9644.00,,,,21.14,,,,,,,999.20,24.21,-0.14,,,,,,
2026-06-11T04:59:30,0,3.65,17850.00,10.54,9644.00,,,,21.14,,,,,,,999.30,24.21,-0.14,,,,,,
2026-06-11T04:59:30,0,3.64,17850.00,10.54,9644.00,,,,21.14,,,,,,,999.20,24.21,-0.14,,,,,,
2026-06-11T04:59:30,0,3.64,17850.00,10.54,9644.00,,,,21.14,,,,,,,999.20,24.21,-0.14,,,,,,
2026-06-11T04:59:30,0,3.64,17850.00,10.54,9644.00,,,,21.13,,,,,,,999.40,24.21,-0.13,,,,,,
2026-06-11T04:59:30,0,3.64,17850.00,10.54,9644.00,,,,21.14,,,,,,,999.20,24.20,-0.14,,,,,,
2026-06-11T04:59:31,0,3.64,17850.00,10.54,9644.00,,,,21.14,,,,,,,999.40,24.21,-0.13,,,,,,
2026-06-11T04:59:31,0,3.63,17850.00,10.54,9644.00,,,,21.14,,,,,,,999.30,24.21,-0.14,,,,,,
2026-06-11T04:59:31,0,3.64,17850.00,10.54,9644.00,,,,21.13,,,,,,,999.10,24.21,-0.14,,,,,,
2026-06-11T04:59:31,0,3.64,17850.00,10.54,9644.00,,,,21.13,,,,,,,999.40,24.20,-0.13,,,,,,
2026-06-11T04:59:31,0,3.65,17850.00,10.54,9644.00,,,,21.13,,,,,,,999.30,24.20,-0.14,,,,,,
2026-06-11T04:59:31,0,3.64,17850.00,10.54,9644.00,,,,21.13,,,,,,,999.30,24.20,-0.14,,,,,,
2026-06-11T04:59:31,0,3.63,17850.00,10.54,9644.00,,,,21.13,,,,,,,999.30,24.21,-0.14,,,,,,
2026-06-11T04:59:31,0,3.64,17850.00,10.54,9644.00,,,,21.13,,,,,,,998.80,24.20,-0.14,,,,,,
2026-06-11T04:59:31,0,3.64,17830.00,10.52,9629.00,,,,21.13,,,,,,,999.30,24.20,-0.14,,,,,,
2026-06-11T04:59:31,0,3.63,17830.00,10.52,9629.00,,,,21.14,,,,,,,999.20,24.19,-0.14,,,,,,
2026-06-11T04:59:31,0,3.64,17830.00,10.52,9629.00,,,,21.13,,,,,,,999.30,24.19,-0.14,,,,,,
2026-06-11T04:59:31,0,3.64,17830.00,10.52,9629.00,,,,21.14,,,,,,,999.20,24.20,-0.14,,,,,,
2026-06-11T04:59:31,0,3.65,17830.00,10.52,9629.00,,,,21.14,,,,,,,999.30,24.20,-0.14,,,,,,
2026-06-11T04:59:31,0,3.64,17830.00,10.52,9629.00,,,,21.14,,,,,,,999.10,24.20,-0.14,,,,,,
2026-06-11T04:59:31,0,3.64,17830.00,10.52,9629.00,,,,21.14,,,,,,,999.40,24.20,-0.13,,,,,,
2026-06-11T04:59:31,0,3.64,17830.00,10.52,9629.00,,,,21.14,,,,,,,999.00,24.20,-0.14,,,,,,
2026-06-11T04:59:32,0,3.64,17830.00,10.52,9629.00,,,,21.15,,,,,,,999.30,24.20,-0.14,,,,,,
2026-06-11T04:59:32,0,3.64,17830.00,10.52,9629.00,,,,21.15,,,,,,,999.70,24.20,-0.13,,,,,,
2026-06-11T04:59:32,0,3.64,17830.00,10.52,9629.00,,,,21.14,,,,,,,999.50,24.20,-0.13,,,,,,
2026-06-11T04:59:32,0,3.65,17830.00,10.52,9629.00,,,,21.14,,,,,,,999.10,24.20,-0.14,,,,,,
2026-06-11T04:59:32,0,3.64,17830.00,10.52,9629.00,,,,21.15,,,,,,,998.90,24.13,-0.14,,,,,,
2026-06-11T04:59:32,0,3.64,17830.00,10.52,9629.00,,,,21.15,,,,,,,999.80,24.16,-0.13,,,,,,
2026-06-11T04:59:32,0,3.64,17830.00,10.52,9629.00,,,,21.15,,,,,,,999.10,24.18,-0.14,,,,,,
2026-06-11T04:59:32,0,3.64,17830.00,10.52,9629.00,,,,21.15,,,,,,,999.40,24.18,-0.13,,,,,,
2026-06-11T04:59:32,0,3.65,17830.00,10.52,9629.00,,,,21.15,,,,,,,999.50,24.19,-0.13,,,,,,
2026-06-11T04:59:32,0,3.65,17830.00,10.52,9629.00,,,,21.16,,,,,,,999.20,24.19,-0.14,,,,,,
2026-06-11T04:59:32,0,3.65,17830.00,10.52,9629.00,,,,21.15,,,,,,,999.40,24.19,-0.13,,,,,,
2026-06-11T04:59:32,0,3.64,17830.00,10.52,9629.00,,,,21.16,,,,,,,999.50,24.19,-0.13,,,,,,
2026-06-11T04:59:32,0,3.64,17830.00,10.52,9629.00,,,,21.16,,,,,,,999.60,24.19,-0.13,,,,,,
2026-06-11T04:59:32,0,3.64,17830.00,10.52,9629.00,,,,21.16,,,,,,,999.30,24.19,-0.14,,,,,,
2026-06-11T04:59:33,0,3.64,17830.00,10.52,9629.00,,,,21.16,,,,,,,999.20,24.19,-0.14,,,,,,
2026-06-11T04:59:33,0,3.64,17830.00,10.52,9629.00,,,,21.16,,,,,,,999.80,24.19,-0.13,,,,,,
2026-06-11T04:59:33,0,3.65,17830.00,10.52,9629.00,,,,21.16,,,,,,,999.20,24.19,-0.14,,,,,,
2026-06-11T04:59:33,0,3.63,17830.00,10.52,9629.00,,,,21.16,,,,,,,999.30,24.19,-0.14,,,,,,
2026-06-11T04:59:33,0,3.64,17830.00,10.52,9629.00,,,,21.16,,,,,,,999.70,24.19,-0.13,,,,,,
2026-06-11T04:59:33,0,3.64,17830.00,10.52,9629.00,,,,21.17,,,,,,,999.30,24.19,-0.14,,,,,,
2026-06-11T04:59:33,0,3.64,17830.00,10.52,9629.00,,,,21.17,,,,,,,999.60,24.19,-0.13,,,,,,
2026-06-11T04:59:33,0,3.65,17830.00,10.52,9629.00,,,,21.17,,,,,,,999.00,24.12,-0.14,,,,,,
2026-06-11T04:59:33,0,3.64,17830.00,10.52,9629.00,,,,21.18,,,,,,,999.50,24.14,-0.13,,,,,,
2026-06-11T04:59:33,0,3.65,17830.00,10.52,9629.00,,,,21.18,,,,,,,999.50,24.16,-0.13,,,,,,
2026-06-11T04:59:33,0,3.64,17830.00,10.52,9629.00,,,,21.18,,,,,,,999.20,24.17,-0.14,,,,,,
2026-06-11T04:59:33,0,3.64,17830.00,10.52,9629.00,,,,21.19,,,,,,,999.20,24.18,-0.14,,,,,,
2026-06-11T04:59:33,0,3.64,17830.00,10.52,9629.00,,,,21.19,,,,,,,999.40,24.18,-0.13,,,,,,
2026-06-11T04:59:33,0,3.64,17830.00,10.52,9629.00,,,,21.18,,,,,,,999.70,24.18,-0.13,,,,,,
2026-06-11T04:59:33,0,3.65,17830.00,10.52,9629.00,,,,21.19,,,,,,,999.30,24.18,-0.14,,,,,,
2026-06-11T04:59:34,0,3.64,17830.00,10.52,9629.00,,,,21.18,,,,,,,999.40,24.18,-0.13,,,,,,
2026-06-11T04:59:34,0,3.64,17830.00,10.52,9629.00,,,,21.19,,,,,,,999.60,24.18,-0.13,,,,,,
2026-06-11T04:59:34,0,3.64,17830.00,10.52,9629.00,,,,21.19,,,,,,,999.50,24.18,-0.13,,,,,,
2026-06-11T04:59:34,0,3.64,17830.00,10.52,9629.00,,,,21.19,,,,,,,999.70,24.18,-0.13,,,,,,
2026-06-11T04:59:34,0,3.64,17830.00,10.52,9629.00,,,,21.20,,,,,,,999.30,24.19,-0.14,,,,,,
2026-06-11T04:59:34,0,3.64,17830.00,10.52,9629.00,,,,21.19,,,,,,,999.10,24.18,-0.14,,,,,,
2026-06-11T04:59:34,0,3.64,17830.00,10.52,9629.00,,,,21.20,,,,,,,999.20,24.18,-0.14,,,,,,
2026-06-11T04:59:34,0,3.64,17830.00,10.52,9629.00,,,,21.20,,,,,,,999.90,24.18,-0.13,,,,,,
2026-06-11T04:59:34,0,3.64,17830.00,10.52,9629.00,,,,21.21,,,,,,,999.20,24.18,-0.14,,,,,,
2026-06-11T04:59:34,0,3.64,17830.00,10.52,9629.00,,,,21.21,,,,,,,999.20,24.18,-0.14,,,,,,
2026-06-11T04:59:34,0,3.64,17830.00,10.52,9629.00,,,,21.20,,,,,,,999.60,24.18,-0.13,,,,,,
2026-06-11T04:59:34,0,3.65,17830.00,10.52,9629.00,,,,21.21,,,,,,,999.50,24.18,-0.13,,,,,,
2026-06-11T04:59:34,0,3.64,17830.00,10.52,9629.00,,,,21.21,,,,,,,999.70,24.18,-0.13,,,,,,
2026-06-11T04:59:34,0,3.64,17830.00,10.52,9629.00,,,,21.22,,,,,,,999.20,24.18,-0.14,,,,,,
2026-06-11T04:59:34,0,3.65,17830.00,10.52,9629.00,,,,21.22,,,,,,,999.60,24.18,-0.13,,,,,,
2026-06-11T04:59:34,0,3.65,17830.00,10.52,9629.00,,,,21.22,,,,,,,999.40,24.18,-0.13,,,,,,
2026-06-11T04:59:35,0,3.64,17830.00,10.52,9629.00,,,,21.22,,,,,,,999.70,24.18,-0.13,,,,,,
2026-06-11T04:59:35,0,3.64,17830.00,10.52,9629.00,,,,21.22,,,,,,,999.60,24.18,-0.13,,,,,,
2026-06-11T04:59:35,0,3.64,17830.00,10.52,9629.00,,,,21.22,,,,,,,999.80,24.18,-0.13,,,,,,
2026-06-11T04:59:35,0,3.64,17830.00,10.52,9629.00,,,,21.22,,,,,,,999.70,24.18,-0.13,,,,,,
2026-06-11T04:59:35,0,3.64,17830.00,10.52,9629.00,,,,21.22,,,,,,,999.60,24.18,-0.13,,,,,,
2026-06-11T04:59:35,0,3.63,17830.00,10.52,9629.00,,,,21.22,,,,,,,999.10,24.18,-0.14,,,,,,
2026-06-11T04:59:35,0,3.64,17830.00,10.52,9629.00,,,,21.22,,,,,,,999.90,24.18,-0.13,,,,,,
2026-06-11T04:59:35,0,3.65,17820.00,10.51,9626.00,,,,21.23,,,,,,,999.50,24.18,-0.13,,,,,,
2026-06-11T04:59:35,0,3.64,17820.00,10.51,9626.00,,,,21.22,,,,,,,999.80,24.18,-0.13,,,,,,
2026-06-11T04:59:35,0,3.65,17820.00,10.51,9626.00,,,,21.23,,,,,,,999.70,24.18,-0.13,,,,,,
2026-06-11T04:59:35,0,3.64,17820.00,10.51,9626.00,,,,21.23,,,,,,,999.60,24.18,-0.13,,,,,,
2026-06-11T04:59:35,0,3.65,17820.00,10.51,9626.00,,,,21.23,,,,,,,999.40,24.18,-0.13,,,,,,
2026-06-11T04:59:35,0,3.65,17820.00,10.51,9626.00,,,,21.23,,,,,,,999.50,24.17,-0.13,,,,,,
2026-06-11T04:59:35,0,3.65,17820.00,10.51,9626.00,,,,21.24,,,,,,,999.90,24.17,-0.13,,,,,,
2026-06-11T04:59:35,0,3.64,17820.00,10.51,9626.00,,,,21.25,,,,,,,1000.30,24.18,-0.13,,,,,,
2026-06-11T04:59:36,0,3.63,17820.00,10.51,9626.00,,,,21.25,,,,,,,999.90,24.17,-0.13,,,,,,
2026-06-11T04:59:36,0,3.64,17820.00,10.51,9626.00,,,,21.24,,,,,,,1000.10,24.18,-0.13,,,,,,
2026-06-11T04:59:36,0,3.64,17820.00,10.51,9626.00,,,,21.25,,,,,,,999.80,24.17,-0.13,,,,,,
2026-06-11T04:59:36,0,3.64,17820.00,10.51,9626.00,,,,21.25,,,,,,,999.70,24.17,-0.13,,,,,,
2026-06-11T04:59:36,0,3.64,17820.00,10.51,9626.00,,,,21.24,,,,,,,999.70,24.18,-0.13,,,,,,
2026-06-11T04:59:36,0,3.64,17820.00,10.51,9626.00,,,,21.25,,,,,,,1000.00,24.18,-0.13,,,,,,
2026-06-11T04:59:36,0,3.65,17820.00,10.51,9626.00,,,,21.25,,,,,,,999.20,24.17,-0.14,,,,,,
2026-06-11T04:59:36,0,3.64,17820.00,10.51,9626.00,,,,21.24,,,,,,,999.60,24.11,-0.13,,,,,,
2026-06-11T04:59:36,0,3.64,17820.00,10.51,9626.00,,,,21.25,,,,,,,999.90,24.14,-0.13,,,,,,
2026-06-11T04:59:36,0,3.64,17820.00,10.51,9626.00,,,,21.24,,,,,,,999.70,24.15,-0.13,,,,,,
2026-06-11T04:59:36,0,3.65,17820.00,10.51,9626.00,,,,21.25,,,,,,,999.60,24.16,-0.13,,,,,,
2026-06-11T04:59:36,0,3.64,17820.00,10.51,9626.00,,,,21.24,,,,,,,999.60,24.16,-0.13,,,,,,
2026-06-11T04:59:36,0,3.65,17820.00,10.51,9626.00,,,,21.25,,,,,,,999.70,24.16,-0.13,,,,,,
2026-06-11T04:59:36,0,3.65,17820.00,10.51,9626.00,,,,21.25,,,,,,,999.40,24.16,-0.13,,,,,,
2026-06-11T04:59:36,0,3.64,17820.00,10.51,9626.00,,,,21.25,,,,,,,999.30,24.17,-0.14,,,,,,
2026-06-11T04:59:37,0,3.64,17820.00,10.51,9626.00,,,,21.24,,,,,,,999.50,24.17,-0.13,,,,,,
2026-06-11T04:59:37,0,3.65,17820.00,10.51,9626.00,,,,21.25,,,,,,,999.20,24.16,-0.14,,,,,,
2026-06-11T04:59:37,0,3.64,17820.00,10.51,9626.00,,,,21.25,,,,,,,999.80,24.16,-0.13,,,,,,
2026-06-11T04:59:37,0,3.64,17820.00,10.51,9626.00,,,,21.25,,,,,,,999.00,24.16,-0.14,,,,,,
2026-06-11T04:59:37,0,3.64,17820.00,10.51,9626.00,,,,21.25,,,,,,,999.60,24.17,-0.13,,,,,,
2026-06-11T04:59:37,0,3.65,17820.00,10.51,9626.00,,,,21.26,,,,,,,999.80,24.17,-0.13,,,,,,
2026-06-11T04:59:37,0,3.65,17820.00,10.51,9626.00,,,,21.25,,,,,,,999.40,24.10,-0.13,,,,,,
2026-06-11T04:59:37,0,3.65,17820.00,10.51,9626.00,,,,21.25,,,,,,,999.20,24.12,-0.14,,,,,,
2026-06-11T04:59:37,0,3.64,17820.00,10.51,9626.00,,,,21.25,,,,,,,999.70,24.14,-0.13,,,,,,
2026-06-11T04:59:37,0,3.64,17820.00,10.51,9626.00,,,,21.25,,,,,,,999.30,24.15,-0.14,,,,,,
2026-06-11T04:59:37,0,3.64,17820.00,10.51,9626.00,,,,21.24,,,,,,,999.40,24.16,-0.13,,,,,,
2026-06-11T04:59:37,0,3.64,17820.00,10.51,9626.00,,,,21.24,,,,,,,999.30,24.15,-0.14,,,,,,
2026-06-11T04:59:37,0,3.64,17820.00,10.51,9626.00,,,,21.24,,,,,,,999.50,24.16,-0.13,,,,,,
2026-06-11T04:59:37,0,3.65,17820.00,10.51,9626.00,,,,21.24,,,,,,,999.60,24.16,-0.13,,,,,,
2026-06-11T04:59:38,0,3.64,17820.00,10.51,9626.00,,,,21.23,,,,,,,999.10,24.15,-0.14,,,,,,
2026-06-11T04:59:38,0,3.64,17820.00,10.51,9626.00,,,,21.23,,,,,,,999.40,24.16,-0.13,,,,,,
2026-06-11T04:59:38,0,3.63,17820.00,10.51,9626.00,,,,21.22,,,,,,,999.10,24.16,-0.14,,,,,,
2026-06-11T04:59:38,0,3.64,17820.00,10.51,9626.00,,,,21.22,,,,,,,999.20,24.16,-0.14,,,,,,
2026-06-11T04:59:38,0,3.65,17820.00,10.51,9626.00,,,,21.22,,,,,,,999.60,24.16,-0.13,,,,,,
2026-06-11T04:59:38,0,3.64,17820.00,10.51,9626.00,,,,21.22,,,,,,,998.50,24.16,-0.14,,,,,,
2026-06-11T04:59:38,0,3.64,17820.00,10.51,9626.00,,,,21.22,,,,,,,999.50,24.16,-0.13,,,,,,
2026-06-11T04:59:38,0,3.65,17820.00,10.51,9626.00,,,,21.22,,,,,,,999.50,24.16,-0.13,,,,,,
2026-06-11T04:59:38,0,3.65,17820.00,10.51,9626.00,,,,21.22,,,,,,,999.00,24.16,-0.14,,,,,,
2026-06-11T04:59:38,0,3.64,17820.00,10.51,9626.00,,,,21.21,,,,,,,999.50,24.16,-0.13,,,,,,
2026-06-11T04:59:38,0,3.64,17820.00,10.51,9626.00,,,,21.21,,,,,,,999.60,24.16,-0.13,,,,,,
2026-06-11T04:59:38,0,3.64,17820.00,10.51,9626.00,,,,21.20,,,,,,,999.50,24.16,-0.13,,,,,,
2026-06-11T04:59:38,0,3.64,17820.00,10.51,9626.00,,,,21.20,,,,,,,999.10,24.16,-0.14,,,,,,
2026-06-11T04:59:38,0,3.65,17820.00,10.51,9626.00,,,,21.19,,,,,,,998.60,24.16,-0.14,,,,,,
2026-06-11T04:59:38,0,3.64,17820.00,10.51,9626.00,,,,21.19,,,,,,,999.00,24.16,-0.14,,,,,,
2026-06-11T04:59:38,0,3.64,17820.00,10.51,9626.00,,,,21.18,,,,,,,999.20,24.15,-0.14,,,,,,
2026-06-11T04:59:39,0,3.64,17820.00,10.51,9626.00,,,,21.17,,,,,,,999.20,24.16,-0.14,,,,,,
2026-06-11T04:59:39,0,3.64,17820.00,10.51,9626.00,,,,21.17,,,,,,,999.20,24.16,-0.14,,,,,,
2026-06-11T04:59:39,0,3.64,17820.00,10.51,9626.00,,,,21.16,,,,,,,999.00,24.16,-0.14,,,,,,
2026-06-11T04:59:39,0,3.64,17820.00,10.51,9626.00,,,,21.16,,,,,,,998.80,24.16,-0.14,,,,,,
2026-06-11T04:59:39,0,3.64,17820.00,10.51,9626.00,,,,21.16,,,,,,,999.60,24.16,-0.13,,,,,,
2026-06-11T04:59:39,0,3.64,17820.00,10.51,9626.00,,,,21.16,,,,,,,999.10,24.16,-0.14,,,,,,
2026-06-11T04:59:39,0,3.64,17790.00,10.50,9612.00,,,,21.16,,,,,,,999.30,24.16,-0.14,,,,,,
2026-06-11T04:59:39,0,3.63,17790.00,10.50,9612.00,,,,21.15,,,,,,,999.50,24.15,-0.13,,,,,,
2026-06-11T04:59:39,0,3.64,17790.00,10.50,9612.00,,,,21.15,,,,,,,999.70,24.16,-0.13,,,,,,
2026-06-11T04:59:39,0,3.65,17790.00,10.50,9612.00,,,,21.15,,,,,,,999.10,24.15,-0.14,,,,,,
2026-06-11T04:59:39,0,3.65,17790.00,10.50,9612.00,,,,21.14,,,,,,,999.60,24.16,-0.13,,,,,,
2026-06-11T04:59:39,0,3.64,17790.00,10.50,9612.00,,,,21.14,,,,,,,999.20,24.16,-0.14,,,,,,
2026-06-11T04:59:39,0,3.65,17790.00,10.50,9612.00,,,,21.14,,,,,,,999.20,24.15,-0.14,,,,,,
2026-06-11T04:59:39,0,3.64,17790.00,10.50,9612.00,,,,21.14,,,,,,,999.10,24.15,-0.14,,,,,,
2026-06-11T04:59:39,0,3.64,17790.00,10.50,9612.00,,,,21.13,,,,,,,999.20,24.15,-0.14,,,,,,
2026-06-11T04:59:40,0,3.64,17790.00,10.50,9612.00,,,,21.13,,,,,,,999.50,24.15,-0.13,,,,,,
2026-06-11T04:59:40,0,3.65,17790.00,10.50,9612.00,,,,21.12,,,,,,,999.20,24.15,-0.14,,,,,,
2026-06-11T04:59:40,0,3.63,17790.00,10.50,9612.00,,,,21.13,,,,,,,998.90,24.15,-0.14,,,,,,
2026-06-11T04:59:40,0,3.65,17790.00,10.50,9612.00,,,,21.13,,,,,,,999.00,24.15,-0.14,,,,,,
2026-06-11T04:59:40,0,3.64,17790.00,10.50,9612.00,,,,21.12,,,,,,,998.60,24.15,-0.14,,,,,,
2026-06-11T04:59:40,0,3.64,17790.00,10.50,9612.00,,,,21.12,,,,,,,999.10,24.15,-0.14,,,,,,
2026-06-11T04:59:40,0,3.64,17790.00,10.50,9612.00,,,,21.12,,,,,,,998.90,24.15,-0.14,,,,,,
2026-06-11T04:59:40,0,3.65,17790.00,10.50,9612.00,,,,21.12,,,,,,,998.90,24.15,-0.14,,,,,,
2026-06-11T04:59:40,0,3.64,17790.00,10.50,9612.00,,,,21.12,,,,,,,998.90,24.15,-0.14,,,,,,
2026-06-11T04:59:40,0,3.64,17790.00,10.50,9612.00,,,,21.11,,,,,,,999.10,24.08,-0.14,,,,,,
2026-06-11T04:59:40,0,3.64,17790.00,10.50,9612.00,,,,21.11,,,,,,,998.40,24.11,-0.14,,,,,,
2026-06-11T04:59:40,0,3.64,17790.00,10.50,9612.00,,,,21.10,,,,,,,999.40,24.13,-0.13,,,,,,
2026-06-11T04:59:40,0,3.64,17790.00,10.50,9612.00,,,,21.10,,,,,,,998.90,24.13,-0.14,,,,,,
2026-06-11T04:59:40,0,3.64,17790.00,10.50,9612.00,,,,21.11,,,,,,,998.70,24.13,-0.14,,,,,,
2026-06-11T04:59:40,0,3.64,17790.00,10.50,9612.00,,,,21.10,,,,,,,999.10,24.14,-0.14,,,,,,
2026-06-11T04:59:41,0,3.64,17790.00,10.50,9612.00,,,,21.10,,,,,,,999.30,24.14,-0.14,,,,,,
2026-06-11T04:59:41,0,3.63,17790.00,10.50,9612.00,,,,21.10,,,,,,,999.30,24.14,-0.14,,,,,,
2026-06-11T04:59:41,0,3.64,17790.00,10.50,9612.00,,,,21.10,,,,,,,999.30,24.14,-0.14,,,,,,
2026-06-11T04:59:41,0,3.64,17790.00,10.50,9612.00,,,,21.10,,,,,,,998.90,24.14,-0.14,,,,,,
2026-06-11T04:59:41,0,3.64,17790.00,10.50,9612.00,,,,21.10,,,,,,,999.50,24.14,-0.13,,,,,,
2026-06-11T04:59:41,0,3.64,17790.00,10.50,9612.00,,,,21.11,,,,,,,999.20,24.14,-0.14,,,,,,
2026-06-11T04:59:41,0,3.64,17790.00,10.49,9609.00,,,,21.10,,,,,,,999.40,24.07,-0.13,,,,,,
2026-06-11T04:59:41,0,3.64,17790.00,10.49,9609.00,,,,21.10,,,,,,,998.90,24.11,-0.14,,,,,,
2026-06-11T04:59:41,0,3.65,17790.00,10.49,9609.00,,,,21.11,,,,,,,998.90,24.12,-0.14,,,,,,
2026-06-11T04:59:41,0,3.64,17790.00,10.49,9609.00,,,,21.11,,,,,,,999.20,24.13,-0.14,,,,,,
2026-06-11T04:59:41,0,3.64,17790.00,10.49,9609.00,,,,21.11,,,,,,,999.30,24.13,-0.14,,,,,,
2026-06-11T04:59:41,0,3.64,17790.00,10.49,9609.00,,,,21.11,,,,,,,999.20,24.13,-0.14,,,,,,
2026-06-11T04:59:41,0,3.65,17790.00,10.49,9609.00,,,,21.11,,,,,,,999.40,24.13,-0.13,,,,,,
2026-06-11T04:59:41,0,3.64,17790.00,10.49,9609.00,,,,21.10,,,,,,,999.00,24.14,-0.14,,,,,,
2026-06-11T04:59:41,0,3.64,17790.00,10.49,9609.00,,,,21.11,,,,,,,999.00,24.13,-0.14,,,,,,
2026-06-11T04:59:42,0,3.64,17790.00,10.49,9609.00,,,,21.11,,,,,,,998.90,24.13,-0.14,,,,,,
2026-06-11T04:59:42,0,3.63,17790.00,10.49,9609.00,,,,21.12,,,,,,,999.30,24.13,-0.14,,,,,,
2026-06-11T04:59:42,0,3.64,17790.00,10.49,9609.00,,,,21.11,,,,,,,998.80,24.13,-0.14,,,,,,
2026-06-11T04:59:42,0,3.64,17790.00,10.49,9609.00,,,,21.11,,,,,,,999.20,24.14,-0.14,,,,,,
2026-06-11T04:59:42,0,3.64,17790.00,10.49,9609.00,,,,21.11,,,,,,,999.10,24.14,-0.14,,,,,,
2026-06-11T04:59:42,0,3.64,17790.00,10.49,9609.00,,,,21.12,,,,,,,999.00,24.13,-0.14,,,,,,
2026-06-11T04:59:42,0,3.64,17790.00,10.49,9609.00,,,,21.12,,,,,,,999.10,24.13,-0.14,,,,,,
2026-06-11T04:59:42,0,3.64,17790.00,10.49,9609.00,,,,21.12,,,,,,,999.20,24.13,-0.14,,,,,,
2026-06-11T04:59:42,0,3.64,17790.00,10.49,9609.00,,,,21.12,,,,,,,999.00,24.14,-0.14,,,,,,
2026-06-11T04:59:42,0,3.64,17790.00,10.49,9609.00,,,,21.13,,,,,,,999.00,24.13,-0.14,,,,,,
2026-06-11T04:59:42,0,3.64,17790.00,10.49,9609.00,,,,21.12,,,,,,,998.60,24.13,-0.14,,,,,,
2026-06-11T04:59:42,0,3.64,17790.00,10.49,9609.00,,,,21.12,,,,,,,999.10,24.13,-0.14,,,,,,
2026-06-11T04:59:42,0,3.64,17790.00,10.49,9609.00,,,,21.13,,,,,,,998.90,24.13,-0.14,,,,,,
2026-06-11T04:59:42,0,3.64,17790.00,10.49,9609.00,,,,21.12,,,,,,,999.20,24.13,-0.14,,,,,,
2026-06-11T04:59:42,0,3.64,17790.00,10.49,9609.00,,,,21.13,,,,,,,999.40,24.13,-0.13,,,,,,
2026-06-11T04:59:43,0,3.64,17790.00,10.49,9609.00,,,,21.13,,,,,,,999.40,24.13,-0.13,,,,,,
2026-06-11T04:59:43,0,3.64,17790.00,10.49,9609.00,,,,21.14,,,,,,,999.10,24.13,-0.14,,,,,,
2026-06-11T04:59:43,0,3.64,17790.00,10.49,9609.00,,,,21.13,,,,,,,999.30,24.13,-0.14,,,,,,
2026-06-11T04:59:43,0,3.63,17790.00,10.49,9609.00,,,,21.13,,,,,,,998.90,24.13,-0.14,,,,,,
2026-06-11T04:59:43,0,3.64,17790.00,10.49,9609.00,,,,21.14,,,,,,,999.30,24.13,-0.14,,,,,,
2026-06-11T04:59:43,0,3.65,17780.00,10.49,9604.00,,,,21.14,,,,,,,999.20,24.13,-0.14,,,,,,
2026-06-11T04:59:43,0,3.64,17780.00,10.49,9604.00,,,,21.14,,,,,,,999.00,24.11,-0.14,,,,,,
2026-06-11T04:59:43,0,3.64,17780.00,10.49,9604.00,,,,21.14,,,,,,,998.80,24.12,-0.14,,,,,,
2026-06-11T04:59:43,0,3.64,17780.00,10.49,9604.00,,,,21.14,,,,,,,999.30,24.12,-0.14,,,,,,
2026-06-11T04:59:43,0,3.64,17780.00,10.49,9604.00,,,,21.15,,,,,,,999.00,24.13,-0.14,,,,,,
2026-06-11T04:59:43,0,3.64,17780.00,10.49,9604.00,,,,21.14,,,,,,,999.00,24.13,-0.14,,,,,,
2026-06-11T04:59:43,0,3.64,17780.00,10.49,9604.00,,,,21.15,,,,,,,999.50,24.13,-0.13,,,,,,
2026-06-11T04:59:43,0,3.65,17780.00,10.49,9604.00,,,,21.14,,,,,,,999.20,24.13,-0.14,,,,,,
2026-06-11T04:59:43,0,3.65,17780.00,10.49,9604.00,,,,21.15,,,,,,,998.90,24.13,-0.14,,,,,,
2026-06-11T04:59:43,0,3.64,17780.00,10.49,9604.00,,,,21.15,,,,,,,999.10,24.12,-0.14,,,,,,
2026-06-11T04:59:44,0,3.64,17780.00,10.49,9604.00,,,,21.15,,,,,,,999.40,24.13,-0.13,,,,,,
2026-06-11T04:59:44,0,3.64,17780.00,10.49,9604.00,,,,21.15,,,,,,,999.40,24.12,-0.13,,,,,,
2026-06-11T04:59:44,0,3.64,17780.00,10.49,9604.00,,,,21.15,,,,,,,999.40,24.12,-0.13,,,,,,
2026-06-11T04:59:44,0,3.64,17780.00,10.49,9604.00,,,,21.16,,,,,,,998.90,24.12,-0.14,,,,,,
2026-06-11T04:59:44,0,3.65,17780.00,10.49,9604.00,,,,21.16,,,,,,,999.30,24.12,-0.14,,,,,,
2026-06-11T04:59:44,0,3.63,17780.00,10.49,9604.00,,,,21.16,,,,,,,998.70,24.12,-0.14,,,,,,
2026-06-11T04:59:44,0,3.64,17780.00,10.49,9604.00,,,,21.16,,,,,,,998.80,24.12,-0.14,,,,,,
2026-06-11T04:59:44,0,3.65,17780.00,10.49,9604.00,,,,21.16,,,,,,,999.50,24.12,-0.13,,,,,,
2026-06-11T04:59:44,0,3.64,17780.00,10.49,9604.00,,,,21.16,,,,,,,999.50,24.12,-0.13,,,,,,
2026-06-11T04:59:44,0,3.64,17780.00,10.49,9604.00,,,,21.16,,,,,,,999.10,24.12,-0.14,,,,,,
2026-06-11T04:59:44,0,3.64,17780.00,10.49,9604.00,,,,21.16,,,,,,,999.50,24.12,-0.13,,,,,,
2026-06-11T04:59:44,0,3.65,17780.00,10.49,9604.00,,,,21.16,,,,,,,998.70,24.12,-0.14,,,,,,
2026-06-11T04:59:44,0,3.65,17780.00,10.49,9604.00,,,,21.16,,,,,,,998.80,24.05,-0.14,,,,,,
2026-06-11T04:59:44,0,3.64,17780.00,10.49,9604.00,,,,21.16,,,,,,,999.00,24.08,-0.14,,,,,,
2026-06-11T04:59:44,0,3.64,17780.00,10.49,9604.00,,,,21.16,,,,,,,999.30,24.10,-0.14,,,,,,
2026-06-11T04:59:45,0,3.64,17780.00,10.49,9604.00,,,,21.16,,,,,,,999.10,24.10,-0.14,,,,,,
2026-06-11T04:59:45,0,3.64,17780.00,10.49,9604.00,,,,21.16,,,,,,,999.60,24.11,-0.13,,,,,,
2026-06-11T04:59:45,0,3.64,17780.00,10.49,9604.00,,,,21.16,,,,,,,999.40,24.11,-0.13,,,,,,
2026-06-11T04:59:45,0,3.64,17780.00,10.49,9604.00,,,,21.16,,,,,,,999.10,24.11,-0.14,,,,,,
2026-06-11T04:59:45,0,3.64,17780.00,10.49,9604.00,,,,21.16,,,,,,,999.30,24.11,-0.14,,,,,,
2026-06-11T04:59:45,0,3.64,17770.00,10.48,9599.00,,,,21.16,,,,,,,999.30,24.11,-0.14,,,,,,
2026-06-11T04:59:45,0,3.64,17770.00,10.48,9599.00,,,,21.16,,,,,,,998.50,24.11,-0.14,,,,,,
2026-06-11T04:59:45,0,3.63,17770.00,10.48,9599.00,,,,21.16,,,,,,,999.00,24.04,-0.14,,,,,,
2026-06-11T04:59:45,0,3.64,17770.00,10.48,9599.00,,,,21.16,,,,,,,998.60,24.08,-0.14,,,,,,
2026-06-11T04:59:45,0,3.64,17770.00,10.48,9599.00,,,,21.17,,,,,,,999.30,24.09,-0.14,,,,,,
2026-06-11T04:59:45,0,3.65,17770.00,10.48,9599.00,,,,21.16,,,,,,,998.90,24.10,-0.14,,,,,,
2026-06-11T04:59:45,0,3.64,17770.00,10.48,9599.00,,,,21.17,,,,,,,999.20,24.10,-0.14,,,,,,
2026-06-11T04:59:45,0,3.64,17770.00,10.48,9599.00,,,,21.17,,,,,,,999.50,24.10,-0.13,,,,,,
2026-06-11T04:59:45,0,3.63,17770.00,10.48,9599.00,,,,21.18,,,,,,,999.20,24.11,-0.14,,,,,,
2026-06-11T04:59:45,0,3.63,17770.00,10.48,9599.00,,,,21.17,,,,,,,999.30,24.11,-0.14,,,,,,
2026-06-11T04:59:46,0,3.64,17770.00,10.48,9599.00,,,,21.18,,,,,,,999.30,24.11,-0.14,,,,,,
2026-06-11T04:59:46,0,3.64,17770.00,10.48,9599.00,,,,21.17,,,,,,,999.30,24.11,-0.14,,,,,,
2026-06-11T04:59:46,0,3.64,17770.00,10.48,9599.00,,,,21.17,,,,,,,999.00,24.11,-0.14,,,,,,
2026-06-11T04:59:46,0,3.63,17770.00,10.48,9599.00,,,,21.18,,,,,,,999.70,24.11,-0.13,,,,,,
2026-06-11T04:59:46,0,3.64,17770.00,10.48,9599.00,,,,21.18,,,,,,,998.70,24.11,-0.14,,,,,,
2026-06-11T04:59:46,0,3.65,17770.00,10.48,9599.00,,,,21.19,,,,,,,999.30,24.11,-0.14,,,,,,
2026-06-11T04:59:46,0,3.64,17770.00,10.48,9599.00,,,,21.19,,,,,,,999.30,24.11,-0.14,,,,,,
2026-06-11T04:59:46,0,3.64,17770.00,10.48,9599.00,,,,21.18,,,,,,,999.30,24.11,-0.14,,,,,,
2026-06-11T04:59:46,0,3.65,17770.00,10.48,9599.00,,,,21.19,,,,,,,999.00,24.11,-0.14,,,,,,
2026-06-11T04:59:46,0,3.64,17770.00,10.48,9599.00,,,,21.19,,,,,,,999.40,24.11,-0.13,,,,,,
2026-06-11T04:59:46,0,3.64,17770.00,10.48,9599.00,,,,21.19,,,,,,,999.40,24.11,-0.13,,,,,,
2026-06-11T04:59:46,0,3.64,17770.00,10.48,9599.00,,,,21.19,,,,,,,999.20,24.10,-0.14,,,,,,
2026-06-11T04:59:46,0,3.64,17770.00,10.48,9599.00,,,,21.19,,,,,,,999.20,24.11,-0.14,,,,,,
2026-06-11T04:59:46,0,3.64,17770.00,10.48,9599.00,,,,21.19,,,,,,,999.40,24.11,-0.13,,,,,,
2026-06-11T04:59:46,0,3.64,17770.00,10.48,9599.00,,,,21.20,,,,,,,999.00,24.10,-0.14,,,,,,
2026-06-11T04:59:47,0,3.64,17770.00,10.48,9599.00,,,,21.19,,,,,,,998.60,24.11,-0.14,,,,,,
2026-06-11T04:59:47,0,3.64,17770.00,10.48,9599.00,,,,21.20,,,,,,,999.10,24.11,-0.14,,,,,,
2026-06-11T04:59:47,0,3.63,17770.00,10.48,9599.00,,,,21.19,,,,,,,998.50,24.11,-0.14,,,,,,
2026-06-11T04:59:47,0,3.63,17770.00,10.48,9599.00,,,,21.20,,,,,,,998.80,24.10,-0.14,,,,,,
2026-06-11T04:59:47,0,3.65,17770.00,10.48,9599.00,,,,21.20,,,,,,,999.00,24.10,-0.14,,,,,,
2026-06-11T04:59:47,0,3.65,17760.00,10.48,9594.00,,,,21.20,,,,,,,999.10,24.11,-0.14,,,,,,
2026-06-11T04:59:47,0,3.64,17760.00,10.48,9594.00,,,,21.20,,,,,,,999.10,24.10,-0.14,,,,,,
2026-06-11T04:59:47,0,3.64,17760.00,10.48,9594.00,,,,21.19,,,,,,,999.20,24.10,-0.14,,,,,,
2026-06-11T04:59:47,0,3.64,17760.00,10.48,9594.00,,,,21.19,,,,,,,999.20,24.10,-0.14,,,,,,
2026-06-11T04:59:47,0,3.64,17760.00,10.48,9594.00,,,,21.19,,,,,,,999.20,24.10,-0.14,,,,,,
2026-06-11T04:59:47,0,3.64,17760.00,10.48,9594.00,,,,21.18,,,,,,,999.00,24.10,-0.14,,,,,,
2026-06-11T04:59:47,0,3.64,17760.00,10.48,9594.00,,,,21.19,,,,,,,998.80,24.10,-0.14,,,,,,
2026-06-11T04:59:47,0,3.64,17760.00,10.48,9594.00,,,,21.19,,,,,,,999.00,24.10,-0.14,,,,,,
2026-06-11T04:59:47,0,3.64,17760.00,10.48,9594.00,,,,21.19,,,,,,,999.10,24.10,-0.14,,,,,,
2026-06-11T04:59:47,0,3.64,17760.00,10.48,9594.00,,,,21.19,,,,,,,998.70,24.10,-0.14,,,,,,
2026-06-11T04:59:47,0,3.64,17760.00,10.48,9594.00,,,,21.18,,,,,,,999.40,24.10,-0.13,,,,,,
2026-06-11T04:59:48,0,3.64,17760.00,10.48,9594.00,,,,21.19,,,,,,,999.00,24.10,-0.14,,,,,,
2026-06-11T04:59:48,0,3.64,17760.00,10.48,9594.00,,,,21.18,,,,,,,998.70,24.10,-0.14,,,,,,
2026-06-11T04:59:48,0,3.65,17760.00,10.48,9594.00,,,,21.19,,,,,,,999.10,24.10,-0.14,,,,,,
2026-06-11T04:59:48,0,3.64,17760.00,10.48,9594.00,,,,21.18,,,,,,,999.10,24.10,-0.14,,,,,,
2026-06-11T04:59:48,0,3.64,17760.00,10.48,9594.00,,,,21.19,,,,,,,998.90,24.10,-0.14,,,,,,
2026-06-11T04:59:48,0,3.64,17760.00,10.48,9594.00,,,,21.19,,,,,,,998.80,24.10,-0.14,,,,,,
2026-06-11T04:59:48,0,3.64,17760.00,10.48,9594.00,,,,21.19,,,,,,,998.90,24.10,-0.14,,,,,,
2026-06-11T04:59:48,0,3.64,17760.00,10.48,9594.00,,,,21.18,,,,,,,998.90,24.09,-0.14,,,,,,
2026-06-11T04:59:48,0,3.64,17760.00,10.48,9594.00,,,,21.18,,,,,,,999.00,24.10,-0.14,,,,,,
2026-06-11T04:59:48,0,3.64,17760.00,10.48,9594.00,,,,21.18,,,,,,,999.10,24.10,-0.14,,,,,,
2026-06-11T04:59:48,0,3.64,17760.00,10.48,9594.00,,,,21.18,,,,,,,998.50,24.10,-0.14,,,,,,
2026-06-11T04:59:48,0,3.64,17760.00,10.48,9594.00,,,,21.18,,,,,,,999.20,24.10,-0.14,,,,,,
2026-06-11T04:59:48,0,3.64,17760.00,10.48,9594.00,,,,21.18,,,,,,,999.00,24.10,-0.14,,,,,,
2026-06-11T04:59:48,0,3.64,17760.00,10.48,9594.00,,,,21.18,,,,,,,998.60,24.09,-0.14,,,,,,
2026-06-11T04:59:48,0,3.64,17760.00,10.48,9594.00,,,,21.18,,,,,,,999.00,24.03,-0.14,,,,,,
2026-06-11T04:59:49,0,3.64,17760.00,10.48,9594.00,,,,21.18,,,,,,,998.50,24.06,-0.14,,,,,,
2026-06-11T04:59:49,0,3.63,17760.00,10.48,9594.00,,,,21.18,,,,,,,998.70,24.07,-0.14,,,,,,
2026-06-11T04:59:49,0,3.64,17760.00,10.48,9594.00,,,,21.18,,,,,,,999.00,24.08,-0.14,,,,,,
2026-06-11T04:59:49,0,3.64,17760.00,10.47,9592.00,,,,21.18,,,,,,,998.50,24.08,-0.14,,,,,,
2026-06-11T04:59:49,0,3.64,17760.00,10.47,9592.00,,,,21.18,,,,,,,998.50,24.07,-0.14,,,,,,
2026-06-11T04:59:49,0,3.65,17760.00,10.47,9592.00,,,,21.17,,,,,,,998.80,24.08,-0.14,,,,,,
2026-06-11T04:59:49,0,3.65,17760.00,10.47,9592.00,,,,21.18,,,,,,,998.60,24.08,-0.14,,,,,,
2026-06-11T04:59:49,0,3.64,17760.00,10.47,9592.00,,,,21.17,,,,,,,998.80,24.02,-0.14,,,,,,
2026-06-11T04:59:49,0,3.65,17760.00,10.47,9592.00,,,,21.17,,,,,,,998.50,24.05,-0.14,,,,,,
2026-06-11T04:59:49,0,3.64,17760.00,10.47,9592.00,,,,21.17,,,,,,,999.10,24.07,-0.14,,,,,,
2026-06-11T04:59:49,0,3.64,17760.00,10.47,9592.00,,,,21.17,,,,,,,998.20,24.07,-0.15,,,,,,
2026-06-11T04:59:49,0,3.64,17760.00,10.47,9592.00,,,,21.16,,,,,,,998.80,24.08,-0.14,,,,,,
2026-06-11T04:59:49,0,3.64,17760.00,10.47,9592.00,,,,21.17,,,,,,,998.30,24.08,-0.15,,,,,,
2026-06-11T04:59:50,0,3.64,17760.00,10.47,9592.00,,,,21.16,,,,,,,998.30,24.01,-0.15,,,,,,
2026-06-11T04:59:50,0,3.64,17760.00,10.47,9592.00,,,,21.16,,,,,,,998.60,24.04,-0.14,,,,,,
2026-06-11T04:59:50,0,3.64,17760.00,10.47,9592.00,,,,21.16,,,,,,,998.90,24.06,-0.14,,,,,,
2026-06-11T04:59:50,0,3.64,17760.00,10.47,9592.00,,,,21.16,,,,,,,999.00,24.07,-0.14,,,,,,
2026-06-11T04:59:50,0,3.64,17760.00,10.47,9592.00,,,,21.16,,,,,,,998.50,24.07,-0.14,,,,,,
2026-06-11T04:59:50,0,3.65,17760.00,10.47,9592.00,,,,21.15,,,,,,,998.80,24.07,-0.14,,,,,,
2026-06-11T04:59:50,0,3.64,17760.00,10.47,9592.00,,,,21.16,,,,,,,998.70,24.07,-0.14,,,,,,
2026-06-11T04:59:50,0,3.63,17760.00,10.47,9592.00,,,,21.15,,,,,,,998.80,24.08,-0.14,,,,,,
2026-06-11T04:59:50,0,3.64,17760.00,10.47,9592.00,,,,21.15,,,,,,,998.50,24.08,-0.14,,,,,,
2026-06-11T04:59:50,0,3.65,17760.00,10.47,9592.00,,,,21.14,,,,,,,998.90,24.08,-0.14,,,,,,
2026-06-11T04:59:50,0,3.64,17760.00,10.47,9592.00,,,,21.14,,,,,,,998.50,24.08,-0.14,,,,,,
2026-06-11T04:59:50,0,3.64,17760.00,10.47,9592.00,,,,21.14,,,,,,,998.70,24.08,-0.14,,,,,,
2026-06-11T04:59:50,0,3.64,17760.00,10.47,9592.00,,,,21.14,,,,,,,999.10,24.08,-0.14,,,,,,
2026-06-11T04:59:50,0,3.64,17760.00,10.47,9592.00,,,,21.13,,,,,,,998.50,24.08,-0.14,,,,,,
2026-06-11T04:59:50,0,3.64,17760.00,10.47,9592.00,,,,21.13,,,,,,,998.60,24.08,-0.14,,,,,,
2026-06-11T04:59:50,0,3.63,17760.00,10.47,9592.00,,,,21.13,,,,,,,998.70,24.08,-0.14,,,,,,
2026-06-11T04:59:51,0,3.64,17760.00,10.47,9592.00,,,,21.13,,,,,,,998.90,24.08,-0.14,,,,,,
2026-06-11T04:59:51,0,3.63,17760.00,10.47,9592.00,,,,21.13,,,,,,,998.60,24.08,-0.14,,,,,,
2026-06-11T04:59:51,0,3.64,17760.00,10.47,9592.00,,,,21.12,,,,,,,998.90,24.08,-0.14,,,,,,
2026-06-11T04:59:51,0,3.64,17750.00,10.47,9587.00,,,,21.13,,,,,,,998.90,24.08,-0.14,,,,,,
2026-06-11T04:59:51,0,3.64,17750.00,10.47,9587.00,,,,21.12,,,,,,,998.80,24.07,-0.14,,,,,,
2026-06-11T04:59:51,0,3.64,17750.00,10.47,9587.00,,,,21.12,,,,,,,998.60,24.08,-0.14,,,,,,
2026-06-11T04:59:51,0,3.64,17750.00,10.47,9587.00,,,,21.11,,,,,,,998.40,24.07,-0.14,,,,,,
2026-06-11T04:59:51,0,3.64,17750.00,10.47,9587.00,,,,21.11,,,,,,,998.70,24.07,-0.14,,,,,,
2026-06-11T04:59:51,0,3.64,17750.00,10.47,9587.00,,,,21.11,,,,,,,999.00,24.08,-0.14,,,,,,
2026-06-11T04:59:51,0,3.64,17750.00,10.47,9587.00,,,,21.10,,,,,,,998.90,24.08,-0.14,,,,,,
2026-06-11T04:59:51,0,3.65,17750.00,10.47,9587.00,,,,21.11,,,,,,,998.20,24.08,-0.15,,,,,,
2026-06-11T04:59:51,0,3.63,17750.00,10.47,9587.00,,,,21.11,,,,,,,998.60,24.07,-0.14,,,,,,
2026-06-11T04:59:51,0,3.65,17750.00,10.47,9587.00,,,,21.10,,,,,,,998.80,24.07,-0.14,,,,,,
2026-06-11T04:59:51,0,3.65,17750.00,10.47,9587.00,,,,21.10,,,,,,,998.90,24.08,-0.14,,,,,,
2026-06-11T04:59:51,0,3.64,17750.00,10.47,9587.00,,,,21.10,,,,,,,998.20,24.07,-0.15,,,,,,
2026-06-11T04:59:52,0,3.64,17750.00,10.47,9587.00,,,,21.10,,,,,,,998.30,24.07,-0.15,,,,,,
2026-06-11T04:59:52,0,3.64,17750.00,10.47,9587.00,,,,21.09,,,,,,,998.70,24.07,-0.14,,,,,,
2026-06-11T04:59:52,0,3.64,17750.00,10.47,9587.00,,,,21.09,,,,,,,998.50,24.07,-0.14,,,,,,
2026-06-11T04:59:52,0,3.65,17750.00,10.47,9587.00,,,,21.09,,,,,,,998.30,24.07,-0.15,,,,,,
2026-06-11T04:59:52,0,3.65,17750.00,10.47,9587.00,,,,21.08,,,,,,,998.90,24.07,-0.14,,,,,,
2026-06-11T04:59:52,0,3.64,17750.00,10.47,9587.00,,,,21.08,,,,,,,998.40,24.07,-0.14,,,,,,
2026-06-11T04:59:52,0,3.64,17750.00,10.47,9587.00,,,,21.08,,,,,,,998.60,24.07,-0.14,,,,,,
2026-06-11T04:59:52,0,3.63,17750.00,10.47,9587.00,,,,21.08,,,,,,,998.40,24.07,-0.14,,,,,,
2026-06-11T04:59:52,0,3.64,17750.00,10.47,9587.00,,,,21.08,,,,,,,998.70,24.07,-0.14,,,,,,
2026-06-11T04:59:52,0,3.63,17750.00,10.47,9587.00,,,,21.08,,,,,,,998.80,24.07,-0.14,,,,,,
2026-06-11T04:59:52,0,3.65,17750.00,10.47,9587.00,,,,21.08,,,,,,,998.20,24.07,-0.15,,,,,,
2026-06-11T04:59:52,0,3.63,17750.00,10.47,9587.00,,,,21.08,,,,,,,998.60,24.07,-0.14,,,,,,
2026-06-11T04:59:52,0,3.64,17750.00,10.47,9587.00,,,,21.07,,,,,,,998.20,24.07,-0.15,,,,,,
2026-06-11T04:59:52,0,3.64,17750.00,10.47,9587.00,,,,21.07,,,,,,,998.70,24.07,-0.14,,,,,,
2026-06-11T04:59:52,0,3.64,17750.00,10.47,9587.00,,,,21.07,,,,,,,998.70,24.07,-0.14,,,,,,
2026-06-11T04:59:52,0,3.64,17750.00,10.47,9587.00,,,,21.07,,,,,,,998.50,24.07,-0.14,,,,,,
2026-06-11T04:59:53,0,3.64,17750.00,10.47,9587.00,,,,21.06,,,,,,,998.30,24.07,-0.15,,,,,,
2026-06-11T04:59:53,0,3.64,17750.00,10.47,9587.00,,,,21.06,,,,,,,998.40,24.00,-0.14,,,,,,
2026-06-11T04:59:53,0,3.64,17740.00,10.46,9582.00,,,,21.07,,,,,,,998.50,24.03,-0.14,,,,,,
2026-06-11T04:59:53,0,3.64,17740.00,10.46,9582.00,,,,21.06,,,,,,,998.70,24.04,-0.14,,,,,,
2026-06-11T04:59:53,0,3.64,17740.00,10.46,9582.00,,,,21.05,,,,,,,998.90,24.05,-0.14,,,,,,
2026-06-11T04:59:53,0,3.64,17740.00,10.46,9582.00,,,,21.05,,,,,,,998.50,24.05,-0.14,,,,,,
2026-06-11T04:59:53,0,3.64,17740.00,10.46,9582.00,,,,21.05,,,,,,,998.40,24.06,-0.14,,,,,,
2026-06-11T04:59:53,0,3.65,17740.00,10.46,9582.00,,,,21.04,,,,,,,998.10,23.99,-0.15,,,,,,
2026-06-11T04:59:53,0,3.64,17740.00,10.46,9582.00,,,,21.04,,,,,,,998.80,24.02,-0.14,,,,,,
2026-06-11T04:59:53,0,3.65,17740.00,10.46,9582.00,,,,21.04,,,,,,,998.40,24.03,-0.14,,,,,,
2026-06-11T04:59:53,0,3.65,17740.00,10.46,9582.00,,,,21.04,,,,,,,998.50,24.04,-0.14,,,,,,
2026-06-11T04:59:53,0,3.64,17740.00,10.46,9582.00,,,,21.04,,,,,,,998.30,24.05,-0.15,,,,,,
2026-06-11T04:59:53,0,3.64,17740.00,10.46,9582.00,,,,21.04,,,,,,,998.40,24.05,-0.14,,,,,,
2026-06-11T04:59:53,0,3.64,17740.00,10.46,9582.00,,,,21.04,,,,,,,999.20,24.05,-0.14,,,,,,
2026-06-11T04:59:54,0,3.64,17740.00,10.46,9582.00,,,,21.04,,,,,,,998.20,24.05,-0.15,,,,,,
2026-06-11T04:59:54,0,3.63,17740.00,10.46,9582.00,,,,21.04,,,,,,,998.80,24.06,-0.14,,,,,,
2026-06-11T04:59:54,0,3.64,17740.00,10.46,9582.00,,,,21.04,,,,,,,998.90,24.06,-0.14,,,,,,
2026-06-11T04:59:54,0,3.65,17740.00,10.46,9582.00,,,,21.04,,,,,,,998.40,24.06,-0.14,,,,,,
2026-06-11T04:59:54,0,3.64,17740.00,10.46,9582.00,,,,21.04,,,,,,,998.50,24.06,-0.14,,,,,,
2026-06-11T04:59:54,0,3.65,17740.00,10.46,9582.00,,,,21.04,,,,,,,998.70,24.06,-0.14,,,,,,
2026-06-11T04:59:54,0,3.64,17740.00,10.46,9582.00,,,,21.04,,,,,,,998.20,24.05,-0.15,,,,,,
2026-06-11T04:59:54,0,3.65,17740.00,10.46,9582.00,,,,21.04,,,,,,,998.40,24.05,-0.14,,,,,,
2026-06-11T04:59:54,0,3.63,17740.00,10.46,9582.00,,,,21.04,,,,,,,998.40,24.05,-0.14,,,,,,
2026-06-11T04:59:54,0,3.64,17740.00,10.46,9582.00,,,,21.04,,,,,,,998.30,24.06,-0.15,,,,,,
2026-06-11T04:59:54,0,3.64,17740.00,10.46,9582.00,,,,21.05,,,,,,,998.70,24.06,-0.14,,,,,,
2026-06-11T04:59:54,0,3.64,17740.00,10.46,9582.00,,,,21.04,,,,,,,998.70,24.06,-0.14,,,,,,
2026-06-11T04:59:54,0,3.64,17740.00,10.46,9582.00,,,,21.05,,,,,,,998.80,24.05,-0.14,,,,,,
2026-06-11T04:59:54,0,3.64,17740.00,10.46,9582.00,,,,21.05,,,,,,,998.10,24.06,-0.15,,,,,,
2026-06-11T04:59:54,0,3.64,17740.00,10.46,9582.00,,,,21.05,,,,,,,998.70,24.05,-0.14,,,,,,
2026-06-11T04:59:55,0,3.64,17740.00,10.46,9582.00,,,,21.06,,,,,,,998.10,24.05,-0.15,,,,,,
2026-06-11T04:59:55,0,3.63,17740.00,10.46,9582.00,,,,21.06,,,,,,,998.70,24.05,-0.14,,,,,,
2026-06-11T04:59:55,0,3.64,17740.00,10.46,9582.00,,,,21.05,,,,,,,998.00,24.05,-0.15,,,,,,
2026-06-11T04:59:55,0,3.64,17720.00,10.45,9573.00,,,,21.06,,,,,,,998.30,24.05,-0.15,,,,,,
2026-06-11T04:59:55,0,3.64,17720.00,10.45,9573.00,,,,21.06,,,,,,,998.20,24.05,-0.15,,,,,,
2026-06-11T04:59:55,0,3.64,17720.00,10.45,9573.00,,,,21.06,,,,,,,998.60,24.05,-0.14,,,,,,
2026-06-11T04:59:55,0,3.65,17720.00,10.45,9573.00,,,,21.07,,,,,,,998.30,24.05,-0.15,,,,,,
2026-06-11T04:59:55,0,3.64,17720.00,10.45,9573.00,,,,21.06,,,,,,,998.50,24.05,-0.14,,,,,,
2026-06-11T04:59:55,0,3.65,17720.00,10.45,9573.00,,,,21.07,,,,,,,998.70,24.05,-0.14,,,,,,
2026-06-11T04:59:55,0,3.64,17720.00,10.45,9573.00,,,,21.07,,,,,,,998.50,24.05,-0.14,,,,,,
2026-06-11T04:59:55,0,3.65,17720.00,10.45,9573.00,,,,21.08,,,,,,,999.20,24.05,-0.14,,,,,,
2026-06-11T04:59:55,0,3.64,17720.00,10.45,9573.00,,,,21.08,,,,,,,998.70,24.05,-0.14,,,,,,
2026-06-11T04:59:55,0,3.64,17720.00,10.45,9573.00,,,,21.08,,,,,,,998.50,24.05,-0.14,,,,,,
2026-06-11T04:59:55,0,3.64,17720.00,10.45,9573.00,,,,21.08,,,,,,,998.80,24.05,-0.14,,,,,,
2026-06-11T04:59:55,0,3.64,17720.00,10.45,9573.00,,,,21.09,,,,,,,998.30,24.05,-0.15,,,,,,
2026-06-11T04:59:55,0,3.64,17720.00,10.45,9573.00,,,,21.09,,,,,,,998.60,24.05,-0.14,,,,,,
2026-06-11T04:59:56,0,3.64,17720.00,10.45,9573.00,,,,21.09,,,,,,,998.70,24.05,-0.14,,,,,,
2026-06-11T04:59:56,0,3.64,17720.00,10.45,9573.00,,,,21.09,,,,,,,998.30,24.05,-0.15,,,,,,
2026-06-11T04:59:56,0,3.64,17720.00,10.45,9573.00,,,,21.08,,,,,,,998.40,24.05,-0.14,,,,,,
2026-06-11T04:59:56,0,3.64,17720.00,10.45,9573.00,,,,21.09,,,,,,,998.20,24.05,-0.15,,,,,,
2026-06-11T04:59:56,0,3.64,17720.00,10.45,9573.00,,,,21.09,,,,,,,998.30,24.05,-0.15,,,,,,
2026-06-11T04:59:56,0,3.64,17720.00,10.45,9573.00,,,,21.10,,,,,,,998.60,24.04,-0.14,,,,,,
2026-06-11T04:59:56,0,3.64,17720.00,10.45,9573.00,,,,21.10,,,,,,,998.70,24.04,-0.14,,,,,,
2026-06-11T04:59:56,0,3.64,17720.00,10.45,9573.00,,,,21.10,,,,,,,998.40,24.05,-0.14,,,,,,
2026-06-11T04:59:56,0,3.64,17720.00,10.45,9573.00,,,,21.09,,,,,,,998.60,24.05,-0.14,,,,,,
2026-06-11T04:59:56,0,3.64,17720.00,10.45,9573.00,,,,21.10,,,,,,,998.50,24.04,-0.14,,,,,,
2026-06-11T04:59:56,0,3.64,17720.00,10.45,9573.00,,,,21.10,,,,,,,998.00,24.04,-0.15,,,,,,
2026-06-11T04:59:56,0,3.64,17720.00,10.45,9573.00,,,,21.10,,,,,,,998.50,24.04,-0.14,,,,,,
2026-06-11T04:59:56,0,3.64,17720.00,10.45,9573.00,,,,21.10,,,,,,,998.50,24.04,-0.14,,,,,,
2026-06-11T04:59:56,0,3.64,17720.00,10.45,9573.00,,,,21.10,,,,,,,998.20,24.04,-0.15,,,,,,
2026-06-11T04:59:56,0,3.64,17720.00,10.45,9573.00,,,,21.10,,,,,,,998.30,24.04,-0.15,,,,,,
2026-06-11T04:59:57,0,3.64,17720.00,10.45,9573.00,,,,21.10,,,,,,,998.60,24.04,-0.14,,,,,,
2026-06-11T04:59:57,0,3.65,17720.00,10.45,9573.00,,,,21.10,,,,,,,998.70,24.04,-0.14,,,,,,
2026-06-11T04:59:57,0,3.64,17720.00,10.45,9573.00,,,,21.10,,,,,,,998.70,24.04,-0.14,,,,,,
2026-06-11T04:59:57,0,3.64,17720.00,10.45,9573.00,,,,21.10,,,,,,,998.90,24.04,-0.14,,,,,,
2026-06-11T04:59:57,0,3.64,17720.00,10.45,9573.00,,,,21.10,,,,,,,998.70,23.97,-0.14,,,,,,
2026-06-11T04:59:57,0,3.64,17720.00,10.45,9573.00,,,,21.10,,,,,,,998.40,24.00,-0.14,,,,,,
2026-06-11T04:59:57,0,3.64,17720.00,10.45,9573.00,,,,21.10,,,,,,,998.30,24.02,-0.15,,,,,,
2026-06-11T04:59:57,0,3.65,17720.00,10.45,9573.00,,,,21.10,,,,,,,998.50,23.96,-0.14,,,,,,
2026-06-11T04:59:57,0,3.64,17720.00,10.45,9573.00,,,,21.10,,,,,,,998.50,23.99,-0.14,,,,,,
2026-06-11T04:59:57,0,3.64,17720.00,10.45,9573.00,,,,21.10,,,,,,,998.50,24.01,-0.14,,,,,,
2026-06-11T04:59:57,0,3.64,17720.00,10.45,9573.00,,,,21.10,,,,,,,998.40,24.02,-0.14,,,,,,
2026-06-11T04:59:57,0,3.63,17720.00,10.45,9573.00,,,,21.10,,,,,,,998.60,24.02,-0.14,,,,,,
2026-06-11T04:59:57,0,3.64,17720.00,10.45,9573.00,,,,21.10,,,,,,,998.90,24.02,-0.14,,,,,,
2026-06-11T04:59:57,0,3.65,17720.00,10.45,9573.00,,,,21.10,,,,,,,998.50,24.03,-0.14,,,,,,
2026-06-11T04:59:58,0,3.64,17720.00,10.45,9573.00,,,,21.10,,,,,,,998.40,24.03,-0.14,,,,,,
2026-06-11T04:59:58,0,3.65,17720.00,10.45,9573.00,,,,21.10,,,,,,,998.30,24.03,-0.15,,,,,,
2026-06-11T04:59:58,0,3.65,17720.00,10.45,9573.00,,,,21.10,,,,,,,998.40,24.03,-0.14,,,,,,
2026-06-11T04:59:58,0,3.64,17720.00,10.45,9573.00,,,,21.10,,,,,,,998.30,24.03,-0.15,,,,,,
2026-06-11T04:59:58,0,3.64,17720.00,10.45,9573.00,,,,21.10,,,,,,,998.60,24.03,-0.14,,,,,,
2026-06-11T04:59:58,0,3.65,17720.00,10.45,9573.00,,,,21.10,,,,,,,998.40,24.03,-0.14,,,,,,
2026-06-11T04:59:58,0,3.64,17720.00,10.45,9573.00,,,,21.10,,,,,,,998.50,24.03,-0.14,,,,,,
2026-06-11T04:59:58,0,3.64,17720.00,10.45,9573.00,,,,21.10,,,,,,,998.50,24.03,-0.14,,,,,,
2026-06-11T04:59:58,0,3.64,17720.00,10.45,9573.00,,,,21.10,,,,,,,998.40,24.03,-0.14,,,,,,
2026-06-11T04:59:58,0,3.64,17720.00,10.45,9573.00,,,,21.10,,,,,,,998.20,24.03,-0.15,,,,,,
2026-06-11T04:59:58,0,3.64,17720.00,10.45,9573.00,,,,21.10,,,,,,,998.50,24.03,-0.14,,,,,,
2026-06-11T04:59:58,0,3.64,17720.00,10.45,9573.00,,,,21.11,,,,,,,998.30,24.03,-0.15,,,,,,
2026-06-11T04:59:58,0,3.64,17720.00,10.45,9573.00,,,,21.11,,,,,,,998.50,24.03,-0.14,,,,,,
2026-06-11T04:59:58,0,3.64,17720.00,10.45,9573.00,,,,21.11,,,,,,,997.90,24.03,-0.15,,,,,,
2026-06-11T04:59:58,0,3.64,17720.00,10.45,9573.00,,,,21.10,,,,,,,998.50,24.03,-0.14,,,,,,
2026-06-11T04:59:58,0,3.64,17720.00,10.45,9573.00,,,,21.10,,,,,,,998.50,24.03,-0.14,,,,,,
2026-06-11T04:59:59,0,3.64,17720.00,10.45,9573.00,,,,21.11,,,,,,,998.30,24.03,-0.15,,,,,,
2026-06-11T04:59:59,0,3.64,17710.00,10.44,9566.00,,,,21.11,,,,,,,998.80,24.02,-0.14,,,,,,
2026-06-11T04:59:59,0,3.64,17710.00,10.44,9566.00,,,,21.11,,,,,,,998.10,24.03,-0.15,,,,,,
2026-06-11T04:59:59,0,3.64,17710.00,10.44,9566.00,,,,21.11,,,,,,,998.60,24.03,-0.14,,,,,,
2026-06-11T04:59:59,0,3.64,17710.00,10.44,9566.00,,,,21.11,,,,,,,998.10,24.03,-0.15,,,,,,
2026-06-11T04:59:59,0,3.65,17710.00,10.44,9566.00,,,,21.10,,,,,,,997.80,24.03,-0.15,,,,,,
2026-06-11T04:59:59,0,3.64,17710.00,10.44,9566.00,,,,21.11,,,,,,,998.30,24.03,-0.15,,,,,,
2026-06-11T04:59:59,0,3.65,17710.00,10.44,9566.00,,,,21.11,,,,,,,998.30,24.03,-0.15,,,,,,
2026-06-11T04:59:59,0,3.64,17710.00,10.44,9566.00,,,,21.10,,,,,,,998.40,24.02,-0.14,,,,,,
2026-06-11T04:59:59,0,3.64,17710.00,10.44,9566.00,,,,21.10,,,,,,,998.30,24.02,-0.15,,,,,,
2026-06-11T04:59:59,0,3.64,17710.00,10.44,9566.00,,,,21.10,,,,,,,998.30,24.02,-0.15,,,,,,
2026-06-11T04:59:59,0,3.64,17710.00,10.44,9566.00,,,,21.10,,,,,,,998.40,24.02,-0.14,,,,,,
2026-06-11T04:59:59,0,3.64,17710.00,10.44,9566.00,,,,21.10,,,,,,,998.60,24.02,-0.14,,,,,,
2026-06-11T04:59:59,0,3.64,17710.00,10.44,9566.00,,,,21.10,,,,,,,998.10,24.03,-0.15,,,,,,
2026-06-11T04:59:59,0,3.64,17710.00,10.44,9566.00,,,,21.10,,,,,,,998.20,24.02,-0.15,,,,,,
2026-06-11T05:00:00,0,3.64,17710.00,10.44,9566.00,,,,21.10,,,,,,,998.10,24.02,-0.15,,,,,,
2026-06-11T05:00:00,0,3.64,17710.00,10.44,9566.00,,,,21.10,,,,,,,998.30,24.02,-0.15,,,,,,
2026-06-11T05:00:00,0,3.64,17710.00,10.44,9566.00,,,,21.10,,,,,,,997.90,24.02,-0.15,,,,,,
2026-06-11T05:00:00,0,3.64,17710.00,10.44,9566.00,,,,21.10,,,,,,,998.30,24.02,-0.15,,,,,,
2026-06-11T05:00:00,0,3.64,17710.00,10.44,9566.00,,,,21.10,,,,,,,998.10,24.02,-0.15,,,,,,
2026-06-11T05:00:00,0,3.64,17710.00,10.44,9566.00,,,,21.10,,,,,,,997.80,24.02,-0.15,,,,,,
2026-06-11T05:00:00,0,3.64,17710.00,10.44,9566.00,,,,21.10,,,,,,,998.20,24.02,-0.15,,,,,,
2026-06-11T05:00:00,0,3.65,17710.00,10.44,9566.00,,,,21.10,,,,,,,998.40,24.02,-0.14,,,,,,
2026-06-11T05:00:00,0,3.64,17710.00,10.44,9566.00,,,,21.10,,,,,,,998.20,24.02,-0.15,,,,,,
2026-06-11T05:00:00,0,3.65,17710.00,10.44,9566.00,,,,21.10,,,,,,,998.20,24.02,-0.15,,,,,,
2026-06-11T05:00:00,0,3.64,17710.00,10.44,9566.00,,,,21.10,,,,,,,998.30,24.02,-0.15,,,,,,
2026-06-11T05:00:00,0,3.64,17710.00,10.44,9566.00,,,,21.10,,,,,,,998.40,24.02,-0.14,,,,,,
2026-06-11T05:00:00,0,3.64,17710.00,10.44,9566.00,,,,21.10,,,,,,,998.70,24.02,-0.14,,,,,,
2026-06-11T05:00:00,0,3.64,17710.00,10.44,9566.00,,,,21.11,,,,,,,998.10,24.02,-0.15,,,,,,
2026-06-11T05:00:00,0,3.64,17710.00,10.44,9566.00,,,,21.11,,,,,,,998.90,24.02,-0.14,,,,,,
